query_species,source_file,gbif_key,occurrence_id,species_original,species_accepted,taxon_key,latitude,longitude,coordinate_uncertainty_m,geodetic_datum,event_date,year,month,day,basis_of_record,occurrence_status,dataset_name,institution_code,collection_code,license,country,state_province,locality,candidate_boundary_status,sensitivity_10km_status
Abies sibirica,Abies_sibirica.json,4111694262,https://www.inaturalist.org/observations/159723571,Abies sibirica Ledeb.,Abies sibirica Ledeb.,2685654,45.405984,80.406639,,WGS84,2023-04-21T16:36,2023,4,21,HUMAN_OBSERVATION,PRESENT,iNaturalist research-grade observations,iNaturalist,Observations,http://creativecommons.org/licenses/by-nc/4.0/legalcode,Kazakhstan,Almaty,,inside,inside
Abies sibirica,Abies_sibirica.json,4111726203,https://www.inaturalist.org/observations/159723569,Abies sibirica Ledeb.,Abies sibirica Ledeb.,2685654,45.405984,80.406639,,WGS84,2023-04-21T16:34,2023,4,21,HUMAN_OBSERVATION,PRESENT,iNaturalist research-grade observations,iNaturalist,Observations,http://creativecommons.org/licenses/by-nc/4.0/legalcode,Kazakhstan,Almaty,,inside,inside
Abies sibirica,Abies_sibirica.json,4112066198,https://www.inaturalist.org/observations/159723580,Abies sibirica Ledeb.,Abies sibirica Ledeb.,2685654,45.405966,80.406906,,WGS84,2023-04-21T17:20,2023,4,21,HUMAN_OBSERVATION,PRESENT,iNaturalist research-grade observations,iNaturalist,Observations,http://creativecommons.org/licenses/by-nc/4.0/legalcode,Kazakhstan,Almaty,,inside,inside
Abies sibirica,Abies_sibirica.json,4054959060,https://www.inaturalist.org/observations/150292111,Abies sibirica Ledeb.,Abies sibirica Ledeb.,2685654,45.407336,80.410497,,WGS84,2022-07-24T12:01,2022,7,24,HUMAN_OBSERVATION,PRESENT,iNaturalist research-grade observations,iNaturalist,Observations,http://creativecommons.org/licenses/by-nc/4.0/legalcode,Kazakhstan,Almaty,,inside,inside
Abies sibirica,Abies_sibirica.json,6147534600,https://www.inaturalist.org/observations/150600152,Abies sibirica Ledeb.,Abies sibirica Ledeb.,2685654,45.405972,80.407031,,WGS84,2022-07-24T10:29,2022,7,24,HUMAN_OBSERVATION,PRESENT,iNaturalist research-grade observations,iNaturalist,Observations,http://creativecommons.org/licenses/by-nc/4.0/legalcode,Kazakhstan,Almaty,,inside,inside
Abies sibirica,Abies_sibirica.json,4046333089,https://www.inaturalist.org/observations/149635895,Abies sibirica Ledeb.,Abies sibirica Ledeb.,2685654,45.392365,80.410643,,WGS84,2022-08-26T16:56,2022,8,26,HUMAN_OBSERVATION,PRESENT,iNaturalist research-grade observations,iNaturalist,Observations,http://creativecommons.org/licenses/by-nc/4.0/legalcode,Kazakhstan,Almaty,,inside,inside
Abies sibirica,Abies_sibirica.json,4054882822,https://www.inaturalist.org/observations/150150055,Abies sibirica Ledeb.,Abies sibirica Ledeb.,2685654,44.745566,79.435043,,WGS84,2021-07-18T12:39,2021,7,18,HUMAN_OBSERVATION,PRESENT,iNaturalist research-grade observations,iNaturalist,Observations,http://creativecommons.org/licenses/by-nc/4.0/legalcode,Kazakhstan,Almaty,,inside,inside
Abies sibirica,Abies_sibirica.json,4062611301,https://www.inaturalist.org/observations/151061410,Abies sibirica Ledeb.,Abies sibirica Ledeb.,2685654,44.771594,79.543921,,WGS84,2021-07-19T15:59,2021,7,19,HUMAN_OBSERVATION,PRESENT,iNaturalist research-grade observations,iNaturalist,Observations,http://creativecommons.org/licenses/by-nc/4.0/legalcode,Kazakhstan,Almaty,,inside,inside
Abies sibirica,Abies_sibirica.json,4067654783,https://www.inaturalist.org/observations/151109317,Abies sibirica Ledeb.,Abies sibirica Ledeb.,2685654,44.750637,79.466433,,WGS84,2021-07-18T16:41,2021,7,18,HUMAN_OBSERVATION,PRESENT,iNaturalist research-grade observations,iNaturalist,Observations,http://creativecommons.org/licenses/by-nc/4.0/legalcode,Kazakhstan,Almaty,,inside,inside
Abies sibirica,Abies_sibirica.json,4080526752,https://www.inaturalist.org/observations/153596077,Abies sibirica Ledeb.,Abies sibirica Ledeb.,2685654,44.736697,79.288477,15339,WGS84,2021-07-21T17:05,2021,7,21,HUMAN_OBSERVATION,PRESENT,iNaturalist research-grade observations,iNaturalist,Observations,http://creativecommons.org/licenses/by-nc/4.0/legalcode,Kazakhstan,Almaty,,inside,inside
Abies sibirica,Abies_sibirica.json,4111628162,https://www.inaturalist.org/observations/159669351,Abies sibirica Ledeb.,Abies sibirica Ledeb.,2685654,44.698676,79.004013,,WGS84,2020-07-18T11:13,2020,7,18,HUMAN_OBSERVATION,PRESENT,iNaturalist research-grade observations,iNaturalist,Observations,http://creativecommons.org/licenses/by-nc/4.0/legalcode,Kazakhstan,Almaty,,inside,inside
Abies sibirica,Abies_sibirica.json,6178408501,https://www.inaturalist.org/observations/151484161,Abies sibirica Ledeb.,Abies sibirica Ledeb.,2685654,45.544579,80.701036,,WGS84,2020-07-14T10:24,2020,7,14,HUMAN_OBSERVATION,PRESENT,iNaturalist research-grade observations,iNaturalist,Observations,http://creativecommons.org/licenses/by-nc/4.0/legalcode,Kazakhstan,Almaty,,inside,inside
Abies sibirica,Abies_sibirica.json,3881380309,https://www.inaturalist.org/observations/27208407,Abies sibirica Ledeb.,Abies sibirica Ledeb.,2685654,43.217304,76.899956,,WGS84,18-Jun-19 17:19:03,2019,6,18,HUMAN_OBSERVATION,PRESENT,iNaturalist research-grade observations,iNaturalist,Observations,http://creativecommons.org/licenses/by-nc/4.0/legalcode,Kazakhstan,Almaty,,inside,inside
Abies sibirica,Abies_sibirica.json,1799067695,MW0895981,Abies sibirica Ledeb.,Abies sibirica Ledeb.,2685654,45.033827,79.043022,,WGS84,1930-08-10,1930,8,10,PRESERVED_SPECIMEN,PRESENT,Moscow Digital Herbarium,Moscow State University,MW,http://creativecommons.org/licenses/by/4.0/legalcode,Kazakhstan,,,inside,inside
Abies sibirica,Abies_sibirica.json,437834699,http://coldb.mnhn.fr/catalognumber/mnhn/p/p01584226,Abies sibirica Ledeb.,Abies sibirica Ledeb.,2685654,45.01,78.22,,WGS84,,,,,PRESERVED_SPECIMEN,PRESENT,,MNHN,P,http://creativecommons.org/licenses/by/4.0/legalcode,Kazakhstan,,,inside,inside
Abies sibirica,Abies_sibirica.json,6360119066,32527,Abies sibirica subsp. sibirica,Abies sibirica subsp. sibirica,7071069,43.087285,76.399767,21452,WGS84,,,,,MATERIAL_CITATION,PRESENT,,,,http://creativecommons.org/licenses/by/4.0/legalcode,Kazakhstan,,25,inside,inside
Abies sibirica,Abies_sibirica.json,6360136004,32526,Abies sibirica subsp. sibirica,Abies sibirica subsp. sibirica,7071069,44.671289,79.053913,67752,WGS84,,,,,MATERIAL_CITATION,PRESENT,,,,http://creativecommons.org/licenses/by/4.0/legalcode,Kazakhstan,,24,inside,inside
Aconitum apetalum,Aconitum_apetalum.json,4535598684,https://www.inaturalist.org/observations/150653838,Aconitum apetalum (Huth) B.Fedtsch.,Aconitum apetalum (Huth) B.Fedtsch.,3927276,44.836155,78.979755,,WGS84,2022-07-04T12:00,2022,7,4,HUMAN_OBSERVATION,PRESENT,iNaturalist research-grade observations,iNaturalist,Observations,http://creativecommons.org/licenses/by-nc/4.0/legalcode,Kazakhstan,Almaty,,inside,inside
Aconitum apetalum,Aconitum_apetalum.json,6360145714,36546,Aconitum apetalum (Huth) B.Fedtsch.,Aconitum apetalum (Huth) B.Fedtsch.,3927276,44.671289,79.053913,67752,WGS84,,,,,MATERIAL_CITATION,PRESENT,,,,http://creativecommons.org/licenses/by/4.0/legalcode,Kazakhstan,,24,inside,inside
Aconitum soongaricum,Aconitum_soongaricum.json,6480407804,https://www.inaturalist.org/observations/388452374,Aconitum soongaricum (Regel) Stapf,Aconitum soongaricum (Regel) Stapf,7276574,43.113626,79.605187,15,WGS84,2026-07-26T16:27,2026,7,26,HUMAN_OBSERVATION,PRESENT,iNaturalist research-grade observations,iNaturalist,Observations,http://creativecommons.org/licenses/by/4.0/legalcode,Kazakhstan,Almaty,,inside,inside
Aconitum soongaricum,Aconitum_soongaricum.json,6480644280,https://www.inaturalist.org/observations/389003413,Aconitum soongaricum (Regel) Stapf,Aconitum soongaricum (Regel) Stapf,7276574,43.114262,79.60309,,WGS84,2026-07-27T05:12,2026,7,27,HUMAN_OBSERVATION,PRESENT,iNaturalist research-grade observations,iNaturalist,Observations,http://creativecommons.org/licenses/by/4.0/legalcode,Kazakhstan,Almaty,,inside,inside
Aconitum soongaricum,Aconitum_soongaricum.json,5936293707,https://www.inaturalist.org/observations/295048092,Aconitum soongaricum (Regel) Stapf,Aconitum soongaricum (Regel) Stapf,7276574,43.107608,76.845557,1192,WGS84,2025-06-22T13:10,2025,6,22,HUMAN_OBSERVATION,PRESENT,iNaturalist research-grade observations,iNaturalist,Observations,http://creativecommons.org/licenses/by/4.0/legalcode,Kazakhstan,Almaty,,inside,inside
Aconitum soongaricum,Aconitum_soongaricum.json,5231665004,https://www.inaturalist.org/observations/297846273,Aconitum soongaricum (Regel) Stapf,Aconitum soongaricum (Regel) Stapf,7276574,42.38863,80.163872,3699,WGS84,13-Jul-25 17:42:26,2025,7,13,HUMAN_OBSERVATION,PRESENT,iNaturalist research-grade observations,iNaturalist,Observations,http://creativecommons.org/licenses/by-nc/4.0/legalcode,Kazakhstan,Almaty,,inside,inside
Aconitum soongaricum,Aconitum_soongaricum.json,5282017164,https://www.inaturalist.org/observations/302568623,Aconitum soongaricum (Regel) Stapf,Aconitum soongaricum (Regel) Stapf,7276574,43.140269,77.007762,,WGS84,30-Jul-25 11:58:52,2025,7,30,HUMAN_OBSERVATION,PRESENT,iNaturalist research-grade observations,iNaturalist,Observations,http://creativecommons.org/licenses/by-nc/4.0/legalcode,Kazakhstan,Almaty,,inside,inside
Aconitum soongaricum,Aconitum_soongaricum.json,5903934480,https://www.inaturalist.org/observations/299714384,Aconitum soongaricum (Regel) Stapf,Aconitum soongaricum (Regel) Stapf,7276574,43.073106,76.907985,,WGS84,19-Jul-25 15:05:15,2025,7,19,HUMAN_OBSERVATION,PRESENT,iNaturalist research-grade observations,iNaturalist,Observations,http://creativecommons.org/licenses/by-nc/4.0/legalcode,Kazakhstan,Almaty,,inside,inside
Aconitum soongaricum,Aconitum_soongaricum.json,5936207193,https://www.inaturalist.org/observations/301984401,Aconitum soongaricum (Regel) Stapf,Aconitum soongaricum (Regel) Stapf,7276574,42.535933,79.932755,4,WGS84,26-Jul-25 17:35:52,2025,7,26,HUMAN_OBSERVATION,PRESENT,iNaturalist research-grade observations,iNaturalist,Observations,http://creativecommons.org/licenses/by-nc/4.0/legalcode,Kazakhstan,Almaty,,inside,inside
Aconitum soongaricum,Aconitum_soongaricum.json,5291833572,https://www.inaturalist.org/observations/304982358,Aconitum soongaricum (Regel) Stapf,Aconitum soongaricum (Regel) Stapf,7276574,43.092664,77.078328,,WGS84,09-Aug-25 15:13:14,2025,8,9,HUMAN_OBSERVATION,PRESENT,iNaturalist research-grade observations,iNaturalist,Observations,http://creativecommons.org/licenses/by-nc/4.0/legalcode,Kazakhstan,Almaty,,inside,inside
Aconitum soongaricum,Aconitum_soongaricum.json,5920132072,https://www.inaturalist.org/observations/329531372,Aconitum soongaricum (Regel) Stapf,Aconitum soongaricum (Regel) Stapf,7276574,42.60735,79.622598,,WGS84,2025-08-03T17:06,2025,8,3,HUMAN_OBSERVATION,PRESENT,iNaturalist research-grade observations,iNaturalist,Observations,http://creativecommons.org/licenses/by/4.0/legalcode,Kazakhstan,Almaty,,inside,inside
Aconitum soongaricum,Aconitum_soongaricum.json,5935745033,https://www.inaturalist.org/observations/331794900,Aconitum soongaricum (Regel) Stapf,Aconitum soongaricum (Regel) Stapf,7276574,42.607868,79.621288,,WGS84,2025-08-04T06:57,2025,8,4,HUMAN_OBSERVATION,PRESENT,iNaturalist research-grade observations,iNaturalist,Observations,http://creativecommons.org/licenses/by/4.0/legalcode,Kazakhstan,Almaty,,inside,inside
Aconitum soongaricum,Aconitum_soongaricum.json,4908872326,https://www.inaturalist.org/observations/227467948,Aconitum soongaricum (Regel) Stapf,Aconitum soongaricum (Regel) Stapf,7276574,42.991448,76.265791,3382,WGS84,2024-06-30T11:08,2024,6,30,HUMAN_OBSERVATION,PRESENT,iNaturalist research-grade observations,iNaturalist,Observations,http://creativecommons.org/licenses/by/4.0/legalcode,Kazakhstan,Almaty,,inside,inside
Aconitum soongaricum,Aconitum_soongaricum.json,4909141018,https://www.inaturalist.org/observations/227467956,Aconitum soongaricum (Regel) Stapf,Aconitum soongaricum (Regel) Stapf,7276574,42.991112,76.252118,1927,WGS84,2024-06-30T11:09,2024,6,30,HUMAN_OBSERVATION,PRESENT,iNaturalist research-grade observations,iNaturalist,Observations,http://creativecommons.org/licenses/by/4.0/legalcode,Kazakhstan,Almaty,,inside,inside
Aconitum soongaricum,Aconitum_soongaricum.json,4910709156,https://www.inaturalist.org/observations/230983656,Aconitum soongaricum (Regel) Stapf,Aconitum soongaricum (Regel) Stapf,7276574,42.458611,80.131944,,WGS84,18-Jul-24 17:29:08,2024,7,18,HUMAN_OBSERVATION,PRESENT,iNaturalist research-grade observations,iNaturalist,Observations,http://creativecommons.org/licenses/by-nc/4.0/legalcode,Kazakhstan,Almaty,,inside,inside
Aconitum soongaricum,Aconitum_soongaricum.json,4910901648,https://www.inaturalist.org/observations/230973502,Aconitum soongaricum (Regel) Stapf,Aconitum soongaricum (Regel) Stapf,7276574,42.482222,80.124444,,WGS84,19-Jul-24 10:49:52,2024,7,19,HUMAN_OBSERVATION,PRESENT,iNaturalist research-grade observations,iNaturalist,Observations,http://creativecommons.org/licenses/by-nc/4.0/legalcode,Kazakhstan,Almaty,,inside,inside
Aconitum soongaricum,Aconitum_soongaricum.json,4919108765,https://www.inaturalist.org/observations/232660365,Aconitum soongaricum (Regel) Stapf,Aconitum soongaricum (Regel) Stapf,7276574,43.088897,79.518799,977,WGS84,2024-07-25T15:56,2024,7,25,HUMAN_OBSERVATION,PRESENT,iNaturalist research-grade observations,iNaturalist,Observations,http://creativecommons.org/licenses/by/4.0/legalcode,Kazakhstan,Almaty,,inside,inside
Aconitum soongaricum,Aconitum_soongaricum.json,4921501096,https://www.inaturalist.org/observations/233260583,Aconitum soongaricum (Regel) Stapf,Aconitum soongaricum (Regel) Stapf,7276574,42.485285,80.118535,1953,WGS84,2024-07-26T13:11,2024,7,26,HUMAN_OBSERVATION,PRESENT,iNaturalist research-grade observations,iNaturalist,Observations,http://creativecommons.org/licenses/by/4.0/legalcode,Kazakhstan,Almaty,,inside,inside
Aconitum soongaricum,Aconitum_soongaricum.json,4921520924,https://www.inaturalist.org/observations/233260584,Aconitum soongaricum (Regel) Stapf,Aconitum soongaricum (Regel) Stapf,7276574,42.611243,80.018285,977,WGS84,2024-07-26T13:11,2024,7,26,HUMAN_OBSERVATION,PRESENT,iNaturalist research-grade observations,iNaturalist,Observations,http://creativecommons.org/licenses/by/4.0/legalcode,Kazakhstan,Almaty,,inside,inside
Aconitum soongaricum,Aconitum_soongaricum.json,4921831401,https://www.inaturalist.org/observations/233307316,Aconitum soongaricum (Regel) Stapf,Aconitum soongaricum (Regel) Stapf,7276574,42.583,80.019997,2890,WGS84,2024-07-26T13:14,2024,7,26,HUMAN_OBSERVATION,PRESENT,iNaturalist research-grade observations,iNaturalist,Observations,http://creativecommons.org/licenses/by/4.0/legalcode,Kazakhstan,Almaty,,inside,inside
Aconitum soongaricum,Aconitum_soongaricum.json,5006719459,https://www.inaturalist.org/observations/233260572,Aconitum soongaricum (Regel) Stapf,Aconitum soongaricum (Regel) Stapf,7276574,42.628318,79.996999,977,WGS84,2024-07-26T12:48,2024,7,26,HUMAN_OBSERVATION,PRESENT,iNaturalist research-grade observations,iNaturalist,Observations,http://creativecommons.org/licenses/by/4.0/legalcode,Kazakhstan,Almaty,,inside,inside
Aconitum soongaricum,Aconitum_soongaricum.json,5008027623,https://www.inaturalist.org/observations/233674662,Aconitum soongaricum (Regel) Stapf,Aconitum soongaricum (Regel) Stapf,7276574,42.409755,80.144477,751,WGS84,2024-07-26T13:53,2024,7,26,HUMAN_OBSERVATION,PRESENT,iNaturalist research-grade observations,iNaturalist,Observations,http://creativecommons.org/licenses/by/4.0/legalcode,Kazakhstan,Almaty,,inside,inside
Aconitum soongaricum,Aconitum_soongaricum.json,5076834609,https://www.inaturalist.org/observations/233131014,Aconitum soongaricum (Regel) Stapf,Aconitum soongaricum (Regel) Stapf,7276574,42.477306,80.125871,244,WGS84,2024-07-18T18:29,2024,7,18,HUMAN_OBSERVATION,PRESENT,iNaturalist research-grade observations,iNaturalist,Observations,http://creativecommons.org/licenses/by-nc/4.0/legalcode,Kazakhstan,Almaty,,inside,inside
Aconitum soongaricum,Aconitum_soongaricum.json,5076887626,https://www.inaturalist.org/observations/233135747,Aconitum soongaricum (Regel) Stapf,Aconitum soongaricum (Regel) Stapf,7276574,42.490189,80.122806,244,WGS84,2024-07-19T11:49,2024,7,19,HUMAN_OBSERVATION,PRESENT,iNaturalist research-grade observations,iNaturalist,Observations,http://creativecommons.org/licenses/by-nc/4.0/legalcode,Kazakhstan,Almaty,,inside,inside
Aconitum soongaricum,Aconitum_soongaricum.json,4500526504,https://www.inaturalist.org/observations/186657929,Aconitum soongaricum (Regel) Stapf,Aconitum soongaricum (Regel) Stapf,7276574,43.115346,77.14882,1117,WGS84,01-Sep-23 08:56:34,2023,9,1,HUMAN_OBSERVATION,PRESENT,iNaturalist research-grade observations,iNaturalist,Observations,http://creativecommons.org/licenses/by-nc/4.0/legalcode,Kazakhstan,Almaty,,inside,inside
Aconitum soongaricum,Aconitum_soongaricum.json,4528040885,https://www.inaturalist.org/observations/200110536,Aconitum soongaricum (Regel) Stapf,Aconitum soongaricum (Regel) Stapf,7276574,43.135908,77.020802,,WGS84,2023-09-03T17:24,2023,9,3,HUMAN_OBSERVATION,PRESENT,iNaturalist research-grade observations,iNaturalist,Observations,http://creativecommons.org/licenses/by-nc/4.0/legalcode,Kazakhstan,Almaty,,inside,inside
Aconitum soongaricum,Aconitum_soongaricum.json,4528286877,https://www.inaturalist.org/observations/200110559,Aconitum soongaricum (Regel) Stapf,Aconitum soongaricum (Regel) Stapf,7276574,43.13811,77.015193,,WGS84,2023-09-03T17:00,2023,9,3,HUMAN_OBSERVATION,PRESENT,iNaturalist research-grade observations,iNaturalist,Observations,http://creativecommons.org/licenses/by-nc/4.0/legalcode,Kazakhstan,Almaty,,inside,inside
Aconitum soongaricum,Aconitum_soongaricum.json,4055022763,https://www.inaturalist.org/observations/150057712,Aconitum soongaricum (Regel) Stapf,Aconitum soongaricum (Regel) Stapf,7276574,45.115857,79.987532,,WGS84,2022-07-28T11:24,2022,7,28,HUMAN_OBSERVATION,PRESENT,iNaturalist research-grade observations,iNaturalist,Observations,http://creativecommons.org/licenses/by-nc/4.0/legalcode,Kazakhstan,Almaty,,inside,inside
Aconitum soongaricum,Aconitum_soongaricum.json,4075569240,https://www.inaturalist.org/observations/152053351,Aconitum soongaricum (Regel) Stapf,Aconitum soongaricum (Regel) Stapf,7276574,45.109482,79.988766,,WGS84,2022-07-28T12:43,2022,7,28,HUMAN_OBSERVATION,PRESENT,iNaturalist research-grade observations,iNaturalist,Observations,http://creativecommons.org/licenses/by-nc/4.0/legalcode,Kazakhstan,Almaty,,inside,inside
Aconitum soongaricum,Aconitum_soongaricum.json,4535690083,https://www.inaturalist.org/observations/200896852,Aconitum soongaricum (Regel) Stapf,Aconitum soongaricum (Regel) Stapf,7276574,45.114884,80.063665,2675,WGS84,2022-07-20T15:37,2022,7,20,HUMAN_OBSERVATION,PRESENT,iNaturalist research-grade observations,iNaturalist,Observations,http://creativecommons.org/licenses/by/4.0/legalcode,Kazakhstan,Almaty,,inside,inside
Aconitum soongaricum,Aconitum_soongaricum.json,4062682278,https://www.inaturalist.org/observations/151061405,Aconitum soongaricum (Regel) Stapf,Aconitum soongaricum (Regel) Stapf,7276574,44.770329,79.534103,,WGS84,2021-07-19T15:39,2021,7,19,HUMAN_OBSERVATION,PRESENT,iNaturalist research-grade observations,iNaturalist,Observations,http://creativecommons.org/licenses/by-nc/4.0/legalcode,Kazakhstan,Almaty,,inside,inside
Aconitum soongaricum,Aconitum_soongaricum.json,4165638711,https://www.inaturalist.org/observations/173966084,Aconitum soongaricum (Regel) Stapf,Aconitum soongaricum (Regel) Stapf,7276574,42.859654,79.273287,488,WGS84,2018-08-15T09:13,2018,8,15,HUMAN_OBSERVATION,PRESENT,iNaturalist research-grade observations,iNaturalist,Observations,http://creativecommons.org/licenses/by-nc/4.0/legalcode,Kazakhstan,Almaty,,inside,inside
Aconitum soongaricum,Aconitum_soongaricum.json,4993895541,https://www.inaturalist.org/observations/254294913,Aconitum soongaricum (Regel) Stapf,Aconitum soongaricum (Regel) Stapf,7276574,43.079595,77.052106,1860,WGS84,2018-08-02T12:08,2018,8,2,HUMAN_OBSERVATION,PRESENT,iNaturalist research-grade observations,iNaturalist,Observations,http://creativecommons.org/licenses/by/4.0/legalcode,Kazakhstan,Almaty,,inside,inside
Aconitum soongaricum,Aconitum_soongaricum.json,4994231210,https://www.inaturalist.org/observations/254294941,Aconitum soongaricum (Regel) Stapf,Aconitum soongaricum (Regel) Stapf,7276574,43.079595,77.052106,1860,WGS84,2018-08-02T13:59,2018,8,2,HUMAN_OBSERVATION,PRESENT,iNaturalist research-grade observations,iNaturalist,Observations,http://creativecommons.org/licenses/by/4.0/legalcode,Kazakhstan,Almaty,,inside,inside
Aconitum soongaricum,Aconitum_soongaricum.json,2563619943,https://www.inaturalist.org/observations/38033565,Aconitum soongaricum (Regel) Stapf,Aconitum soongaricum (Regel) Stapf,7276574,43.062692,76.753837,1000,WGS84,2017-08-20T13:24,2017,8,20,HUMAN_OBSERVATION,PRESENT,iNaturalist research-grade observations,iNaturalist,Observations,http://creativecommons.org/licenses/by-nc/4.0/legalcode,Kazakhstan,Almaty,,inside,inside
Aconitum soongaricum,Aconitum_soongaricum.json,4465538528,https://www.inaturalist.org/observations/81483178,Aconitum soongaricum (Regel) Stapf,Aconitum soongaricum (Regel) Stapf,7276574,44.7715,79.58538,50,WGS84,2016-08-17T15:23,2016,8,17,HUMAN_OBSERVATION,PRESENT,iNaturalist research-grade observations,iNaturalist,Observations,http://creativecommons.org/licenses/by-nc/4.0/legalcode,Kazakhstan,Almaty,,inside,inside
Aconitum soongaricum,Aconitum_soongaricum.json,2382577510,https://brnu.jacq.org/BRNU653563,Aconitum soongaricum (Regel) Stapf,Aconitum soongaricum (Regel) Stapf,7276574,43.01711,76.61686,,WGS84,2014-07-08,2014,7,8,PRESERVED_SPECIMEN,PRESENT,,BRNU,Herbarium BRNU,http://creativecommons.org/licenses/by/4.0/legalcode,Kazakhstan,,"Kazakhstan, prov. Almaty, distr. Karasai. Tien Shan, upper part of the Kaskelen stream valley; 1869 m a. s. l. Meadow steppe. Coordinates: 430101.6 N & 763700.7 E",inside,inside
Aconitum soongaricum,Aconitum_soongaricum.json,4046658066,https://www.inaturalist.org/observations/149643857,Aconitum soongaricum (Regel) Stapf,Aconitum soongaricum (Regel) Stapf,7276574,43.1331,77.011989,8,WGS84,2005-07-23T14:32,2005,7,23,HUMAN_OBSERVATION,PRESENT,iNaturalist research-grade observations,iNaturalist,Observations,http://creativecommons.org/licenses/by-nc/4.0/legalcode,Kazakhstan,Almaty,,inside,inside
Aconitum soongaricum,Aconitum_soongaricum.json,1799002010,MW0830244,Aconitum soongaricum (Regel) Stapf,Aconitum soongaricum (Regel) Stapf,7276574,44.594501,78.988265,,WGS84,1974-07-06,1974,7,6,PRESERVED_SPECIMEN,PRESENT,Moscow Digital Herbarium,Moscow State University,MW,http://creativecommons.org/licenses/by/4.0/legalcode,Kazakhstan,,,inside,inside
Aconitum soongaricum,Aconitum_soongaricum.json,1799066255,MW0894613,Aconitum soongaricum (Regel) Stapf,Aconitum soongaricum (Regel) Stapf,7276574,44.519261,80.131874,1000,WGS84,1968-07-24,1968,7,24,PRESERVED_SPECIMEN,PRESENT,Moscow Digital Herbarium,Moscow State University,MW,http://creativecommons.org/licenses/by/4.0/legalcode,Kazakhstan,,,inside,inside
Aconitum soongaricum,Aconitum_soongaricum.json,1799001997,MW0830238,Aconitum soongaricum (Regel) Stapf,Aconitum soongaricum (Regel) Stapf,7276574,43.114707,79.627704,4500,WGS84,1957-07-14,1957,7,14,PRESERVED_SPECIMEN,PRESENT,Moscow Digital Herbarium,Moscow State University,MW,http://creativecommons.org/licenses/by/4.0/legalcode,Kazakhstan,,,inside,inside
Aconitum soongaricum,Aconitum_soongaricum.json,1799001960,MW0830245,Aconitum soongaricum (Regel) Stapf,Aconitum soongaricum (Regel) Stapf,7276574,45.370177,81.697597,,WGS84,1928-08-17,1928,8,17,PRESERVED_SPECIMEN,PRESENT,Moscow Digital Herbarium,Moscow State University,MW,http://creativecommons.org/licenses/by/4.0/legalcode,Kazakhstan,,,inside,inside
Aconitum soongaricum,Aconitum_soongaricum.json,6360128559,36576,Aconitum soongaricum (Regel) Stapf,Aconitum soongaricum (Regel) Stapf,7276574,44.671289,79.053913,67752,WGS84,,,,,MATERIAL_CITATION,PRESENT,,,,http://creativecommons.org/licenses/by/4.0/legalcode,Kazakhstan,,24,inside,inside
Aconitum soongaricum,Aconitum_soongaricum.json,6360145486,36577,Aconitum soongaricum (Regel) Stapf,Aconitum soongaricum (Regel) Stapf,7276574,43.087285,76.399767,21452,WGS84,,,,,MATERIAL_CITATION,PRESENT,,,,http://creativecommons.org/licenses/by/4.0/legalcode,Kazakhstan,,25,inside,inside
Adonis tianschanica,Adonis_tianschanica.json,6360132968,36626,Adonis tianschanica (Adolf) Lipsch.,Adonis tianschanica (Adolf) Lipsch. ex Bobrov,8356843,44.671289,79.053913,67752,WGS84,,,,,MATERIAL_CITATION,PRESENT,,,,http://creativecommons.org/licenses/by/4.0/legalcode,Kazakhstan,,24,inside,inside
Adonis tianschanica,Adonis_tianschanica.json,6360146019,36627,Adonis tianschanica (Adolf) Lipsch.,Adonis tianschanica (Adolf) Lipsch. ex Bobrov,8356843,43.087285,76.399767,21452,WGS84,,,,,MATERIAL_CITATION,PRESENT,,,,http://creativecommons.org/licenses/by/4.0/legalcode,Kazakhstan,,25,inside,inside
Adonis tianschanica,Adonis_tianschanica.json,6360147832,36628,Adonis tianschanica (Adolf) Lipsch.,Adonis tianschanica (Adolf) Lipsch. ex Bobrov,8356843,43.030672,79.70241,50868,WGS84,,,,,MATERIAL_CITATION,PRESENT,,,,http://creativecommons.org/licenses/by/4.0/legalcode,Kazakhstan,,25a,inside,inside
Allium obliquum,Allium_obliquum.json,5104507804,https://www.inaturalist.org/observations/266220958,Allium obliquum L.,Allium obliquum L.,2857444,43.00723,78.062443,,WGS84,2024-07-30T17:29,2024,7,30,HUMAN_OBSERVATION,PRESENT,iNaturalist research-grade observations,iNaturalist,Observations,http://creativecommons.org/licenses/by-nc/4.0/legalcode,Kazakhstan,Almaty,,inside,inside
Allium obliquum,Allium_obliquum.json,4054729732,https://www.inaturalist.org/observations/150056507,Allium obliquum L.,Allium obliquum L.,2857444,42.884078,79.742655,15,WGS84,2017-06-13T13:37,2017,6,13,HUMAN_OBSERVATION,PRESENT,iNaturalist research-grade observations,iNaturalist,Observations,http://creativecommons.org/licenses/by-nc/4.0/legalcode,Kazakhstan,Almaty,,inside,inside
Allium obliquum,Allium_obliquum.json,2557792908,https://www.inaturalist.org/observations/37584492,Allium obliquum L.,Allium obliquum L.,2857444,44.860978,78.843962,244,WGS84,2009-07-03T19:09,2009,7,3,HUMAN_OBSERVATION,PRESENT,iNaturalist research-grade observations,iNaturalist,Observations,http://creativecommons.org/licenses/by-nc/4.0/legalcode,Kazakhstan,Almaty,,inside,inside
Allium obliquum,Allium_obliquum.json,2456358146,1100007876,Allium obliquum L.,Allium obliquum L.,2857444,45,77.9166,500,WGS84,1991-07-21,1991,7,21,PRESERVED_SPECIMEN,PRESENT,,,ALTB,http://creativecommons.org/licenses/by-nc/4.0/legalcode,Kazakhstan,,,inside,inside
Allium obliquum,Allium_obliquum.json,2456361513,1100011040,Allium obliquum L.,Allium obliquum L.,2857444,45,78.5166,500,WGS84,1991-07-20,1991,7,20,PRESERVED_SPECIMEN,PRESENT,,,ALTB,http://creativecommons.org/licenses/by-nc/4.0/legalcode,Kazakhstan,,,inside,inside
Allium obliquum,Allium_obliquum.json,1798986252,MW0814492,Allium obliquum L.,Allium obliquum L.,2857444,45.090914,79.587535,,WGS84,1967-07-11,1967,7,11,PRESERVED_SPECIMEN,PRESENT,Moscow Digital Herbarium,Moscow State University,MW,http://creativecommons.org/licenses/by/4.0/legalcode,Kazakhstan,,,inside,inside
Allium obliquum,Allium_obliquum.json,2313511777,NS0015863,Allium obliquum L.,Allium obliquum L.,2857444,45.65,80.9,1000,WGS84,1965-07-09,1965,7,9,PRESERVED_SPECIMEN,PRESENT,,,NS,http://creativecommons.org/licenses/by/4.0/legalcode,Kazakhstan,Almaty Region,,inside,inside
Allium obliquum,Allium_obliquum.json,1798986205,MW0814489,Allium obliquum L.,Allium obliquum L.,2857444,45.523428,80.619489,,WGS84,1928-06-20,1928,6,20,PRESERVED_SPECIMEN,PRESENT,Moscow Digital Herbarium,Moscow State University,MW,http://creativecommons.org/licenses/by/4.0/legalcode,Kazakhstan,,,inside,inside
Allium obliquum,Allium_obliquum.json,1798986225,MW0814488,Allium obliquum L.,Allium obliquum L.,2857444,45.523428,80.619489,,WGS84,1928-06-20,1928,6,20,PRESERVED_SPECIMEN,PRESENT,Moscow Digital Herbarium,Moscow State University,MW,http://creativecommons.org/licenses/by/4.0/legalcode,Kazakhstan,,,inside,inside
Allium obliquum,Allium_obliquum.json,1798986268,MW0814490,Allium obliquum L.,Allium obliquum L.,2857444,45.785122,80.870704,,WGS84,1928-06-28,1928,6,28,PRESERVED_SPECIMEN,PRESENT,Moscow Digital Herbarium,Moscow State University,MW,http://creativecommons.org/licenses/by/4.0/legalcode,Kazakhstan,,,inside,inside
Allium obliquum,Allium_obliquum.json,6360133366,11812,Allium obliquum L.,Allium obliquum L.,2857444,43.087285,76.399767,21452,WGS84,,,,,MATERIAL_CITATION,PRESENT,,,,http://creativecommons.org/licenses/by/4.0/legalcode,Kazakhstan,,25,inside,inside
Allium obliquum,Allium_obliquum.json,6360138326,11813,Allium obliquum L.,Allium obliquum L.,2857444,43.030672,79.70241,50868,WGS84,,,,,MATERIAL_CITATION,PRESENT,,,,http://creativecommons.org/licenses/by/4.0/legalcode,Kazakhstan,,25a,inside,inside
Allium obliquum,Allium_obliquum.json,6360140997,11811,Allium obliquum L.,Allium obliquum L.,2857444,44.671289,79.053913,67752,WGS84,,,,,MATERIAL_CITATION,PRESENT,,,,http://creativecommons.org/licenses/by/4.0/legalcode,Kazakhstan,,24,inside,inside
Aquilegia glandulosa,Aquilegia_glandulosa.json,1799000927,MW0829248,Aquilegia glandulosa Fisch.,Aquilegia glandulosa Fisch.,3930815,45.745278,81.361857,,WGS84,1928-07-07,1928,7,7,PRESERVED_SPECIMEN,PRESENT,Moscow Digital Herbarium,Moscow State University,MW,http://creativecommons.org/licenses/by/4.0/legalcode,Kazakhstan,,,inside,inside
Aquilegia glandulosa,Aquilegia_glandulosa.json,1799000996,MW0829250,Aquilegia glandulosa Fisch.,Aquilegia glandulosa Fisch.,3930815,45.804527,81.306338,,WGS84,1928-07-07,1928,7,7,PRESERVED_SPECIMEN,PRESENT,Moscow Digital Herbarium,Moscow State University,MW,http://creativecommons.org/licenses/by/4.0/legalcode,Kazakhstan,,,inside,inside
Aquilegia glandulosa,Aquilegia_glandulosa.json,1799001006,MW0829249,Aquilegia glandulosa Fisch.,Aquilegia glandulosa Fisch.,3930815,45.804527,81.306338,,WGS84,1928-07-07,1928,7,7,PRESERVED_SPECIMEN,PRESENT,Moscow Digital Herbarium,Moscow State University,MW,http://creativecommons.org/licenses/by/4.0/legalcode,Kazakhstan,,,inside,inside
Artemisia transiliensis,Artemisia_transiliensis.json,2382576954,https://brnu.jacq.org/BRNU654093,Artemisia transiliensis Poljakov,Artemisia transiliensis Poljakov,3121417,43.14325,76.60947,,WGS84,2014-07-07,2014,7,7,PRESERVED_SPECIMEN,PRESENT,,BRNU,Herbarium BRNU,http://creativecommons.org/licenses/by/4.0/legalcode,Kazakhstan,,"Kazakhstan, prov. Almaty, distr. Karasai. Kaskelen, Kaskelen stream valley near the southern edge of the town; 1195 m a. s. l. Meadow steppe. Coordinates: 430835.7 N & 763634.1 E",inside,inside
Artemisia transiliensis,Artemisia_transiliensis.json,2382577093,https://brnu.jacq.org/BRNU654093-a,Artemisia transiliensis Poljakov,Artemisia transiliensis Poljakov,3121417,43.14325,76.60947,,WGS84,2014-07-07,2014,7,7,PRESERVED_SPECIMEN,PRESENT,,BRNU,Herbarium BRNU,http://creativecommons.org/licenses/by/4.0/legalcode,Kazakhstan,,"Kazakhstan, prov. Almaty, distr. Karasai. Kaskelen, Kaskelen stream valley near the southern edge of the town; 1195 m a. s. l. Meadow steppe. Coordinates: 430835.7 N & 763634.1 E",inside,inside
Artemisia transiliensis,Artemisia_transiliensis.json,2465020855,3721234,Seriphidium transiliense (Poljakov) Poljakov,Artemisia transiliensis Poljakov,3089886,44.45224,74.559,,WGS84,,,,,HUMAN_OBSERVATION,PRESENT,FungalRoot - Mycorrhiza intensity project,,,http://creativecommons.org/licenses/by-nc/4.0/legalcode,Kazakhstan,,,outside,inside
Artemisia transiliensis,Artemisia_transiliensis.json,2465023762,3721232,Seriphidium transiliense (Poljakov) Poljakov,Artemisia transiliensis Poljakov,3089886,44.70284,75.66109,,WGS84,,,,,HUMAN_OBSERVATION,PRESENT,FungalRoot - Mycorrhiza intensity project,,,http://creativecommons.org/licenses/by-nc/4.0/legalcode,Kazakhstan,,,inside,inside
Artemisia transiliensis,Artemisia_transiliensis.json,2465024933,3721231,Seriphidium transiliense (Poljakov) Poljakov,Artemisia transiliensis Poljakov,3089886,44.6217,75.62873,,WGS84,,,,,HUMAN_OBSERVATION,PRESENT,FungalRoot - Mycorrhiza intensity project,,,http://creativecommons.org/licenses/by-nc/4.0/legalcode,Kazakhstan,,,inside,inside
Artemisia transiliensis,Artemisia_transiliensis.json,2465025244,3721230,Seriphidium transiliense (Poljakov) Poljakov,Artemisia transiliensis Poljakov,3089886,44.58153,75.47277,,WGS84,,,,,HUMAN_OBSERVATION,PRESENT,FungalRoot - Mycorrhiza intensity project,,,http://creativecommons.org/licenses/by-nc/4.0/legalcode,Kazakhstan,,,inside,inside
Artemisia transiliensis,Artemisia_transiliensis.json,6360126631,14468,Artemisia transiliensis Poljakov,Artemisia transiliensis Poljakov,3121417,43.087285,76.399767,21452,WGS84,,,,,MATERIAL_CITATION,PRESENT,,,,http://creativecommons.org/licenses/by/4.0/legalcode,Kazakhstan,,25,inside,inside
Codonopsis clematidea,Codonopsis_clematidea.json,6399359645,https://www.inaturalist.org/observations/371174716,Codonopsis clematidea (Schrenk) C.B.Clarke,Codonopsis clematidea (Schrenk) C.B.Clarke,8569825,43.123246,76.799208,118,WGS84,06-Jun-26 09:20:21,2026,6,6,HUMAN_OBSERVATION,PRESENT,iNaturalist research-grade observations,iNaturalist,Observations,http://creativecommons.org/licenses/by-nc/4.0/legalcode,Kazakhstan,Almaty,,inside,inside
Codonopsis clematidea,Codonopsis_clematidea.json,6400489091,https://www.inaturalist.org/observations/369298634,Codonopsis clematidea (Schrenk) C.B.Clarke,Codonopsis clematidea (Schrenk) C.B.Clarke,8569825,43.186816,76.992312,1,WGS84,07-Jun-26 17:35:38,2026,6,7,HUMAN_OBSERVATION,PRESENT,iNaturalist research-grade observations,iNaturalist,Observations,http://creativecommons.org/licenses/by-nc/4.0/legalcode,Kazakhstan,Almaty,,inside,inside
Codonopsis clematidea,Codonopsis_clematidea.json,6400501900,https://www.inaturalist.org/observations/370668239,Codonopsis clematidea (Schrenk) C.B.Clarke,Codonopsis clematidea (Schrenk) C.B.Clarke,8569825,42.984989,78.465991,335,WGS84,2026-06-11T00:41,2026,6,11,HUMAN_OBSERVATION,PRESENT,iNaturalist research-grade observations,iNaturalist,Observations,http://creativecommons.org/licenses/by-nc/4.0/legalcode,Kazakhstan,Almaty,,inside,inside
Codonopsis clematidea,Codonopsis_clematidea.json,6413018978,https://www.inaturalist.org/observations/373581786,Codonopsis clematidea (Schrenk) C.B.Clarke,Codonopsis clematidea (Schrenk) C.B.Clarke,8569825,43.194613,76.982392,211,WGS84,20-Jun-26 15:15:56,2026,6,20,HUMAN_OBSERVATION,PRESENT,iNaturalist research-grade observations,iNaturalist,Observations,http://creativecommons.org/licenses/by-nc/4.0/legalcode,Kazakhstan,Almaty,,inside,inside
Codonopsis clematidea,Codonopsis_clematidea.json,6413243596,https://www.inaturalist.org/observations/374206732,Codonopsis clematidea (Schrenk) C.B.Clarke,Codonopsis clematidea (Schrenk) C.B.Clarke,8569825,42.984401,78.464321,373,WGS84,20-Jun-26 09:46:44,2026,6,20,HUMAN_OBSERVATION,PRESENT,iNaturalist research-grade observations,iNaturalist,Observations,http://creativecommons.org/licenses/by-nc/4.0/legalcode,Kazakhstan,Almaty,,inside,inside
Codonopsis clematidea,Codonopsis_clematidea.json,6413883031,https://www.inaturalist.org/observations/373883420,Codonopsis clematidea (Schrenk) C.B.Clarke,Codonopsis clematidea (Schrenk) C.B.Clarke,8569825,43.094624,76.947296,,WGS84,21-Jun-26 07:45:19,2026,6,21,HUMAN_OBSERVATION,PRESENT,iNaturalist research-grade observations,iNaturalist,Observations,http://creativecommons.org/licenses/by-nc/4.0/legalcode,Kazakhstan,Almaty,,inside,inside
Codonopsis clematidea,Codonopsis_clematidea.json,6413972682,https://www.inaturalist.org/observations/374329868,Codonopsis clematidea (Schrenk) C.B.Clarke,Codonopsis clematidea (Schrenk) C.B.Clarke,8569825,43.056099,76.98024,,WGS84,22-Jun-26 13:13:01,2026,6,22,HUMAN_OBSERVATION,PRESENT,iNaturalist research-grade observations,iNaturalist,Observations,http://creativecommons.org/licenses/by-nc/4.0/legalcode,Kazakhstan,Almaty,,inside,inside
Codonopsis clematidea,Codonopsis_clematidea.json,6414013427,https://www.inaturalist.org/observations/373530760,Codonopsis clematidea (Schrenk) C.B.Clarke,Codonopsis clematidea (Schrenk) C.B.Clarke,8569825,43.159931,77.012711,4,WGS84,17-Jun-26 11:17:02,2026,6,17,HUMAN_OBSERVATION,PRESENT,iNaturalist research-grade observations,iNaturalist,Observations,http://creativecommons.org/licenses/by-nc/4.0/legalcode,Kazakhstan,Almaty,,inside,inside
Codonopsis clematidea,Codonopsis_clematidea.json,6431078542,https://www.inaturalist.org/observations/378825241,Codonopsis clematidea (Schrenk) C.B.Clarke,Codonopsis clematidea (Schrenk) C.B.Clarke,8569825,43.147695,77.008836,27,WGS84,30-Jun-26 15:17:48,2026,6,30,HUMAN_OBSERVATION,PRESENT,iNaturalist research-grade observations,iNaturalist,Observations,http://creativecommons.org/licenses/by-nc/4.0/legalcode,Kazakhstan,Almaty,,inside,inside
Codonopsis clematidea,Codonopsis_clematidea.json,6431193058,https://www.inaturalist.org/observations/378742872,Codonopsis clematidea (Schrenk) C.B.Clarke,Codonopsis clematidea (Schrenk) C.B.Clarke,8569825,43.127726,76.969163,775,WGS84,2026-06-19T09:17,2026,6,19,HUMAN_OBSERVATION,PRESENT,iNaturalist research-grade observations,iNaturalist,Observations,http://creativecommons.org/licenses/by-nc/4.0/legalcode,Kazakhstan,Almaty,,inside,inside
Codonopsis clematidea,Codonopsis_clematidea.json,6441587969,https://www.inaturalist.org/observations/378058250,Codonopsis clematidea (Schrenk) C.B.Clarke,Codonopsis clematidea (Schrenk) C.B.Clarke,8569825,42.968468,78.897893,,WGS84,04-Jul-26 12:09:29,2026,7,4,HUMAN_OBSERVATION,PRESENT,iNaturalist research-grade observations,iNaturalist,Observations,http://creativecommons.org/licenses/by-nc/4.0/legalcode,Kazakhstan,Almaty,,inside,inside
Codonopsis clematidea,Codonopsis_clematidea.json,6452059757,https://www.inaturalist.org/observations/380306755,Codonopsis clematidea (Schrenk) C.B.Clarke,Codonopsis clematidea (Schrenk) C.B.Clarke,8569825,43.132576,76.94679,,WGS84,11-Jul-26 13:40:53,2026,7,11,HUMAN_OBSERVATION,PRESENT,iNaturalist research-grade observations,iNaturalist,Observations,http://creativecommons.org/licenses/by-nc/4.0/legalcode,Kazakhstan,Almaty,,inside,inside
Codonopsis clematidea,Codonopsis_clematidea.json,6481289631,https://www.inaturalist.org/observations/385893787,Codonopsis clematidea (Schrenk) C.B.Clarke,Codonopsis clematidea (Schrenk) C.B.Clarke,8569825,43.055783,76.993647,,WGS84,27-Jul-26 13:42:45,2026,7,27,HUMAN_OBSERVATION,PRESENT,iNaturalist research-grade observations,iNaturalist,Observations,http://creativecommons.org/licenses/by-nc/4.0/legalcode,Kazakhstan,Almaty,,inside,inside
Codonopsis clematidea,Codonopsis_clematidea.json,6479569763,https://www.inaturalist.org/observations/388858113,Codonopsis clematidea (Schrenk) C.B.Clarke,Codonopsis clematidea (Schrenk) C.B.Clarke,8569825,43.1174,77.11187,5,WGS84,06-Aug-26 13:34:53,2026,8,6,HUMAN_OBSERVATION,PRESENT,iNaturalist research-grade observations,iNaturalist,Observations,http://creativecommons.org/licenses/by-nc/4.0/legalcode,Kazakhstan,Almaty,,inside,inside
Codonopsis clematidea,Codonopsis_clematidea.json,6480153734,https://www.inaturalist.org/observations/389597910,Codonopsis clematidea (Schrenk) C.B.Clarke,Codonopsis clematidea (Schrenk) C.B.Clarke,8569825,43.054578,76.966828,2,WGS84,08-Aug-26 11:17:25,2026,8,8,HUMAN_OBSERVATION,PRESENT,iNaturalist research-grade observations,iNaturalist,Observations,http://creativecommons.org/licenses/by-nc/4.0/legalcode,Kazakhstan,Almaty,,inside,inside
Codonopsis clematidea,Codonopsis_clematidea.json,6498421645,https://www.inaturalist.org/observations/391373085,Codonopsis clematidea (Schrenk) C.B.Clarke,Codonopsis clematidea (Schrenk) C.B.Clarke,8569825,43.055331,76.980033,,WGS84,15-Aug-26 09:06:13,2026,8,15,HUMAN_OBSERVATION,PRESENT,iNaturalist research-grade observations,iNaturalist,Observations,http://creativecommons.org/licenses/by-nc/4.0/legalcode,Kazakhstan,Almaty,,inside,inside
Codonopsis clematidea,Codonopsis_clematidea.json,6499448579,https://www.inaturalist.org/observations/390788717,Codonopsis clematidea (Schrenk) C.B.Clarke,Codonopsis clematidea (Schrenk) C.B.Clarke,8569825,43.095328,76.946161,,WGS84,13-Aug-26 12:51:23,2026,8,13,HUMAN_OBSERVATION,PRESENT,iNaturalist research-grade observations,iNaturalist,Observations,http://creativecommons.org/licenses/by-nc/4.0/legalcode,Kazakhstan,Almaty,,inside,inside
Codonopsis clematidea,Codonopsis_clematidea.json,5936101522,https://www.inaturalist.org/observations/277806949,Codonopsis clematidea (Schrenk) C.B.Clarke,Codonopsis clematidea (Schrenk) C.B.Clarke,8569825,43.110214,76.913664,,WGS84,2025-04-27T15:05,2025,4,27,HUMAN_OBSERVATION,PRESENT,iNaturalist research-grade observations,iNaturalist,Observations,http://creativecommons.org/licenses/by-nc/4.0/legalcode,Kazakhstan,Almaty,,inside,inside
Codonopsis clematidea,Codonopsis_clematidea.json,5187774045,https://www.inaturalist.org/observations/286790453,Codonopsis clematidea (Schrenk) C.B.Clarke,Codonopsis clematidea (Schrenk) C.B.Clarke,8569825,43.115633,76.913128,,WGS84,04-Jun-25 18:33:14,2025,6,4,HUMAN_OBSERVATION,PRESENT,iNaturalist research-grade observations,iNaturalist,Observations,http://creativecommons.org/licenses/by-nc/4.0/legalcode,Kazakhstan,Almaty,,inside,inside
Codonopsis clematidea,Codonopsis_clematidea.json,5198519892,https://www.inaturalist.org/observations/288972558,Codonopsis clematidea (Schrenk) C.B.Clarke,Codonopsis clematidea (Schrenk) C.B.Clarke,8569825,43.184552,77.088335,,WGS84,12-Jun-25 07:15:35,2025,6,12,HUMAN_OBSERVATION,PRESENT,iNaturalist research-grade observations,iNaturalist,Observations,http://creativecommons.org/licenses/by-nc/4.0/legalcode,Kazakhstan,Almaty,,inside,inside
Codonopsis clematidea,Codonopsis_clematidea.json,5205836280,https://www.inaturalist.org/observations/291550576,Codonopsis clematidea (Schrenk) C.B.Clarke,Codonopsis clematidea (Schrenk) C.B.Clarke,8569825,43.150414,77.056908,3381,WGS84,21-Jun-25 07:15:11,2025,6,21,HUMAN_OBSERVATION,PRESENT,iNaturalist research-grade observations,iNaturalist,Observations,http://creativecommons.org/licenses/by-nc/4.0/legalcode,Kazakhstan,Almaty,,inside,inside
Codonopsis clematidea,Codonopsis_clematidea.json,5206253426,https://www.inaturalist.org/observations/291766673,Codonopsis clematidea (Schrenk) C.B.Clarke,Codonopsis clematidea (Schrenk) C.B.Clarke,8569825,42.98431,78.464003,142,WGS84,19-Jun-25 11:20:43,2025,6,19,HUMAN_OBSERVATION,PRESENT,iNaturalist research-grade observations,iNaturalist,Observations,http://creativecommons.org/licenses/by-nc/4.0/legalcode,Kazakhstan,Almaty,,inside,inside
Codonopsis clematidea,Codonopsis_clematidea.json,5206303250,https://www.inaturalist.org/observations/291410246,Codonopsis clematidea (Schrenk) C.B.Clarke,Codonopsis clematidea (Schrenk) C.B.Clarke,8569825,43.095148,76.945919,,WGS84,21-Jun-25 07:20:05,2025,6,21,HUMAN_OBSERVATION,PRESENT,iNaturalist research-grade observations,iNaturalist,Observations,http://creativecommons.org/licenses/by-nc/4.0/legalcode,Kazakhstan,Almaty,,inside,inside
Codonopsis clematidea,Codonopsis_clematidea.json,5206332799,https://www.inaturalist.org/observations/292265038,Codonopsis clematidea (Schrenk) C.B.Clarke,Codonopsis clematidea (Schrenk) C.B.Clarke,8569825,43.131458,77.055411,887,WGS84,22-Jun-25 09:09:46,2025,6,22,HUMAN_OBSERVATION,PRESENT,iNaturalist research-grade observations,iNaturalist,Observations,http://creativecommons.org/licenses/by-nc/4.0/legalcode,Kazakhstan,Almaty,,inside,inside
Codonopsis clematidea,Codonopsis_clematidea.json,5206506312,https://www.inaturalist.org/observations/291516576,Codonopsis clematidea (Schrenk) C.B.Clarke,Codonopsis clematidea (Schrenk) C.B.Clarke,8569825,43.275162,77.710822,171,WGS84,21-Jun-25 13:58:57,2025,6,21,HUMAN_OBSERVATION,PRESENT,iNaturalist research-grade observations,iNaturalist,Observations,http://creativecommons.org/licenses/by-nc/4.0/legalcode,Kazakhstan,Almaty,,inside,inside
Codonopsis clematidea,Codonopsis_clematidea.json,5206795579,https://www.inaturalist.org/observations/292047406,Codonopsis clematidea (Schrenk) C.B.Clarke,Codonopsis clematidea (Schrenk) C.B.Clarke,8569825,42.988669,78.326787,205,WGS84,18-Jun-25 18:19:36,2025,6,18,HUMAN_OBSERVATION,PRESENT,iNaturalist research-grade observations,iNaturalist,Observations,http://creativecommons.org/licenses/by-nc/4.0/legalcode,Kazakhstan,Almaty,,inside,inside
Codonopsis clematidea,Codonopsis_clematidea.json,5216320278,https://www.inaturalist.org/observations/296185229,Codonopsis clematidea (Schrenk) C.B.Clarke,Codonopsis clematidea (Schrenk) C.B.Clarke,8569825,43.159687,77.060197,,WGS84,2025-06-18T14:08,2025,6,18,HUMAN_OBSERVATION,PRESENT,iNaturalist research-grade observations,iNaturalist,Observations,http://creativecommons.org/licenses/by-nc/4.0/legalcode,Kazakhstan,Almaty,,inside,inside
Codonopsis clematidea,Codonopsis_clematidea.json,5216461593,https://www.inaturalist.org/observations/295048074,Codonopsis clematidea (Schrenk) C.B.Clarke,Codonopsis clematidea (Schrenk) C.B.Clarke,8569825,43.107608,76.845557,1192,WGS84,2025-06-22T12:43,2025,6,22,HUMAN_OBSERVATION,PRESENT,iNaturalist research-grade observations,iNaturalist,Observations,http://creativecommons.org/licenses/by/4.0/legalcode,Kazakhstan,Almaty,,inside,inside
Codonopsis clematidea,Codonopsis_clematidea.json,5217155432,https://www.inaturalist.org/observations/293116788,Codonopsis clematidea (Schrenk) C.B.Clarke,Codonopsis clematidea (Schrenk) C.B.Clarke,8569825,43.121864,76.86249,52,WGS84,27-Jun-25 10:36:45,2025,6,27,HUMAN_OBSERVATION,PRESENT,iNaturalist research-grade observations,iNaturalist,Observations,http://creativecommons.org/licenses/by-nc/4.0/legalcode,Kazakhstan,Almaty,,inside,inside
Codonopsis clematidea,Codonopsis_clematidea.json,5217503516,https://www.inaturalist.org/observations/293325699,Codonopsis clematidea (Schrenk) C.B.Clarke,Codonopsis clematidea (Schrenk) C.B.Clarke,8569825,43.167406,77.060528,,WGS84,28-Jun-25 12:43:55,2025,6,28,HUMAN_OBSERVATION,PRESENT,iNaturalist research-grade observations,iNaturalist,Observations,http://creativecommons.org/publicdomain/zero/1.0/legalcode,Kazakhstan,Almaty,,inside,inside
Codonopsis clematidea,Codonopsis_clematidea.json,5231392551,https://www.inaturalist.org/observations/297218815,Codonopsis clematidea (Schrenk) C.B.Clarke,Codonopsis clematidea (Schrenk) C.B.Clarke,8569825,43.159646,77.060238,,WGS84,2025-06-18T14:09,2025,6,18,HUMAN_OBSERVATION,PRESENT,iNaturalist research-grade observations,iNaturalist,Observations,http://creativecommons.org/licenses/by-nc/4.0/legalcode,Kazakhstan,Almaty,,inside,inside
Codonopsis clematidea,Codonopsis_clematidea.json,5935176647,https://www.inaturalist.org/observations/289276261,Codonopsis clematidea (Schrenk) C.B.Clarke,Codonopsis clematidea (Schrenk) C.B.Clarke,8569825,43.070895,76.987425,767,WGS84,2025-06-13T06:41,2025,6,13,HUMAN_OBSERVATION,PRESENT,iNaturalist research-grade observations,iNaturalist,Observations,http://creativecommons.org/licenses/by-nc/4.0/legalcode,Kazakhstan,Almaty,,inside,inside
Codonopsis clematidea,Codonopsis_clematidea.json,5935471083,https://www.inaturalist.org/observations/292894630,Codonopsis clematidea (Schrenk) C.B.Clarke,Codonopsis clematidea (Schrenk) C.B.Clarke,8569825,42.988062,78.327821,313,WGS84,18-Jun-25 16:00:44,2025,6,18,HUMAN_OBSERVATION,PRESENT,iNaturalist research-grade observations,iNaturalist,Observations,http://creativecommons.org/licenses/by-nc/4.0/legalcode,Kazakhstan,Almaty,,inside,inside
Codonopsis clematidea,Codonopsis_clematidea.json,5935492811,https://www.inaturalist.org/observations/293981441,Codonopsis clematidea (Schrenk) C.B.Clarke,Codonopsis clematidea (Schrenk) C.B.Clarke,8569825,43.055225,76.981453,3,WGS84,23-Jun-25 11:20:48,2025,6,23,HUMAN_OBSERVATION,PRESENT,iNaturalist research-grade observations,iNaturalist,Observations,http://creativecommons.org/licenses/by-nc/4.0/legalcode,Kazakhstan,Almaty,,inside,inside
Codonopsis clematidea,Codonopsis_clematidea.json,5936154499,https://www.inaturalist.org/observations/291166092,Codonopsis clematidea (Schrenk) C.B.Clarke,Codonopsis clematidea (Schrenk) C.B.Clarke,8569825,43.253158,77.475854,,WGS84,15-Jun-25 18:00:53,2025,6,15,HUMAN_OBSERVATION,PRESENT,iNaturalist research-grade observations,iNaturalist,Observations,http://creativecommons.org/licenses/by-nc/4.0/legalcode,Kazakhstan,Almaty,,inside,inside
Codonopsis clematidea,Codonopsis_clematidea.json,6178727964,https://www.inaturalist.org/observations/306702725,Codonopsis clematidea (Schrenk) C.B.Clarke,Codonopsis clematidea (Schrenk) C.B.Clarke,8569825,43.161018,77.054108,,WGS84,06-Jun-25 19:42:40,2025,6,6,HUMAN_OBSERVATION,PRESENT,iNaturalist research-grade observations,iNaturalist,Observations,http://creativecommons.org/licenses/by-nc/4.0/legalcode,Kazakhstan,Almaty,,inside,inside
Codonopsis clematidea,Codonopsis_clematidea.json,5216435115,https://www.inaturalist.org/observations/294306417,Codonopsis clematidea (Schrenk) C.B.Clarke,Codonopsis clematidea (Schrenk) C.B.Clarke,8569825,43.151111,77.014717,3,WGS84,01-Jul-25 14:03:45,2025,7,1,HUMAN_OBSERVATION,PRESENT,iNaturalist research-grade observations,iNaturalist,Observations,http://creativecommons.org/licenses/by-nc/4.0/legalcode,Kazakhstan,Almaty,,inside,inside
Codonopsis clematidea,Codonopsis_clematidea.json,5231243526,https://www.inaturalist.org/observations/298645521,Codonopsis clematidea (Schrenk) C.B.Clarke,Codonopsis clematidea (Schrenk) C.B.Clarke,8569825,43.054482,76.967346,,WGS84,17-Jul-25 10:21:34,2025,7,17,HUMAN_OBSERVATION,PRESENT,iNaturalist research-grade observations,iNaturalist,Observations,http://creativecommons.org/licenses/by-nc/4.0/legalcode,Kazakhstan,Almaty,,inside,inside
Codonopsis clematidea,Codonopsis_clematidea.json,5231636173,https://www.inaturalist.org/observations/299907119,Codonopsis clematidea (Schrenk) C.B.Clarke,Codonopsis clematidea (Schrenk) C.B.Clarke,8569825,43.233777,77.760853,,WGS84,2025-07-20T11:18,2025,7,20,HUMAN_OBSERVATION,PRESENT,iNaturalist research-grade observations,iNaturalist,Observations,http://creativecommons.org/licenses/by-nc/4.0/legalcode,Kazakhstan,Almaty,,inside,inside
Codonopsis clematidea,Codonopsis_clematidea.json,5237524034,https://www.inaturalist.org/observations/300813806,Codonopsis clematidea (Schrenk) C.B.Clarke,Codonopsis clematidea (Schrenk) C.B.Clarke,8569825,43.234467,77.762878,14,WGS84,24-Jul-25 08:08:12,2025,7,24,HUMAN_OBSERVATION,PRESENT,iNaturalist research-grade observations,iNaturalist,Observations,http://creativecommons.org/licenses/by-nc/4.0/legalcode,Kazakhstan,Almaty,,inside,inside
Codonopsis clematidea,Codonopsis_clematidea.json,5237574618,https://www.inaturalist.org/observations/301788622,Codonopsis clematidea (Schrenk) C.B.Clarke,Codonopsis clematidea (Schrenk) C.B.Clarke,8569825,42.577775,79.920708,2,WGS84,26-Jul-25 14:12:24,2025,7,26,HUMAN_OBSERVATION,PRESENT,iNaturalist research-grade observations,iNaturalist,Observations,http://creativecommons.org/licenses/by-nc/4.0/legalcode,Kazakhstan,Almaty,,inside,inside
Codonopsis clematidea,Codonopsis_clematidea.json,5237829893,https://www.inaturalist.org/observations/300605563,Codonopsis clematidea (Schrenk) C.B.Clarke,Codonopsis clematidea (Schrenk) C.B.Clarke,8569825,43.233395,77.758577,,WGS84,2025-07-20T11:32,2025,7,20,HUMAN_OBSERVATION,PRESENT,iNaturalist research-grade observations,iNaturalist,Observations,http://creativecommons.org/licenses/by-nc/4.0/legalcode,Kazakhstan,Almaty,,inside,inside
Codonopsis clematidea,Codonopsis_clematidea.json,5238431680,https://www.inaturalist.org/observations/301985171,Codonopsis clematidea (Schrenk) C.B.Clarke,Codonopsis clematidea (Schrenk) C.B.Clarke,8569825,42.610042,79.841745,6,WGS84,27-Jul-25 04:50:54,2025,7,27,HUMAN_OBSERVATION,PRESENT,iNaturalist research-grade observations,iNaturalist,Observations,http://creativecommons.org/licenses/by-nc/4.0/legalcode,Kazakhstan,Almaty,,inside,inside
Codonopsis clematidea,Codonopsis_clematidea.json,5281845346,https://www.inaturalist.org/observations/303125884,Codonopsis clematidea (Schrenk) C.B.Clarke,Codonopsis clematidea (Schrenk) C.B.Clarke,8569825,43.04683,76.952436,61,WGS84,2025-07-09T15:51,2025,7,9,HUMAN_OBSERVATION,PRESENT,iNaturalist research-grade observations,iNaturalist,Observations,http://creativecommons.org/licenses/by-nc/4.0/legalcode,Kazakhstan,Almaty,,inside,inside
Codonopsis clematidea,Codonopsis_clematidea.json,5281856907,https://www.inaturalist.org/observations/302564062,Codonopsis clematidea (Schrenk) C.B.Clarke,Codonopsis clematidea (Schrenk) C.B.Clarke,8569825,43.087133,76.945478,,WGS84,2025-07-22T13:07,2025,7,22,HUMAN_OBSERVATION,PRESENT,iNaturalist research-grade observations,iNaturalist,Observations,http://creativecommons.org/licenses/by-nc/4.0/legalcode,Kazakhstan,Almaty,,inside,inside
Codonopsis clematidea,Codonopsis_clematidea.json,5281971738,https://www.inaturalist.org/observations/300705468,Codonopsis clematidea (Schrenk) C.B.Clarke,Codonopsis clematidea (Schrenk) C.B.Clarke,8569825,43.230302,77.754643,,WGS84,2025-07-20T15:02,2025,7,20,HUMAN_OBSERVATION,PRESENT,iNaturalist research-grade observations,iNaturalist,Observations,http://creativecommons.org/licenses/by-nc/4.0/legalcode,Kazakhstan,Almaty,,inside,inside
Codonopsis clematidea,Codonopsis_clematidea.json,5282392448,https://www.inaturalist.org/observations/302826347,Codonopsis clematidea (Schrenk) C.B.Clarke,Codonopsis clematidea (Schrenk) C.B.Clarke,8569825,43.087546,76.946325,,WGS84,2025-07-22T15:24,2025,7,22,HUMAN_OBSERVATION,PRESENT,iNaturalist research-grade observations,iNaturalist,Observations,http://creativecommons.org/licenses/by-nc/4.0/legalcode,Kazakhstan,Almaty,,inside,inside
Codonopsis clematidea,Codonopsis_clematidea.json,5282508818,https://www.inaturalist.org/observations/303788915,Codonopsis clematidea (Schrenk) C.B.Clarke,Codonopsis clematidea (Schrenk) C.B.Clarke,8569825,43.079494,76.905879,,WGS84,2025-07-27T09:23,2025,7,27,HUMAN_OBSERVATION,PRESENT,iNaturalist research-grade observations,iNaturalist,Observations,http://creativecommons.org/licenses/by-nc/4.0/legalcode,Kazakhstan,Almaty,,inside,inside
Codonopsis clematidea,Codonopsis_clematidea.json,5292904521,https://www.inaturalist.org/observations/305465141,Codonopsis clematidea (Schrenk) C.B.Clarke,Codonopsis clematidea (Schrenk) C.B.Clarke,8569825,43.051573,76.965053,76,WGS84,2025-07-17T09:54,2025,7,17,HUMAN_OBSERVATION,PRESENT,iNaturalist research-grade observations,iNaturalist,Observations,http://creativecommons.org/licenses/by/4.0/legalcode,Kazakhstan,Almaty,,inside,inside
Codonopsis clematidea,Codonopsis_clematidea.json,6179250727,https://www.inaturalist.org/observations/301923089,Codonopsis clematidea (Schrenk) C.B.Clarke,Codonopsis clematidea (Schrenk) C.B.Clarke,8569825,43.294645,77.388953,34,WGS84,28-Jul-25 17:10:49,2025,7,28,HUMAN_OBSERVATION,PRESENT,iNaturalist research-grade observations,iNaturalist,Observations,http://creativecommons.org/licenses/by-nc/4.0/legalcode,Kazakhstan,Almaty,,inside,inside
Codonopsis clematidea,Codonopsis_clematidea.json,4900872116,https://www.inaturalist.org/observations/224378420,Codonopsis clematidea (Schrenk) C.B.Clarke,Codonopsis clematidea (Schrenk) C.B.Clarke,8569825,43.122833,76.909206,,WGS84,22-Jun-24 11:34:38,2024,6,22,HUMAN_OBSERVATION,PRESENT,iNaturalist research-grade observations,iNaturalist,Observations,http://creativecommons.org/licenses/by-nc/4.0/legalcode,Kazakhstan,Almaty,,inside,inside
Codonopsis clematidea,Codonopsis_clematidea.json,4901134850,https://www.inaturalist.org/observations/222396549,Codonopsis clematidea (Schrenk) C.B.Clarke,Codonopsis clematidea (Schrenk) C.B.Clarke,8569825,43.253056,77.475833,,WGS84,12-Jun-24 13:48:53,2024,6,12,HUMAN_OBSERVATION,PRESENT,iNaturalist research-grade observations,iNaturalist,Observations,http://creativecommons.org/licenses/by-nc/4.0/legalcode,Kazakhstan,Almaty,,inside,inside
Codonopsis clematidea,Codonopsis_clematidea.json,4901212493,https://www.inaturalist.org/observations/223945959,Codonopsis clematidea (Schrenk) C.B.Clarke,Codonopsis clematidea (Schrenk) C.B.Clarke,8569825,43.241491,77.761213,3031,WGS84,20-Jun-24 14:07:54,2024,6,20,HUMAN_OBSERVATION,PRESENT,iNaturalist research-grade observations,iNaturalist,Observations,http://creativecommons.org/licenses/by-nc/4.0/legalcode,Kazakhstan,Almaty,,inside,inside
Codonopsis clematidea,Codonopsis_clematidea.json,4901281418,https://www.inaturalist.org/observations/223310982,Codonopsis clematidea (Schrenk) C.B.Clarke,Codonopsis clematidea (Schrenk) C.B.Clarke,8569825,43.016607,76.614522,61,WGS84,2024-06-16T10:36,2024,6,16,HUMAN_OBSERVATION,PRESENT,iNaturalist research-grade observations,iNaturalist,Observations,http://creativecommons.org/licenses/by/4.0/legalcode,Kazakhstan,Almaty,,inside,inside
Codonopsis clematidea,Codonopsis_clematidea.json,4901631892,https://www.inaturalist.org/observations/222900493,Codonopsis clematidea (Schrenk) C.B.Clarke,Codonopsis clematidea (Schrenk) C.B.Clarke,8569825,43.247535,77.232453,1778,WGS84,2024-06-15T14:01,2024,6,15,HUMAN_OBSERVATION,PRESENT,iNaturalist research-grade observations,iNaturalist,Observations,http://creativecommons.org/licenses/by-nc/4.0/legalcode,Kazakhstan,Almaty,,inside,inside
Codonopsis clematidea,Codonopsis_clematidea.json,4902098641,https://www.inaturalist.org/observations/222897969,Codonopsis clematidea (Schrenk) C.B.Clarke,Codonopsis clematidea (Schrenk) C.B.Clarke,8569825,43.247141,77.238884,1534,WGS84,2024-06-15T14:01,2024,6,15,HUMAN_OBSERVATION,PRESENT,iNaturalist research-grade observations,iNaturalist,Observations,http://creativecommons.org/licenses/by-nc/4.0/legalcode,Kazakhstan,Almaty,,inside,inside
Codonopsis clematidea,Codonopsis_clematidea.json,4903777646,https://www.inaturalist.org/observations/226000872,Codonopsis clematidea (Schrenk) C.B.Clarke,Codonopsis clematidea (Schrenk) C.B.Clarke,8569825,43.230556,77.259444,,WGS84,29-Jun-24 10:37:48,2024,6,29,HUMAN_OBSERVATION,PRESENT,iNaturalist research-grade observations,iNaturalist,Observations,http://creativecommons.org/licenses/by-nc/4.0/legalcode,Kazakhstan,Almaty,,inside,inside
Codonopsis clematidea,Codonopsis_clematidea.json,4903964329,https://www.inaturalist.org/observations/225650981,Codonopsis clematidea (Schrenk) C.B.Clarke,Codonopsis clematidea (Schrenk) C.B.Clarke,8569825,42.646984,79.960922,,WGS84,24-Jun-24 12:51:20,2024,6,24,HUMAN_OBSERVATION,PRESENT,iNaturalist research-grade observations,iNaturalist,Observations,http://creativecommons.org/licenses/by-nc/4.0/legalcode,Kazakhstan,Almaty,,inside,inside
Codonopsis clematidea,Codonopsis_clematidea.json,4904057655,https://www.inaturalist.org/observations/225902475,Codonopsis clematidea (Schrenk) C.B.Clarke,Codonopsis clematidea (Schrenk) C.B.Clarke,8569825,43.226431,77.054357,61,WGS84,2024-06-29,2024,6,29,HUMAN_OBSERVATION,PRESENT,iNaturalist research-grade observations,iNaturalist,Observations,http://creativecommons.org/licenses/by/4.0/legalcode,Kazakhstan,Almaty,,inside,inside
Codonopsis clematidea,Codonopsis_clematidea.json,4908658955,https://www.inaturalist.org/observations/226855159,Codonopsis clematidea (Schrenk) C.B.Clarke,Codonopsis clematidea (Schrenk) C.B.Clarke,8569825,43.06196,76.73345,488,WGS84,2024-06-30T09:38,2024,6,30,HUMAN_OBSERVATION,PRESENT,iNaturalist research-grade observations,iNaturalist,Observations,http://creativecommons.org/licenses/by/4.0/legalcode,Kazakhstan,Almaty,,inside,inside
Codonopsis clematidea,Codonopsis_clematidea.json,6130658805,https://www.inaturalist.org/observations/230280790,Codonopsis clematidea (Schrenk) C.B.Clarke,Codonopsis clematidea (Schrenk) C.B.Clarke,8569825,43.13927,77.065911,4,WGS84,25-Jun-24 10:46:43,2024,6,25,HUMAN_OBSERVATION,PRESENT,iNaturalist research-grade observations,iNaturalist,Observations,http://creativecommons.org/licenses/by-nc/4.0/legalcode,Kazakhstan,Almaty,,inside,inside
Codonopsis clematidea,Codonopsis_clematidea.json,4910664586,https://www.inaturalist.org/observations/230531089,Codonopsis clematidea (Schrenk) C.B.Clarke,Codonopsis clematidea (Schrenk) C.B.Clarke,8569825,43.103615,76.95066,,WGS84,2024-07-20T08:47,2024,7,20,HUMAN_OBSERVATION,PRESENT,iNaturalist research-grade observations,iNaturalist,Observations,http://creativecommons.org/licenses/by-nc/4.0/legalcode,Kazakhstan,Almaty,,inside,inside
Codonopsis clematidea,Codonopsis_clematidea.json,4910984017,https://www.inaturalist.org/observations/230284638,Codonopsis clematidea (Schrenk) C.B.Clarke,Codonopsis clematidea (Schrenk) C.B.Clarke,8569825,43.082138,76.906656,244,WGS84,2024-07-19T10:05,2024,7,19,HUMAN_OBSERVATION,PRESENT,iNaturalist research-grade observations,iNaturalist,Observations,http://creativecommons.org/licenses/by/4.0/legalcode,Kazakhstan,Almaty,,inside,inside
Codonopsis clematidea,Codonopsis_clematidea.json,4919103291,https://www.inaturalist.org/observations/232204124,Codonopsis clematidea (Schrenk) C.B.Clarke,Codonopsis clematidea (Schrenk) C.B.Clarke,8569825,42.618678,79.935148,1,WGS84,27-Jul-24 16:01:01,2024,7,27,HUMAN_OBSERVATION,PRESENT,iNaturalist research-grade observations,iNaturalist,Observations,http://creativecommons.org/licenses/by/4.0/legalcode,Kazakhstan,Almaty,,inside,inside
Codonopsis clematidea,Codonopsis_clematidea.json,4919262633,https://www.inaturalist.org/observations/231879414,Codonopsis clematidea (Schrenk) C.B.Clarke,Codonopsis clematidea (Schrenk) C.B.Clarke,8569825,43.099922,76.947358,96,WGS84,26-Jul-24 11:07:48,2024,7,26,HUMAN_OBSERVATION,PRESENT,iNaturalist research-grade observations,iNaturalist,Observations,http://creativecommons.org/licenses/by-nc/4.0/legalcode,Kazakhstan,Almaty,,inside,inside
Codonopsis clematidea,Codonopsis_clematidea.json,4919389889,https://www.inaturalist.org/observations/231879441,Codonopsis clematidea (Schrenk) C.B.Clarke,Codonopsis clematidea (Schrenk) C.B.Clarke,8569825,43.099606,76.947053,48,WGS84,26-Jul-24 11:08:12,2024,7,26,HUMAN_OBSERVATION,PRESENT,iNaturalist research-grade observations,iNaturalist,Observations,http://creativecommons.org/licenses/by-nc/4.0/legalcode,Kazakhstan,Almaty,,inside,inside
Codonopsis clematidea,Codonopsis_clematidea.json,4923870673,https://www.inaturalist.org/observations/234500431,Codonopsis clematidea (Schrenk) C.B.Clarke,Codonopsis clematidea (Schrenk) C.B.Clarke,8569825,42.603965,79.988403,497,WGS84,2024-07-27T09:01,2024,7,27,HUMAN_OBSERVATION,PRESENT,iNaturalist research-grade observations,iNaturalist,Observations,http://creativecommons.org/licenses/by/4.0/legalcode,Kazakhstan,Almaty,,inside,inside
Codonopsis clematidea,Codonopsis_clematidea.json,4935685675,https://www.inaturalist.org/observations/228420163,Codonopsis clematidea (Schrenk) C.B.Clarke,Codonopsis clematidea (Schrenk) C.B.Clarke,8569825,43.076665,76.912455,488,WGS84,2024-07-08T16:07,2024,7,8,HUMAN_OBSERVATION,PRESENT,iNaturalist research-grade observations,iNaturalist,Observations,http://creativecommons.org/licenses/by/4.0/legalcode,Kazakhstan,Almaty,,inside,inside
Codonopsis clematidea,Codonopsis_clematidea.json,5076817624,https://www.inaturalist.org/observations/228996103,Codonopsis clematidea (Schrenk) C.B.Clarke,Codonopsis clematidea (Schrenk) C.B.Clarke,8569825,43.1075,77.0725,,WGS84,13-Jul-24 12:09:01,2024,7,13,HUMAN_OBSERVATION,PRESENT,iNaturalist research-grade observations,iNaturalist,Observations,http://creativecommons.org/licenses/by-nc/4.0/legalcode,Kazakhstan,Almaty,,inside,inside
Codonopsis clematidea,Codonopsis_clematidea.json,5076819532,https://www.inaturalist.org/observations/227993325,Codonopsis clematidea (Schrenk) C.B.Clarke,Codonopsis clematidea (Schrenk) C.B.Clarke,8569825,43.158102,77.034389,177,WGS84,2024-07-07T13:15,2024,7,7,HUMAN_OBSERVATION,PRESENT,iNaturalist research-grade observations,iNaturalist,Observations,http://creativecommons.org/licenses/by-nc/4.0/legalcode,Kazakhstan,Almaty,,inside,inside
Codonopsis clematidea,Codonopsis_clematidea.json,4923996848,https://www.inaturalist.org/observations/234566982,Codonopsis clematidea (Schrenk) C.B.Clarke,Codonopsis clematidea (Schrenk) C.B.Clarke,8569825,42.980463,78.25405,244,WGS84,2024-08-07T15:52,2024,8,7,HUMAN_OBSERVATION,PRESENT,iNaturalist research-grade observations,iNaturalist,Observations,http://creativecommons.org/licenses/by/4.0/legalcode,Kazakhstan,Almaty,,inside,inside
Codonopsis clematidea,Codonopsis_clematidea.json,4937142442,https://www.inaturalist.org/observations/238040797,Codonopsis clematidea (Schrenk) C.B.Clarke,Codonopsis clematidea (Schrenk) C.B.Clarke,8569825,43.198949,77.735264,,WGS84,2024-08-22T15:46,2024,8,22,HUMAN_OBSERVATION,PRESENT,iNaturalist research-grade observations,iNaturalist,Observations,http://creativecommons.org/licenses/by-nc/4.0/legalcode,Kazakhstan,Almaty,,inside,inside
Codonopsis clematidea,Codonopsis_clematidea.json,5063089962,https://www.inaturalist.org/observations/258848543,Codonopsis clematidea (Schrenk) C.B.Clarke,Codonopsis clematidea (Schrenk) C.B.Clarke,8569825,43.171963,77.111369,10,WGS84,2024-08-30T00:35,2024,8,30,HUMAN_OBSERVATION,PRESENT,iNaturalist research-grade observations,iNaturalist,Observations,http://creativecommons.org/licenses/by-nc/4.0/legalcode,Kazakhstan,Almaty,,inside,inside
Codonopsis clematidea,Codonopsis_clematidea.json,5935558835,https://www.inaturalist.org/observations/253095044,Codonopsis clematidea (Schrenk) C.B.Clarke,Codonopsis clematidea (Schrenk) C.B.Clarke,8569825,43.103689,76.950914,,WGS84,2024-08-30T18:03,2024,8,30,HUMAN_OBSERVATION,PRESENT,iNaturalist research-grade observations,iNaturalist,Observations,http://creativecommons.org/licenses/by-nc/4.0/legalcode,Kazakhstan,Almaty,,inside,inside
Codonopsis clematidea,Codonopsis_clematidea.json,5935586993,https://www.inaturalist.org/observations/253095000,Codonopsis clematidea (Schrenk) C.B.Clarke,Codonopsis clematidea (Schrenk) C.B.Clarke,8569825,43.107043,76.953784,,WGS84,2024-08-30T17:53,2024,8,30,HUMAN_OBSERVATION,PRESENT,iNaturalist research-grade observations,iNaturalist,Observations,http://creativecommons.org/licenses/by-nc/4.0/legalcode,Kazakhstan,Almaty,,inside,inside
Codonopsis clematidea,Codonopsis_clematidea.json,4431110242,https://www.inaturalist.org/observations/187910294,Codonopsis clematidea (Schrenk) C.B.Clarke,Codonopsis clematidea (Schrenk) C.B.Clarke,8569825,43.157631,77.048765,296,WGS84,2023-05-27T21:41,2023,5,27,HUMAN_OBSERVATION,PRESENT,iNaturalist research-grade observations,iNaturalist,Observations,http://creativecommons.org/licenses/by-nc/4.0/legalcode,Kazakhstan,Almaty,,inside,inside
Codonopsis clematidea,Codonopsis_clematidea.json,4133858041,https://www.inaturalist.org/observations/166058697,Codonopsis clematidea (Schrenk) C.B.Clarke,Codonopsis clematidea (Schrenk) C.B.Clarke,8569825,43.275847,77.711447,,WGS84,2023-06-01T14:57,2023,6,1,HUMAN_OBSERVATION,PRESENT,iNaturalist research-grade observations,iNaturalist,Observations,http://creativecommons.org/licenses/by/4.0/legalcode,Kazakhstan,Almaty,,inside,inside
Codonopsis clematidea,Codonopsis_clematidea.json,4138079445,https://www.inaturalist.org/observations/168139913,Codonopsis clematidea (Schrenk) C.B.Clarke,Codonopsis clematidea (Schrenk) C.B.Clarke,8569825,43.109892,76.91356,,WGS84,2023-06-17T16:57,2023,6,17,HUMAN_OBSERVATION,PRESENT,iNaturalist research-grade observations,iNaturalist,Observations,http://creativecommons.org/licenses/by-nc/4.0/legalcode,Kazakhstan,Almaty,,inside,inside
Codonopsis clematidea,Codonopsis_clematidea.json,4138168463,https://www.inaturalist.org/observations/167946126,Codonopsis clematidea (Schrenk) C.B.Clarke,Codonopsis clematidea (Schrenk) C.B.Clarke,8569825,43.111445,76.914727,,WGS84,2023-06-17T16:33,2023,6,17,HUMAN_OBSERVATION,PRESENT,iNaturalist research-grade observations,iNaturalist,Observations,http://creativecommons.org/licenses/by-nc/4.0/legalcode,Kazakhstan,Almaty,,inside,inside
Codonopsis clematidea,Codonopsis_clematidea.json,4138333215,https://www.inaturalist.org/observations/168358085,Codonopsis clematidea (Schrenk) C.B.Clarke,Codonopsis clematidea (Schrenk) C.B.Clarke,8569825,43.110301,76.914834,,WGS84,2023-06-17T17:42,2023,6,17,HUMAN_OBSERVATION,PRESENT,iNaturalist research-grade observations,iNaturalist,Observations,http://creativecommons.org/licenses/by-nc/4.0/legalcode,Kazakhstan,Almaty,,inside,inside
Codonopsis clematidea,Codonopsis_clematidea.json,4138706706,https://www.inaturalist.org/observations/169536386,Codonopsis clematidea (Schrenk) C.B.Clarke,Codonopsis clematidea (Schrenk) C.B.Clarke,8569825,43.055714,76.973557,1451,WGS84,24-Jun-23 14:36:51,2023,6,24,HUMAN_OBSERVATION,PRESENT,iNaturalist research-grade observations,iNaturalist,Observations,http://creativecommons.org/licenses/by-nc/4.0/legalcode,Kazakhstan,Almaty,,inside,inside
Codonopsis clematidea,Codonopsis_clematidea.json,4500472248,https://www.inaturalist.org/observations/169150517,Codonopsis clematidea (Schrenk) C.B.Clarke,Codonopsis clematidea (Schrenk) C.B.Clarke,8569825,43.143602,77.153561,16,WGS84,16-Jun-23 09:24:04,2023,6,16,HUMAN_OBSERVATION,PRESENT,iNaturalist research-grade observations,iNaturalist,Observations,http://creativecommons.org/licenses/by-nc/4.0/legalcode,Kazakhstan,Almaty,,inside,inside
Codonopsis clematidea,Codonopsis_clematidea.json,4900892990,https://www.inaturalist.org/observations/170082456,Codonopsis clematidea (Schrenk) C.B.Clarke,Codonopsis clematidea (Schrenk) C.B.Clarke,8569825,43.253256,77.475828,,WGS84,28-Jun-23 17:32:59,2023,6,28,HUMAN_OBSERVATION,PRESENT,iNaturalist research-grade observations,iNaturalist,Observations,http://creativecommons.org/licenses/by/4.0/legalcode,Kazakhstan,Almaty,,inside,inside
Codonopsis clematidea,Codonopsis_clematidea.json,4901292272,https://www.inaturalist.org/observations/170128156,Codonopsis clematidea (Schrenk) C.B.Clarke,Codonopsis clematidea (Schrenk) C.B.Clarke,8569825,43.257253,77.491392,,WGS84,28-Jun-23 16:30:11,2023,6,28,HUMAN_OBSERVATION,PRESENT,iNaturalist research-grade observations,iNaturalist,Observations,http://creativecommons.org/licenses/by/4.0/legalcode,Kazakhstan,Almaty,,inside,inside
Codonopsis clematidea,Codonopsis_clematidea.json,4901898134,https://www.inaturalist.org/observations/170073357,Codonopsis clematidea (Schrenk) C.B.Clarke,Codonopsis clematidea (Schrenk) C.B.Clarke,8569825,43.256069,77.486153,,WGS84,28-Jun-23 18:26:21,2023,6,28,HUMAN_OBSERVATION,PRESENT,iNaturalist research-grade observations,iNaturalist,Observations,http://creativecommons.org/licenses/by/4.0/legalcode,Kazakhstan,Almaty,,inside,inside
Codonopsis clematidea,Codonopsis_clematidea.json,4153776626,https://www.inaturalist.org/observations/172132811,Codonopsis clematidea (Schrenk) C.B.Clarke,Codonopsis clematidea (Schrenk) C.B.Clarke,8569825,43.105343,76.777828,,WGS84,2023-07-09T18:13,2023,7,9,HUMAN_OBSERVATION,PRESENT,iNaturalist research-grade observations,iNaturalist,Observations,http://creativecommons.org/licenses/by/4.0/legalcode,Kazakhstan,Almaty,,inside,inside
Codonopsis clematidea,Codonopsis_clematidea.json,4165348688,https://www.inaturalist.org/observations/174101809,Codonopsis clematidea (Schrenk) C.B.Clarke,Codonopsis clematidea (Schrenk) C.B.Clarke,8569825,43.163286,77.066431,,WGS84,2023-07-02T14:33,2023,7,2,HUMAN_OBSERVATION,PRESENT,iNaturalist research-grade observations,iNaturalist,Observations,http://creativecommons.org/licenses/by/4.0/legalcode,Kazakhstan,Almaty,,inside,inside
Codonopsis clematidea,Codonopsis_clematidea.json,4172107908,https://www.inaturalist.org/observations/176587999,Codonopsis clematidea (Schrenk) C.B.Clarke,Codonopsis clematidea (Schrenk) C.B.Clarke,8569825,42.679786,79.195457,174,WGS84,2023-07-18T13:44,2023,7,18,HUMAN_OBSERVATION,PRESENT,iNaturalist research-grade observations,iNaturalist,Observations,http://creativecommons.org/licenses/by-nc/4.0/legalcode,Kazakhstan,Almaty,,inside,inside
Codonopsis clematidea,Codonopsis_clematidea.json,4400168713,https://www.inaturalist.org/observations/171567838,Codonopsis clematidea (Schrenk) C.B.Clarke,Codonopsis clematidea (Schrenk) C.B.Clarke,8569825,43.145556,77.151944,,WGS84,02-Jul-23 14:04:29,2023,7,2,HUMAN_OBSERVATION,PRESENT,iNaturalist research-grade observations,iNaturalist,Observations,http://creativecommons.org/licenses/by-nc/4.0/legalcode,Kazakhstan,Almaty,,inside,inside
Codonopsis clematidea,Codonopsis_clematidea.json,4535615800,https://www.inaturalist.org/observations/170619183,Codonopsis clematidea (Schrenk) C.B.Clarke,Codonopsis clematidea (Schrenk) C.B.Clarke,8569825,43.194625,76.980072,,WGS84,02-Jul-23 13:27:34,2023,7,2,HUMAN_OBSERVATION,PRESENT,iNaturalist research-grade observations,iNaturalist,Observations,http://creativecommons.org/licenses/by/4.0/legalcode,Kazakhstan,Almaty,,inside,inside
Codonopsis clematidea,Codonopsis_clematidea.json,4901943711,https://www.inaturalist.org/observations/170627719,Codonopsis clematidea (Schrenk) C.B.Clarke,Codonopsis clematidea (Schrenk) C.B.Clarke,8569825,43.194617,76.979969,,WGS84,02-Jul-23 13:26:39,2023,7,2,HUMAN_OBSERVATION,PRESENT,iNaturalist research-grade observations,iNaturalist,Observations,http://creativecommons.org/licenses/by/4.0/legalcode,Kazakhstan,Almaty,,inside,inside
Codonopsis clematidea,Codonopsis_clematidea.json,4172089948,https://www.inaturalist.org/observations/176995240,Codonopsis clematidea (Schrenk) C.B.Clarke,Codonopsis clematidea (Schrenk) C.B.Clarke,8569825,43.069211,76.998644,224,WGS84,2023-08-01T07:44,2023,8,1,HUMAN_OBSERVATION,PRESENT,iNaturalist research-grade observations,iNaturalist,Observations,http://creativecommons.org/licenses/by-nc/4.0/legalcode,Kazakhstan,Almaty,,inside,inside
Codonopsis clematidea,Codonopsis_clematidea.json,4172245893,https://www.inaturalist.org/observations/177003222,Codonopsis clematidea (Schrenk) C.B.Clarke,Codonopsis clematidea (Schrenk) C.B.Clarke,8569825,43.165278,77.098056,,WGS84,05-Aug-23 14:57:48,2023,8,5,HUMAN_OBSERVATION,PRESENT,iNaturalist research-grade observations,iNaturalist,Observations,http://creativecommons.org/licenses/by-nc/4.0/legalcode,Kazakhstan,Almaty,,inside,inside
Codonopsis clematidea,Codonopsis_clematidea.json,4399885979,https://www.inaturalist.org/observations/179089702,Codonopsis clematidea (Schrenk) C.B.Clarke,Codonopsis clematidea (Schrenk) C.B.Clarke,8569825,42.991425,78.326789,,WGS84,15-Aug-23 12:48:28,2023,8,15,HUMAN_OBSERVATION,PRESENT,iNaturalist research-grade observations,iNaturalist,Observations,http://creativecommons.org/publicdomain/zero/1.0/legalcode,Kazakhstan,Almaty,,inside,inside
Codonopsis clematidea,Codonopsis_clematidea.json,4400385047,https://www.inaturalist.org/observations/179165282,Codonopsis clematidea (Schrenk) C.B.Clarke,Codonopsis clematidea (Schrenk) C.B.Clarke,8569825,43.129524,76.957238,,WGS84,2023-08-05T09:49,2023,8,5,HUMAN_OBSERVATION,PRESENT,iNaturalist research-grade observations,iNaturalist,Observations,http://creativecommons.org/licenses/by-nc/4.0/legalcode,Kazakhstan,Almaty,,inside,inside
Codonopsis clematidea,Codonopsis_clematidea.json,4607332915,https://www.inaturalist.org/observations/206304645,Codonopsis clematidea (Schrenk) C.B.Clarke,Codonopsis clematidea (Schrenk) C.B.Clarke,8569825,43.108925,76.91193,,WGS84,2023-08-01T14:33,2023,8,1,HUMAN_OBSERVATION,PRESENT,iNaturalist research-grade observations,iNaturalist,Observations,http://creativecommons.org/licenses/by-nc/4.0/legalcode,Kazakhstan,Almaty,,inside,inside
Codonopsis clematidea,Codonopsis_clematidea.json,4067269987,https://www.inaturalist.org/observations/151332231,Codonopsis clematidea (Schrenk) C.B.Clarke,Codonopsis clematidea (Schrenk) C.B.Clarke,8569825,42.934438,78.320891,,WGS84,2022-06-21T14:40,2022,6,21,HUMAN_OBSERVATION,PRESENT,iNaturalist research-grade observations,iNaturalist,Observations,http://creativecommons.org/licenses/by-nc/4.0/legalcode,Kazakhstan,Almaty,,inside,inside
Codonopsis clematidea,Codonopsis_clematidea.json,4067635991,https://www.inaturalist.org/observations/151321070,Codonopsis clematidea (Schrenk) C.B.Clarke,Codonopsis clematidea (Schrenk) C.B.Clarke,8569825,42.932265,78.335142,,WGS84,2022-06-20T19:29,2022,6,20,HUMAN_OBSERVATION,PRESENT,iNaturalist research-grade observations,iNaturalist,Observations,http://creativecommons.org/licenses/by-nc/4.0/legalcode,Kazakhstan,Almaty,,inside,inside
Codonopsis clematidea,Codonopsis_clematidea.json,4116065047,https://www.inaturalist.org/observations/161130105,Codonopsis clematidea (Schrenk) C.B.Clarke,Codonopsis clematidea (Schrenk) C.B.Clarke,8569825,42.930639,78.316101,,WGS84,2022-06-21T15:39,2022,6,21,HUMAN_OBSERVATION,PRESENT,iNaturalist research-grade observations,iNaturalist,Observations,http://creativecommons.org/licenses/by-nc/4.0/legalcode,Kazakhstan,Almaty,,inside,inside
Codonopsis clematidea,Codonopsis_clematidea.json,4116237311,https://www.inaturalist.org/observations/161130160,Codonopsis clematidea (Schrenk) C.B.Clarke,Codonopsis clematidea (Schrenk) C.B.Clarke,8569825,42.934438,78.320891,,WGS84,2022-06-21T14:40,2022,6,21,HUMAN_OBSERVATION,PRESENT,iNaturalist research-grade observations,iNaturalist,Observations,http://creativecommons.org/licenses/by-nc/4.0/legalcode,Kazakhstan,Almaty,,inside,inside
Codonopsis clematidea,Codonopsis_clematidea.json,4116262217,https://www.inaturalist.org/observations/161130179,Codonopsis clematidea (Schrenk) C.B.Clarke,Codonopsis clematidea (Schrenk) C.B.Clarke,8569825,42.934722,78.320869,,WGS84,2022-06-21T14:38,2022,6,21,HUMAN_OBSERVATION,PRESENT,iNaturalist research-grade observations,iNaturalist,Observations,http://creativecommons.org/licenses/by-nc/4.0/legalcode,Kazakhstan,Almaty,,inside,inside
Codonopsis clematidea,Codonopsis_clematidea.json,4116393295,https://www.inaturalist.org/observations/161130086,Codonopsis clematidea (Schrenk) C.B.Clarke,Codonopsis clematidea (Schrenk) C.B.Clarke,8569825,42.93002,78.315384,,WGS84,2022-06-21T15:45,2022,6,21,HUMAN_OBSERVATION,PRESENT,iNaturalist research-grade observations,iNaturalist,Observations,http://creativecommons.org/licenses/by-nc/4.0/legalcode,Kazakhstan,Almaty,,inside,inside
Codonopsis clematidea,Codonopsis_clematidea.json,4121318641,https://www.inaturalist.org/observations/162454640,Codonopsis clematidea (Schrenk) C.B.Clarke,Codonopsis clematidea (Schrenk) C.B.Clarke,8569825,43.041515,78.57133,,WGS84,2022-06-24T11:45,2022,6,24,HUMAN_OBSERVATION,PRESENT,iNaturalist research-grade observations,iNaturalist,Observations,http://creativecommons.org/licenses/by-nc/4.0/legalcode,Kazakhstan,Almaty,,inside,inside
Codonopsis clematidea,Codonopsis_clematidea.json,4014956775,https://www.inaturalist.org/observations/145658448,Codonopsis clematidea (Schrenk) C.B.Clarke,Codonopsis clematidea (Schrenk) C.B.Clarke,8569825,43.121468,77.099582,,WGS84,2022-07-16T18:53,2022,7,16,HUMAN_OBSERVATION,PRESENT,iNaturalist research-grade observations,iNaturalist,Observations,http://creativecommons.org/licenses/by/4.0/legalcode,Kazakhstan,Almaty,,inside,inside
Codonopsis clematidea,Codonopsis_clematidea.json,4156217369,https://observation.org/observation/249601075,Codonopsis clematidea (Schrenk) C.B.Clarke,Codonopsis clematidea (Schrenk) C.B.Clarke,8569825,43.157981,77.09877,5,WGS84,2022-07-18,2022,7,18,HUMAN_OBSERVATION,PRESENT,,,,http://creativecommons.org/licenses/by-nc/4.0/legalcode,Kazakhstan,Almaty,Talgarskiy,inside,inside
Codonopsis clematidea,Codonopsis_clematidea.json,4028660550,https://www.inaturalist.org/observations/86894019,Codonopsis clematidea (Schrenk) C.B.Clarke,Codonopsis clematidea (Schrenk) C.B.Clarke,8569825,43.132953,77.059356,5,WGS84,26-Jun-21 18:31:47,2021,6,26,HUMAN_OBSERVATION,PRESENT,iNaturalist research-grade observations,iNaturalist,Observations,http://creativecommons.org/licenses/by-nc/4.0/legalcode,Kazakhstan,Almaty,,inside,inside
Codonopsis clematidea,Codonopsis_clematidea.json,4028720559,https://www.inaturalist.org/observations/86830521,Codonopsis clematidea (Schrenk) C.B.Clarke,Codonopsis clematidea (Schrenk) C.B.Clarke,8569825,43.1376,77.063142,10,WGS84,26-Jun-21 14:22:06,2021,6,26,HUMAN_OBSERVATION,PRESENT,iNaturalist research-grade observations,iNaturalist,Observations,http://creativecommons.org/licenses/by-nc/4.0/legalcode,Kazakhstan,Almaty,,inside,inside
Codonopsis clematidea,Codonopsis_clematidea.json,4028746504,https://www.inaturalist.org/observations/86013184,Codonopsis clematidea (Schrenk) C.B.Clarke,Codonopsis clematidea (Schrenk) C.B.Clarke,8569825,43.117217,76.914262,1433,WGS84,08-Jun-21 18:32:23,2021,6,8,HUMAN_OBSERVATION,PRESENT,iNaturalist research-grade observations,iNaturalist,Observations,http://creativecommons.org/licenses/by-nc/4.0/legalcode,Kazakhstan,Almaty,,inside,inside
Codonopsis clematidea,Codonopsis_clematidea.json,4028780588,https://www.inaturalist.org/observations/86323633,Codonopsis clematidea (Schrenk) C.B.Clarke,Codonopsis clematidea (Schrenk) C.B.Clarke,8569825,43.139233,77.065856,10,WGS84,26-Jun-21 13:58:02,2021,6,26,HUMAN_OBSERVATION,PRESENT,iNaturalist research-grade observations,iNaturalist,Observations,http://creativecommons.org/licenses/by-nc/4.0/legalcode,Kazakhstan,Almaty,,inside,inside
Codonopsis clematidea,Codonopsis_clematidea.json,4028793574,https://www.inaturalist.org/observations/86831652,Codonopsis clematidea (Schrenk) C.B.Clarke,Codonopsis clematidea (Schrenk) C.B.Clarke,8569825,43.134492,77.06077,10,WGS84,26-Jun-21 14:34:08,2021,6,26,HUMAN_OBSERVATION,PRESENT,iNaturalist research-grade observations,iNaturalist,Observations,http://creativecommons.org/licenses/by-nc/4.0/legalcode,Kazakhstan,Almaty,,inside,inside
Codonopsis clematidea,Codonopsis_clematidea.json,4028906497,https://www.inaturalist.org/observations/86012746,Codonopsis clematidea (Schrenk) C.B.Clarke,Codonopsis clematidea (Schrenk) C.B.Clarke,8569825,43.101586,76.941588,24,WGS84,08-Jun-21 16:59:23,2021,6,8,HUMAN_OBSERVATION,PRESENT,iNaturalist research-grade observations,iNaturalist,Observations,http://creativecommons.org/licenses/by-nc/4.0/legalcode,Kazakhstan,Almaty,,inside,inside
Codonopsis clematidea,Codonopsis_clematidea.json,6178325699,https://www.inaturalist.org/observations/86830248,Codonopsis clematidea (Schrenk) C.B.Clarke,Codonopsis clematidea (Schrenk) C.B.Clarke,8569825,43.137592,77.063156,5,WGS84,2021-06-26T14:22,2021,6,26,HUMAN_OBSERVATION,PRESENT,iNaturalist research-grade observations,iNaturalist,Observations,http://creativecommons.org/licenses/by-nc/4.0/legalcode,Kazakhstan,Almaty,,inside,inside
Codonopsis clematidea,Codonopsis_clematidea.json,6179230675,https://www.inaturalist.org/observations/86013152,Codonopsis clematidea (Schrenk) C.B.Clarke,Codonopsis clematidea (Schrenk) C.B.Clarke,8569825,43.117217,76.914262,1433,WGS84,08-Jun-21 18:32:15,2021,6,8,HUMAN_OBSERVATION,PRESENT,iNaturalist research-grade observations,iNaturalist,Observations,http://creativecommons.org/licenses/by-nc/4.0/legalcode,Kazakhstan,Almaty,,inside,inside
Codonopsis clematidea,Codonopsis_clematidea.json,4054923860,https://www.inaturalist.org/observations/150150046,Codonopsis clematidea (Schrenk) C.B.Clarke,Codonopsis clematidea (Schrenk) C.B.Clarke,8569825,44.746462,79.433343,,WGS84,2021-07-18T11:33,2021,7,18,HUMAN_OBSERVATION,PRESENT,iNaturalist research-grade observations,iNaturalist,Observations,http://creativecommons.org/licenses/by-nc/4.0/legalcode,Kazakhstan,Almaty,,inside,inside
Codonopsis clematidea,Codonopsis_clematidea.json,4062707239,https://www.inaturalist.org/observations/151061396,Codonopsis clematidea (Schrenk) C.B.Clarke,Codonopsis clematidea (Schrenk) C.B.Clarke,8569825,44.748295,79.484948,,WGS84,2021-07-19T13:31,2021,7,19,HUMAN_OBSERVATION,PRESENT,iNaturalist research-grade observations,iNaturalist,Observations,http://creativecommons.org/licenses/by-nc/4.0/legalcode,Kazakhstan,Almaty,,inside,inside
Codonopsis clematidea,Codonopsis_clematidea.json,4062909302,https://www.inaturalist.org/observations/151109276,Codonopsis clematidea (Schrenk) C.B.Clarke,Codonopsis clematidea (Schrenk) C.B.Clarke,8569825,44.745341,79.435401,,WGS84,2021-07-18T12:56,2021,7,18,HUMAN_OBSERVATION,PRESENT,iNaturalist research-grade observations,iNaturalist,Observations,http://creativecommons.org/licenses/by-nc/4.0/legalcode,Kazakhstan,Almaty,,inside,inside
Codonopsis clematidea,Codonopsis_clematidea.json,4067618266,https://www.inaturalist.org/observations/151529414,Codonopsis clematidea (Schrenk) C.B.Clarke,Codonopsis clematidea (Schrenk) C.B.Clarke,8569825,44.746462,79.433343,,WGS84,2021-07-18T11:33,2021,7,18,HUMAN_OBSERVATION,PRESENT,iNaturalist research-grade observations,iNaturalist,Observations,http://creativecommons.org/licenses/by-nc/4.0/legalcode,Kazakhstan,Almaty,,inside,inside
Codonopsis clematidea,Codonopsis_clematidea.json,4062856937,https://www.inaturalist.org/observations/150802820,Codonopsis clematidea (Schrenk) C.B.Clarke,Codonopsis clematidea (Schrenk) C.B.Clarke,8569825,42.760052,79.889016,,WGS84,2021-09-08T13:23,2021,9,8,HUMAN_OBSERVATION,PRESENT,iNaturalist research-grade observations,iNaturalist,Observations,http://creativecommons.org/licenses/by-nc/4.0/legalcode,Kazakhstan,Almaty,,inside,inside
Codonopsis clematidea,Codonopsis_clematidea.json,4063037966,https://www.inaturalist.org/observations/150806237,Codonopsis clematidea (Schrenk) C.B.Clarke,Codonopsis clematidea (Schrenk) C.B.Clarke,8569825,42.758945,79.888745,,WGS84,2021-09-08T13:32,2021,9,8,HUMAN_OBSERVATION,PRESENT,iNaturalist research-grade observations,iNaturalist,Observations,http://creativecommons.org/licenses/by-nc/4.0/legalcode,Kazakhstan,Almaty,,inside,inside
Codonopsis clematidea,Codonopsis_clematidea.json,5086918557,https://www.inaturalist.org/observations/49613513,Codonopsis clematidea (Schrenk) C.B.Clarke,Codonopsis clematidea (Schrenk) C.B.Clarke,8569825,42.91904,78.58052,223778,WGS84,14-Jun-20 14:34:33,2020,6,14,HUMAN_OBSERVATION,PRESENT,iNaturalist research-grade observations,iNaturalist,Observations,http://creativecommons.org/licenses/by-nc/4.0/legalcode,Kazakhstan,Almaty,,inside,inside
Codonopsis clematidea,Codonopsis_clematidea.json,4067662216,https://www.inaturalist.org/observations/151484151,Codonopsis clematidea (Schrenk) C.B.Clarke,Codonopsis clematidea (Schrenk) C.B.Clarke,8569825,45.519922,80.718703,,WGS84,2020-07-13T18:58,2020,7,13,HUMAN_OBSERVATION,PRESENT,iNaturalist research-grade observations,iNaturalist,Observations,http://creativecommons.org/licenses/by-nc/4.0/legalcode,Kazakhstan,Almaty,,inside,inside
Codonopsis clematidea,Codonopsis_clematidea.json,1913146128,https://www.inaturalist.org/observations/14437925,Codonopsis clematidea (Schrenk) C.B.Clarke,Codonopsis clematidea (Schrenk) C.B.Clarke,8569825,43.055557,76.980003,,WGS84,14-Jul-18 16:11:21,2018,7,14,HUMAN_OBSERVATION,PRESENT,iNaturalist research-grade observations,iNaturalist,Observations,http://creativecommons.org/licenses/by-nc/4.0/legalcode,Kazakhstan,Almaty,,inside,inside
Codonopsis clematidea,Codonopsis_clematidea.json,1948735385,https://www.inaturalist.org/observations/16293977,Codonopsis clematidea (Schrenk) C.B.Clarke,Codonopsis clematidea (Schrenk) C.B.Clarke,8569825,43.231249,77.757479,61,WGS84,2018-08-26T14:41,2018,8,26,HUMAN_OBSERVATION,PRESENT,iNaturalist research-grade observations,iNaturalist,Observations,http://creativecommons.org/licenses/by-nc/4.0/legalcode,Kazakhstan,Almaty,,inside,inside
Codonopsis clematidea,Codonopsis_clematidea.json,4994349630,https://www.inaturalist.org/observations/254294922,Codonopsis clematidea (Schrenk) C.B.Clarke,Codonopsis clematidea (Schrenk) C.B.Clarke,8569825,43.079595,77.052106,1860,WGS84,2018-08-02T12:16,2018,8,2,HUMAN_OBSERVATION,PRESENT,iNaturalist research-grade observations,iNaturalist,Observations,http://creativecommons.org/licenses/by/4.0/legalcode,Kazakhstan,Almaty,,inside,inside
Codonopsis clematidea,Codonopsis_clematidea.json,3070269817,https://www.inaturalist.org/observations/39272029,Codonopsis clematidea (Schrenk) C.B.Clarke,Codonopsis clematidea (Schrenk) C.B.Clarke,8569825,43.277222,77.7125,,WGS84,2017-06-19T10:22,2017,6,19,HUMAN_OBSERVATION,PRESENT,iNaturalist research-grade observations,iNaturalist,Observations,http://creativecommons.org/licenses/by-nc/4.0/legalcode,Kazakhstan,Almaty,,inside,inside
Codonopsis clematidea,Codonopsis_clematidea.json,4901966740,https://www.inaturalist.org/observations/100850076,Codonopsis clematidea (Schrenk) C.B.Clarke,Codonopsis clematidea (Schrenk) C.B.Clarke,8569825,42.734349,79.454371,541,WGS84,2017-07-05T14:16,2017,7,5,HUMAN_OBSERVATION,PRESENT,iNaturalist research-grade observations,iNaturalist,Observations,http://creativecommons.org/licenses/by-nc/4.0/legalcode,Kazakhstan,Almaty,,inside,inside
Codonopsis clematidea,Codonopsis_clematidea.json,3325709432,https://www.inaturalist.org/observations/80417070,Codonopsis clematidea (Schrenk) C.B.Clarke,Codonopsis clematidea (Schrenk) C.B.Clarke,8569825,43.10276,77.16471,50,WGS84,2016-09-01T06:22,2016,9,1,HUMAN_OBSERVATION,PRESENT,iNaturalist research-grade observations,iNaturalist,Observations,http://creativecommons.org/licenses/by-nc/4.0/legalcode,Kazakhstan,Almaty,,inside,inside
Codonopsis clematidea,Codonopsis_clematidea.json,2382576927,https://brnu.jacq.org/BRNU653277,Codonopsis clematidea (Schrenk) C.B.Clarke,Codonopsis clematidea (Schrenk) C.B.Clarke,8569825,43.01567,76.61694,,WGS84,2014-07-08,2014,7,8,PRESERVED_SPECIMEN,PRESENT,,BRNU,Herbarium BRNU,http://creativecommons.org/licenses/by/4.0/legalcode,Kazakhstan,,"Kazakhstan, prov. Almaty, distr. Karasai. Tien Shan, upper part of the Kaskelen stream valley; 1909 m a. s. l. Picea schrenkiana forest. Coordinates: 430056.4 N & 763701 E",inside,inside
Codonopsis clematidea,Codonopsis_clematidea.json,2382577660,https://brnu.jacq.org/BRNU654190,Codonopsis clematidea (Schrenk) C.B.Clarke,Codonopsis clematidea (Schrenk) C.B.Clarke,8569825,43.01458,76.621,,WGS84,2014-07-08,2014,7,8,PRESERVED_SPECIMEN,PRESENT,,BRNU,Herbarium BRNU,http://creativecommons.org/licenses/by/4.0/legalcode,Kazakhstan,,"Kazakhstan, prov. Almaty, distr. Karasai. Tien-shan, upper part of the Kaskelen valley; 2076 m a. s. l. Picea schrenkiana forest. Coordinates: 430052.5 N & 763715.6 E",inside,inside
Codonopsis clematidea,Codonopsis_clematidea.json,2382579230,https://brnu.jacq.org/BRNU654190-a,Codonopsis clematidea (Schrenk) C.B.Clarke,Codonopsis clematidea (Schrenk) C.B.Clarke,8569825,43.01458,76.621,,WGS84,2014-07-08,2014,7,8,PRESERVED_SPECIMEN,PRESENT,,BRNU,Herbarium BRNU,http://creativecommons.org/licenses/by/4.0/legalcode,Kazakhstan,,"Kazakhstan, prov. Almaty, distr. Karasai. Tien-shan, upper part of the Kaskelen valley; 2076 m a. s. l. Picea schrenkiana forest. Coordinates: 430052.5 N & 763715.6 E",inside,inside
Codonopsis clematidea,Codonopsis_clematidea.json,2382590132,https://brnu.jacq.org/BRNU653277-a,Codonopsis clematidea (Schrenk) C.B.Clarke,Codonopsis clematidea (Schrenk) C.B.Clarke,8569825,43.01567,76.61694,,WGS84,2014-07-08,2014,7,8,PRESERVED_SPECIMEN,PRESENT,,BRNU,Herbarium BRNU,http://creativecommons.org/licenses/by/4.0/legalcode,Kazakhstan,,"Kazakhstan, prov. Almaty, distr. Karasai. Tien Shan, upper part of the Kaskelen stream valley; 1909 m a. s. l. Picea schrenkiana forest. Coordinates: 430056.4 N & 763701 E",inside,inside
Codonopsis clematidea,Codonopsis_clematidea.json,2563601650,https://www.inaturalist.org/observations/37980412,Codonopsis clematidea (Schrenk) C.B.Clarke,Codonopsis clematidea (Schrenk) C.B.Clarke,8569825,43.009378,75.897394,31,WGS84,2014-07-01T13:55,2014,7,1,HUMAN_OBSERVATION,PRESENT,iNaturalist research-grade observations,iNaturalist,Observations,http://creativecommons.org/licenses/by-nc/4.0/legalcode,Kazakhstan,Almaty,,inside,inside
Codonopsis clematidea,Codonopsis_clematidea.json,3008505692,https://www.inaturalist.org/observations/66783502,Codonopsis clematidea (Schrenk) C.B.Clarke,Codonopsis clematidea (Schrenk) C.B.Clarke,8569825,43.020057,75.947395,3500,WGS84,2014-07-01T13:45,2014,7,1,HUMAN_OBSERVATION,PRESENT,iNaturalist research-grade observations,iNaturalist,Observations,http://creativecommons.org/licenses/by-nc/4.0/legalcode,Kazakhstan,Almaty,,inside,inside
Codonopsis clematidea,Codonopsis_clematidea.json,5070052902,https://www.inaturalist.org/observations/261831757,Codonopsis clematidea (Schrenk) C.B.Clarke,Codonopsis clematidea (Schrenk) C.B.Clarke,8569825,42.987565,78.330765,238,WGS84,2013-07-05T10:40,2013,7,5,HUMAN_OBSERVATION,PRESENT,iNaturalist research-grade observations,iNaturalist,Observations,http://creativecommons.org/licenses/by-nc/4.0/legalcode,Kazakhstan,Almaty,,inside,inside
Codonopsis clematidea,Codonopsis_clematidea.json,5133548111,https://www.inaturalist.org/observations/270381620,Codonopsis clematidea (Schrenk) C.B.Clarke,Codonopsis clematidea (Schrenk) C.B.Clarke,8569825,42.988806,78.332541,127,WGS84,2013-07-01T10:50,2013,7,1,HUMAN_OBSERVATION,PRESENT,iNaturalist research-grade observations,iNaturalist,Observations,http://creativecommons.org/licenses/by-nc/4.0/legalcode,Kazakhstan,Almaty,,inside,inside
Codonopsis clematidea,Codonopsis_clematidea.json,4029125136,https://www.inaturalist.org/observations/147989427,Codonopsis clematidea (Schrenk) C.B.Clarke,Codonopsis clematidea (Schrenk) C.B.Clarke,8569825,43.158744,76.980773,100,WGS84,2009-07-05T12:27,2009,7,5,HUMAN_OBSERVATION,PRESENT,iNaturalist research-grade observations,iNaturalist,Observations,http://creativecommons.org/publicdomain/zero/1.0/legalcode,Kazakhstan,Almaty,,inside,inside
Codonopsis clematidea,Codonopsis_clematidea.json,4029183861,https://www.inaturalist.org/observations/148148833,Codonopsis clematidea (Schrenk) C.B.Clarke,Codonopsis clematidea (Schrenk) C.B.Clarke,8569825,43.155273,76.988075,300,WGS84,2009-07-05T13:34,2009,7,5,HUMAN_OBSERVATION,PRESENT,iNaturalist research-grade observations,iNaturalist,Observations,http://creativecommons.org/publicdomain/zero/1.0/legalcode,Kazakhstan,Almaty,,inside,inside
Codonopsis clematidea,Codonopsis_clematidea.json,2634416419,https://www.inaturalist.org/observations/47836301,Codonopsis clematidea (Schrenk) C.B.Clarke,Codonopsis clematidea (Schrenk) C.B.Clarke,8569825,43.121976,76.901514,261,WGS84,2008-07-13T00:00,2008,7,13,HUMAN_OBSERVATION,PRESENT,iNaturalist research-grade observations,iNaturalist,Observations,http://creativecommons.org/licenses/by-nc/4.0/legalcode,Kazakhstan,Almaty,,inside,inside
Codonopsis clematidea,Codonopsis_clematidea.json,5176559489,https://www.inaturalist.org/observations/285257885,Codonopsis clematidea (Schrenk) C.B.Clarke,Codonopsis clematidea (Schrenk) C.B.Clarke,8569825,42.562636,79.82723,31,WGS84,2004-08-06,2004,8,6,HUMAN_OBSERVATION,PRESENT,iNaturalist research-grade observations,iNaturalist,Observations,http://creativecommons.org/licenses/by-nc/4.0/legalcode,Kazakhstan,Almaty,,inside,inside
Codonopsis clematidea,Codonopsis_clematidea.json,5176589092,https://www.inaturalist.org/observations/285258150,Codonopsis clematidea (Schrenk) C.B.Clarke,Codonopsis clematidea (Schrenk) C.B.Clarke,8569825,42.563615,79.768796,122,WGS84,2004-08-05,2004,8,5,HUMAN_OBSERVATION,PRESENT,iNaturalist research-grade observations,iNaturalist,Observations,http://creativecommons.org/licenses/by-nc/4.0/legalcode,Kazakhstan,Almaty,,inside,inside
Codonopsis clematidea,Codonopsis_clematidea.json,4516373026,https://www.inaturalist.org/observations/197074506,Codonopsis clematidea (Schrenk) C.B.Clarke,Codonopsis clematidea (Schrenk) C.B.Clarke,8569825,44.879493,78.857211,61,WGS84,2001-08-20T15:32,2001,8,20,HUMAN_OBSERVATION,PRESENT,iNaturalist research-grade observations,iNaturalist,Observations,http://creativecommons.org/licenses/by-nc/4.0/legalcode,Kazakhstan,Almaty,,inside,inside
Codonopsis clematidea,Codonopsis_clematidea.json,6195951749,https://www.inaturalist.org/observations/348459142,Codonopsis clematidea (Schrenk) C.B.Clarke,Codonopsis clematidea (Schrenk) C.B.Clarke,8569825,44.531946,80.139401,1200,WGS84,1994-07-24,1994,7,24,HUMAN_OBSERVATION,PRESENT,iNaturalist research-grade observations,iNaturalist,Observations,http://creativecommons.org/publicdomain/zero/1.0/legalcode,Kazakhstan,Almaty,,inside,inside
Codonopsis clematidea,Codonopsis_clematidea.json,1799052821,MW0881085,Codonopsis clematidea (Schrenk) C.B.Clarke,Codonopsis clematidea (Schrenk) C.B.Clarke,8569825,43,76.916667,,WGS84,1988-09-03,1988,9,3,PRESERVED_SPECIMEN,PRESENT,Moscow Digital Herbarium,Moscow State University,MW,http://creativecommons.org/licenses/by/4.0/legalcode,Kazakhstan,,,inside,inside
Codonopsis clematidea,Codonopsis_clematidea.json,1799052813,MW0881106,Codonopsis clematidea (Schrenk) C.B.Clarke,Codonopsis clematidea (Schrenk) C.B.Clarke,8569825,44.139656,78.388996,,WGS84,1972-07-17,1972,7,17,PRESERVED_SPECIMEN,PRESENT,Moscow Digital Herbarium,Moscow State University,MW,http://creativecommons.org/licenses/by/4.0/legalcode,Kazakhstan,,,inside,inside
Codonopsis clematidea,Codonopsis_clematidea.json,1799052810,MW0881105,Codonopsis clematidea (Schrenk) C.B.Clarke,Codonopsis clematidea (Schrenk) C.B.Clarke,8569825,43.066717,76.906915,,WGS84,1940-07-19,1940,7,19,PRESERVED_SPECIMEN,PRESENT,Moscow Digital Herbarium,Moscow State University,MW,http://creativecommons.org/licenses/by/4.0/legalcode,Kazakhstan,,,inside,inside
Codonopsis clematidea,Codonopsis_clematidea.json,1799052771,MW0881095,Codonopsis clematidea (Schrenk) C.B.Clarke,Codonopsis clematidea (Schrenk) C.B.Clarke,8569825,43.160778,77.054079,,WGS84,1936-06-20,1936,6,20,PRESERVED_SPECIMEN,PRESENT,Moscow Digital Herbarium,Moscow State University,MW,http://creativecommons.org/licenses/by/4.0/legalcode,Kazakhstan,,,inside,inside
Codonopsis clematidea,Codonopsis_clematidea.json,1799052793,MW0881076,Codonopsis clematidea (Schrenk) C.B.Clarke,Codonopsis clematidea (Schrenk) C.B.Clarke,8569825,43.160778,77.054079,,WGS84,1936-06-20,1936,6,20,PRESERVED_SPECIMEN,PRESENT,Moscow Digital Herbarium,Moscow State University,MW,http://creativecommons.org/licenses/by/4.0/legalcode,Kazakhstan,,,inside,inside
Codonopsis clematidea,Codonopsis_clematidea.json,1799052815,MW0881077,Codonopsis clematidea (Schrenk) C.B.Clarke,Codonopsis clematidea (Schrenk) C.B.Clarke,8569825,43.160778,77.054079,,WGS84,1936-06-20,1936,6,20,PRESERVED_SPECIMEN,PRESENT,Moscow Digital Herbarium,Moscow State University,MW,http://creativecommons.org/licenses/by/4.0/legalcode,Kazakhstan,,,inside,inside
Codonopsis clematidea,Codonopsis_clematidea.json,1799052809,MW0881080,Codonopsis clematidea (Schrenk) C.B.Clarke,Codonopsis clematidea (Schrenk) C.B.Clarke,8569825,42.86376,79.614486,,WGS84,1932-07-08,1932,7,8,PRESERVED_SPECIMEN,PRESENT,Moscow Digital Herbarium,Moscow State University,MW,http://creativecommons.org/licenses/by/4.0/legalcode,Kazakhstan,,,inside,inside
Codonopsis clematidea,Codonopsis_clematidea.json,1799052784,MW0881079,Codonopsis clematidea (Schrenk) C.B.Clarke,Codonopsis clematidea (Schrenk) C.B.Clarke,8569825,43.293512,79.514236,,WGS84,1931-07-29,1931,7,29,PRESERVED_SPECIMEN,PRESENT,Moscow Digital Herbarium,Moscow State University,MW,http://creativecommons.org/licenses/by/4.0/legalcode,Kazakhstan,,,inside,inside
Codonopsis clematidea,Codonopsis_clematidea.json,1799052773,MW0881107,Codonopsis clematidea (Schrenk) C.B.Clarke,Codonopsis clematidea (Schrenk) C.B.Clarke,8569825,45.498976,80.622945,2000,WGS84,1928-06-19,1928,6,19,PRESERVED_SPECIMEN,PRESENT,Moscow Digital Herbarium,Moscow State University,MW,http://creativecommons.org/licenses/by/4.0/legalcode,Kazakhstan,,,inside,inside
Codonopsis clematidea,Codonopsis_clematidea.json,1799052794,MW0881122,Codonopsis clematidea (Schrenk) C.B.Clarke,Codonopsis clematidea (Schrenk) C.B.Clarke,8569825,45.523428,80.619489,,WGS84,1928-06-20,1928,6,20,PRESERVED_SPECIMEN,PRESENT,Moscow Digital Herbarium,Moscow State University,MW,http://creativecommons.org/licenses/by/4.0/legalcode,Kazakhstan,,,inside,inside
Codonopsis clematidea,Codonopsis_clematidea.json,1799052796,MW0881117,Codonopsis clematidea (Schrenk) C.B.Clarke,Codonopsis clematidea (Schrenk) C.B.Clarke,8569825,45.783476,80.990266,,WGS84,1928-06-30,1928,6,30,PRESERVED_SPECIMEN,PRESENT,Moscow Digital Herbarium,Moscow State University,MW,http://creativecommons.org/licenses/by/4.0/legalcode,Kazakhstan,,,inside,inside
Codonopsis clematidea,Codonopsis_clematidea.json,1799052850,MW0881121,Codonopsis clematidea (Schrenk) C.B.Clarke,Codonopsis clematidea (Schrenk) C.B.Clarke,8569825,45.523428,80.619489,,WGS84,1928-06-20,1928,6,20,PRESERVED_SPECIMEN,PRESENT,Moscow Digital Herbarium,Moscow State University,MW,http://creativecommons.org/licenses/by/4.0/legalcode,Kazakhstan,,,inside,inside
Codonopsis clematidea,Codonopsis_clematidea.json,1799052763,MW0881118,Codonopsis clematidea (Schrenk) C.B.Clarke,Codonopsis clematidea (Schrenk) C.B.Clarke,8569825,45.265754,81.984378,,WGS84,1928-07-21,1928,7,21,PRESERVED_SPECIMEN,PRESENT,Moscow Digital Herbarium,Moscow State University,MW,http://creativecommons.org/licenses/by/4.0/legalcode,Kazakhstan,,,inside,inside
Codonopsis clematidea,Codonopsis_clematidea.json,1799052780,MW0881120,Codonopsis clematidea (Schrenk) C.B.Clarke,Codonopsis clematidea (Schrenk) C.B.Clarke,8569825,45.745278,81.361857,,WGS84,1928-07-07,1928,7,7,PRESERVED_SPECIMEN,PRESENT,Moscow Digital Herbarium,Moscow State University,MW,http://creativecommons.org/licenses/by/4.0/legalcode,Kazakhstan,,,inside,inside
Codonopsis clematidea,Codonopsis_clematidea.json,1799052843,MW0881119,Codonopsis clematidea (Schrenk) C.B.Clarke,Codonopsis clematidea (Schrenk) C.B.Clarke,8569825,45.295056,82.027702,,WGS84,1928-07-24,1928,7,24,PRESERVED_SPECIMEN,PRESENT,Moscow Digital Herbarium,Moscow State University,MW,http://creativecommons.org/licenses/by/4.0/legalcode,Kazakhstan,,,inside,inside
Codonopsis clematidea,Codonopsis_clematidea.json,6360136796,21752,Codonopsis clematidea (Schrenk) C.B.Clarke,Codonopsis clematidea (Schrenk) C.B.Clarke,8569825,43.087285,76.399767,21452,WGS84,,,,,MATERIAL_CITATION,PRESENT,,,,http://creativecommons.org/licenses/by/4.0/legalcode,Kazakhstan,,25,inside,inside
Codonopsis clematidea,Codonopsis_clematidea.json,6360137696,21753,Codonopsis clematidea (Schrenk) C.B.Clarke,Codonopsis clematidea (Schrenk) C.B.Clarke,8569825,43.030672,79.70241,50868,WGS84,,,,,MATERIAL_CITATION,PRESENT,,,,http://creativecommons.org/licenses/by/4.0/legalcode,Kazakhstan,,25a,inside,inside
Codonopsis clematidea,Codonopsis_clematidea.json,6360142088,21751,Codonopsis clematidea (Schrenk) C.B.Clarke,Codonopsis clematidea (Schrenk) C.B.Clarke,8569825,44.671289,79.053913,67752,WGS84,,,,,MATERIAL_CITATION,PRESENT,,,,http://creativecommons.org/licenses/by/4.0/legalcode,Kazakhstan,,24,inside,inside
Colchicum kesselringii,Colchicum_kesselringii.json,6184963879,https://www.inaturalist.org/observations/344150039,Colchicum kesselringii Regel,Colchicum kesselringii Regel,2739911,43.503426,77.246389,,WGS84,21-Mar-26 10:54:47,2026,3,21,HUMAN_OBSERVATION,PRESENT,iNaturalist research-grade observations,iNaturalist,Observations,http://creativecommons.org/licenses/by-nc/4.0/legalcode,Kazakhstan,Almaty,,inside,inside
Colchicum kesselringii,Colchicum_kesselringii.json,6185014876,https://www.inaturalist.org/observations/343785655,Colchicum kesselringii Regel,Colchicum kesselringii Regel,2739911,43.548363,77.479142,,WGS84,19-Mar-26 10:55:07,2026,3,19,HUMAN_OBSERVATION,PRESENT,iNaturalist research-grade observations,iNaturalist,Observations,http://creativecommons.org/licenses/by-nc/4.0/legalcode,Kazakhstan,Almaty,,inside,inside
Colchicum kesselringii,Colchicum_kesselringii.json,6185209615,https://www.inaturalist.org/observations/344412267,Colchicum kesselringii Regel,Colchicum kesselringii Regel,2739911,43.501217,77.248437,,WGS84,22-Mar-26 14:27:28,2026,3,22,HUMAN_OBSERVATION,PRESENT,iNaturalist research-grade observations,iNaturalist,Observations,http://creativecommons.org/licenses/by-nc/4.0/legalcode,Kazakhstan,Almaty,,inside,inside
Colchicum kesselringii,Colchicum_kesselringii.json,6185232305,https://www.inaturalist.org/observations/343786399,Colchicum kesselringii Regel,Colchicum kesselringii Regel,2739911,43.617643,77.46708,,WGS84,19-Mar-26 12:07:12,2026,3,19,HUMAN_OBSERVATION,PRESENT,iNaturalist research-grade observations,iNaturalist,Observations,http://creativecommons.org/licenses/by-nc/4.0/legalcode,Kazakhstan,Almaty,,inside,inside
Colchicum kesselringii,Colchicum_kesselringii.json,6185364430,https://www.inaturalist.org/observations/344149923,Colchicum kesselringii Regel,Colchicum kesselringii Regel,2739911,43.503611,77.246922,,WGS84,21-Mar-26 10:51:29,2026,3,21,HUMAN_OBSERVATION,PRESENT,iNaturalist research-grade observations,iNaturalist,Observations,http://creativecommons.org/licenses/by-nc/4.0/legalcode,Kazakhstan,Almaty,,inside,inside
Colchicum kesselringii,Colchicum_kesselringii.json,6185486612,https://www.inaturalist.org/observations/344412307,Colchicum kesselringii Regel,Colchicum kesselringii Regel,2739911,43.501403,77.248405,,WGS84,22-Mar-26 15:07:53,2026,3,22,HUMAN_OBSERVATION,PRESENT,iNaturalist research-grade observations,iNaturalist,Observations,http://creativecommons.org/licenses/by-nc/4.0/legalcode,Kazakhstan,Almaty,,inside,inside
Colchicum kesselringii,Colchicum_kesselringii.json,6185961921,https://www.inaturalist.org/observations/344412191,Colchicum kesselringii Regel,Colchicum kesselringii Regel,2739911,43.501217,77.248437,,WGS84,22-Mar-26 14:25:53,2026,3,22,HUMAN_OBSERVATION,PRESENT,iNaturalist research-grade observations,iNaturalist,Observations,http://creativecommons.org/licenses/by-nc/4.0/legalcode,Kazakhstan,Almaty,,inside,inside
Colchicum kesselringii,Colchicum_kesselringii.json,6186035826,https://www.inaturalist.org/observations/344149806,Colchicum kesselringii Regel,Colchicum kesselringii Regel,2739911,43.503727,77.246846,,WGS84,21-Mar-26 10:49:32,2026,3,21,HUMAN_OBSERVATION,PRESENT,iNaturalist research-grade observations,iNaturalist,Observations,http://creativecommons.org/licenses/by-nc/4.0/legalcode,Kazakhstan,Almaty,,inside,inside
Colchicum kesselringii,Colchicum_kesselringii.json,6186125476,https://www.inaturalist.org/observations/344412052,Colchicum kesselringii Regel,Colchicum kesselringii Regel,2739911,43.501232,77.248428,,WGS84,22-Mar-26 14:21:14,2026,3,22,HUMAN_OBSERVATION,PRESENT,iNaturalist research-grade observations,iNaturalist,Observations,http://creativecommons.org/licenses/by-nc/4.0/legalcode,Kazakhstan,Almaty,,inside,inside
Colchicum kesselringii,Colchicum_kesselringii.json,4600183909,https://www.inaturalist.org/observations/204013795,Colchicum kesselringii Regel,Colchicum kesselringii Regel,2739911,43.507247,77.247153,293,WGS84,2024-03-24T12:22,2024,3,24,HUMAN_OBSERVATION,PRESENT,iNaturalist research-grade observations,iNaturalist,Observations,http://creativecommons.org/licenses/by-nc/4.0/legalcode,Kazakhstan,Almaty,,inside,inside
Colchicum kesselringii,Colchicum_kesselringii.json,4875132167,https://www.inaturalist.org/observations/218845049,Colchicum kesselringii Regel,Colchicum kesselringii Regel,2739911,43.706843,75.680787,,WGS84,2024-05-14T08:51,2024,5,14,HUMAN_OBSERVATION,PRESENT,iNaturalist research-grade observations,iNaturalist,Observations,http://creativecommons.org/licenses/by/4.0/legalcode,Kazakhstan,Almaty,,inside,inside
Colchicum kesselringii,Colchicum_kesselringii.json,4875509927,https://www.inaturalist.org/observations/218845046,Colchicum kesselringii Regel,Colchicum kesselringii Regel,2739911,43.706843,75.680787,,WGS84,2024-05-14T08:49,2024,5,14,HUMAN_OBSERVATION,PRESENT,iNaturalist research-grade observations,iNaturalist,Observations,http://creativecommons.org/licenses/by/4.0/legalcode,Kazakhstan,Almaty,,inside,inside
Colchicum kesselringii,Colchicum_kesselringii.json,4525368505,https://www.inaturalist.org/observations/199917786,Colchicum kesselringii Regel,Colchicum kesselringii Regel,2739911,43.555157,77.48763,,WGS84,2019-03-09,2019,3,9,HUMAN_OBSERVATION,PRESENT,iNaturalist research-grade observations,iNaturalist,Observations,http://creativecommons.org/licenses/by-nc/4.0/legalcode,Kazakhstan,Almaty,,inside,inside
Colchicum kesselringii,Colchicum_kesselringii.json,4528000475,https://www.inaturalist.org/observations/199979637,Colchicum kesselringii Regel,Colchicum kesselringii Regel,2739911,43.419707,76.659858,,WGS84,2019-03-19,2019,3,19,HUMAN_OBSERVATION,PRESENT,iNaturalist research-grade observations,iNaturalist,Observations,http://creativecommons.org/licenses/by-nc/4.0/legalcode,Kazakhstan,Almaty,,inside,inside
Colchicum kesselringii,Colchicum_kesselringii.json,4046264675,https://www.inaturalist.org/observations/149297411,Colchicum kesselringii Regel,Colchicum kesselringii Regel,2739911,43.549663,77.479735,61,WGS84,2012-03-23T10:05,2012,3,23,HUMAN_OBSERVATION,PRESENT,iNaturalist research-grade observations,iNaturalist,Observations,http://creativecommons.org/licenses/by-nc/4.0/legalcode,Kazakhstan,Almaty,,inside,inside
Colchicum kesselringii,Colchicum_kesselringii.json,4046454655,https://www.inaturalist.org/observations/149297412,Colchicum kesselringii Regel,Colchicum kesselringii Regel,2739911,43.706711,75.681365,122,WGS84,2006-03-21T12:35,2006,3,21,HUMAN_OBSERVATION,PRESENT,iNaturalist research-grade observations,iNaturalist,Observations,http://creativecommons.org/licenses/by-nc/4.0/legalcode,Kazakhstan,Almaty,,inside,inside
Colchicum kesselringii,Colchicum_kesselringii.json,6360128503,23326,Colchicum kesselringii Regel,Colchicum kesselringii Regel,2739911,43.087285,76.399767,21452,WGS84,,,,,MATERIAL_CITATION,PRESENT,,,,http://creativecommons.org/licenses/by/4.0/legalcode,Kazakhstan,,25,inside,inside
Delphinium semibarbatum,Delphinium_semibarbatum.json,5198561078,https://www.inaturalist.org/observations/289242137,Delphinium semibarbatum Bien. ex Boiss.,Delphinium semibarbatum Bien. ex Boiss.,7553349,43.509853,77.248078,,WGS84,13-Jun-25 06:04:16,2025,6,13,HUMAN_OBSERVATION,PRESENT,iNaturalist research-grade observations,iNaturalist,Observations,http://creativecommons.org/licenses/by-nc/4.0/legalcode,Kazakhstan,Almaty,,inside,inside
Delphinium semibarbatum,Delphinium_semibarbatum.json,4919645470,https://www.inaturalist.org/observations/232417313,Delphinium semibarbatum Bien. ex Boiss.,Delphinium semibarbatum Bien. ex Boiss.,7553349,43.29075,77.11525,800,WGS84,2024-07-27T07:35,2024,7,27,HUMAN_OBSERVATION,PRESENT,iNaturalist research-grade observations,iNaturalist,Observations,http://creativecommons.org/licenses/by-nc/4.0/legalcode,Kazakhstan,Almaty,,inside,inside
Delphinium semibarbatum,Delphinium_semibarbatum.json,4950379978,https://www.inaturalist.org/observations/232417312,Delphinium semibarbatum Bien. ex Boiss.,Delphinium semibarbatum Bien. ex Boiss.,7553349,43.290168,77.116505,867,WGS84,2024-07-27T07:34,2024,7,27,HUMAN_OBSERVATION,PRESENT,iNaturalist research-grade observations,iNaturalist,Observations,http://creativecommons.org/licenses/by-nc/4.0/legalcode,Kazakhstan,Almaty,,inside,inside
Delphinium semibarbatum,Delphinium_semibarbatum.json,6176576269,https://brnu.jacq.org/BRNU222023,Delphinium semibarbatum Bien. ex Boiss.,Delphinium semibarbatum Bien. ex Boiss.,7553349,44.85167,79.05028,5000,WGS84,1928-07-29,1928,7,29,PRESERVED_SPECIMEN,PRESENT,,BRNU,Herbarium BRNU,http://creativecommons.org/licenses/by/4.0/legalcode,Kazakhstan,,"Верховья р. Каратала. Горы в истоках Каратала. Солдатенская щель, юж. приток р. Чижи. Зап. склон, утес. Выс. +- 1750 м",inside,inside
Gentianella turkestanorum,Gentianella_turkestanorum.json,6441456103,https://www.inaturalist.org/observations/380712950,Gentianella turkestanorum (Gand.) Holub,Gentianella turkestanorum (Gand.) Holub,3839508,43.045354,76.991979,,WGS84,12-Jul-26 11:31:31,2026,7,12,HUMAN_OBSERVATION,PRESENT,iNaturalist research-grade observations,iNaturalist,Observations,http://creativecommons.org/licenses/by-nc/4.0/legalcode,Kazakhstan,Almaty,,inside,inside
Gentianella turkestanorum,Gentianella_turkestanorum.json,6469724125,https://www.inaturalist.org/observations/383885943,Gentianella turkestanorum (Gand.) Holub,Gentianella turkestanorum (Gand.) Holub,3839508,43.083649,76.976899,4,WGS84,2026-07-20T04:48,2026,7,20,HUMAN_OBSERVATION,PRESENT,iNaturalist research-grade observations,iNaturalist,Observations,http://creativecommons.org/licenses/by-nc/4.0/legalcode,Kazakhstan,Almaty,,inside,inside
Gentianella turkestanorum,Gentianella_turkestanorum.json,6470395625,https://www.inaturalist.org/observations/383885945,Gentianella turkestanorum (Gand.) Holub,Gentianella turkestanorum (Gand.) Holub,3839508,43.083649,76.976899,4,WGS84,2026-07-20T04:48,2026,7,20,HUMAN_OBSERVATION,PRESENT,iNaturalist research-grade observations,iNaturalist,Observations,http://creativecommons.org/licenses/by-nc/4.0/legalcode,Kazakhstan,Almaty,,inside,inside
Gentianella turkestanorum,Gentianella_turkestanorum.json,6480852588,https://www.inaturalist.org/observations/386816924,Gentianella turkestanorum (Gand.) Holub,Gentianella turkestanorum (Gand.) Holub,3839508,43.10603,77.075474,181,WGS84,29-Jul-26 16:05:41,2026,7,29,HUMAN_OBSERVATION,PRESENT,iNaturalist research-grade observations,iNaturalist,Observations,http://creativecommons.org/licenses/by-nc/4.0/legalcode,Kazakhstan,Almaty,,inside,inside
Gentianella turkestanorum,Gentianella_turkestanorum.json,6481369508,https://www.inaturalist.org/observations/388695115,Gentianella turkestanorum (Gand.) Holub,Gentianella turkestanorum (Gand.) Holub,3839508,43.113622,79.604408,,WGS84,2026-07-26T17:08,2026,7,26,HUMAN_OBSERVATION,PRESENT,iNaturalist research-grade observations,iNaturalist,Observations,http://creativecommons.org/licenses/by/4.0/legalcode,Kazakhstan,Almaty,,inside,inside
Gentianella turkestanorum,Gentianella_turkestanorum.json,6479116023,https://www.inaturalist.org/observations/389690349,Gentianella turkestanorum (Gand.) Holub,Gentianella turkestanorum (Gand.) Holub,3839508,43.021068,76.907733,,WGS84,09-Aug-26 08:45:26,2026,8,9,HUMAN_OBSERVATION,PRESENT,iNaturalist research-grade observations,iNaturalist,Observations,http://creativecommons.org/licenses/by-nc/4.0/legalcode,Kazakhstan,Almaty,,inside,inside
Gentianella turkestanorum,Gentianella_turkestanorum.json,6480322648,https://www.inaturalist.org/observations/388857278,Gentianella turkestanorum (Gand.) Holub,Gentianella turkestanorum (Gand.) Holub,3839508,43.1184,77.112153,8,WGS84,06-Aug-26 13:42:34,2026,8,6,HUMAN_OBSERVATION,PRESENT,iNaturalist research-grade observations,iNaturalist,Observations,http://creativecommons.org/licenses/by-nc/4.0/legalcode,Kazakhstan,Almaty,,inside,inside
Gentianella turkestanorum,Gentianella_turkestanorum.json,6481210118,https://www.inaturalist.org/observations/389689563,Gentianella turkestanorum (Gand.) Holub,Gentianella turkestanorum (Gand.) Holub,3839508,43.017221,76.913865,,WGS84,09-Aug-26 07:43:54,2026,8,9,HUMAN_OBSERVATION,PRESENT,iNaturalist research-grade observations,iNaturalist,Observations,http://creativecommons.org/licenses/by-nc/4.0/legalcode,Kazakhstan,Almaty,,inside,inside
Gentianella turkestanorum,Gentianella_turkestanorum.json,6498521952,https://www.inaturalist.org/observations/392093414,Gentianella turkestanorum (Gand.) Holub,Gentianella turkestanorum (Gand.) Holub,3839508,43.026463,76.916275,872,WGS84,03-Aug-26 09:05:46,2026,8,3,HUMAN_OBSERVATION,PRESENT,iNaturalist research-grade observations,iNaturalist,Observations,http://creativecommons.org/licenses/by-nc/4.0/legalcode,Kazakhstan,Almaty,,inside,inside
Gentianella turkestanorum,Gentianella_turkestanorum.json,6499127570,https://www.inaturalist.org/observations/394057942,Gentianella turkestanorum (Gand.) Holub,Gentianella turkestanorum (Gand.) Holub,3839508,43.180942,78.0527,,WGS84,15-Aug-26 14:03:22,2026,8,15,HUMAN_OBSERVATION,PRESENT,iNaturalist research-grade observations,iNaturalist,Observations,http://creativecommons.org/licenses/by-nc/4.0/legalcode,Kazakhstan,Almaty,,inside,inside
Gentianella turkestanorum,Gentianella_turkestanorum.json,6499168571,https://www.inaturalist.org/observations/394060682,Gentianella turkestanorum (Gand.) Holub,Gentianella turkestanorum (Gand.) Holub,3839508,43.179472,78.03566,,WGS84,15-Aug-26 12:52:18,2026,8,15,HUMAN_OBSERVATION,PRESENT,iNaturalist research-grade observations,iNaturalist,Observations,http://creativecommons.org/licenses/by-nc/4.0/legalcode,Kazakhstan,Almaty,,inside,inside
Gentianella turkestanorum,Gentianella_turkestanorum.json,6499298115,https://www.inaturalist.org/observations/391283117,Gentianella turkestanorum (Gand.) Holub,Gentianella turkestanorum (Gand.) Holub,3839508,42.986053,78.465397,,WGS84,14-Aug-26 09:56:20,2026,8,14,HUMAN_OBSERVATION,PRESENT,iNaturalist research-grade observations,iNaturalist,Observations,http://creativecommons.org/licenses/by-nc/4.0/legalcode,Kazakhstan,Almaty,,inside,inside
Gentianella turkestanorum,Gentianella_turkestanorum.json,6500228871,https://www.inaturalist.org/observations/392649888,Gentianella turkestanorum (Gand.) Holub,Gentianella turkestanorum (Gand.) Holub,3839508,42.941688,78.322472,406,WGS84,19-Aug-26 11:49:05,2026,8,19,HUMAN_OBSERVATION,PRESENT,iNaturalist research-grade observations,iNaturalist,Observations,http://creativecommons.org/licenses/by-nc/4.0/legalcode,Kazakhstan,Almaty,,inside,inside
Gentianella turkestanorum,Gentianella_turkestanorum.json,5827593866,https://www.inaturalist.org/observations/294773534,Gentianella turkestanorum (Gand.) Holub,Gentianella turkestanorum (Gand.) Holub,3839508,43.097875,76.763556,1680,WGS84,2025-06-22T11:26,2025,6,22,HUMAN_OBSERVATION,PRESENT,iNaturalist research-grade observations,iNaturalist,Observations,http://creativecommons.org/licenses/by/4.0/legalcode,Kazakhstan,Almaty,,inside,inside
Gentianella turkestanorum,Gentianella_turkestanorum.json,6133424092,https://www.inaturalist.org/observations/291412349,Gentianella turkestanorum (Gand.) Holub,Gentianella turkestanorum (Gand.) Holub,3839508,43.118064,76.921952,,WGS84,21-Jun-25 09:43:05,2025,6,21,HUMAN_OBSERVATION,PRESENT,iNaturalist research-grade observations,iNaturalist,Observations,http://creativecommons.org/licenses/by-nc/4.0/legalcode,Kazakhstan,Almaty,,inside,inside
Gentianella turkestanorum,Gentianella_turkestanorum.json,5230475180,https://www.inaturalist.org/observations/299713063,Gentianella turkestanorum (Gand.) Holub,Gentianella turkestanorum (Gand.) Holub,3839508,43.08125,76.907223,,WGS84,19-Jul-25 14:22:08,2025,7,19,HUMAN_OBSERVATION,PRESENT,iNaturalist research-grade observations,iNaturalist,Observations,http://creativecommons.org/licenses/by-nc/4.0/legalcode,Kazakhstan,Almaty,,inside,inside
Gentianella turkestanorum,Gentianella_turkestanorum.json,5231297990,https://www.inaturalist.org/observations/297846149,Gentianella turkestanorum (Gand.) Holub,Gentianella turkestanorum (Gand.) Holub,3839508,42.374765,80.174169,1406,WGS84,13-Jul-25 16:30:02,2025,7,13,HUMAN_OBSERVATION,PRESENT,iNaturalist research-grade observations,iNaturalist,Observations,http://creativecommons.org/licenses/by-nc/4.0/legalcode,Kazakhstan,Almaty,,inside,inside
Gentianella turkestanorum,Gentianella_turkestanorum.json,5231315227,https://www.inaturalist.org/observations/299887251,Gentianella turkestanorum (Gand.) Holub,Gentianella turkestanorum (Gand.) Holub,3839508,43.234492,77.763048,,WGS84,2025-07-20T11:12,2025,7,20,HUMAN_OBSERVATION,PRESENT,iNaturalist research-grade observations,iNaturalist,Observations,http://creativecommons.org/licenses/by-nc/4.0/legalcode,Kazakhstan,Almaty,,inside,inside
Gentianella turkestanorum,Gentianella_turkestanorum.json,5237482789,https://www.inaturalist.org/observations/300449851,Gentianella turkestanorum (Gand.) Holub,Gentianella turkestanorum (Gand.) Holub,3839508,43.232853,77.758296,,WGS84,2025-07-20T11:35,2025,7,20,HUMAN_OBSERVATION,PRESENT,iNaturalist research-grade observations,iNaturalist,Observations,http://creativecommons.org/licenses/by-nc/4.0/legalcode,Kazakhstan,Almaty,,inside,inside
Gentianella turkestanorum,Gentianella_turkestanorum.json,5282006523,https://www.inaturalist.org/observations/302503931,Gentianella turkestanorum (Gand.) Holub,Gentianella turkestanorum (Gand.) Holub,3839508,42.739312,79.869247,3,WGS84,27-Jul-25 09:57:07,2025,7,27,HUMAN_OBSERVATION,PRESENT,iNaturalist research-grade observations,iNaturalist,Observations,http://creativecommons.org/licenses/by-nc/4.0/legalcode,Kazakhstan,Almaty,,inside,inside
Gentianella turkestanorum,Gentianella_turkestanorum.json,5903952427,https://www.inaturalist.org/observations/299713189,Gentianella turkestanorum (Gand.) Holub,Gentianella turkestanorum (Gand.) Holub,3839508,43.081266,76.907227,,WGS84,19-Jul-25 14:22:40,2025,7,19,HUMAN_OBSERVATION,PRESENT,iNaturalist research-grade observations,iNaturalist,Observations,http://creativecommons.org/licenses/by-nc/4.0/legalcode,Kazakhstan,Almaty,,inside,inside
Gentianella turkestanorum,Gentianella_turkestanorum.json,5935944155,https://www.inaturalist.org/observations/302235196,Gentianella turkestanorum (Gand.) Holub,Gentianella turkestanorum (Gand.) Holub,3839508,42.609847,79.841387,4,WGS84,27-Jul-25 05:47:34,2025,7,27,HUMAN_OBSERVATION,PRESENT,iNaturalist research-grade observations,iNaturalist,Observations,http://creativecommons.org/licenses/by-nc/4.0/legalcode,Kazakhstan,Almaty,,inside,inside
Gentianella turkestanorum,Gentianella_turkestanorum.json,5282348172,https://www.inaturalist.org/observations/303432197,Gentianella turkestanorum (Gand.) Holub,Gentianella turkestanorum (Gand.) Holub,3839508,43.114461,77.007099,,WGS84,03-Aug-25 11:59:19,2025,8,3,HUMAN_OBSERVATION,PRESENT,iNaturalist research-grade observations,iNaturalist,Observations,http://creativecommons.org/licenses/by-nc/4.0/legalcode,Kazakhstan,Almaty,,inside,inside
Gentianella turkestanorum,Gentianella_turkestanorum.json,5292899707,https://www.inaturalist.org/observations/307187527,Gentianella turkestanorum (Gand.) Holub,Gentianella turkestanorum (Gand.) Holub,3839508,42.885832,78.62627,,WGS84,16-Aug-25 10:28:19,2025,8,16,HUMAN_OBSERVATION,PRESENT,iNaturalist research-grade observations,iNaturalist,Observations,http://creativecommons.org/licenses/by-nc/4.0/legalcode,Kazakhstan,Almaty,,inside,inside
Gentianella turkestanorum,Gentianella_turkestanorum.json,5293312796,https://www.inaturalist.org/observations/305181268,Gentianella turkestanorum (Gand.) Holub,Gentianella turkestanorum (Gand.) Holub,3839508,43.163875,77.648131,,WGS84,08-Aug-25 13:49:11,2025,8,8,HUMAN_OBSERVATION,PRESENT,iNaturalist research-grade observations,iNaturalist,Observations,http://creativecommons.org/licenses/by-nc/4.0/legalcode,Kazakhstan,Almaty,,inside,inside
Gentianella turkestanorum,Gentianella_turkestanorum.json,5293336568,https://www.inaturalist.org/observations/305280058,Gentianella turkestanorum (Gand.) Holub,Gentianella turkestanorum (Gand.) Holub,3839508,43.111614,77.110043,1827,WGS84,10-Aug-25 15:51:34,2025,8,10,HUMAN_OBSERVATION,PRESENT,iNaturalist research-grade observations,iNaturalist,Observations,http://creativecommons.org/licenses/by-nc/4.0/legalcode,Kazakhstan,Almaty,,inside,inside
Gentianella turkestanorum,Gentianella_turkestanorum.json,5759768817,https://www.inaturalist.org/observations/307792907,Gentianella turkestanorum (Gand.) Holub,Gentianella turkestanorum (Gand.) Holub,3839508,43.120067,77.030617,4,WGS84,19-Aug-25 16:43:14,2025,8,19,HUMAN_OBSERVATION,PRESENT,iNaturalist research-grade observations,iNaturalist,Observations,http://creativecommons.org/licenses/by-nc/4.0/legalcode,Kazakhstan,Almaty,,inside,inside
Gentianella turkestanorum,Gentianella_turkestanorum.json,5759875806,https://www.inaturalist.org/observations/307925532,Gentianella turkestanorum (Gand.) Holub,Gentianella turkestanorum (Gand.) Holub,3839508,43.116695,77.113061,3,WGS84,21-Aug-25 12:51:28,2025,8,21,HUMAN_OBSERVATION,PRESENT,iNaturalist research-grade observations,iNaturalist,Observations,http://creativecommons.org/licenses/by-nc/4.0/legalcode,Kazakhstan,Almaty,,inside,inside
Gentianella turkestanorum,Gentianella_turkestanorum.json,5828449454,https://www.inaturalist.org/observations/312113449,Gentianella turkestanorum (Gand.) Holub,Gentianella turkestanorum (Gand.) Holub,3839508,43.117302,77.116586,84,WGS84,14-Aug-25 12:48:22,2025,8,14,HUMAN_OBSERVATION,PRESENT,iNaturalist research-grade observations,iNaturalist,Observations,http://creativecommons.org/licenses/by-nc/4.0/legalcode,Kazakhstan,Almaty,,inside,inside
Gentianella turkestanorum,Gentianella_turkestanorum.json,5897092413,https://www.inaturalist.org/observations/327214308,Gentianella turkestanorum (Gand.) Holub,Gentianella turkestanorum (Gand.) Holub,3839508,42.709505,79.478005,,WGS84,2025-08-03T14:15,2025,8,3,HUMAN_OBSERVATION,PRESENT,iNaturalist research-grade observations,iNaturalist,Observations,http://creativecommons.org/licenses/by/4.0/legalcode,Kazakhstan,Almaty,,inside,inside
Gentianella turkestanorum,Gentianella_turkestanorum.json,5897319591,https://www.inaturalist.org/observations/327214286,Gentianella turkestanorum (Gand.) Holub,Gentianella turkestanorum (Gand.) Holub,3839508,42.77898,79.500875,,WGS84,2025-08-03T13:26,2025,8,3,HUMAN_OBSERVATION,PRESENT,iNaturalist research-grade observations,iNaturalist,Observations,http://creativecommons.org/licenses/by/4.0/legalcode,Kazakhstan,Almaty,,inside,inside
Gentianella turkestanorum,Gentianella_turkestanorum.json,5908638188,https://www.inaturalist.org/observations/328444722,Gentianella turkestanorum (Gand.) Holub,Gentianella turkestanorum (Gand.) Holub,3839508,42.692195,79.529894,75,WGS84,2025-08-03T15:07,2025,8,3,HUMAN_OBSERVATION,PRESENT,iNaturalist research-grade observations,iNaturalist,Observations,http://creativecommons.org/licenses/by/4.0/legalcode,Kazakhstan,Almaty,,inside,inside
Gentianella turkestanorum,Gentianella_turkestanorum.json,4921982398,https://www.inaturalist.org/observations/232844737,Gentianella turkestanorum (Gand.) Holub,Gentianella turkestanorum (Gand.) Holub,3839508,43.131708,79.555365,244,WGS84,2024-07-25T16:55,2024,7,25,HUMAN_OBSERVATION,PRESENT,iNaturalist research-grade observations,iNaturalist,Observations,http://creativecommons.org/licenses/by/4.0/legalcode,Kazakhstan,Almaty,,inside,inside
Gentianella turkestanorum,Gentianella_turkestanorum.json,5006847210,https://www.inaturalist.org/observations/232844756,Gentianella turkestanorum (Gand.) Holub,Gentianella turkestanorum (Gand.) Holub,3839508,43.129659,79.550575,244,WGS84,2024-07-25T17:15,2024,7,25,HUMAN_OBSERVATION,PRESENT,iNaturalist research-grade observations,iNaturalist,Observations,http://creativecommons.org/licenses/by/4.0/legalcode,Kazakhstan,Almaty,,inside,inside
Gentianella turkestanorum,Gentianella_turkestanorum.json,5007744785,https://www.inaturalist.org/observations/234500420,Gentianella turkestanorum (Gand.) Holub,Gentianella turkestanorum (Gand.) Holub,3839508,42.603965,79.988403,497,WGS84,2024-07-27T06:58,2024,7,27,HUMAN_OBSERVATION,PRESENT,iNaturalist research-grade observations,iNaturalist,Observations,http://creativecommons.org/licenses/by/4.0/legalcode,Kazakhstan,Almaty,,inside,inside
Gentianella turkestanorum,Gentianella_turkestanorum.json,4921661229,https://www.inaturalist.org/observations/233648622,Gentianella turkestanorum (Gand.) Holub,Gentianella turkestanorum (Gand.) Holub,3839508,43.11295,77.109882,,WGS84,2024-08-03T11:54,2024,8,3,HUMAN_OBSERVATION,PRESENT,iNaturalist research-grade observations,iNaturalist,Observations,http://creativecommons.org/licenses/by/4.0/legalcode,Kazakhstan,Almaty,,inside,inside
Gentianella turkestanorum,Gentianella_turkestanorum.json,4921984950,https://www.inaturalist.org/observations/233648608,Gentianella turkestanorum (Gand.) Holub,Gentianella turkestanorum (Gand.) Holub,3839508,43.112885,77.109985,,WGS84,2024-08-03T11:51,2024,8,3,HUMAN_OBSERVATION,PRESENT,iNaturalist research-grade observations,iNaturalist,Observations,http://creativecommons.org/licenses/by/4.0/legalcode,Kazakhstan,Almaty,,inside,inside
Gentianella turkestanorum,Gentianella_turkestanorum.json,4923621801,https://www.inaturalist.org/observations/234902865,Gentianella turkestanorum (Gand.) Holub,Gentianella turkestanorum (Gand.) Holub,3839508,43.189069,77.710524,3261,WGS84,10-Aug-24 08:09:42,2024,8,10,HUMAN_OBSERVATION,PRESENT,iNaturalist research-grade observations,iNaturalist,Observations,http://creativecommons.org/licenses/by-nc/4.0/legalcode,Kazakhstan,Almaty,,inside,inside
Gentianella turkestanorum,Gentianella_turkestanorum.json,4923824252,https://www.inaturalist.org/observations/235269504,Gentianella turkestanorum (Gand.) Holub,Gentianella turkestanorum (Gand.) Holub,3839508,43.076127,77.077797,,WGS84,2024-08-11T11:12,2024,8,11,HUMAN_OBSERVATION,PRESENT,iNaturalist research-grade observations,iNaturalist,Observations,http://creativecommons.org/licenses/by-nc/4.0/legalcode,Kazakhstan,Almaty,,inside,inside
Gentianella turkestanorum,Gentianella_turkestanorum.json,4923844108,https://www.inaturalist.org/observations/235268934,Gentianella turkestanorum (Gand.) Holub,Gentianella turkestanorum (Gand.) Holub,3839508,43.078953,77.079712,,WGS84,2024-08-11T10:55,2024,8,11,HUMAN_OBSERVATION,PRESENT,iNaturalist research-grade observations,iNaturalist,Observations,http://creativecommons.org/licenses/by-nc/4.0/legalcode,Kazakhstan,Almaty,,inside,inside
Gentianella turkestanorum,Gentianella_turkestanorum.json,4937141009,https://www.inaturalist.org/observations/238056665,Gentianella turkestanorum (Gand.) Holub,Gentianella turkestanorum (Gand.) Holub,3839508,43.18896,77.729856,,WGS84,2024-08-22T16:20,2024,8,22,HUMAN_OBSERVATION,PRESENT,iNaturalist research-grade observations,iNaturalist,Observations,http://creativecommons.org/licenses/by-nc/4.0/legalcode,Kazakhstan,Almaty,,inside,inside
Gentianella turkestanorum,Gentianella_turkestanorum.json,4937142384,https://www.inaturalist.org/observations/238017487,Gentianella turkestanorum (Gand.) Holub,Gentianella turkestanorum (Gand.) Holub,3839508,43.217403,77.755807,,WGS84,2024-08-22T14:25,2024,8,22,HUMAN_OBSERVATION,PRESENT,iNaturalist research-grade observations,iNaturalist,Observations,http://creativecommons.org/licenses/by-nc/4.0/legalcode,Kazakhstan,Almaty,,inside,inside
Gentianella turkestanorum,Gentianella_turkestanorum.json,5104319709,https://www.inaturalist.org/observations/239644136,Gentianella turkestanorum (Gand.) Holub,Gentianella turkestanorum (Gand.) Holub,3839508,43.289856,78.175567,,WGS84,31-Aug-24 15:50:36,2024,8,31,HUMAN_OBSERVATION,PRESENT,iNaturalist research-grade observations,iNaturalist,Observations,http://creativecommons.org/licenses/by-nc/4.0/legalcode,Kazakhstan,Almaty,,inside,inside
Gentianella turkestanorum,Gentianella_turkestanorum.json,4172263640,https://www.inaturalist.org/observations/176937008,Gentianella turkestanorum (Gand.) Holub,Gentianella turkestanorum (Gand.) Holub,3839508,43.123033,77.11704,5130,WGS84,05-Aug-23 10:30:22,2023,8,5,HUMAN_OBSERVATION,PRESENT,iNaturalist research-grade observations,iNaturalist,Observations,http://creativecommons.org/licenses/by-nc/4.0/legalcode,Kazakhstan,Almaty,,inside,inside
Gentianella turkestanorum,Gentianella_turkestanorum.json,4400302906,https://www.inaturalist.org/observations/179484831,Gentianella turkestanorum (Gand.) Holub,Gentianella turkestanorum (Gand.) Holub,3839508,43.04242,76.942407,2290,WGS84,19-Aug-23 09:21:35,2023,8,19,HUMAN_OBSERVATION,PRESENT,iNaturalist research-grade observations,iNaturalist,Observations,http://creativecommons.org/licenses/by-nc/4.0/legalcode,Kazakhstan,Almaty,,inside,inside
Gentianella turkestanorum,Gentianella_turkestanorum.json,4405283703,https://www.inaturalist.org/observations/179090837,Gentianella turkestanorum (Gand.) Holub,Gentianella turkestanorum (Gand.) Holub,3839508,42.967178,78.319413,1079,WGS84,15-Aug-23 12:31:51,2023,8,15,HUMAN_OBSERVATION,PRESENT,iNaturalist research-grade observations,iNaturalist,Observations,http://creativecommons.org/publicdomain/zero/1.0/legalcode,Kazakhstan,Almaty,,inside,inside
Gentianella turkestanorum,Gentianella_turkestanorum.json,4407330922,https://www.inaturalist.org/observations/180632843,Gentianella turkestanorum (Gand.) Holub,Gentianella turkestanorum (Gand.) Holub,3839508,43.005727,77.013137,488,WGS84,2023-08-10T14:31,2023,8,10,HUMAN_OBSERVATION,PRESENT,iNaturalist research-grade observations,iNaturalist,Observations,http://creativecommons.org/licenses/by-nc/4.0/legalcode,Kazakhstan,Almaty,,inside,inside
Gentianella turkestanorum,Gentianella_turkestanorum.json,5104449214,https://www.inaturalist.org/observations/266281166,Gentianella turkestanorum (Gand.) Holub,Gentianella turkestanorum (Gand.) Holub,3839508,43.110507,77.112945,100,WGS84,2023-08-06T12:30,2023,8,6,HUMAN_OBSERVATION,PRESENT,iNaturalist research-grade observations,iNaturalist,Observations,http://creativecommons.org/licenses/by-nc/4.0/legalcode,Kazakhstan,Almaty,,inside,inside
Gentianella turkestanorum,Gentianella_turkestanorum.json,4528233942,https://www.inaturalist.org/observations/200110534,Gentianella turkestanorum (Gand.) Holub,Gentianella turkestanorum (Gand.) Holub,3839508,43.135179,77.021501,,WGS84,2023-09-03T17:28,2023,9,3,HUMAN_OBSERVATION,PRESENT,iNaturalist research-grade observations,iNaturalist,Observations,http://creativecommons.org/licenses/by-nc/4.0/legalcode,Kazakhstan,Almaty,,inside,inside
Gentianella turkestanorum,Gentianella_turkestanorum.json,4054786740,https://www.inaturalist.org/observations/150056652,Gentianella turkestanorum (Gand.) Holub,Gentianella turkestanorum (Gand.) Holub,3839508,45.116116,79.987572,,WGS84,2022-07-28T11:13,2022,7,28,HUMAN_OBSERVATION,PRESENT,iNaturalist research-grade observations,iNaturalist,Observations,http://creativecommons.org/licenses/by-nc/4.0/legalcode,Kazakhstan,Almaty,,inside,inside
Gentianella turkestanorum,Gentianella_turkestanorum.json,2542878850,https://www.inaturalist.org/observations/16289361,Gentianella turkestanorum (Gand.) Holub,Gentianella turkestanorum (Gand.) Holub,3839508,43.076925,77.075686,61,WGS84,2018-08-25T13:53,2018,8,25,HUMAN_OBSERVATION,PRESENT,iNaturalist research-grade observations,iNaturalist,Observations,http://creativecommons.org/licenses/by-nc/4.0/legalcode,Kazakhstan,Almaty,,inside,inside
Gentianella turkestanorum,Gentianella_turkestanorum.json,2542878863,https://www.inaturalist.org/observations/16319850,Gentianella turkestanorum (Gand.) Holub,Gentianella turkestanorum (Gand.) Holub,3839508,43.076893,77.078671,122,WGS84,2018-08-25T13:40,2018,8,25,HUMAN_OBSERVATION,PRESENT,iNaturalist research-grade observations,iNaturalist,Observations,http://creativecommons.org/licenses/by-nc/4.0/legalcode,Kazakhstan,Almaty,,inside,inside
Gentianella turkestanorum,Gentianella_turkestanorum.json,3902095773,https://www.inaturalist.org/observations/80494862,Gentianella turkestanorum (Gand.) Holub,Gentianella turkestanorum (Gand.) Holub,3839508,43.0404,77.15482,50,WGS84,2016-09-01T15:04,2016,9,1,HUMAN_OBSERVATION,PRESENT,iNaturalist research-grade observations,iNaturalist,Observations,http://creativecommons.org/licenses/by-nc/4.0/legalcode,Kazakhstan,Almaty,,inside,inside
Gentianella turkestanorum,Gentianella_turkestanorum.json,2563599132,https://www.inaturalist.org/observations/37978000,Gentianella turkestanorum (Gand.) Holub,Gentianella turkestanorum (Gand.) Holub,3839508,43.113593,76.749882,15,WGS84,2014-06-29T11:00,2014,6,29,HUMAN_OBSERVATION,PRESENT,iNaturalist research-grade observations,iNaturalist,Observations,http://creativecommons.org/licenses/by-nc/4.0/legalcode,Kazakhstan,Almaty,,inside,inside
Gentianella turkestanorum,Gentianella_turkestanorum.json,2382577016,https://brnu.jacq.org/BRNU654162,Gentianella turkestanorum (Gand.) Holub,Gentianella turkestanorum (Gand.) Holub,3839508,43.01711,76.61686,,WGS84,2014-07-08,2014,7,8,PRESERVED_SPECIMEN,PRESENT,,BRNU,Herbarium BRNU,http://creativecommons.org/licenses/by/4.0/legalcode,Kazakhstan,,"Kazakhstan, prov. Almaty, distr. Karasai. Tien-shan, upper part of the Kaskelen valley; 1869 m a. s. l. Meadow steppe. Coordinates: 430101.6 N & 763700.7 E",inside,inside
Gentianella turkestanorum,Gentianella_turkestanorum.json,2573939230,https://www.inaturalist.org/observations/38716136,Gentianella turkestanorum (Gand.) Holub,Gentianella turkestanorum (Gand.) Holub,3839508,43.538078,79.464763,2180,WGS84,2005-09-08T05:47,2005,9,8,HUMAN_OBSERVATION,PRESENT,iNaturalist research-grade observations,iNaturalist,Observations,http://creativecommons.org/licenses/by-nc/4.0/legalcode,Kazakhstan,Almaty,,inside,inside
Gentianella turkestanorum,Gentianella_turkestanorum.json,2574043189,https://www.inaturalist.org/observations/38716186,Gentianella turkestanorum (Gand.) Holub,Gentianella turkestanorum (Gand.) Holub,3839508,43.538078,79.464763,2180,WGS84,2005-09-08T05:50,2005,9,8,HUMAN_OBSERVATION,PRESENT,iNaturalist research-grade observations,iNaturalist,Observations,http://creativecommons.org/licenses/by-nc/4.0/legalcode,Kazakhstan,Almaty,,inside,inside
Gentianella turkestanorum,Gentianella_turkestanorum.json,4046550041,https://www.inaturalist.org/observations/149644486,Gentianella turkestanorum (Gand.) Holub,Gentianella turkestanorum (Gand.) Holub,3839508,43.122844,77.026143,8,WGS84,2005-09-04T14:23,2005,9,4,HUMAN_OBSERVATION,PRESENT,iNaturalist research-grade observations,iNaturalist,Observations,http://creativecommons.org/licenses/by-nc/4.0/legalcode,Kazakhstan,Almaty,,inside,inside
Gentianella turkestanorum,Gentianella_turkestanorum.json,1799039191,MW0867487,Gentianella turkestanorum (Gand.) Holub,Gentianella turkestanorum (Gand.) Holub,3839508,44.19787,78.512262,3000,WGS84,1972-09-09,1972,9,9,PRESERVED_SPECIMEN,PRESENT,Moscow Digital Herbarium,Moscow State University,MW,http://creativecommons.org/licenses/by/4.0/legalcode,Kazakhstan,,,inside,inside
Gentianella turkestanorum,Gentianella_turkestanorum.json,6176578760,https://brnu.jacq.org/BRNU489575,Gentianella turkestanorum (Gand.) Holub,Gentianella turkestanorum (Gand.) Holub,3839508,43.39028,80.35,5000,WGS84,1964-07-15,1964,7,15,PRESERVED_SPECIMEN,PRESENT,,BRNU,Herbarium BRNU,http://creativecommons.org/licenses/by/4.0/legalcode,Kazakhstan,,"Казахская ССР, Северный Тянь-Шань, северный склон хр. Кетмень, ущ. Киргизсай, на разнотравных лугах у нижней границы ельников, 1550 м н. у. м. – Kazachstania, Tjan-Schan septentrionalis, jugum Ketmenj, in angustiis fl. Kirgizsaj, in pratis, 1550 m s. m.",inside,inside
Gentianella turkestanorum,Gentianella_turkestanorum.json,3476801068,,Gentiana turkestanorum Gand.,Gentianella turkestanorum (Gand.) Holub,3839614,43.2503,77.4782,,WGS84,1959-07-04,1959,7,4,PRESERVED_SPECIMEN,PRESENT,,AMU,NHC-BOT,http://creativecommons.org/licenses/by/4.0/legalcode,Kazakhstan,,,inside,inside
Gentianella turkestanorum,Gentianella_turkestanorum.json,1091143720,348B2B31-D967-4FCB-8829-30C0375399D8,Gentianella turkestanorum (Gand.) Holub,Gentianella turkestanorum (Gand.) Holub,3839508,42.989923,78.463028,,WGS84,1938-08-26,1938,8,26,PRESERVED_SPECIMEN,PRESENT,,CHR,CHR,http://creativecommons.org/licenses/by/4.0/legalcode,Kazakhstan,,,inside,inside
Gentianella turkestanorum,Gentianella_turkestanorum.json,6176572233,https://brnu.jacq.org/BRNU442387,Gentiana turkestanorum Gand.,Gentianella turkestanorum (Gand.) Holub,3839614,42.98611,78.46361,3000,WGS84,1938-08-26,1938,8,26,PRESERVED_SPECIMEN,PRESENT,,BRNU,Herbarium BRNU,http://creativecommons.org/licenses/by/4.0/legalcode,Kazakhstan,,"Центральный Тянь-Шань, хребет Атбаши, ущелье р. Каинды, по северному склону. – Tian-Schan centralis. Jugum Atbaschi, fl. Kaindy, in declivibus septentrionalibus",inside,inside
Gentianella turkestanorum,Gentianella_turkestanorum.json,1799039167,MW0867439,Gentianella turkestanorum (Gand.) Holub,Gentianella turkestanorum (Gand.) Holub,3839508,43.160556,77.054722,,WGS84,1936-07-14,1936,7,14,PRESERVED_SPECIMEN,PRESENT,Moscow Digital Herbarium,Moscow State University,MW,http://creativecommons.org/licenses/by/4.0/legalcode,Kazakhstan,,,inside,inside
Gentianella turkestanorum,Gentianella_turkestanorum.json,1799039122,MW0867441,Gentianella turkestanorum (Gand.) Holub,Gentianella turkestanorum (Gand.) Holub,3839508,43.066609,77.083164,,WGS84,1936-08-28,1936,8,28,PRESERVED_SPECIMEN,PRESENT,Moscow Digital Herbarium,Moscow State University,MW,http://creativecommons.org/licenses/by/4.0/legalcode,Kazakhstan,,,inside,inside
Gentianella turkestanorum,Gentianella_turkestanorum.json,1799039134,MW0867444,Gentianella turkestanorum (Gand.) Holub,Gentianella turkestanorum (Gand.) Holub,3839508,42.9475,79.6081,,WGS84,1932-08-11,1932,8,11,PRESERVED_SPECIMEN,PRESENT,Moscow Digital Herbarium,Moscow State University,MW,http://creativecommons.org/licenses/by/4.0/legalcode,Kazakhstan,,,inside,inside
Gentianella turkestanorum,Gentianella_turkestanorum.json,1799039157,MW0867443,Gentianella turkestanorum (Gand.) Holub,Gentianella turkestanorum (Gand.) Holub,3839508,43.293512,79.514236,,WGS84,1931-07-30,1931,7,30,PRESERVED_SPECIMEN,PRESENT,Moscow Digital Herbarium,Moscow State University,MW,http://creativecommons.org/licenses/by/4.0/legalcode,Kazakhstan,,,inside,inside
Gentianella turkestanorum,Gentianella_turkestanorum.json,1799039163,MW0867447,Gentianella turkestanorum (Gand.) Holub,Gentianella turkestanorum (Gand.) Holub,3839508,43.293512,79.514236,,WGS84,1931-07-30,1931,7,30,PRESERVED_SPECIMEN,PRESENT,Moscow Digital Herbarium,Moscow State University,MW,http://creativecommons.org/licenses/by/4.0/legalcode,Kazakhstan,,,inside,inside
Gentianella turkestanorum,Gentianella_turkestanorum.json,1799039127,MW0867445,Gentianella turkestanorum (Gand.) Holub,Gentianella turkestanorum (Gand.) Holub,3839508,43.290139,79.513549,,WGS84,1931-08-10,1931,8,10,PRESERVED_SPECIMEN,PRESENT,Moscow Digital Herbarium,Moscow State University,MW,http://creativecommons.org/licenses/by/4.0/legalcode,Kazakhstan,,,inside,inside
Gentianella turkestanorum,Gentianella_turkestanorum.json,1799039139,MW0867474,Gentianella turkestanorum (Gand.) Holub,Gentianella turkestanorum (Gand.) Holub,3839508,43.211118,79.621524,,WGS84,1931-08-12,1931,8,12,PRESERVED_SPECIMEN,PRESENT,Moscow Digital Herbarium,Moscow State University,MW,http://creativecommons.org/licenses/by/4.0/legalcode,Kazakhstan,,,inside,inside
Gentianella turkestanorum,Gentianella_turkestanorum.json,1799039147,MW0867446,Gentianella turkestanorum (Gand.) Holub,Gentianella turkestanorum (Gand.) Holub,3839508,43.210118,79.628562,,WGS84,1931-08-14,1931,8,14,PRESERVED_SPECIMEN,PRESENT,Moscow Digital Herbarium,Moscow State University,MW,http://creativecommons.org/licenses/by/4.0/legalcode,Kazakhstan,,,inside,inside
Gentianella turkestanorum,Gentianella_turkestanorum.json,1799039189,MW0867475,Gentianella turkestanorum (Gand.) Holub,Gentianella turkestanorum (Gand.) Holub,3839508,43.210118,79.628562,,WGS84,1931-08-14,1931,8,14,PRESERVED_SPECIMEN,PRESENT,Moscow Digital Herbarium,Moscow State University,MW,http://creativecommons.org/licenses/by/4.0/legalcode,Kazakhstan,,,inside,inside
Gentianella turkestanorum,Gentianella_turkestanorum.json,1799039193,MW0867473,Gentianella turkestanorum (Gand.) Holub,Gentianella turkestanorum (Gand.) Holub,3839508,43.290139,79.513549,,WGS84,1931-08-10,1931,8,10,PRESERVED_SPECIMEN,PRESENT,Moscow Digital Herbarium,Moscow State University,MW,http://creativecommons.org/licenses/by/4.0/legalcode,Kazakhstan,,,inside,inside
Gentianella turkestanorum,Gentianella_turkestanorum.json,1799039165,MW0867484,Gentianella turkestanorum (Gand.) Holub,Gentianella turkestanorum (Gand.) Holub,3839508,45.295056,82.027702,,WGS84,1928-07-24,1928,7,24,PRESERVED_SPECIMEN,PRESENT,Moscow Digital Herbarium,Moscow State University,MW,http://creativecommons.org/licenses/by/4.0/legalcode,Kazakhstan,,,inside,inside
Gentianella turkestanorum,Gentianella_turkestanorum.json,1799039197,MW0867485,Gentianella turkestanorum (Gand.) Holub,Gentianella turkestanorum (Gand.) Holub,3839508,45.307061,82.098366,,WGS84,1928-07-18,1928,7,18,PRESERVED_SPECIMEN,PRESENT,Moscow Digital Herbarium,Moscow State University,MW,http://creativecommons.org/licenses/by/4.0/legalcode,Kazakhstan,,,inside,inside
Gentianella turkestanorum,Gentianella_turkestanorum.json,1799039199,MW0867480,Gentianella turkestanorum (Gand.) Holub,Gentianella turkestanorum (Gand.) Holub,3839508,45.303267,81.961441,,WGS84,1928-07-24,1928,7,24,PRESERVED_SPECIMEN,PRESENT,Moscow Digital Herbarium,Moscow State University,MW,http://creativecommons.org/licenses/by/4.0/legalcode,Kazakhstan,,,inside,inside
Gentianella turkestanorum,Gentianella_turkestanorum.json,6360118362,28403,Gentianella turkestanorum (Gand.) Holub,Gentianella turkestanorum (Gand.) Holub,3839508,44.671289,79.053913,67752,WGS84,,,,,MATERIAL_CITATION,PRESENT,,,,http://creativecommons.org/licenses/by/4.0/legalcode,Kazakhstan,,24,inside,inside
Gentianella turkestanorum,Gentianella_turkestanorum.json,6360142901,28404,Gentianella turkestanorum (Gand.) Holub,Gentianella turkestanorum (Gand.) Holub,3839508,43.087285,76.399767,21452,WGS84,,,,,MATERIAL_CITATION,PRESENT,,,,http://creativecommons.org/licenses/by/4.0/legalcode,Kazakhstan,,25,inside,inside
Gentianella turkestanorum,Gentianella_turkestanorum.json,6360145023,28405,Gentianella turkestanorum (Gand.) Holub,Gentianella turkestanorum (Gand.) Holub,3839508,43.030672,79.70241,50868,WGS84,,,,,MATERIAL_CITATION,PRESENT,,,,http://creativecommons.org/licenses/by/4.0/legalcode,Kazakhstan,,25a,inside,inside
Malus sieversii,Malus_sieversii.json,6234386411,https://www.inaturalist.org/observations/354115818,Malus sieversii (Ledeb.) Koidz.,Malus domestica (Suckow) Borkh.,7864241,43.167851,76.758726,27537,WGS84,2026-04-25T15:33,2026,4,25,HUMAN_OBSERVATION,PRESENT,iNaturalist research-grade observations,iNaturalist,Observations,http://creativecommons.org/licenses/by/4.0/legalcode,Kazakhstan,Almaty,,inside,inside
Malus sieversii,Malus_sieversii.json,6234672908,https://www.inaturalist.org/observations/354115804,Malus sieversii (Ledeb.) Koidz.,Malus domestica (Suckow) Borkh.,7864241,43.059845,76.719161,27537,WGS84,2026-04-25T15:28,2026,4,25,HUMAN_OBSERVATION,PRESENT,iNaturalist research-grade observations,iNaturalist,Observations,http://creativecommons.org/licenses/by/4.0/legalcode,Kazakhstan,Almaty,,inside,inside
Malus sieversii,Malus_sieversii.json,6234777695,https://www.inaturalist.org/observations/354115873,Malus sieversii (Ledeb.) Koidz.,Malus domestica (Suckow) Borkh.,7864241,43.061459,76.616969,27537,WGS84,2026-04-25T15:56,2026,4,25,HUMAN_OBSERVATION,PRESENT,iNaturalist research-grade observations,iNaturalist,Observations,http://creativecommons.org/licenses/by/4.0/legalcode,Kazakhstan,Almaty,,inside,inside
Malus sieversii,Malus_sieversii.json,6234853108,https://www.inaturalist.org/observations/354115881,Malus sieversii (Ledeb.) Koidz.,Malus domestica (Suckow) Borkh.,7864241,43.145224,76.634379,27537,WGS84,2026-04-25T15:57,2026,4,25,HUMAN_OBSERVATION,PRESENT,iNaturalist research-grade observations,iNaturalist,Observations,http://creativecommons.org/licenses/by/4.0/legalcode,Kazakhstan,Almaty,,inside,inside
Malus sieversii,Malus_sieversii.json,6235146789,https://www.inaturalist.org/observations/354598492,Malus sieversii (Ledeb.) Koidz.,Malus domestica (Suckow) Borkh.,7864241,43.161152,76.900285,27537,WGS84,26-Apr-26 11:35:39,2026,4,26,HUMAN_OBSERVATION,PRESENT,iNaturalist research-grade observations,iNaturalist,Observations,http://creativecommons.org/licenses/by-nc/4.0/legalcode,Kazakhstan,Almaty,,inside,inside
Malus sieversii,Malus_sieversii.json,6235300165,https://www.inaturalist.org/observations/354115817,Malus sieversii (Ledeb.) Koidz.,Malus domestica (Suckow) Borkh.,7864241,43.17062,76.636023,27537,WGS84,2026-04-25T15:35,2026,4,25,HUMAN_OBSERVATION,PRESENT,iNaturalist research-grade observations,iNaturalist,Observations,http://creativecommons.org/licenses/by/4.0/legalcode,Kazakhstan,Almaty,,inside,inside
Malus sieversii,Malus_sieversii.json,6235315833,https://www.inaturalist.org/observations/355114998,Malus sieversii (Ledeb.) Koidz.,Malus domestica (Suckow) Borkh.,7864241,43.164211,76.850437,27537,WGS84,26-Apr-26 10:51:33,2026,4,26,HUMAN_OBSERVATION,PRESENT,iNaturalist research-grade observations,iNaturalist,Observations,http://creativecommons.org/licenses/by-nc/4.0/legalcode,Kazakhstan,Almaty,,inside,inside
Malus sieversii,Malus_sieversii.json,6235466711,https://www.inaturalist.org/observations/354115880,Malus sieversii (Ledeb.) Koidz.,Malus domestica (Suckow) Borkh.,7864241,43.18407,76.651493,27537,WGS84,2026-04-25T15:56,2026,4,25,HUMAN_OBSERVATION,PRESENT,iNaturalist research-grade observations,iNaturalist,Observations,http://creativecommons.org/licenses/by/4.0/legalcode,Kazakhstan,Almaty,,inside,inside
Malus sieversii,Malus_sieversii.json,6235527763,https://www.inaturalist.org/observations/353764849,Malus sieversii (Ledeb.) Koidz.,Malus domestica (Suckow) Borkh.,7864241,43.270068,77.10217,27505,WGS84,25-Apr-26 09:24:03,2026,4,25,HUMAN_OBSERVATION,PRESENT,iNaturalist research-grade observations,iNaturalist,Observations,http://creativecommons.org/licenses/by-nc/4.0/legalcode,Kazakhstan,Almaty,,inside,inside
Malus sieversii,Malus_sieversii.json,6236000708,https://www.inaturalist.org/observations/354115811,Malus sieversii (Ledeb.) Koidz.,Malus domestica (Suckow) Borkh.,7864241,43.034573,76.779272,27537,WGS84,2026-04-25T15:30,2026,4,25,HUMAN_OBSERVATION,PRESENT,iNaturalist research-grade observations,iNaturalist,Observations,http://creativecommons.org/licenses/by/4.0/legalcode,Kazakhstan,Almaty,,inside,inside
Malus sieversii,Malus_sieversii.json,6236556785,https://www.inaturalist.org/observations/355103054,Malus sieversii (Ledeb.) Koidz.,Malus domestica (Suckow) Borkh.,7864241,43.040923,76.828531,27537,WGS84,26-Apr-26 12:33:30,2026,4,26,HUMAN_OBSERVATION,PRESENT,iNaturalist research-grade observations,iNaturalist,Observations,http://creativecommons.org/licenses/by-nc/4.0/legalcode,Kazakhstan,Almaty,,inside,inside
Malus sieversii,Malus_sieversii.json,6251458755,https://www.inaturalist.org/observations/358208849,Malus sieversii (Ledeb.) Koidz.,Malus domestica (Suckow) Borkh.,7864241,43.123711,76.839903,27537,WGS84,2026-04-26T13:21,2026,4,26,HUMAN_OBSERVATION,PRESENT,iNaturalist research-grade observations,iNaturalist,Observations,http://creativecommons.org/licenses/by/4.0/legalcode,Kazakhstan,Almaty,,inside,inside
Malus sieversii,Malus_sieversii.json,6251512631,https://www.inaturalist.org/observations/358208850,Malus sieversii (Ledeb.) Koidz.,Malus domestica (Suckow) Borkh.,7864241,43.18808,76.900703,27537,WGS84,2026-04-26T13:24,2026,4,26,HUMAN_OBSERVATION,PRESENT,iNaturalist research-grade observations,iNaturalist,Observations,http://creativecommons.org/licenses/by/4.0/legalcode,Kazakhstan,Almaty,,inside,inside
Malus sieversii,Malus_sieversii.json,6251523869,https://www.inaturalist.org/observations/356947505,Malus sieversii (Ledeb.) Koidz.,Malus domestica (Suckow) Borkh.,7864241,43.189568,76.872199,27537,WGS84,2026-04-24T17:04,2026,4,24,HUMAN_OBSERVATION,PRESENT,iNaturalist research-grade observations,iNaturalist,Observations,http://creativecommons.org/licenses/by-nc/4.0/legalcode,Kazakhstan,Almaty,,inside,inside
Malus sieversii,Malus_sieversii.json,6251573698,https://www.inaturalist.org/observations/356947678,Malus sieversii (Ledeb.) Koidz.,Malus domestica (Suckow) Borkh.,7864241,43.120567,76.827252,27537,WGS84,2026-04-24T17:17,2026,4,24,HUMAN_OBSERVATION,PRESENT,iNaturalist research-grade observations,iNaturalist,Observations,http://creativecommons.org/licenses/by-nc/4.0/legalcode,Kazakhstan,Almaty,,inside,inside
Malus sieversii,Malus_sieversii.json,6251589496,https://www.inaturalist.org/observations/356947622,Malus sieversii (Ledeb.) Koidz.,Malus domestica (Suckow) Borkh.,7864241,43.188638,76.981586,27537,WGS84,2026-04-24T17:13,2026,4,24,HUMAN_OBSERVATION,PRESENT,iNaturalist research-grade observations,iNaturalist,Observations,http://creativecommons.org/licenses/by-nc/4.0/legalcode,Kazakhstan,Almaty,,inside,inside
Malus sieversii,Malus_sieversii.json,6251628521,https://www.inaturalist.org/observations/356947583,Malus sieversii (Ledeb.) Koidz.,Malus domestica (Suckow) Borkh.,7864241,43.001786,76.891546,27537,WGS84,2026-04-24T17:08,2026,4,24,HUMAN_OBSERVATION,PRESENT,iNaturalist research-grade observations,iNaturalist,Observations,http://creativecommons.org/licenses/by-nc/4.0/legalcode,Kazakhstan,Almaty,,inside,inside
Malus sieversii,Malus_sieversii.json,6251668308,https://www.inaturalist.org/observations/357115494,Malus sieversii (Ledeb.) Koidz.,Malus domestica (Suckow) Borkh.,7864241,43.198669,76.923248,27537,WGS84,2026-04-26T07:39,2026,4,26,HUMAN_OBSERVATION,PRESENT,iNaturalist research-grade observations,iNaturalist,Observations,http://creativecommons.org/licenses/by/4.0/legalcode,Kazakhstan,Almaty,,inside,inside
Malus sieversii,Malus_sieversii.json,6251769180,https://www.inaturalist.org/observations/356947548,Malus sieversii (Ledeb.) Koidz.,Malus domestica (Suckow) Borkh.,7864241,43.152935,76.969341,27537,WGS84,2026-04-24T17:05,2026,4,24,HUMAN_OBSERVATION,PRESENT,iNaturalist research-grade observations,iNaturalist,Observations,http://creativecommons.org/licenses/by-nc/4.0/legalcode,Kazakhstan,Almaty,,inside,inside
Malus sieversii,Malus_sieversii.json,6251806382,https://www.inaturalist.org/observations/356947500,Malus sieversii (Ledeb.) Koidz.,Malus domestica (Suckow) Borkh.,7864241,43.152836,76.863032,27537,WGS84,2026-04-24T17:04,2026,4,24,HUMAN_OBSERVATION,PRESENT,iNaturalist research-grade observations,iNaturalist,Observations,http://creativecommons.org/licenses/by-nc/4.0/legalcode,Kazakhstan,Almaty,,inside,inside
Malus sieversii,Malus_sieversii.json,6251812156,https://www.inaturalist.org/observations/358208846,Malus sieversii (Ledeb.) Koidz.,Malus domestica (Suckow) Borkh.,7864241,43.042552,76.900037,27537,WGS84,2026-04-26T12:45,2026,4,26,HUMAN_OBSERVATION,PRESENT,iNaturalist research-grade observations,iNaturalist,Observations,http://creativecommons.org/licenses/by/4.0/legalcode,Kazakhstan,Almaty,,inside,inside
Malus sieversii,Malus_sieversii.json,6251862240,https://www.inaturalist.org/observations/356630581,Malus sieversii (Ledeb.) Koidz.,Malus domestica (Suckow) Borkh.,7864241,43.179144,76.80407,27537,WGS84,2026-04-24T16:29,2026,4,24,HUMAN_OBSERVATION,PRESENT,iNaturalist research-grade observations,iNaturalist,Observations,http://creativecommons.org/licenses/by-nc/4.0/legalcode,Kazakhstan,Almaty,,inside,inside
Malus sieversii,Malus_sieversii.json,6251932158,https://www.inaturalist.org/observations/356947672,Malus sieversii (Ledeb.) Koidz.,Malus domestica (Suckow) Borkh.,7864241,43.161347,76.982931,27537,WGS84,2026-04-24T17:17,2026,4,24,HUMAN_OBSERVATION,PRESENT,iNaturalist research-grade observations,iNaturalist,Observations,http://creativecommons.org/licenses/by-nc/4.0/legalcode,Kazakhstan,Almaty,,inside,inside
Malus sieversii,Malus_sieversii.json,6251941947,https://www.inaturalist.org/observations/356630365,Malus sieversii (Ledeb.) Koidz.,Malus domestica (Suckow) Borkh.,7864241,43.146772,76.871028,27537,WGS84,2026-04-24T16:12,2026,4,24,HUMAN_OBSERVATION,PRESENT,iNaturalist research-grade observations,iNaturalist,Observations,http://creativecommons.org/licenses/by-nc/4.0/legalcode,Kazakhstan,Almaty,,inside,inside
Malus sieversii,Malus_sieversii.json,6251999450,https://www.inaturalist.org/observations/356250500,Malus sieversii (Ledeb.) Koidz.,Malus domestica (Suckow) Borkh.,7864241,43.182274,76.855752,27537,WGS84,2026-04-24T16:03,2026,4,24,HUMAN_OBSERVATION,PRESENT,iNaturalist research-grade observations,iNaturalist,Observations,http://creativecommons.org/licenses/by-nc/4.0/legalcode,Kazakhstan,Almaty,,inside,inside
Malus sieversii,Malus_sieversii.json,6252064025,https://www.inaturalist.org/observations/356630559,Malus sieversii (Ledeb.) Koidz.,Malus domestica (Suckow) Borkh.,7864241,43.03254,76.850119,27537,WGS84,2026-04-24T16:26,2026,4,24,HUMAN_OBSERVATION,PRESENT,iNaturalist research-grade observations,iNaturalist,Observations,http://creativecommons.org/licenses/by-nc/4.0/legalcode,Kazakhstan,Almaty,,inside,inside
Malus sieversii,Malus_sieversii.json,6252410448,https://www.inaturalist.org/observations/356947721,Malus sieversii (Ledeb.) Koidz.,Malus domestica (Suckow) Borkh.,7864241,43.096733,76.958148,27537,WGS84,2026-04-24T17:21,2026,4,24,HUMAN_OBSERVATION,PRESENT,iNaturalist research-grade observations,iNaturalist,Observations,http://creativecommons.org/licenses/by-nc/4.0/legalcode,Kazakhstan,Almaty,,inside,inside
Malus sieversii,Malus_sieversii.json,6252440320,https://www.inaturalist.org/observations/357132226,Malus sieversii (Ledeb.) Koidz.,Malus domestica (Suckow) Borkh.,7864241,43.061407,76.890262,27537,WGS84,2026-04-26T10:14,2026,4,26,HUMAN_OBSERVATION,PRESENT,iNaturalist research-grade observations,iNaturalist,Observations,http://creativecommons.org/licenses/by/4.0/legalcode,Kazakhstan,Almaty,,inside,inside
Malus sieversii,Malus_sieversii.json,6252444313,https://www.inaturalist.org/observations/356947521,Malus sieversii (Ledeb.) Koidz.,Malus domestica (Suckow) Borkh.,7864241,43.002321,76.841821,27537,WGS84,2026-04-24T17:04,2026,4,24,HUMAN_OBSERVATION,PRESENT,iNaturalist research-grade observations,iNaturalist,Observations,http://creativecommons.org/licenses/by-nc/4.0/legalcode,Kazakhstan,Almaty,,inside,inside
Malus sieversii,Malus_sieversii.json,6252496670,https://www.inaturalist.org/observations/356947607,Malus sieversii (Ledeb.) Koidz.,Malus domestica (Suckow) Borkh.,7864241,43.040703,76.969845,27537,WGS84,2026-04-24T17:10,2026,4,24,HUMAN_OBSERVATION,PRESENT,iNaturalist research-grade observations,iNaturalist,Observations,http://creativecommons.org/licenses/by-nc/4.0/legalcode,Kazakhstan,Almaty,,inside,inside
Malus sieversii,Malus_sieversii.json,6252518804,https://www.inaturalist.org/observations/356630397,Malus sieversii (Ledeb.) Koidz.,Malus domestica (Suckow) Borkh.,7864241,43.066713,76.987164,27537,WGS84,2026-04-24T16:13,2026,4,24,HUMAN_OBSERVATION,PRESENT,iNaturalist research-grade observations,iNaturalist,Observations,http://creativecommons.org/licenses/by-nc/4.0/legalcode,Kazakhstan,Almaty,,inside,inside
Malus sieversii,Malus_sieversii.json,6252548438,https://www.inaturalist.org/observations/356947520,Malus sieversii (Ledeb.) Koidz.,Malus domestica (Suckow) Borkh.,7864241,43.115719,76.950503,27537,WGS84,2026-04-24T17:04,2026,4,24,HUMAN_OBSERVATION,PRESENT,iNaturalist research-grade observations,iNaturalist,Observations,http://creativecommons.org/licenses/by-nc/4.0/legalcode,Kazakhstan,Almaty,,inside,inside
Malus sieversii,Malus_sieversii.json,6252598948,https://www.inaturalist.org/observations/356630549,Malus sieversii (Ledeb.) Koidz.,Malus domestica (Suckow) Borkh.,7864241,43.033079,76.930046,27537,WGS84,2026-04-24T16:25,2026,4,24,HUMAN_OBSERVATION,PRESENT,iNaturalist research-grade observations,iNaturalist,Observations,http://creativecommons.org/licenses/by-nc/4.0/legalcode,Kazakhstan,Almaty,,inside,inside
Malus sieversii,Malus_sieversii.json,6252612984,https://www.inaturalist.org/observations/358208860,Malus sieversii (Ledeb.) Koidz.,Malus domestica (Suckow) Borkh.,7864241,43.095636,76.852865,27537,WGS84,2026-04-26T13:45,2026,4,26,HUMAN_OBSERVATION,PRESENT,iNaturalist research-grade observations,iNaturalist,Observations,http://creativecommons.org/licenses/by/4.0/legalcode,Kazakhstan,Almaty,,inside,inside
Malus sieversii,Malus_sieversii.json,6252739114,https://www.inaturalist.org/observations/356947601,Malus sieversii (Ledeb.) Koidz.,Malus domestica (Suckow) Borkh.,7864241,43.105412,76.978349,27537,WGS84,2026-04-24T17:10,2026,4,24,HUMAN_OBSERVATION,PRESENT,iNaturalist research-grade observations,iNaturalist,Observations,http://creativecommons.org/licenses/by-nc/4.0/legalcode,Kazakhstan,Almaty,,inside,inside
Malus sieversii,Malus_sieversii.json,6252740101,https://www.inaturalist.org/observations/356947596,Malus sieversii (Ledeb.) Koidz.,Malus domestica (Suckow) Borkh.,7864241,43.145033,76.978948,27537,WGS84,2026-04-24T17:09,2026,4,24,HUMAN_OBSERVATION,PRESENT,iNaturalist research-grade observations,iNaturalist,Observations,http://creativecommons.org/licenses/by-nc/4.0/legalcode,Kazakhstan,Almaty,,inside,inside
Malus sieversii,Malus_sieversii.json,6252845645,https://www.inaturalist.org/observations/356947508,Malus sieversii (Ledeb.) Koidz.,Malus domestica (Suckow) Borkh.,7864241,43.016888,76.850545,27537,WGS84,2026-04-24T17:04,2026,4,24,HUMAN_OBSERVATION,PRESENT,iNaturalist research-grade observations,iNaturalist,Observations,http://creativecommons.org/licenses/by-nc/4.0/legalcode,Kazakhstan,Almaty,,inside,inside
Malus sieversii,Malus_sieversii.json,6252848004,https://www.inaturalist.org/observations/356947628,Malus sieversii (Ledeb.) Koidz.,Malus domestica (Suckow) Borkh.,7864241,43.082909,76.812901,27537,WGS84,2026-04-24T17:14,2026,4,24,HUMAN_OBSERVATION,PRESENT,iNaturalist research-grade observations,iNaturalist,Observations,http://creativecommons.org/licenses/by-nc/4.0/legalcode,Kazakhstan,Almaty,,inside,inside
Malus sieversii,Malus_sieversii.json,6252900271,https://www.inaturalist.org/observations/356630510,Malus sieversii (Ledeb.) Koidz.,Malus domestica (Suckow) Borkh.,7864241,43.15057,76.807814,27537,WGS84,2026-04-24T16:20,2026,4,24,HUMAN_OBSERVATION,PRESENT,iNaturalist research-grade observations,iNaturalist,Observations,http://creativecommons.org/licenses/by-nc/4.0/legalcode,Kazakhstan,Almaty,,inside,inside
Malus sieversii,Malus_sieversii.json,6252946330,https://www.inaturalist.org/observations/356947701,Malus sieversii (Ledeb.) Koidz.,Malus domestica (Suckow) Borkh.,7864241,43.039324,76.829708,27537,WGS84,2026-04-24T17:18,2026,4,24,HUMAN_OBSERVATION,PRESENT,iNaturalist research-grade observations,iNaturalist,Observations,http://creativecommons.org/licenses/by-nc/4.0/legalcode,Kazakhstan,Almaty,,inside,inside
Malus sieversii,Malus_sieversii.json,6252976635,https://www.inaturalist.org/observations/358208851,Malus sieversii (Ledeb.) Koidz.,Malus domestica (Suckow) Borkh.,7864241,43.037073,76.85228,27537,WGS84,2026-04-26T13:27,2026,4,26,HUMAN_OBSERVATION,PRESENT,iNaturalist research-grade observations,iNaturalist,Observations,http://creativecommons.org/licenses/by/4.0/legalcode,Kazakhstan,Almaty,,inside,inside
Malus sieversii,Malus_sieversii.json,6253040714,https://www.inaturalist.org/observations/356947713,Malus sieversii (Ledeb.) Koidz.,Malus domestica (Suckow) Borkh.,7864241,43.033506,76.863261,27537,WGS84,2026-04-24T17:20,2026,4,24,HUMAN_OBSERVATION,PRESENT,iNaturalist research-grade observations,iNaturalist,Observations,http://creativecommons.org/licenses/by-nc/4.0/legalcode,Kazakhstan,Almaty,,inside,inside
Malus sieversii,Malus_sieversii.json,6253230125,https://www.inaturalist.org/observations/356947517,Malus sieversii (Ledeb.) Koidz.,Malus domestica (Suckow) Borkh.,7864241,43.159809,76.80857,27537,WGS84,2026-04-24T17:04,2026,4,24,HUMAN_OBSERVATION,PRESENT,iNaturalist research-grade observations,iNaturalist,Observations,http://creativecommons.org/licenses/by-nc/4.0/legalcode,Kazakhstan,Almaty,,inside,inside
Malus sieversii,Malus_sieversii.json,6253234735,https://www.inaturalist.org/observations/356250423,Malus sieversii (Ledeb.) Koidz.,Malus domestica (Suckow) Borkh.,7864241,43.05434,76.847791,27537,WGS84,2026-04-24T15:55,2026,4,24,HUMAN_OBSERVATION,PRESENT,iNaturalist research-grade observations,iNaturalist,Observations,http://creativecommons.org/licenses/by-nc/4.0/legalcode,Kazakhstan,Almaty,,inside,inside
Malus sieversii,Malus_sieversii.json,6253236551,https://www.inaturalist.org/observations/356947547,Malus sieversii (Ledeb.) Koidz.,Malus domestica (Suckow) Borkh.,7864241,43.152167,76.835835,27537,WGS84,2026-04-24T17:05,2026,4,24,HUMAN_OBSERVATION,PRESENT,iNaturalist research-grade observations,iNaturalist,Observations,http://creativecommons.org/licenses/by-nc/4.0/legalcode,Kazakhstan,Almaty,,inside,inside
Malus sieversii,Malus_sieversii.json,6253254220,https://www.inaturalist.org/observations/357656867,Malus sieversii (Ledeb.) Koidz.,Malus domestica (Suckow) Borkh.,7864241,43.142505,76.883403,27537,WGS84,2026-04-24T18:08,2026,4,24,HUMAN_OBSERVATION,PRESENT,iNaturalist research-grade observations,iNaturalist,Observations,http://creativecommons.org/licenses/by-nc/4.0/legalcode,Kazakhstan,Almaty,,inside,inside
Malus sieversii,Malus_sieversii.json,6253276859,https://www.inaturalist.org/observations/356947527,Malus sieversii (Ledeb.) Koidz.,Malus domestica (Suckow) Borkh.,7864241,43.065209,76.918097,27537,WGS84,2026-04-24T17:04,2026,4,24,HUMAN_OBSERVATION,PRESENT,iNaturalist research-grade observations,iNaturalist,Observations,http://creativecommons.org/licenses/by-nc/4.0/legalcode,Kazakhstan,Almaty,,inside,inside
Malus sieversii,Malus_sieversii.json,6253301852,https://www.inaturalist.org/observations/356630451,Malus sieversii (Ledeb.) Koidz.,Malus domestica (Suckow) Borkh.,7864241,43.165928,76.921007,27537,WGS84,2026-04-24T16:16,2026,4,24,HUMAN_OBSERVATION,PRESENT,iNaturalist research-grade observations,iNaturalist,Observations,http://creativecommons.org/licenses/by-nc/4.0/legalcode,Kazakhstan,Almaty,,inside,inside
Malus sieversii,Malus_sieversii.json,6253322322,https://www.inaturalist.org/observations/356947542,Malus sieversii (Ledeb.) Koidz.,Malus domestica (Suckow) Borkh.,7864241,43.044732,76.908263,27537,WGS84,2026-04-24T17:05,2026,4,24,HUMAN_OBSERVATION,PRESENT,iNaturalist research-grade observations,iNaturalist,Observations,http://creativecommons.org/licenses/by-nc/4.0/legalcode,Kazakhstan,Almaty,,inside,inside
Malus sieversii,Malus_sieversii.json,6253359933,https://www.inaturalist.org/observations/356250428,Malus sieversii (Ledeb.) Koidz.,Malus domestica (Suckow) Borkh.,7864241,43.179736,76.941402,27537,WGS84,2026-04-24T15:55,2026,4,24,HUMAN_OBSERVATION,PRESENT,iNaturalist research-grade observations,iNaturalist,Observations,http://creativecommons.org/licenses/by-nc/4.0/legalcode,Kazakhstan,Almaty,,inside,inside
Malus sieversii,Malus_sieversii.json,6253362305,https://www.inaturalist.org/observations/356947528,Malus sieversii (Ledeb.) Koidz.,Malus domestica (Suckow) Borkh.,7864241,43.09201,76.893749,27537,WGS84,2026-04-24T17:04,2026,4,24,HUMAN_OBSERVATION,PRESENT,iNaturalist research-grade observations,iNaturalist,Observations,http://creativecommons.org/licenses/by-nc/4.0/legalcode,Kazakhstan,Almaty,,inside,inside
Malus sieversii,Malus_sieversii.json,6253375525,https://www.inaturalist.org/observations/356947498,Malus sieversii (Ledeb.) Koidz.,Malus domestica (Suckow) Borkh.,7864241,43.003568,76.808861,27537,WGS84,2026-04-24T17:03,2026,4,24,HUMAN_OBSERVATION,PRESENT,iNaturalist research-grade observations,iNaturalist,Observations,http://creativecommons.org/licenses/by-nc/4.0/legalcode,Kazakhstan,Almaty,,inside,inside
Malus sieversii,Malus_sieversii.json,6273580492,https://www.inaturalist.org/observations/359144199,Malus sieversii (Ledeb.) Koidz.,Malus domestica (Suckow) Borkh.,7864241,43.378997,77.058653,27505,WGS84,2026-04-27T10:19,2026,4,27,HUMAN_OBSERVATION,PRESENT,iNaturalist research-grade observations,iNaturalist,Observations,http://creativecommons.org/licenses/by/4.0/legalcode,Kazakhstan,Almaty,,inside,inside
Malus sieversii,Malus_sieversii.json,6273707799,https://www.inaturalist.org/observations/358726426,Malus sieversii (Ledeb.) Koidz.,Malus domestica (Suckow) Borkh.,7864241,43.02726,76.838516,27537,WGS84,2026-04-25T13:50,2026,4,25,HUMAN_OBSERVATION,PRESENT,iNaturalist research-grade observations,iNaturalist,Observations,http://creativecommons.org/licenses/by-nc/4.0/legalcode,Kazakhstan,Almaty,,inside,inside
Malus sieversii,Malus_sieversii.json,6273932655,https://www.inaturalist.org/observations/358740984,Malus sieversii (Ledeb.) Koidz.,Malus domestica (Suckow) Borkh.,7864241,43.122336,76.965561,27537,WGS84,2026-04-25T13:59,2026,4,25,HUMAN_OBSERVATION,PRESENT,iNaturalist research-grade observations,iNaturalist,Observations,http://creativecommons.org/licenses/by-nc/4.0/legalcode,Kazakhstan,Almaty,,inside,inside
Malus sieversii,Malus_sieversii.json,6274272061,https://www.inaturalist.org/observations/358875310,Malus sieversii (Ledeb.) Koidz.,Malus domestica (Suckow) Borkh.,7864241,43.34854,77.026529,27505,WGS84,2026-04-25T09:58,2026,4,25,HUMAN_OBSERVATION,PRESENT,iNaturalist research-grade observations,iNaturalist,Observations,http://creativecommons.org/licenses/by/4.0/legalcode,Kazakhstan,Almaty,,inside,inside
Malus sieversii,Malus_sieversii.json,6274282936,https://www.inaturalist.org/observations/354084274,Malus sieversii (Ledeb.) Koidz.,Malus domestica (Suckow) Borkh.,7864241,43.058345,76.755178,27537,WGS84,2026-04-25T12:18,2026,4,25,HUMAN_OBSERVATION,PRESENT,iNaturalist research-grade observations,iNaturalist,Observations,http://creativecommons.org/licenses/by/4.0/legalcode,Kazakhstan,Almaty,,inside,inside
Malus sieversii,Malus_sieversii.json,6352868121,https://www.inaturalist.org/observations/354667914,Malus sieversii (Ledeb.) Koidz.,Malus domestica (Suckow) Borkh.,7864241,43.008328,76.988,27537,WGS84,26-Apr-26 16:41:24,2026,4,26,HUMAN_OBSERVATION,PRESENT,iNaturalist research-grade observations,iNaturalist,Observations,http://creativecommons.org/licenses/by-nc/4.0/legalcode,Kazakhstan,Almaty,,inside,inside
Malus sieversii,Malus_sieversii.json,6274215565,https://www.inaturalist.org/observations/360680702,Malus sieversii (Ledeb.) Koidz.,Malus domestica (Suckow) Borkh.,7864241,43.043975,76.930713,27537,WGS84,08-May-26 14:24:27,2026,5,8,HUMAN_OBSERVATION,PRESENT,iNaturalist research-grade observations,iNaturalist,Observations,http://creativecommons.org/licenses/by-nc/4.0/legalcode,Kazakhstan,Almaty,,inside,inside
Malus sieversii,Malus_sieversii.json,6320289874,https://www.inaturalist.org/observations/361079845,Malus sieversii (Ledeb.) Koidz.,Malus domestica (Suckow) Borkh.,7864241,43.191119,77.035643,27537,WGS84,13-May-26 10:35:49,2026,5,13,HUMAN_OBSERVATION,PRESENT,iNaturalist research-grade observations,iNaturalist,Observations,http://creativecommons.org/licenses/by-nc/4.0/legalcode,Kazakhstan,Almaty,,inside,inside
Malus sieversii,Malus_sieversii.json,6320321863,https://www.inaturalist.org/observations/361107026,Malus sieversii (Ledeb.) Koidz.,Malus domestica (Suckow) Borkh.,7864241,43.023548,77.151663,27537,WGS84,13-May-26 14:22:58,2026,5,13,HUMAN_OBSERVATION,PRESENT,iNaturalist research-grade observations,iNaturalist,Observations,http://creativecommons.org/licenses/by-nc/4.0/legalcode,Kazakhstan,Almaty,,inside,inside
Malus sieversii,Malus_sieversii.json,6352696375,https://www.inaturalist.org/observations/361109615,Malus sieversii (Ledeb.) Koidz.,Malus domestica (Suckow) Borkh.,7864241,43.012179,77.017085,27537,WGS84,13-May-26 14:57:30,2026,5,13,HUMAN_OBSERVATION,PRESENT,iNaturalist research-grade observations,iNaturalist,Observations,http://creativecommons.org/licenses/by-nc/4.0/legalcode,Kazakhstan,Almaty,,inside,inside
Malus sieversii,Malus_sieversii.json,6498778576,https://www.inaturalist.org/observations/376185893,Malus sieversii (Ledeb.) Koidz.,Malus domestica (Suckow) Borkh.,7864241,43.294355,75.219006,27505,WGS84,2026-06-27T15:51,2026,6,27,HUMAN_OBSERVATION,PRESENT,iNaturalist research-grade observations,iNaturalist,Observations,http://creativecommons.org/licenses/by-nc/4.0/legalcode,Kazakhstan,Almaty,,outside,inside
Malus sieversii,Malus_sieversii.json,6519441296,https://www.inaturalist.org/observations/397450958,Malus sieversii (Ledeb.) Koidz.,Malus domestica (Suckow) Borkh.,7864241,43.172125,77.154198,27537,WGS84,05-Sep-26 17:59:47,2026,9,5,HUMAN_OBSERVATION,PRESENT,iNaturalist research-grade observations,iNaturalist,Observations,http://creativecommons.org/licenses/by-nc/4.0/legalcode,Kazakhstan,Almaty,,inside,inside
Malus sieversii,Malus_sieversii.json,6520610743,https://www.inaturalist.org/observations/397451696,Malus sieversii (Ledeb.) Koidz.,Malus domestica (Suckow) Borkh.,7864241,43.006053,77.0562,27537,WGS84,05-Sep-26 17:58:08,2026,9,5,HUMAN_OBSERVATION,PRESENT,iNaturalist research-grade observations,iNaturalist,Observations,http://creativecommons.org/licenses/by-nc/4.0/legalcode,Kazakhstan,Almaty,,inside,inside
Malus sieversii,Malus_sieversii.json,5154262759,https://www.inaturalist.org/observations/262830267,Malus sieversii (Ledeb.) Koidz.,Malus domestica (Suckow) Borkh.,7864241,43.078872,76.974086,27537,WGS84,2025-02-23T12:33,2025,2,23,HUMAN_OBSERVATION,PRESENT,iNaturalist research-grade observations,iNaturalist,Observations,http://creativecommons.org/licenses/by/4.0/legalcode,Kazakhstan,Almaty,,inside,inside
Malus sieversii,Malus_sieversii.json,5153276862,https://www.inaturalist.org/observations/265688224,Malus sieversii (Ledeb.) Koidz.,Malus domestica (Suckow) Borkh.,7864241,43.381369,77.187411,27505,WGS84,2025-03-15T13:28,2025,3,15,HUMAN_OBSERVATION,PRESENT,iNaturalist research-grade observations,iNaturalist,Observations,http://creativecommons.org/licenses/by/4.0/legalcode,Kazakhstan,Almaty,,inside,inside
Malus sieversii,Malus_sieversii.json,5140387751,https://www.inaturalist.org/observations/273538165,Malus sieversii (Ledeb.) Koidz.,Malus domestica (Suckow) Borkh.,7864241,43.149363,76.960571,27537,WGS84,2025-04-25T15:00,2025,4,25,HUMAN_OBSERVATION,PRESENT,iNaturalist research-grade observations,iNaturalist,Observations,http://creativecommons.org/licenses/by/4.0/legalcode,Kazakhstan,Almaty,,inside,inside
Malus sieversii,Malus_sieversii.json,5140481660,https://www.inaturalist.org/observations/273537990,Malus sieversii (Ledeb.) Koidz.,Malus domestica (Suckow) Borkh.,7864241,43.059284,76.905762,27537,WGS84,2025-04-25T13:31,2025,4,25,HUMAN_OBSERVATION,PRESENT,iNaturalist research-grade observations,iNaturalist,Observations,http://creativecommons.org/licenses/by/4.0/legalcode,Kazakhstan,Almaty,,inside,inside
Malus sieversii,Malus_sieversii.json,5140487548,https://www.inaturalist.org/observations/274104412,Malus sieversii (Ledeb.) Koidz.,Malus domestica (Suckow) Borkh.,7864241,43.047741,76.848551,27537,WGS84,2025-04-26T15:36,2025,4,26,HUMAN_OBSERVATION,PRESENT,iNaturalist research-grade observations,iNaturalist,Observations,http://creativecommons.org/licenses/by-nc/4.0/legalcode,Kazakhstan,Almaty,,inside,inside
Malus sieversii,Malus_sieversii.json,5140581708,https://www.inaturalist.org/observations/274103181,Malus sieversii (Ledeb.) Koidz.,Malus domestica (Suckow) Borkh.,7864241,43.010448,76.857905,27537,WGS84,2025-04-26T15:34,2025,4,26,HUMAN_OBSERVATION,PRESENT,iNaturalist research-grade observations,iNaturalist,Observations,http://creativecommons.org/licenses/by-nc/4.0/legalcode,Kazakhstan,Almaty,,inside,inside
Malus sieversii,Malus_sieversii.json,5140592656,https://www.inaturalist.org/observations/274103875,Malus sieversii (Ledeb.) Koidz.,Malus domestica (Suckow) Borkh.,7864241,43.175119,76.938669,27537,WGS84,2025-04-26T15:36,2025,4,26,HUMAN_OBSERVATION,PRESENT,iNaturalist research-grade observations,iNaturalist,Observations,http://creativecommons.org/licenses/by-nc/4.0/legalcode,Kazakhstan,Almaty,,inside,inside
Malus sieversii,Malus_sieversii.json,5140693514,https://www.inaturalist.org/observations/274844011,Malus sieversii (Ledeb.) Koidz.,Malus domestica (Suckow) Borkh.,7864241,43.343644,76.899169,27505,WGS84,2025-04-26T10:14,2025,4,26,HUMAN_OBSERVATION,PRESENT,iNaturalist research-grade observations,iNaturalist,Observations,http://creativecommons.org/licenses/by-nc/4.0/legalcode,Kazakhstan,Almaty,,inside,inside
Malus sieversii,Malus_sieversii.json,5140844595,https://www.inaturalist.org/observations/275802376,Malus sieversii (Ledeb.) Koidz.,Malus domestica (Suckow) Borkh.,7864241,43.230682,77.182844,27505,WGS84,2025-04-28T16:27,2025,4,28,HUMAN_OBSERVATION,PRESENT,iNaturalist research-grade observations,iNaturalist,Observations,http://creativecommons.org/licenses/by/4.0/legalcode,Kazakhstan,Almaty,,inside,inside
Malus sieversii,Malus_sieversii.json,5140844596,https://www.inaturalist.org/observations/275802399,Malus sieversii (Ledeb.) Koidz.,Malus domestica (Suckow) Borkh.,7864241,43.25168,77.020114,27505,WGS84,2025-04-28T16:29,2025,4,28,HUMAN_OBSERVATION,PRESENT,iNaturalist research-grade observations,iNaturalist,Observations,http://creativecommons.org/licenses/by/4.0/legalcode,Kazakhstan,Almaty,,inside,inside
Malus sieversii,Malus_sieversii.json,5140990530,https://www.inaturalist.org/observations/275802378,Malus sieversii (Ledeb.) Koidz.,Malus domestica (Suckow) Borkh.,7864241,43.299049,77.161752,27505,WGS84,2025-04-28T16:29,2025,4,28,HUMAN_OBSERVATION,PRESENT,iNaturalist research-grade observations,iNaturalist,Observations,http://creativecommons.org/licenses/by/4.0/legalcode,Kazakhstan,Almaty,,inside,inside
Malus sieversii,Malus_sieversii.json,5153079394,https://www.inaturalist.org/observations/277812084,Malus sieversii (Ledeb.) Koidz.,Malus domestica (Suckow) Borkh.,7864241,43.028016,76.986727,27537,WGS84,2025-04-27T15:10,2025,4,27,HUMAN_OBSERVATION,PRESENT,iNaturalist research-grade observations,iNaturalist,Observations,http://creativecommons.org/licenses/by-nc/4.0/legalcode,Kazakhstan,Almaty,,inside,inside
Malus sieversii,Malus_sieversii.json,5153134421,https://www.inaturalist.org/observations/278381600,Malus sieversii (Ledeb.) Koidz.,Malus domestica (Suckow) Borkh.,7864241,43.143193,76.970155,27537,WGS84,2025-04-27T08:44,2025,4,27,HUMAN_OBSERVATION,PRESENT,iNaturalist research-grade observations,iNaturalist,Observations,http://creativecommons.org/licenses/by-nc/4.0/legalcode,Kazakhstan,Almaty,,inside,inside
Malus sieversii,Malus_sieversii.json,5153136057,https://www.inaturalist.org/observations/278381488,Malus sieversii (Ledeb.) Koidz.,Malus domestica (Suckow) Borkh.,7864241,43.118745,76.940874,27537,WGS84,2025-04-27T08:44,2025,4,27,HUMAN_OBSERVATION,PRESENT,iNaturalist research-grade observations,iNaturalist,Observations,http://creativecommons.org/licenses/by-nc/4.0/legalcode,Kazakhstan,Almaty,,inside,inside
Malus sieversii,Malus_sieversii.json,5153400915,https://www.inaturalist.org/observations/278379613,Malus sieversii (Ledeb.) Koidz.,Malus domestica (Suckow) Borkh.,7864241,43.156469,76.876806,27537,WGS84,2025-04-27T08:44,2025,4,27,HUMAN_OBSERVATION,PRESENT,iNaturalist research-grade observations,iNaturalist,Observations,http://creativecommons.org/licenses/by-nc/4.0/legalcode,Kazakhstan,Almaty,,inside,inside
Malus sieversii,Malus_sieversii.json,5153552947,https://www.inaturalist.org/observations/278380148,Malus sieversii (Ledeb.) Koidz.,Malus domestica (Suckow) Borkh.,7864241,43.004032,76.803726,27537,WGS84,2025-04-27T08:44,2025,4,27,HUMAN_OBSERVATION,PRESENT,iNaturalist research-grade observations,iNaturalist,Observations,http://creativecommons.org/licenses/by-nc/4.0/legalcode,Kazakhstan,Almaty,,inside,inside
Malus sieversii,Malus_sieversii.json,5153597174,https://www.inaturalist.org/observations/277812069,Malus sieversii (Ledeb.) Koidz.,Malus domestica (Suckow) Borkh.,7864241,43.122557,76.933162,27537,WGS84,2025-04-27T15:10,2025,4,27,HUMAN_OBSERVATION,PRESENT,iNaturalist research-grade observations,iNaturalist,Observations,http://creativecommons.org/licenses/by-nc/4.0/legalcode,Kazakhstan,Almaty,,inside,inside
Malus sieversii,Malus_sieversii.json,5153722944,https://www.inaturalist.org/observations/278381977,Malus sieversii (Ledeb.) Koidz.,Malus domestica (Suckow) Borkh.,7864241,43.025284,76.946516,27537,WGS84,2025-04-27T08:44,2025,4,27,HUMAN_OBSERVATION,PRESENT,iNaturalist research-grade observations,iNaturalist,Observations,http://creativecommons.org/licenses/by-nc/4.0/legalcode,Kazakhstan,Almaty,,inside,inside
Malus sieversii,Malus_sieversii.json,5153779444,https://www.inaturalist.org/observations/278381924,Malus sieversii (Ledeb.) Koidz.,Malus domestica (Suckow) Borkh.,7864241,43.071836,76.94499,27537,WGS84,2025-04-27T08:44,2025,4,27,HUMAN_OBSERVATION,PRESENT,iNaturalist research-grade observations,iNaturalist,Observations,http://creativecommons.org/licenses/by-nc/4.0/legalcode,Kazakhstan,Almaty,,inside,inside
Malus sieversii,Malus_sieversii.json,5153834350,https://www.inaturalist.org/observations/278373841,Malus sieversii (Ledeb.) Koidz.,Malus domestica (Suckow) Borkh.,7864241,43.128774,76.912661,27537,WGS84,2025-04-27T08:44,2025,4,27,HUMAN_OBSERVATION,PRESENT,iNaturalist research-grade observations,iNaturalist,Observations,http://creativecommons.org/licenses/by-nc/4.0/legalcode,Kazakhstan,Almaty,,inside,inside
Malus sieversii,Malus_sieversii.json,5153959474,https://www.inaturalist.org/observations/277043553,Malus sieversii (Ledeb.) Koidz.,Malus domestica (Suckow) Borkh.,7864241,45.584363,80.224762,27158,WGS84,30-Apr-25 13:59:55,2025,4,30,HUMAN_OBSERVATION,PRESENT,iNaturalist research-grade observations,iNaturalist,Observations,http://creativecommons.org/licenses/by-nc/4.0/legalcode,Kazakhstan,Almaty,,inside,inside
Malus sieversii,Malus_sieversii.json,5154032935,https://www.inaturalist.org/observations/278374584,Malus sieversii (Ledeb.) Koidz.,Malus domestica (Suckow) Borkh.,7864241,43.133828,76.803906,27537,WGS84,2025-04-27T08:44,2025,4,27,HUMAN_OBSERVATION,PRESENT,iNaturalist research-grade observations,iNaturalist,Observations,http://creativecommons.org/licenses/by-nc/4.0/legalcode,Kazakhstan,Almaty,,inside,inside
Malus sieversii,Malus_sieversii.json,5154078600,https://www.inaturalist.org/observations/277772541,Malus sieversii (Ledeb.) Koidz.,Malus domestica (Suckow) Borkh.,7864241,43.256409,76.893161,27505,WGS84,2025-04-25T17:53,2025,4,25,HUMAN_OBSERVATION,PRESENT,iNaturalist research-grade observations,iNaturalist,Observations,http://creativecommons.org/licenses/by-nc/4.0/legalcode,Kazakhstan,Almaty,,inside,inside
Malus sieversii,Malus_sieversii.json,5154110486,https://www.inaturalist.org/observations/276942101,Malus sieversii (Ledeb.) Koidz.,Malus domestica (Suckow) Borkh.,7864241,43.116541,76.757428,27537,WGS84,30-Apr-25 10:32:23,2025,4,30,HUMAN_OBSERVATION,PRESENT,iNaturalist research-grade observations,iNaturalist,Observations,http://creativecommons.org/licenses/by-nc/4.0/legalcode,Kazakhstan,Almaty,,inside,inside
Malus sieversii,Malus_sieversii.json,5154146160,https://www.inaturalist.org/observations/278381421,Malus sieversii (Ledeb.) Koidz.,Malus domestica (Suckow) Borkh.,7864241,43.1883,76.936033,27537,WGS84,2025-04-27T08:44,2025,4,27,HUMAN_OBSERVATION,PRESENT,iNaturalist research-grade observations,iNaturalist,Observations,http://creativecommons.org/licenses/by-nc/4.0/legalcode,Kazakhstan,Almaty,,inside,inside
Malus sieversii,Malus_sieversii.json,5154164088,https://www.inaturalist.org/observations/278381125,Malus sieversii (Ledeb.) Koidz.,Malus domestica (Suckow) Borkh.,7864241,43.006217,76.914388,27537,WGS84,2025-04-27T08:44,2025,4,27,HUMAN_OBSERVATION,PRESENT,iNaturalist research-grade observations,iNaturalist,Observations,http://creativecommons.org/licenses/by-nc/4.0/legalcode,Kazakhstan,Almaty,,inside,inside
Malus sieversii,Malus_sieversii.json,5154201229,https://www.inaturalist.org/observations/278364970,Malus sieversii (Ledeb.) Koidz.,Malus domestica (Suckow) Borkh.,7864241,43.105422,76.957859,27537,WGS84,2025-04-27T08:44,2025,4,27,HUMAN_OBSERVATION,PRESENT,iNaturalist research-grade observations,iNaturalist,Observations,http://creativecommons.org/licenses/by-nc/4.0/legalcode,Kazakhstan,Almaty,,inside,inside
Malus sieversii,Malus_sieversii.json,5154323031,https://www.inaturalist.org/observations/271396453,Malus sieversii (Ledeb.) Koidz.,Malus domestica (Suckow) Borkh.,7864241,43.265762,76.90995,27505,WGS84,19-Apr-25 14:00:54,2025,4,19,HUMAN_OBSERVATION,PRESENT,iNaturalist research-grade observations,iNaturalist,Observations,http://creativecommons.org/licenses/by-nc/4.0/legalcode,Kazakhstan,Almaty,,inside,inside
Malus sieversii,Malus_sieversii.json,5154463854,https://www.inaturalist.org/observations/278416582,Malus sieversii (Ledeb.) Koidz.,Malus domestica (Suckow) Borkh.,7864241,43.224795,77.774045,27505,WGS84,2025-04-25T13:02,2025,4,25,HUMAN_OBSERVATION,PRESENT,iNaturalist research-grade observations,iNaturalist,Observations,http://creativecommons.org/licenses/by/4.0/legalcode,Kazakhstan,Almaty,,inside,inside
Malus sieversii,Malus_sieversii.json,5154619145,https://www.inaturalist.org/observations/278380402,Malus sieversii (Ledeb.) Koidz.,Malus domestica (Suckow) Borkh.,7864241,43.18537,76.83313,27537,WGS84,2025-04-27T08:44,2025,4,27,HUMAN_OBSERVATION,PRESENT,iNaturalist research-grade observations,iNaturalist,Observations,http://creativecommons.org/licenses/by-nc/4.0/legalcode,Kazakhstan,Almaty,,inside,inside
Malus sieversii,Malus_sieversii.json,5154623619,https://www.inaturalist.org/observations/273538187,Malus sieversii (Ledeb.) Koidz.,Malus domestica (Suckow) Borkh.,7864241,43.002394,76.956062,27537,WGS84,2025-04-25T15:08,2025,4,25,HUMAN_OBSERVATION,PRESENT,iNaturalist research-grade observations,iNaturalist,Observations,http://creativecommons.org/licenses/by/4.0/legalcode,Kazakhstan,Almaty,,inside,inside
Malus sieversii,Malus_sieversii.json,5154656848,https://www.inaturalist.org/observations/277800014,Malus sieversii (Ledeb.) Koidz.,Malus domestica (Suckow) Borkh.,7864241,43.173282,76.876117,27537,WGS84,2025-04-27T14:28,2025,4,27,HUMAN_OBSERVATION,PRESENT,iNaturalist research-grade observations,iNaturalist,Observations,http://creativecommons.org/licenses/by-nc/4.0/legalcode,Kazakhstan,Almaty,,inside,inside
Malus sieversii,Malus_sieversii.json,5177225615,https://www.inaturalist.org/observations/276926427,Malus sieversii (Ledeb.) Koidz.,Malus domestica (Suckow) Borkh.,7864241,43.067212,76.650412,27537,WGS84,30-Apr-25 10:32:43,2025,4,30,HUMAN_OBSERVATION,PRESENT,iNaturalist research-grade observations,iNaturalist,Observations,http://creativecommons.org/licenses/by-nc/4.0/legalcode,Kazakhstan,Almaty,,inside,inside
Malus sieversii,Malus_sieversii.json,5892628644,https://www.inaturalist.org/observations/324987863,Malus sieversii (Ledeb.) Koidz.,Malus domestica (Suckow) Borkh.,7864241,43.281807,77.120341,27505,WGS84,2025-04-13T12:00,2025,4,13,HUMAN_OBSERVATION,PRESENT,iNaturalist research-grade observations,iNaturalist,Observations,http://creativecommons.org/licenses/by/4.0/legalcode,Kazakhstan,Almaty,,inside,inside
Malus sieversii,Malus_sieversii.json,5153118629,https://www.inaturalist.org/observations/277401096,Malus sieversii (Ledeb.) Koidz.,Malus domestica (Suckow) Borkh.,7864241,43.396253,77.226982,27505,WGS84,2025-05-01T11:15,2025,5,1,HUMAN_OBSERVATION,PRESENT,iNaturalist research-grade observations,iNaturalist,Observations,http://creativecommons.org/licenses/by-nc/4.0/legalcode,Kazakhstan,Almaty,,inside,inside
Malus sieversii,Malus_sieversii.json,5153609489,https://www.inaturalist.org/observations/278416482,Malus sieversii (Ledeb.) Koidz.,Malus domestica (Suckow) Borkh.,7864241,43.046636,77.177324,27537,WGS84,04-May-25 15:54:04,2025,5,4,HUMAN_OBSERVATION,PRESENT,iNaturalist research-grade observations,iNaturalist,Observations,http://creativecommons.org/licenses/by-nc/4.0/legalcode,Kazakhstan,Almaty,,inside,inside
Malus sieversii,Malus_sieversii.json,5153832156,https://www.inaturalist.org/observations/278410665,Malus sieversii (Ledeb.) Koidz.,Malus domestica (Suckow) Borkh.,7864241,43.140563,77.045016,27537,WGS84,04-May-25 18:06:30,2025,5,4,HUMAN_OBSERVATION,PRESENT,iNaturalist research-grade observations,iNaturalist,Observations,http://creativecommons.org/licenses/by-nc/4.0/legalcode,Kazakhstan,Almaty,,inside,inside
Malus sieversii,Malus_sieversii.json,5154032459,https://www.inaturalist.org/observations/277975911,Malus sieversii (Ledeb.) Koidz.,Malus domestica (Suckow) Borkh.,7864241,43.388195,77.352413,27505,WGS84,01-May-25 11:03:43,2025,5,1,HUMAN_OBSERVATION,PRESENT,iNaturalist research-grade observations,iNaturalist,Observations,http://creativecommons.org/licenses/by-nc/4.0/legalcode,Kazakhstan,Almaty,,inside,inside
Malus sieversii,Malus_sieversii.json,5154189612,https://www.inaturalist.org/observations/278399515,Malus sieversii (Ledeb.) Koidz.,Malus domestica (Suckow) Borkh.,7864241,43.148519,77.035599,27537,WGS84,04-May-25 18:21:26,2025,5,4,HUMAN_OBSERVATION,PRESENT,iNaturalist research-grade observations,iNaturalist,Observations,http://creativecommons.org/licenses/by-nc/4.0/legalcode,Kazakhstan,Almaty,,inside,inside
Malus sieversii,Malus_sieversii.json,5154494513,https://www.inaturalist.org/observations/278415835,Malus sieversii (Ledeb.) Koidz.,Malus domestica (Suckow) Borkh.,7864241,43.022329,77.115443,27537,WGS84,04-May-25 16:39:29,2025,5,4,HUMAN_OBSERVATION,PRESENT,iNaturalist research-grade observations,iNaturalist,Observations,http://creativecommons.org/licenses/by-nc/4.0/legalcode,Kazakhstan,Almaty,,inside,inside
Malus sieversii,Malus_sieversii.json,5188034549,https://www.inaturalist.org/observations/287305157,Malus sieversii (Ledeb.) Koidz.,Malus domestica (Suckow) Borkh.,7864241,43.178941,77.123126,27537,WGS84,06-Jun-25 18:02:18,2025,6,6,HUMAN_OBSERVATION,PRESENT,iNaturalist research-grade observations,iNaturalist,Observations,http://creativecommons.org/licenses/by-nc/4.0/legalcode,Kazakhstan,Almaty,,inside,inside
Malus sieversii,Malus_sieversii.json,5199097472,https://www.inaturalist.org/observations/289939587,Malus sieversii (Ledeb.) Koidz.,Malus domestica (Suckow) Borkh.,7864241,43.478678,77.259362,27474,WGS84,2025-06-15T14:46,2025,6,15,HUMAN_OBSERVATION,PRESENT,iNaturalist research-grade observations,iNaturalist,Observations,http://creativecommons.org/licenses/by-nc/4.0/legalcode,Kazakhstan,Almaty,,inside,inside
Malus sieversii,Malus_sieversii.json,5839905269,https://www.inaturalist.org/observations/318161507,Malus sieversii (Ledeb.) Koidz.,Malus domestica (Suckow) Borkh.,7864241,43.03142,77.000476,27537,WGS84,2025-08-26T11:09,2025,8,26,HUMAN_OBSERVATION,PRESENT,iNaturalist research-grade observations,iNaturalist,Observations,http://creativecommons.org/licenses/by-nc/4.0/legalcode,Kazakhstan,Almaty,,inside,inside
Malus sieversii,Malus_sieversii.json,5840052817,https://www.inaturalist.org/observations/318254708,Malus sieversii (Ledeb.) Koidz.,Malus domestica (Suckow) Borkh.,7864241,43.014276,77.173922,27537,WGS84,2025-08-26T11:20,2025,8,26,HUMAN_OBSERVATION,PRESENT,iNaturalist research-grade observations,iNaturalist,Observations,http://creativecommons.org/licenses/by-nc/4.0/legalcode,Kazakhstan,Almaty,,inside,inside
Malus sieversii,Malus_sieversii.json,5897426811,https://www.inaturalist.org/observations/326960919,Malus sieversii (Ledeb.) Koidz.,Malus domestica (Suckow) Borkh.,7864241,43.062828,76.720319,27537,WGS84,2025-11-17T13:47,2025,11,17,HUMAN_OBSERVATION,PRESENT,iNaturalist research-grade observations,iNaturalist,Observations,http://creativecommons.org/licenses/by/4.0/legalcode,Kazakhstan,Almaty,,inside,inside
Malus sieversii,Malus_sieversii.json,4606579762,https://www.inaturalist.org/observations/204181965,Malus sieversii (Ledeb.) Koidz.,Malus domestica (Suckow) Borkh.,7864241,43.119056,76.889209,27537,WGS84,2024-03-25T14:42,2024,3,25,HUMAN_OBSERVATION,PRESENT,iNaturalist research-grade observations,iNaturalist,Observations,http://creativecommons.org/licenses/by-nc/4.0/legalcode,Kazakhstan,Almaty,,inside,inside
Malus sieversii,Malus_sieversii.json,4606650940,https://www.inaturalist.org/observations/204271023,Malus sieversii (Ledeb.) Koidz.,Malus domestica (Suckow) Borkh.,7864241,43.134906,76.910751,27537,WGS84,2024-03-25T16:45,2024,3,25,HUMAN_OBSERVATION,PRESENT,iNaturalist research-grade observations,iNaturalist,Observations,http://creativecommons.org/licenses/by-nc/4.0/legalcode,Kazakhstan,Almaty,,inside,inside
Malus sieversii,Malus_sieversii.json,4606698880,https://www.inaturalist.org/observations/204271034,Malus sieversii (Ledeb.) Koidz.,Malus domestica (Suckow) Borkh.,7864241,43.09185,76.98928,27537,WGS84,2024-03-25T16:24,2024,3,25,HUMAN_OBSERVATION,PRESENT,iNaturalist research-grade observations,iNaturalist,Observations,http://creativecommons.org/licenses/by-nc/4.0/legalcode,Kazakhstan,Almaty,,inside,inside
Malus sieversii,Malus_sieversii.json,4606707786,https://www.inaturalist.org/observations/204271030,Malus sieversii (Ledeb.) Koidz.,Malus domestica (Suckow) Borkh.,7864241,43.158208,76.806263,27537,WGS84,2024-03-25T16:39,2024,3,25,HUMAN_OBSERVATION,PRESENT,iNaturalist research-grade observations,iNaturalist,Observations,http://creativecommons.org/licenses/by-nc/4.0/legalcode,Kazakhstan,Almaty,,inside,inside
Malus sieversii,Malus_sieversii.json,4606707787,https://www.inaturalist.org/observations/204271074,Malus sieversii (Ledeb.) Koidz.,Malus domestica (Suckow) Borkh.,7864241,43.114967,76.864857,27537,WGS84,2024-03-25T15:51,2024,3,25,HUMAN_OBSERVATION,PRESENT,iNaturalist research-grade observations,iNaturalist,Observations,http://creativecommons.org/licenses/by-nc/4.0/legalcode,Kazakhstan,Almaty,,inside,inside
Malus sieversii,Malus_sieversii.json,4606711549,https://www.inaturalist.org/observations/204271042,Malus sieversii (Ledeb.) Koidz.,Malus domestica (Suckow) Borkh.,7864241,43.097381,76.848382,27537,WGS84,2024-03-25T16:20,2024,3,25,HUMAN_OBSERVATION,PRESENT,iNaturalist research-grade observations,iNaturalist,Observations,http://creativecommons.org/licenses/by-nc/4.0/legalcode,Kazakhstan,Almaty,,inside,inside
Malus sieversii,Malus_sieversii.json,4606730037,https://www.inaturalist.org/observations/204271060,Malus sieversii (Ledeb.) Koidz.,Malus domestica (Suckow) Borkh.,7864241,43.08469,76.988343,27537,WGS84,2024-03-25T16:06,2024,3,25,HUMAN_OBSERVATION,PRESENT,iNaturalist research-grade observations,iNaturalist,Observations,http://creativecommons.org/licenses/by-nc/4.0/legalcode,Kazakhstan,Almaty,,inside,inside
Malus sieversii,Malus_sieversii.json,4606746644,https://www.inaturalist.org/observations/204271020,Malus sieversii (Ledeb.) Koidz.,Malus domestica (Suckow) Borkh.,7864241,43.112303,76.916824,27537,WGS84,2024-03-25T16:50,2024,3,25,HUMAN_OBSERVATION,PRESENT,iNaturalist research-grade observations,iNaturalist,Observations,http://creativecommons.org/licenses/by-nc/4.0/legalcode,Kazakhstan,Almaty,,inside,inside
Malus sieversii,Malus_sieversii.json,4606761392,https://www.inaturalist.org/observations/204271054,Malus sieversii (Ledeb.) Koidz.,Malus domestica (Suckow) Borkh.,7864241,43.125212,76.909823,27537,WGS84,2024-03-25T16:09,2024,3,25,HUMAN_OBSERVATION,PRESENT,iNaturalist research-grade observations,iNaturalist,Observations,http://creativecommons.org/licenses/by-nc/4.0/legalcode,Kazakhstan,Almaty,,inside,inside
Malus sieversii,Malus_sieversii.json,4606905274,https://www.inaturalist.org/observations/204271048,Malus sieversii (Ledeb.) Koidz.,Malus domestica (Suckow) Borkh.,7864241,43.033379,76.959766,27537,WGS84,2024-03-25T16:16,2024,3,25,HUMAN_OBSERVATION,PRESENT,iNaturalist research-grade observations,iNaturalist,Observations,http://creativecommons.org/licenses/by-nc/4.0/legalcode,Kazakhstan,Almaty,,inside,inside
Malus sieversii,Malus_sieversii.json,4606785003,https://www.inaturalist.org/observations/206150927,Malus sieversii (Ledeb.) Koidz.,Malus domestica (Suckow) Borkh.,7864241,43.331549,76.953676,27505,WGS84,2024-04-08T16:11,2024,4,8,HUMAN_OBSERVATION,PRESENT,iNaturalist research-grade observations,iNaturalist,Observations,http://creativecommons.org/licenses/by-nc/4.0/legalcode,Kazakhstan,Almaty,,inside,inside
Malus sieversii,Malus_sieversii.json,4851974325,https://www.inaturalist.org/observations/211681435,Malus sieversii (Ledeb.) Koidz.,Malus domestica (Suckow) Borkh.,7864241,43.114053,76.629344,27537,WGS84,2024-04-29T16:11,2024,4,29,HUMAN_OBSERVATION,PRESENT,iNaturalist research-grade observations,iNaturalist,Observations,http://creativecommons.org/licenses/by/4.0/legalcode,Kazakhstan,Almaty,,inside,inside
Malus sieversii,Malus_sieversii.json,4854853302,https://www.inaturalist.org/observations/212202365,Malus sieversii (Ledeb.) Koidz.,Malus domestica (Suckow) Borkh.,7864241,43.143684,76.948938,27537,WGS84,28-Apr-24 15:07:44,2024,4,28,HUMAN_OBSERVATION,PRESENT,iNaturalist research-grade observations,iNaturalist,Observations,http://creativecommons.org/licenses/by-nc/4.0/legalcode,Kazakhstan,Almaty,,inside,inside
Malus sieversii,Malus_sieversii.json,4854894821,https://www.inaturalist.org/observations/212985416,Malus sieversii (Ledeb.) Koidz.,Malus domestica (Suckow) Borkh.,7864241,43.182639,76.860789,27537,WGS84,2024-04-29T10:01,2024,4,29,HUMAN_OBSERVATION,PRESENT,iNaturalist research-grade observations,iNaturalist,Observations,http://creativecommons.org/licenses/by-nc/4.0/legalcode,Kazakhstan,Almaty,,inside,inside
Malus sieversii,Malus_sieversii.json,4854898551,https://www.inaturalist.org/observations/212233879,Malus sieversii (Ledeb.) Koidz.,Malus domestica (Suckow) Borkh.,7864241,43.243021,77.085157,27505,WGS84,2024-04-29T13:28,2024,4,29,HUMAN_OBSERVATION,PRESENT,iNaturalist research-grade observations,iNaturalist,Observations,http://creativecommons.org/licenses/by-nc/4.0/legalcode,Kazakhstan,Almaty,,inside,inside
Malus sieversii,Malus_sieversii.json,4855085169,https://www.inaturalist.org/observations/212985447,Malus sieversii (Ledeb.) Koidz.,Malus domestica (Suckow) Borkh.,7864241,43.051166,76.837971,27537,WGS84,2024-04-29T10:01,2024,4,29,HUMAN_OBSERVATION,PRESENT,iNaturalist research-grade observations,iNaturalist,Observations,http://creativecommons.org/licenses/by-nc/4.0/legalcode,Kazakhstan,Almaty,,inside,inside
Malus sieversii,Malus_sieversii.json,4855174552,https://www.inaturalist.org/observations/212842418,Malus sieversii (Ledeb.) Koidz.,Malus domestica (Suckow) Borkh.,7864241,43.101507,76.92515,27537,WGS84,29-Apr-24 17:43:16,2024,4,29,HUMAN_OBSERVATION,PRESENT,iNaturalist research-grade observations,iNaturalist,Observations,http://creativecommons.org/licenses/by-nc/4.0/legalcode,Kazakhstan,Almaty,,inside,inside
Malus sieversii,Malus_sieversii.json,4855237132,https://www.inaturalist.org/observations/212241795,Malus sieversii (Ledeb.) Koidz.,Malus domestica (Suckow) Borkh.,7864241,43.392372,77.033271,27505,WGS84,2024-04-29T13:48,2024,4,29,HUMAN_OBSERVATION,PRESENT,iNaturalist research-grade observations,iNaturalist,Observations,http://creativecommons.org/licenses/by-nc/4.0/legalcode,Kazakhstan,Almaty,,inside,inside
Malus sieversii,Malus_sieversii.json,4855243688,https://www.inaturalist.org/observations/212985403,Malus sieversii (Ledeb.) Koidz.,Malus domestica (Suckow) Borkh.,7864241,43.025742,76.992284,27537,WGS84,2024-04-29T10:01,2024,4,29,HUMAN_OBSERVATION,PRESENT,iNaturalist research-grade observations,iNaturalist,Observations,http://creativecommons.org/licenses/by-nc/4.0/legalcode,Kazakhstan,Almaty,,inside,inside
Malus sieversii,Malus_sieversii.json,4855252213,https://www.inaturalist.org/observations/212985399,Malus sieversii (Ledeb.) Koidz.,Malus domestica (Suckow) Borkh.,7864241,43.068242,76.91613,27537,WGS84,2024-04-29T10:01,2024,4,29,HUMAN_OBSERVATION,PRESENT,iNaturalist research-grade observations,iNaturalist,Observations,http://creativecommons.org/licenses/by-nc/4.0/legalcode,Kazakhstan,Almaty,,inside,inside
Malus sieversii,Malus_sieversii.json,4855366199,https://www.inaturalist.org/observations/212985398,Malus sieversii (Ledeb.) Koidz.,Malus domestica (Suckow) Borkh.,7864241,43.1383,76.911088,27537,WGS84,2024-04-29T10:01,2024,4,29,HUMAN_OBSERVATION,PRESENT,iNaturalist research-grade observations,iNaturalist,Observations,http://creativecommons.org/licenses/by-nc/4.0/legalcode,Kazakhstan,Almaty,,inside,inside
Malus sieversii,Malus_sieversii.json,4855399978,https://www.inaturalist.org/observations/213029426,Malus sieversii (Ledeb.) Koidz.,Malus domestica (Suckow) Borkh.,7864241,43.267393,77.069552,27505,WGS84,2024-04-29T14:41,2024,4,29,HUMAN_OBSERVATION,PRESENT,iNaturalist research-grade observations,iNaturalist,Observations,http://creativecommons.org/licenses/by/4.0/legalcode,Kazakhstan,Almaty,,inside,inside
Malus sieversii,Malus_sieversii.json,4855404239,https://www.inaturalist.org/observations/212985390,Malus sieversii (Ledeb.) Koidz.,Malus domestica (Suckow) Borkh.,7864241,43.029057,76.828412,27537,WGS84,2024-04-29T10:01,2024,4,29,HUMAN_OBSERVATION,PRESENT,iNaturalist research-grade observations,iNaturalist,Observations,http://creativecommons.org/licenses/by-nc/4.0/legalcode,Kazakhstan,Almaty,,inside,inside
Malus sieversii,Malus_sieversii.json,4863366744,https://www.inaturalist.org/observations/215087573,Malus sieversii (Ledeb.) Koidz.,Malus domestica (Suckow) Borkh.,7864241,43.056584,76.962276,27537,WGS84,2024-05-09T15:36,2024,5,9,HUMAN_OBSERVATION,PRESENT,iNaturalist research-grade observations,iNaturalist,Observations,http://creativecommons.org/licenses/by-nc/4.0/legalcode,Kazakhstan,Almaty,,inside,inside
Malus sieversii,Malus_sieversii.json,4863447840,https://www.inaturalist.org/observations/215087615,Malus sieversii (Ledeb.) Koidz.,Malus domestica (Suckow) Borkh.,7864241,43.024026,76.957207,27537,WGS84,2024-05-09T15:44,2024,5,9,HUMAN_OBSERVATION,PRESENT,iNaturalist research-grade observations,iNaturalist,Observations,http://creativecommons.org/licenses/by-nc/4.0/legalcode,Kazakhstan,Almaty,,inside,inside
Malus sieversii,Malus_sieversii.json,4863530180,https://www.inaturalist.org/observations/215087627,Malus sieversii (Ledeb.) Koidz.,Malus domestica (Suckow) Borkh.,7864241,43.166277,76.886674,27537,WGS84,2024-05-09T15:46,2024,5,9,HUMAN_OBSERVATION,PRESENT,iNaturalist research-grade observations,iNaturalist,Observations,http://creativecommons.org/licenses/by-nc/4.0/legalcode,Kazakhstan,Almaty,,inside,inside
Malus sieversii,Malus_sieversii.json,4863549352,https://www.inaturalist.org/observations/215087599,Malus sieversii (Ledeb.) Koidz.,Malus domestica (Suckow) Borkh.,7864241,43.155848,76.918665,27537,WGS84,2024-05-09T15:40,2024,5,9,HUMAN_OBSERVATION,PRESENT,iNaturalist research-grade observations,iNaturalist,Observations,http://creativecommons.org/licenses/by-nc/4.0/legalcode,Kazakhstan,Almaty,,inside,inside
Malus sieversii,Malus_sieversii.json,4863556552,https://www.inaturalist.org/observations/214877941,Malus sieversii (Ledeb.) Koidz.,Malus domestica (Suckow) Borkh.,7864241,43.187948,76.921738,27537,WGS84,2024-05-09T14:23,2024,5,9,HUMAN_OBSERVATION,PRESENT,iNaturalist research-grade observations,iNaturalist,Observations,http://creativecommons.org/licenses/by-nc/4.0/legalcode,Kazakhstan,Almaty,,inside,inside
Malus sieversii,Malus_sieversii.json,4863660810,https://www.inaturalist.org/observations/214878028,Malus sieversii (Ledeb.) Koidz.,Malus domestica (Suckow) Borkh.,7864241,43.048199,76.973556,27537,WGS84,2024-05-09T14:36,2024,5,9,HUMAN_OBSERVATION,PRESENT,iNaturalist research-grade observations,iNaturalist,Observations,http://creativecommons.org/licenses/by-nc/4.0/legalcode,Kazakhstan,Almaty,,inside,inside
Malus sieversii,Malus_sieversii.json,4863775051,https://www.inaturalist.org/observations/215287583,Malus sieversii (Ledeb.) Koidz.,Malus domestica (Suckow) Borkh.,7864241,43.109579,76.846432,27537,WGS84,2024-05-09T17:47,2024,5,9,HUMAN_OBSERVATION,PRESENT,iNaturalist research-grade observations,iNaturalist,Observations,http://creativecommons.org/licenses/by-nc/4.0/legalcode,Kazakhstan,Almaty,,inside,inside
Malus sieversii,Malus_sieversii.json,4863827190,https://www.inaturalist.org/observations/214877880,Malus sieversii (Ledeb.) Koidz.,Malus domestica (Suckow) Borkh.,7864241,43.183758,76.805608,27537,WGS84,2024-05-09T14:16,2024,5,9,HUMAN_OBSERVATION,PRESENT,iNaturalist research-grade observations,iNaturalist,Observations,http://creativecommons.org/licenses/by-nc/4.0/legalcode,Kazakhstan,Almaty,,inside,inside
Malus sieversii,Malus_sieversii.json,4863874420,https://www.inaturalist.org/observations/214877814,Malus sieversii (Ledeb.) Koidz.,Malus domestica (Suckow) Borkh.,7864241,43.067666,76.824931,27537,WGS84,2024-05-09T14:08,2024,5,9,HUMAN_OBSERVATION,PRESENT,iNaturalist research-grade observations,iNaturalist,Observations,http://creativecommons.org/licenses/by-nc/4.0/legalcode,Kazakhstan,Almaty,,inside,inside
Malus sieversii,Malus_sieversii.json,4863961551,https://www.inaturalist.org/observations/214878074,Malus sieversii (Ledeb.) Koidz.,Malus domestica (Suckow) Borkh.,7864241,43.023721,76.88773,27537,WGS84,2024-05-09T14:41,2024,5,9,HUMAN_OBSERVATION,PRESENT,iNaturalist research-grade observations,iNaturalist,Observations,http://creativecommons.org/licenses/by-nc/4.0/legalcode,Kazakhstan,Almaty,,inside,inside
Malus sieversii,Malus_sieversii.json,4867686952,https://www.inaturalist.org/observations/217061031,Malus sieversii (Ledeb.) Koidz.,Malus domestica (Suckow) Borkh.,7864241,43.081145,77.173114,27537,WGS84,19-May-24 09:49:27,2024,5,19,HUMAN_OBSERVATION,PRESENT,iNaturalist research-grade observations,iNaturalist,Observations,http://creativecommons.org/licenses/by-nc/4.0/legalcode,Kazakhstan,Almaty,,inside,inside
Malus sieversii,Malus_sieversii.json,4867717193,https://www.inaturalist.org/observations/216473601,Malus sieversii (Ledeb.) Koidz.,Malus domestica (Suckow) Borkh.,7864241,43.114058,76.976299,27537,WGS84,18-May-24 10:31:15,2024,5,18,HUMAN_OBSERVATION,PRESENT,iNaturalist research-grade observations,iNaturalist,Observations,http://creativecommons.org/licenses/by-nc/4.0/legalcode,Kazakhstan,Almaty,,inside,inside
Malus sieversii,Malus_sieversii.json,4954497078,https://www.inaturalist.org/observations/222196578,Malus sieversii (Ledeb.) Koidz.,Malus domestica (Suckow) Borkh.,7864241,43.209018,77.183337,27505,WGS84,2024-05-18T13:33,2024,5,18,HUMAN_OBSERVATION,PRESENT,iNaturalist research-grade observations,iNaturalist,Observations,http://creativecommons.org/licenses/by-nc/4.0/legalcode,Kazakhstan,Almaty,,inside,inside
Malus sieversii,Malus_sieversii.json,5076884338,https://www.inaturalist.org/observations/218923916,Malus sieversii (Ledeb.) Koidz.,Malus domestica (Suckow) Borkh.,7864241,43.14694,76.99475,27537,WGS84,25-May-24 14:08:49,2024,5,25,HUMAN_OBSERVATION,PRESENT,iNaturalist research-grade observations,iNaturalist,Observations,http://creativecommons.org/licenses/by-nc/4.0/legalcode,Kazakhstan,Almaty,,inside,inside
Malus sieversii,Malus_sieversii.json,4903750506,https://www.inaturalist.org/observations/225902414,Malus sieversii (Ledeb.) Koidz.,Malus domestica (Suckow) Borkh.,7864241,43.30625,77.188766,27505,WGS84,2024-06-29T14:55,2024,6,29,HUMAN_OBSERVATION,PRESENT,iNaturalist research-grade observations,iNaturalist,Observations,http://creativecommons.org/licenses/by/4.0/legalcode,Kazakhstan,Almaty,,inside,inside
Malus sieversii,Malus_sieversii.json,4903949792,https://www.inaturalist.org/observations/225902402,Malus sieversii (Ledeb.) Koidz.,Malus domestica (Suckow) Borkh.,7864241,43.371907,77.184591,27505,WGS84,2024-06-29T15:37,2024,6,29,HUMAN_OBSERVATION,PRESENT,iNaturalist research-grade observations,iNaturalist,Observations,http://creativecommons.org/licenses/by/4.0/legalcode,Kazakhstan,Almaty,,inside,inside
Malus sieversii,Malus_sieversii.json,5063576738,https://www.inaturalist.org/observations/259991729,Malus sieversii (Ledeb.) Koidz.,Malus domestica (Suckow) Borkh.,7864241,43.222277,76.895147,27505,WGS84,2024-06-04T16:16,2024,6,4,HUMAN_OBSERVATION,PRESENT,iNaturalist research-grade observations,iNaturalist,Observations,http://creativecommons.org/licenses/by-nc/4.0/legalcode,Kazakhstan,Almaty,,inside,inside
Malus sieversii,Malus_sieversii.json,5063599624,https://www.inaturalist.org/observations/259991724,Malus sieversii (Ledeb.) Koidz.,Malus domestica (Suckow) Borkh.,7864241,43.245136,76.948917,27505,WGS84,2024-06-04T16:15,2024,6,4,HUMAN_OBSERVATION,PRESENT,iNaturalist research-grade observations,iNaturalist,Observations,http://creativecommons.org/licenses/by-nc/4.0/legalcode,Kazakhstan,Almaty,,inside,inside
Malus sieversii,Malus_sieversii.json,5063603609,https://www.inaturalist.org/observations/259991779,Malus sieversii (Ledeb.) Koidz.,Malus domestica (Suckow) Borkh.,7864241,43.348576,76.841792,27505,WGS84,2024-06-04T16:30,2024,6,4,HUMAN_OBSERVATION,PRESENT,iNaturalist research-grade observations,iNaturalist,Observations,http://creativecommons.org/licenses/by-nc/4.0/legalcode,Kazakhstan,Almaty,,inside,inside
Malus sieversii,Malus_sieversii.json,5063613712,https://www.inaturalist.org/observations/259991728,Malus sieversii (Ledeb.) Koidz.,Malus domestica (Suckow) Borkh.,7864241,43.2988,76.817457,27505,WGS84,2024-06-04T16:16,2024,6,4,HUMAN_OBSERVATION,PRESENT,iNaturalist research-grade observations,iNaturalist,Observations,http://creativecommons.org/licenses/by-nc/4.0/legalcode,Kazakhstan,Almaty,,inside,inside
Malus sieversii,Malus_sieversii.json,5063623513,https://www.inaturalist.org/observations/259991735,Malus sieversii (Ledeb.) Koidz.,Malus domestica (Suckow) Borkh.,7864241,43.348764,76.939475,27505,WGS84,2024-06-04T16:18,2024,6,4,HUMAN_OBSERVATION,PRESENT,iNaturalist research-grade observations,iNaturalist,Observations,http://creativecommons.org/licenses/by-nc/4.0/legalcode,Kazakhstan,Almaty,,inside,inside
Malus sieversii,Malus_sieversii.json,5154138487,https://www.inaturalist.org/observations/259991719,Malus sieversii (Ledeb.) Koidz.,Malus domestica (Suckow) Borkh.,7864241,43.309783,76.927706,27505,WGS84,2024-06-04T16:14,2024,6,4,HUMAN_OBSERVATION,PRESENT,iNaturalist research-grade observations,iNaturalist,Observations,http://creativecommons.org/licenses/by-nc/4.0/legalcode,Kazakhstan,Almaty,,inside,inside
Malus sieversii,Malus_sieversii.json,4923865928,https://www.inaturalist.org/observations/234303283,Malus sieversii (Ledeb.) Koidz.,Malus domestica (Suckow) Borkh.,7864241,45.661393,81.503795,27126,WGS84,07-Aug-24 11:20:10,2024,8,7,HUMAN_OBSERVATION,PRESENT,iNaturalist research-grade observations,iNaturalist,Observations,http://creativecommons.org/licenses/by-nc/4.0/legalcode,Kazakhstan,Almaty,,inside,inside
Malus sieversii,Malus_sieversii.json,4923901892,https://www.inaturalist.org/observations/234303042,Malus sieversii (Ledeb.) Koidz.,Malus domestica (Suckow) Borkh.,7864241,45.751692,81.3657,27126,WGS84,07-Aug-24 11:37:12,2024,8,7,HUMAN_OBSERVATION,PRESENT,iNaturalist research-grade observations,iNaturalist,Observations,http://creativecommons.org/licenses/by-nc/4.0/legalcode,Kazakhstan,Almaty,,inside,inside
Malus sieversii,Malus_sieversii.json,4923962823,https://www.inaturalist.org/observations/233903350,Malus sieversii (Ledeb.) Koidz.,Malus domestica (Suckow) Borkh.,7864241,45.723875,80.811851,27126,WGS84,02-Aug-24 14:16:37,2024,8,2,HUMAN_OBSERVATION,PRESENT,iNaturalist research-grade observations,iNaturalist,Observations,http://creativecommons.org/licenses/by-nc/4.0/legalcode,Kazakhstan,Almaty,,inside,inside
Malus sieversii,Malus_sieversii.json,4923980841,https://www.inaturalist.org/observations/235298498,Malus sieversii (Ledeb.) Koidz.,Malus domestica (Suckow) Borkh.,7864241,43.279555,77.078166,27505,WGS84,2024-08-01T10:59,2024,8,1,HUMAN_OBSERVATION,PRESENT,iNaturalist research-grade observations,iNaturalist,Observations,http://creativecommons.org/licenses/by/4.0/legalcode,Kazakhstan,Almaty,,inside,inside
Malus sieversii,Malus_sieversii.json,4935896101,https://www.inaturalist.org/observations/239212404,Malus sieversii (Ledeb.) Koidz.,Malus domestica (Suckow) Borkh.,7864241,43.013521,76.800628,27537,WGS84,2024-08-30T15:32,2024,8,30,HUMAN_OBSERVATION,PRESENT,iNaturalist research-grade observations,iNaturalist,Observations,http://creativecommons.org/licenses/by-nc/4.0/legalcode,Kazakhstan,Almaty,,inside,inside
Malus sieversii,Malus_sieversii.json,4945968553,https://www.inaturalist.org/observations/240613062,Malus sieversii (Ledeb.) Koidz.,Malus domestica (Suckow) Borkh.,7864241,43.114928,76.868018,27537,WGS84,2024-08-30T17:06,2024,8,30,HUMAN_OBSERVATION,PRESENT,iNaturalist research-grade observations,iNaturalist,Observations,http://creativecommons.org/licenses/by-nc/4.0/legalcode,Kazakhstan,Almaty,,inside,inside
Malus sieversii,Malus_sieversii.json,4954646332,https://www.inaturalist.org/observations/246986243,Malus sieversii (Ledeb.) Koidz.,Malus domestica (Suckow) Borkh.,7864241,43.34482,77.427336,27505,WGS84,2024-08-27T13:57,2024,8,27,HUMAN_OBSERVATION,PRESENT,iNaturalist research-grade observations,iNaturalist,Observations,http://creativecommons.org/licenses/by-nc/4.0/legalcode,Kazakhstan,Almaty,,inside,inside
Malus sieversii,Malus_sieversii.json,4987530475,https://www.inaturalist.org/observations/253204375,Malus sieversii (Ledeb.) Koidz.,Malus domestica (Suckow) Borkh.,7864241,43.079435,76.936664,27537,WGS84,2024-08-30T18:30,2024,8,30,HUMAN_OBSERVATION,PRESENT,iNaturalist research-grade observations,iNaturalist,Observations,http://creativecommons.org/licenses/by-nc/4.0/legalcode,Kazakhstan,Almaty,,inside,inside
Malus sieversii,Malus_sieversii.json,4987753213,https://www.inaturalist.org/observations/253204383,Malus sieversii (Ledeb.) Koidz.,Malus domestica (Suckow) Borkh.,7864241,43.18813,76.981195,27537,WGS84,2024-08-30T18:32,2024,8,30,HUMAN_OBSERVATION,PRESENT,iNaturalist research-grade observations,iNaturalist,Observations,http://creativecommons.org/licenses/by-nc/4.0/legalcode,Kazakhstan,Almaty,,inside,inside
Malus sieversii,Malus_sieversii.json,5139948245,https://www.inaturalist.org/observations/238564638,Malus sieversii (Ledeb.) Koidz.,Malus domestica (Suckow) Borkh.,7864241,43.189933,77.168188,27537,WGS84,29-Aug-24 13:39:45,2024,8,29,HUMAN_OBSERVATION,PRESENT,iNaturalist research-grade observations,iNaturalist,Observations,http://creativecommons.org/licenses/by-nc/4.0/legalcode,Kazakhstan,Almaty,,inside,inside
Malus sieversii,Malus_sieversii.json,5152989808,https://www.inaturalist.org/observations/253204423,Malus sieversii (Ledeb.) Koidz.,Malus domestica (Suckow) Borkh.,7864241,43.074487,76.83645,27537,WGS84,2024-08-30T18:38,2024,8,30,HUMAN_OBSERVATION,PRESENT,iNaturalist research-grade observations,iNaturalist,Observations,http://creativecommons.org/licenses/by-nc/4.0/legalcode,Kazakhstan,Almaty,,inside,inside
Malus sieversii,Malus_sieversii.json,5153532846,https://www.inaturalist.org/observations/253204426,Malus sieversii (Ledeb.) Koidz.,Malus domestica (Suckow) Borkh.,7864241,43.117962,76.894241,27537,WGS84,2024-08-30T18:41,2024,8,30,HUMAN_OBSERVATION,PRESENT,iNaturalist research-grade observations,iNaturalist,Observations,http://creativecommons.org/licenses/by-nc/4.0/legalcode,Kazakhstan,Almaty,,inside,inside
Malus sieversii,Malus_sieversii.json,4945778551,https://www.inaturalist.org/observations/242282672,Malus sieversii (Ledeb.) Koidz.,Malus domestica (Suckow) Borkh.,7864241,43.245347,77.116877,27505,WGS84,2024-09-15T16:52,2024,9,15,HUMAN_OBSERVATION,PRESENT,iNaturalist research-grade observations,iNaturalist,Observations,http://creativecommons.org/licenses/by-nc/4.0/legalcode,Kazakhstan,Almaty,,inside,inside
Malus sieversii,Malus_sieversii.json,4946686895,https://www.inaturalist.org/observations/241674187,Malus sieversii (Ledeb.) Koidz.,Malus domestica (Suckow) Borkh.,7864241,43.072584,76.888187,27537,WGS84,14-Sep-24 13:17:36,2024,9,14,HUMAN_OBSERVATION,PRESENT,iNaturalist research-grade observations,iNaturalist,Observations,http://creativecommons.org/licenses/by-nc/4.0/legalcode,Kazakhstan,Almaty,,inside,inside
Malus sieversii,Malus_sieversii.json,4952566590,https://www.inaturalist.org/observations/246368762,Malus sieversii (Ledeb.) Koidz.,Malus domestica (Suckow) Borkh.,7864241,43.010507,76.825323,27537,WGS84,2024-09-29T15:53,2024,9,29,HUMAN_OBSERVATION,PRESENT,iNaturalist research-grade observations,iNaturalist,Observations,http://creativecommons.org/licenses/by-nc/4.0/legalcode,Kazakhstan,Almaty,,inside,inside
Malus sieversii,Malus_sieversii.json,4976388222,https://www.inaturalist.org/observations/247166433,Malus sieversii (Ledeb.) Koidz.,Malus domestica (Suckow) Borkh.,7864241,43.074254,77.049745,27537,WGS84,13-Oct-24 14:46:05,2024,10,13,HUMAN_OBSERVATION,PRESENT,iNaturalist research-grade observations,iNaturalist,Observations,http://creativecommons.org/licenses/by-nc/4.0/legalcode,Kazakhstan,Almaty,,inside,inside
Malus sieversii,Malus_sieversii.json,4978292693,https://www.inaturalist.org/observations/249978657,Malus sieversii (Ledeb.) Koidz.,Malus domestica (Suckow) Borkh.,7864241,43.104808,76.846048,27537,WGS84,2024-10-31T10:33,2024,10,31,HUMAN_OBSERVATION,PRESENT,iNaturalist research-grade observations,iNaturalist,Observations,http://creativecommons.org/licenses/by-nc/4.0/legalcode,Kazakhstan,Almaty,,inside,inside
Malus sieversii,Malus_sieversii.json,6469956395,https://www.inaturalist.org/observations/245992049,Malus sieversii (Ledeb.) Koidz.,Malus domestica (Suckow) Borkh.,7864241,43.15706,76.86284,27537,WGS84,2024-10-04T11:49,2024,10,4,HUMAN_OBSERVATION,PRESENT,iNaturalist research-grade observations,iNaturalist,Observations,http://creativecommons.org/licenses/by-nc/4.0/legalcode,Kazakhstan,Almaty,,inside,inside
Malus sieversii,Malus_sieversii.json,6470170530,https://www.inaturalist.org/observations/245992018,Malus sieversii (Ledeb.) Koidz.,Malus domestica (Suckow) Borkh.,7864241,43.176389,76.974334,27537,WGS84,2024-10-04T08:07,2024,10,4,HUMAN_OBSERVATION,PRESENT,iNaturalist research-grade observations,iNaturalist,Observations,http://creativecommons.org/licenses/by-nc/4.0/legalcode,Kazakhstan,Almaty,,inside,inside
Malus sieversii,Malus_sieversii.json,5006892228,https://www.inaturalist.org/observations/251654873,Malus sieversii (Ledeb.) Koidz.,Malus domestica (Suckow) Borkh.,7864241,43.074859,77.112569,27537,WGS84,2024-11-10T15:09,2024,11,10,HUMAN_OBSERVATION,PRESENT,iNaturalist research-grade observations,iNaturalist,Observations,http://creativecommons.org/licenses/by/4.0/legalcode,Kazakhstan,Almaty,,inside,inside
Malus sieversii,Malus_sieversii.json,5153469764,https://www.inaturalist.org/observations/255488569,Malus sieversii (Ledeb.) Koidz.,Malus domestica (Suckow) Borkh.,7864241,43.388093,77.071502,27505,WGS84,2024-12-15T11:48,2024,12,15,HUMAN_OBSERVATION,PRESENT,iNaturalist research-grade observations,iNaturalist,Observations,http://creativecommons.org/licenses/by/4.0/legalcode,Kazakhstan,Almaty,,inside,inside
Malus sieversii,Malus_sieversii.json,4091708659,https://www.inaturalist.org/observations/155433795,Malus sieversii (Ledeb.) Koidz.,Malus domestica (Suckow) Borkh.,7864241,43.013497,76.632693,27537,WGS84,2023-04-16T16:44,2023,4,16,HUMAN_OBSERVATION,PRESENT,iNaturalist research-grade observations,iNaturalist,Observations,http://creativecommons.org/licenses/by/4.0/legalcode,Kazakhstan,Almaty,,inside,inside
Malus sieversii,Malus_sieversii.json,4111665422,https://www.inaturalist.org/observations/154604948,Malus sieversii (Ledeb.) Koidz.,Malus domestica (Suckow) Borkh.,7864241,43.063945,76.518157,27537,WGS84,12-Apr-23 16:27:28,2023,4,12,HUMAN_OBSERVATION,PRESENT,iNaturalist research-grade observations,iNaturalist,Observations,http://creativecommons.org/licenses/by-nc/4.0/legalcode,Kazakhstan,Almaty,,inside,inside
Malus sieversii,Malus_sieversii.json,4606589569,https://www.inaturalist.org/observations/159725011,Malus sieversii (Ledeb.) Koidz.,Malus domestica (Suckow) Borkh.,7864241,45.532506,80.243318,27158,WGS84,2023-04-22T10:23,2023,4,22,HUMAN_OBSERVATION,PRESENT,iNaturalist research-grade observations,iNaturalist,Observations,http://creativecommons.org/licenses/by-nc/4.0/legalcode,Kazakhstan,Almaty,,inside,inside
Malus sieversii,Malus_sieversii.json,4606596721,https://www.inaturalist.org/observations/159723541,Malus sieversii (Ledeb.) Koidz.,Malus domestica (Suckow) Borkh.,7864241,45.475938,80.569755,27158,WGS84,2023-04-21T14:03,2023,4,21,HUMAN_OBSERVATION,PRESENT,iNaturalist research-grade observations,iNaturalist,Observations,http://creativecommons.org/licenses/by-nc/4.0/legalcode,Kazakhstan,Almaty,,inside,inside
Malus sieversii,Malus_sieversii.json,4606603620,https://www.inaturalist.org/observations/159723547,Malus sieversii (Ledeb.) Koidz.,Malus domestica (Suckow) Borkh.,7864241,45.578333,80.441743,27158,WGS84,2023-04-21T14:17,2023,4,21,HUMAN_OBSERVATION,PRESENT,iNaturalist research-grade observations,iNaturalist,Observations,http://creativecommons.org/licenses/by-nc/4.0/legalcode,Kazakhstan,Almaty,,inside,inside
Malus sieversii,Malus_sieversii.json,4606609685,https://www.inaturalist.org/observations/159723546,Malus sieversii (Ledeb.) Koidz.,Malus domestica (Suckow) Borkh.,7864241,45.598238,80.510222,27158,WGS84,2023-04-21T14:05,2023,4,21,HUMAN_OBSERVATION,PRESENT,iNaturalist research-grade observations,iNaturalist,Observations,http://creativecommons.org/licenses/by-nc/4.0/legalcode,Kazakhstan,Almaty,,inside,inside
Malus sieversii,Malus_sieversii.json,4606615757,https://www.inaturalist.org/observations/159723579,Malus sieversii (Ledeb.) Koidz.,Malus domestica (Suckow) Borkh.,7864241,45.596139,80.470424,27158,WGS84,2023-04-21T17:22,2023,4,21,HUMAN_OBSERVATION,PRESENT,iNaturalist research-grade observations,iNaturalist,Observations,http://creativecommons.org/licenses/by-nc/4.0/legalcode,Kazakhstan,Almaty,,inside,inside
Malus sieversii,Malus_sieversii.json,4606624302,https://www.inaturalist.org/observations/158789041,Malus sieversii (Ledeb.) Koidz.,Malus domestica (Suckow) Borkh.,7864241,45.536025,80.478216,27158,WGS84,2023-04-21T13:50,2023,4,21,HUMAN_OBSERVATION,PRESENT,iNaturalist research-grade observations,iNaturalist,Observations,http://creativecommons.org/licenses/by-nc/4.0/legalcode,Kazakhstan,Almaty,,inside,inside
Malus sieversii,Malus_sieversii.json,4606869437,https://www.inaturalist.org/observations/158247569,Malus sieversii (Ledeb.) Koidz.,Malus domestica (Suckow) Borkh.,7864241,45.460171,80.22258,27158,WGS84,2023-04-20T18:04,2023,4,20,HUMAN_OBSERVATION,PRESENT,iNaturalist research-grade observations,iNaturalist,Observations,http://creativecommons.org/licenses/by-nc/4.0/legalcode,Kazakhstan,Almaty,,inside,inside
Malus sieversii,Malus_sieversii.json,4607167653,https://www.inaturalist.org/observations/159723562,Malus sieversii (Ledeb.) Koidz.,Malus domestica (Suckow) Borkh.,7864241,45.487658,80.525406,27158,WGS84,2023-04-21T16:02,2023,4,21,HUMAN_OBSERVATION,PRESENT,iNaturalist research-grade observations,iNaturalist,Observations,http://creativecommons.org/licenses/by-nc/4.0/legalcode,Kazakhstan,Almaty,,inside,inside
Malus sieversii,Malus_sieversii.json,4607370755,https://www.inaturalist.org/observations/158801664,Malus sieversii (Ledeb.) Koidz.,Malus domestica (Suckow) Borkh.,7864241,45.441541,80.502608,27158,WGS84,2023-04-21T11:13,2023,4,21,HUMAN_OBSERVATION,PRESENT,iNaturalist research-grade observations,iNaturalist,Observations,http://creativecommons.org/licenses/by-nc/4.0/legalcode,Kazakhstan,Almaty,,inside,inside
Malus sieversii,Malus_sieversii.json,5892645203,https://www.inaturalist.org/observations/158689715,Malus sieversii (Ledeb.) Koidz.,Malus domestica (Suckow) Borkh.,7864241,43.015626,76.714682,27537,WGS84,2023-04-27T16:42,2023,4,27,HUMAN_OBSERVATION,PRESENT,iNaturalist research-grade observations,iNaturalist,Observations,http://creativecommons.org/licenses/by/4.0/legalcode,Kazakhstan,Almaty,,inside,inside
Malus sieversii,Malus_sieversii.json,4458446836,https://www.inaturalist.org/observations/192900383,Malus sieversii (Ledeb.) Koidz.,Malus domestica (Suckow) Borkh.,7864241,43.028464,77.09867,27537,WGS84,2023-05-25T11:03,2023,5,25,HUMAN_OBSERVATION,PRESENT,iNaturalist research-grade observations,iNaturalist,Observations,http://creativecommons.org/licenses/by-nc/4.0/legalcode,Kazakhstan,Almaty,,inside,inside
Malus sieversii,Malus_sieversii.json,4405120618,https://www.inaturalist.org/observations/168358055,Malus sieversii (Ledeb.) Koidz.,Malus domestica (Suckow) Borkh.,7864241,43.146268,76.916297,27537,WGS84,2023-06-17T17:32,2023,6,17,HUMAN_OBSERVATION,PRESENT,iNaturalist research-grade observations,iNaturalist,Observations,http://creativecommons.org/licenses/by-nc/4.0/legalcode,Kazakhstan,Almaty,,inside,inside
Malus sieversii,Malus_sieversii.json,4405224466,https://www.inaturalist.org/observations/168358060,Malus sieversii (Ledeb.) Koidz.,Malus domestica (Suckow) Borkh.,7864241,43.198346,76.960903,27537,WGS84,2023-06-17T17:33,2023,6,17,HUMAN_OBSERVATION,PRESENT,iNaturalist research-grade observations,iNaturalist,Observations,http://creativecommons.org/licenses/by-nc/4.0/legalcode,Kazakhstan,Almaty,,inside,inside
Malus sieversii,Malus_sieversii.json,4405251591,https://www.inaturalist.org/observations/168345611,Malus sieversii (Ledeb.) Koidz.,Malus domestica (Suckow) Borkh.,7864241,43.148639,76.824939,27537,WGS84,2023-06-17T17:09,2023,6,17,HUMAN_OBSERVATION,PRESENT,iNaturalist research-grade observations,iNaturalist,Observations,http://creativecommons.org/licenses/by-nc/4.0/legalcode,Kazakhstan,Almaty,,inside,inside
Malus sieversii,Malus_sieversii.json,4606544138,https://www.inaturalist.org/observations/168345606,Malus sieversii (Ledeb.) Koidz.,Malus domestica (Suckow) Borkh.,7864241,43.128041,76.884633,27537,WGS84,2023-06-17T17:08,2023,6,17,HUMAN_OBSERVATION,PRESENT,iNaturalist research-grade observations,iNaturalist,Observations,http://creativecommons.org/licenses/by-nc/4.0/legalcode,Kazakhstan,Almaty,,inside,inside
Malus sieversii,Malus_sieversii.json,4606560275,https://www.inaturalist.org/observations/168139905,Malus sieversii (Ledeb.) Koidz.,Malus domestica (Suckow) Borkh.,7864241,43.147927,76.969576,27537,WGS84,2023-06-17T17:02,2023,6,17,HUMAN_OBSERVATION,PRESENT,iNaturalist research-grade observations,iNaturalist,Observations,http://creativecommons.org/licenses/by-nc/4.0/legalcode,Kazakhstan,Almaty,,inside,inside
Malus sieversii,Malus_sieversii.json,4606602055,https://www.inaturalist.org/observations/168345585,Malus sieversii (Ledeb.) Koidz.,Malus domestica (Suckow) Borkh.,7864241,43.151561,76.909285,27537,WGS84,2023-06-17T17:03,2023,6,17,HUMAN_OBSERVATION,PRESENT,iNaturalist research-grade observations,iNaturalist,Observations,http://creativecommons.org/licenses/by-nc/4.0/legalcode,Kazakhstan,Almaty,,inside,inside
Malus sieversii,Malus_sieversii.json,4607186008,https://www.inaturalist.org/observations/168345598,Malus sieversii (Ledeb.) Koidz.,Malus domestica (Suckow) Borkh.,7864241,43.165699,76.963099,27537,WGS84,2023-06-17T17:05,2023,6,17,HUMAN_OBSERVATION,PRESENT,iNaturalist research-grade observations,iNaturalist,Observations,http://creativecommons.org/licenses/by-nc/4.0/legalcode,Kazakhstan,Almaty,,inside,inside
Malus sieversii,Malus_sieversii.json,4607377785,https://www.inaturalist.org/observations/168345600,Malus sieversii (Ledeb.) Koidz.,Malus domestica (Suckow) Borkh.,7864241,43.050443,76.860119,27537,WGS84,2023-06-17T17:06,2023,6,17,HUMAN_OBSERVATION,PRESENT,iNaturalist research-grade observations,iNaturalist,Observations,http://creativecommons.org/licenses/by-nc/4.0/legalcode,Kazakhstan,Almaty,,inside,inside
Malus sieversii,Malus_sieversii.json,4400006676,https://www.inaturalist.org/observations/179165267,Malus sieversii (Ledeb.) Koidz.,Malus domestica (Suckow) Borkh.,7864241,43.112618,76.839671,27537,WGS84,2023-08-05T09:47,2023,8,5,HUMAN_OBSERVATION,PRESENT,iNaturalist research-grade observations,iNaturalist,Observations,http://creativecommons.org/licenses/by-nc/4.0/legalcode,Kazakhstan,Almaty,,inside,inside
Malus sieversii,Malus_sieversii.json,4405093886,https://www.inaturalist.org/observations/177961210,Malus sieversii (Ledeb.) Koidz.,Malus domestica (Suckow) Borkh.,7864241,43.020271,76.805402,27537,WGS84,2023-08-01T10:49,2023,8,1,HUMAN_OBSERVATION,PRESENT,iNaturalist research-grade observations,iNaturalist,Observations,http://creativecommons.org/licenses/by-nc/4.0/legalcode,Kazakhstan,Almaty,,inside,inside
Malus sieversii,Malus_sieversii.json,4405147784,https://www.inaturalist.org/observations/176930322,Malus sieversii (Ledeb.) Koidz.,Malus domestica (Suckow) Borkh.,7864241,43.01737,76.859192,27537,WGS84,2023-08-01T09:31,2023,8,1,HUMAN_OBSERVATION,PRESENT,iNaturalist research-grade observations,iNaturalist,Observations,http://creativecommons.org/licenses/by-nc/4.0/legalcode,Kazakhstan,Almaty,,inside,inside
Malus sieversii,Malus_sieversii.json,4405173733,https://www.inaturalist.org/observations/176930298,Malus sieversii (Ledeb.) Koidz.,Malus domestica (Suckow) Borkh.,7864241,43.051296,76.833313,27537,WGS84,2023-08-01T09:10,2023,8,1,HUMAN_OBSERVATION,PRESENT,iNaturalist research-grade observations,iNaturalist,Observations,http://creativecommons.org/licenses/by-nc/4.0/legalcode,Kazakhstan,Almaty,,inside,inside
Malus sieversii,Malus_sieversii.json,4606572127,https://www.inaturalist.org/observations/198980929,Malus sieversii (Ledeb.) Koidz.,Malus domestica (Suckow) Borkh.,7864241,43.186778,76.940172,27537,WGS84,2023-08-05T10:27,2023,8,5,HUMAN_OBSERVATION,PRESENT,iNaturalist research-grade observations,iNaturalist,Observations,http://creativecommons.org/licenses/by-nc/4.0/legalcode,Kazakhstan,Almaty,,inside,inside
Malus sieversii,Malus_sieversii.json,4606573307,https://www.inaturalist.org/observations/198980937,Malus sieversii (Ledeb.) Koidz.,Malus domestica (Suckow) Borkh.,7864241,43.159931,76.834004,27537,WGS84,2023-08-05T10:28,2023,8,5,HUMAN_OBSERVATION,PRESENT,iNaturalist research-grade observations,iNaturalist,Observations,http://creativecommons.org/licenses/by-nc/4.0/legalcode,Kazakhstan,Almaty,,inside,inside
Malus sieversii,Malus_sieversii.json,4606574705,https://www.inaturalist.org/observations/203396765,Malus sieversii (Ledeb.) Koidz.,Malus domestica (Suckow) Borkh.,7864241,43.146411,76.988135,27537,WGS84,2023-08-01T11:57,2023,8,1,HUMAN_OBSERVATION,PRESENT,iNaturalist research-grade observations,iNaturalist,Observations,http://creativecommons.org/licenses/by-nc/4.0/legalcode,Kazakhstan,Almaty,,inside,inside
Malus sieversii,Malus_sieversii.json,4606574718,https://www.inaturalist.org/observations/203455307,Malus sieversii (Ledeb.) Koidz.,Malus domestica (Suckow) Borkh.,7864241,43.122868,76.855253,27537,WGS84,2023-08-01T14:19,2023,8,1,HUMAN_OBSERVATION,PRESENT,iNaturalist research-grade observations,iNaturalist,Observations,http://creativecommons.org/licenses/by-nc/4.0/legalcode,Kazakhstan,Almaty,,inside,inside
Malus sieversii,Malus_sieversii.json,4606583117,https://www.inaturalist.org/observations/199035327,Malus sieversii (Ledeb.) Koidz.,Malus domestica (Suckow) Borkh.,7864241,43.117356,76.836473,27537,WGS84,2023-08-01T16:00,2023,8,1,HUMAN_OBSERVATION,PRESENT,iNaturalist research-grade observations,iNaturalist,Observations,http://creativecommons.org/licenses/by-nc/4.0/legalcode,Kazakhstan,Almaty,,inside,inside
Malus sieversii,Malus_sieversii.json,4606617202,https://www.inaturalist.org/observations/176930313,Malus sieversii (Ledeb.) Koidz.,Malus domestica (Suckow) Borkh.,7864241,43.099818,76.815756,27537,WGS84,2023-08-01T09:29,2023,8,1,HUMAN_OBSERVATION,PRESENT,iNaturalist research-grade observations,iNaturalist,Observations,http://creativecommons.org/licenses/by-nc/4.0/legalcode,Kazakhstan,Almaty,,inside,inside
Malus sieversii,Malus_sieversii.json,4606619983,https://www.inaturalist.org/observations/176930288,Malus sieversii (Ledeb.) Koidz.,Malus domestica (Suckow) Borkh.,7864241,43.106663,76.806488,27537,WGS84,2023-08-01T09:07,2023,8,1,HUMAN_OBSERVATION,PRESENT,iNaturalist research-grade observations,iNaturalist,Observations,http://creativecommons.org/licenses/by-nc/4.0/legalcode,Kazakhstan,Almaty,,inside,inside
Malus sieversii,Malus_sieversii.json,4606625677,https://www.inaturalist.org/observations/203396754,Malus sieversii (Ledeb.) Koidz.,Malus domestica (Suckow) Borkh.,7864241,43.183391,76.977744,27537,WGS84,2023-08-01T11:51,2023,8,1,HUMAN_OBSERVATION,PRESENT,iNaturalist research-grade observations,iNaturalist,Observations,http://creativecommons.org/licenses/by-nc/4.0/legalcode,Kazakhstan,Almaty,,inside,inside
Malus sieversii,Malus_sieversii.json,4606629097,https://www.inaturalist.org/observations/176930333,Malus sieversii (Ledeb.) Koidz.,Malus domestica (Suckow) Borkh.,7864241,43.13334,76.98871,27537,WGS84,2023-08-01T09:34,2023,8,1,HUMAN_OBSERVATION,PRESENT,iNaturalist research-grade observations,iNaturalist,Observations,http://creativecommons.org/licenses/by-nc/4.0/legalcode,Kazakhstan,Almaty,,inside,inside
Malus sieversii,Malus_sieversii.json,4606630126,https://www.inaturalist.org/observations/203396774,Malus sieversii (Ledeb.) Koidz.,Malus domestica (Suckow) Borkh.,7864241,43.107007,76.84391,27537,WGS84,2023-08-01T12:02,2023,8,1,HUMAN_OBSERVATION,PRESENT,iNaturalist research-grade observations,iNaturalist,Observations,http://creativecommons.org/licenses/by-nc/4.0/legalcode,Kazakhstan,Almaty,,inside,inside
Malus sieversii,Malus_sieversii.json,4606651592,https://www.inaturalist.org/observations/203455290,Malus sieversii (Ledeb.) Koidz.,Malus domestica (Suckow) Borkh.,7864241,43.09206,76.813257,27537,WGS84,2023-08-01T13:59,2023,8,1,HUMAN_OBSERVATION,PRESENT,iNaturalist research-grade observations,iNaturalist,Observations,http://creativecommons.org/licenses/by-nc/4.0/legalcode,Kazakhstan,Almaty,,inside,inside
Malus sieversii,Malus_sieversii.json,4606662299,https://www.inaturalist.org/observations/203455297,Malus sieversii (Ledeb.) Koidz.,Malus domestica (Suckow) Borkh.,7864241,43.199919,76.820735,27537,WGS84,2023-08-01T14:00,2023,8,1,HUMAN_OBSERVATION,PRESENT,iNaturalist research-grade observations,iNaturalist,Observations,http://creativecommons.org/licenses/by-nc/4.0/legalcode,Kazakhstan,Almaty,,inside,inside
Malus sieversii,Malus_sieversii.json,4606668821,https://www.inaturalist.org/observations/203455301,Malus sieversii (Ledeb.) Koidz.,Malus domestica (Suckow) Borkh.,7864241,43.1599,76.843683,27537,WGS84,2023-08-01T14:08,2023,8,1,HUMAN_OBSERVATION,PRESENT,iNaturalist research-grade observations,iNaturalist,Observations,http://creativecommons.org/licenses/by-nc/4.0/legalcode,Kazakhstan,Almaty,,inside,inside
Malus sieversii,Malus_sieversii.json,4606968947,https://www.inaturalist.org/observations/177958666,Malus sieversii (Ledeb.) Koidz.,Malus domestica (Suckow) Borkh.,7864241,43.113644,76.969244,27537,WGS84,2023-08-01T10:32,2023,8,1,HUMAN_OBSERVATION,PRESENT,iNaturalist research-grade observations,iNaturalist,Observations,http://creativecommons.org/licenses/by-nc/4.0/legalcode,Kazakhstan,Almaty,,inside,inside
Malus sieversii,Malus_sieversii.json,4607074105,https://www.inaturalist.org/observations/203455288,Malus sieversii (Ledeb.) Koidz.,Malus domestica (Suckow) Borkh.,7864241,43.159462,76.848304,27537,WGS84,2023-08-01T11:51,2023,8,1,HUMAN_OBSERVATION,PRESENT,iNaturalist research-grade observations,iNaturalist,Observations,http://creativecommons.org/licenses/by-nc/4.0/legalcode,Kazakhstan,Almaty,,inside,inside
Malus sieversii,Malus_sieversii.json,4607111103,https://www.inaturalist.org/observations/177961216,Malus sieversii (Ledeb.) Koidz.,Malus domestica (Suckow) Borkh.,7864241,43.114252,76.842329,27537,WGS84,2023-08-01T10:51,2023,8,1,HUMAN_OBSERVATION,PRESENT,iNaturalist research-grade observations,iNaturalist,Observations,http://creativecommons.org/licenses/by-nc/4.0/legalcode,Kazakhstan,Almaty,,inside,inside
Malus sieversii,Malus_sieversii.json,4607161142,https://www.inaturalist.org/observations/206314097,Malus sieversii (Ledeb.) Koidz.,Malus domestica (Suckow) Borkh.,7864241,43.169497,76.948571,27537,WGS84,2023-08-01T15:37,2023,8,1,HUMAN_OBSERVATION,PRESENT,iNaturalist research-grade observations,iNaturalist,Observations,http://creativecommons.org/licenses/by-nc/4.0/legalcode,Kazakhstan,Almaty,,inside,inside
Malus sieversii,Malus_sieversii.json,4607231784,https://www.inaturalist.org/observations/199035296,Malus sieversii (Ledeb.) Koidz.,Malus domestica (Suckow) Borkh.,7864241,43.120903,76.956036,27537,WGS84,2023-08-01T16:11,2023,8,1,HUMAN_OBSERVATION,PRESENT,iNaturalist research-grade observations,iNaturalist,Observations,http://creativecommons.org/licenses/by-nc/4.0/legalcode,Kazakhstan,Almaty,,inside,inside
Malus sieversii,Malus_sieversii.json,4607350139,https://www.inaturalist.org/observations/206304589,Malus sieversii (Ledeb.) Koidz.,Malus domestica (Suckow) Borkh.,7864241,43.092855,76.829203,27537,WGS84,2023-08-01T14:23,2023,8,1,HUMAN_OBSERVATION,PRESENT,iNaturalist research-grade observations,iNaturalist,Observations,http://creativecommons.org/licenses/by-nc/4.0/legalcode,Kazakhstan,Almaty,,inside,inside
Malus sieversii,Malus_sieversii.json,4607353308,https://www.inaturalist.org/observations/177958661,Malus sieversii (Ledeb.) Koidz.,Malus domestica (Suckow) Borkh.,7864241,43.101446,76.855125,27537,WGS84,2023-08-01T10:32,2023,8,1,HUMAN_OBSERVATION,PRESENT,iNaturalist research-grade observations,iNaturalist,Observations,http://creativecommons.org/licenses/by-nc/4.0/legalcode,Kazakhstan,Almaty,,inside,inside
Malus sieversii,Malus_sieversii.json,4607355949,https://www.inaturalist.org/observations/183862156,Malus sieversii (Ledeb.) Koidz.,Malus domestica (Suckow) Borkh.,7864241,43.175429,76.829203,27537,WGS84,2023-08-01T11:11,2023,8,1,HUMAN_OBSERVATION,PRESENT,iNaturalist research-grade observations,iNaturalist,Observations,http://creativecommons.org/licenses/by-nc/4.0/legalcode,Kazakhstan,Almaty,,inside,inside
Malus sieversii,Malus_sieversii.json,4607409301,https://www.inaturalist.org/observations/206304687,Malus sieversii (Ledeb.) Koidz.,Malus domestica (Suckow) Borkh.,7864241,43.099166,76.841226,27537,WGS84,2023-08-01T14:42,2023,8,1,HUMAN_OBSERVATION,PRESENT,iNaturalist research-grade observations,iNaturalist,Observations,http://creativecommons.org/licenses/by-nc/4.0/legalcode,Kazakhstan,Almaty,,inside,inside
Malus sieversii,Malus_sieversii.json,4607429421,https://www.inaturalist.org/observations/183862227,Malus sieversii (Ledeb.) Koidz.,Malus domestica (Suckow) Borkh.,7864241,43.037155,76.81538,27537,WGS84,2023-08-01T11:19,2023,8,1,HUMAN_OBSERVATION,PRESENT,iNaturalist research-grade observations,iNaturalist,Observations,http://creativecommons.org/licenses/by-nc/4.0/legalcode,Kazakhstan,Almaty,,inside,inside
Malus sieversii,Malus_sieversii.json,4607429422,https://www.inaturalist.org/observations/183862304,Malus sieversii (Ledeb.) Koidz.,Malus domestica (Suckow) Borkh.,7864241,43.019402,76.942049,27537,WGS84,2023-08-01T11:35,2023,8,1,HUMAN_OBSERVATION,PRESENT,iNaturalist research-grade observations,iNaturalist,Observations,http://creativecommons.org/licenses/by-nc/4.0/legalcode,Kazakhstan,Almaty,,inside,inside
Malus sieversii,Malus_sieversii.json,4607439849,https://www.inaturalist.org/observations/203396770,Malus sieversii (Ledeb.) Koidz.,Malus domestica (Suckow) Borkh.,7864241,43.017131,76.950704,27537,WGS84,2023-08-01T11:58,2023,8,1,HUMAN_OBSERVATION,PRESENT,iNaturalist research-grade observations,iNaturalist,Observations,http://creativecommons.org/licenses/by-nc/4.0/legalcode,Kazakhstan,Almaty,,inside,inside
Malus sieversii,Malus_sieversii.json,4607520166,https://www.inaturalist.org/observations/206304710,Malus sieversii (Ledeb.) Koidz.,Malus domestica (Suckow) Borkh.,7864241,43.03069,76.917143,27537,WGS84,2023-08-01T14:51,2023,8,1,HUMAN_OBSERVATION,PRESENT,iNaturalist research-grade observations,iNaturalist,Observations,http://creativecommons.org/licenses/by-nc/4.0/legalcode,Kazakhstan,Almaty,,inside,inside
Malus sieversii,Malus_sieversii.json,4607535211,https://www.inaturalist.org/observations/206304716,Malus sieversii (Ledeb.) Koidz.,Malus domestica (Suckow) Borkh.,7864241,43.008287,76.864177,27537,WGS84,2023-08-01T14:52,2023,8,1,HUMAN_OBSERVATION,PRESENT,iNaturalist research-grade observations,iNaturalist,Observations,http://creativecommons.org/licenses/by-nc/4.0/legalcode,Kazakhstan,Almaty,,inside,inside
Malus sieversii,Malus_sieversii.json,4607627218,https://www.inaturalist.org/observations/206304628,Malus sieversii (Ledeb.) Koidz.,Malus domestica (Suckow) Borkh.,7864241,43.062737,76.97582,27537,WGS84,2023-08-01T14:30,2023,8,1,HUMAN_OBSERVATION,PRESENT,iNaturalist research-grade observations,iNaturalist,Observations,http://creativecommons.org/licenses/by-nc/4.0/legalcode,Kazakhstan,Almaty,,inside,inside
Malus sieversii,Malus_sieversii.json,4607672200,https://www.inaturalist.org/observations/206304697,Malus sieversii (Ledeb.) Koidz.,Malus domestica (Suckow) Borkh.,7864241,43.133974,76.953919,27537,WGS84,2023-08-01T14:44,2023,8,1,HUMAN_OBSERVATION,PRESENT,iNaturalist research-grade observations,iNaturalist,Observations,http://creativecommons.org/licenses/by-nc/4.0/legalcode,Kazakhstan,Almaty,,inside,inside
Malus sieversii,Malus_sieversii.json,4597572225,https://www.inaturalist.org/observations/202882927,Malus sieversii (Ledeb.) Koidz.,Malus domestica (Suckow) Borkh.,7864241,43.070735,77.114358,27537,WGS84,2023-09-03T15:31,2023,9,3,HUMAN_OBSERVATION,PRESENT,iNaturalist research-grade observations,iNaturalist,Observations,http://creativecommons.org/licenses/by-nc/4.0/legalcode,Kazakhstan,Almaty,,inside,inside
Malus sieversii,Malus_sieversii.json,4606884349,https://www.inaturalist.org/observations/202882814,Malus sieversii (Ledeb.) Koidz.,Malus domestica (Suckow) Borkh.,7864241,43.152642,77.182687,27537,WGS84,2023-09-03T15:02,2023,9,3,HUMAN_OBSERVATION,PRESENT,iNaturalist research-grade observations,iNaturalist,Observations,http://creativecommons.org/licenses/by-nc/4.0/legalcode,Kazakhstan,Almaty,,inside,inside
Malus sieversii,Malus_sieversii.json,4096479649,https://www.inaturalist.org/observations/154748108,Malus sieversii (Ledeb.) Koidz.,Malus domestica (Suckow) Borkh.,7864241,43.340606,76.993355,27505,WGS84,2022-04-13T14:42,2022,4,13,HUMAN_OBSERVATION,PRESENT,iNaturalist research-grade observations,iNaturalist,Observations,http://creativecommons.org/licenses/by-nc/4.0/legalcode,Kazakhstan,Almaty,,inside,inside
Malus sieversii,Malus_sieversii.json,4606622755,https://www.inaturalist.org/observations/159884441,Malus sieversii (Ledeb.) Koidz.,Malus domestica (Suckow) Borkh.,7864241,43.293665,76.834015,27505,WGS84,2022-04-19T14:51,2022,4,19,HUMAN_OBSERVATION,PRESENT,iNaturalist research-grade observations,iNaturalist,Observations,http://creativecommons.org/licenses/by-nc/4.0/legalcode,Kazakhstan,Almaty,,inside,inside
Malus sieversii,Malus_sieversii.json,4039267426,https://www.inaturalist.org/observations/127981649,Malus sieversii (Ledeb.) Koidz.,Malus domestica (Suckow) Borkh.,7864241,44.839417,78.8201,27253,WGS84,26-Jul-22 14:48:58,2022,7,26,HUMAN_OBSERVATION,PRESENT,iNaturalist research-grade observations,iNaturalist,Observations,http://creativecommons.org/licenses/by-nc/4.0/legalcode,Kazakhstan,Almaty,,inside,inside
Malus sieversii,Malus_sieversii.json,4606840916,https://www.inaturalist.org/observations/150594082,Malus sieversii (Ledeb.) Koidz.,Malus domestica (Suckow) Borkh.,7864241,45.397604,80.163006,27190,WGS84,2022-07-21T14:29,2022,7,21,HUMAN_OBSERVATION,PRESENT,iNaturalist research-grade observations,iNaturalist,Observations,http://creativecommons.org/licenses/by-nc/4.0/legalcode,Kazakhstan,Almaty,,inside,inside
Malus sieversii,Malus_sieversii.json,4606933435,https://www.inaturalist.org/observations/152047694,Malus sieversii (Ledeb.) Koidz.,Malus domestica (Suckow) Borkh.,7864241,45.524767,80.542803,27158,WGS84,2022-07-23T12:40,2022,7,23,HUMAN_OBSERVATION,PRESENT,iNaturalist research-grade observations,iNaturalist,Observations,http://creativecommons.org/licenses/by-nc/4.0/legalcode,Kazakhstan,Almaty,,inside,inside
Malus sieversii,Malus_sieversii.json,4607306748,https://www.inaturalist.org/observations/159170974,Malus sieversii (Ledeb.) Koidz.,Malus domestica (Suckow) Borkh.,7864241,45.206434,80.563193,27190,WGS84,2022-07-24T18:11,2022,7,24,HUMAN_OBSERVATION,PRESENT,iNaturalist research-grade observations,iNaturalist,Observations,http://creativecommons.org/licenses/by-nc/4.0/legalcode,Kazakhstan,Almaty,,inside,inside
Malus sieversii,Malus_sieversii.json,4607365289,https://www.inaturalist.org/observations/152744630,Malus sieversii (Ledeb.) Koidz.,Malus domestica (Suckow) Borkh.,7864241,45.592875,80.269401,27158,WGS84,2022-07-08T13:35,2022,7,8,HUMAN_OBSERVATION,PRESENT,iNaturalist research-grade observations,iNaturalist,Observations,http://creativecommons.org/licenses/by-nc/4.0/legalcode,Kazakhstan,Almaty,,inside,inside
Malus sieversii,Malus_sieversii.json,4046391152,https://www.inaturalist.org/observations/149721701,Malus sieversii (Ledeb.) Koidz.,Malus domestica (Suckow) Borkh.,7864241,45.294165,80.49544,27190,WGS84,2022-08-26T15:32,2022,8,26,HUMAN_OBSERVATION,PRESENT,iNaturalist research-grade observations,iNaturalist,Observations,http://creativecommons.org/licenses/by-nc/4.0/legalcode,Kazakhstan,Almaty,,inside,inside
Malus sieversii,Malus_sieversii.json,3988484219,https://www.inaturalist.org/observations/143715030,Malus sieversii (Ledeb.) Koidz.,Malus domestica (Suckow) Borkh.,7864241,43.08093,76.901032,27537,WGS84,2022-09-09T13:13,2022,9,9,HUMAN_OBSERVATION,PRESENT,iNaturalist research-grade observations,iNaturalist,Observations,http://creativecommons.org/licenses/by/4.0/legalcode,Kazakhstan,Almaty,,inside,inside
Malus sieversii,Malus_sieversii.json,5064087603,https://www.inaturalist.org/observations/261088029,Malus sieversii (Ledeb.) Koidz.,Malus domestica (Suckow) Borkh.,7864241,43.222275,77.108964,27505,WGS84,2021-04-28T18:35,2021,4,28,HUMAN_OBSERVATION,PRESENT,iNaturalist research-grade observations,iNaturalist,Observations,http://creativecommons.org/licenses/by/4.0/legalcode,Kazakhstan,Almaty,,inside,inside
Malus sieversii,Malus_sieversii.json,4080630753,https://www.inaturalist.org/observations/153613206,Malus sieversii (Ledeb.) Koidz.,Malus domestica (Suckow) Borkh.,7864241,44.781633,78.915382,27285,WGS84,2021-07-25T16:42,2021,7,25,HUMAN_OBSERVATION,PRESENT,iNaturalist research-grade observations,iNaturalist,Observations,http://creativecommons.org/licenses/by-nc/4.0/legalcode,Kazakhstan,Almaty,,inside,inside
Malus sieversii,Malus_sieversii.json,4062691973,https://www.inaturalist.org/observations/150812048,Malus sieversii (Ledeb.) Koidz.,Malus domestica (Suckow) Borkh.,7864241,43.017606,76.692718,27537,WGS84,2021-09-15T10:24,2021,9,15,HUMAN_OBSERVATION,PRESENT,iNaturalist research-grade observations,iNaturalist,Observations,http://creativecommons.org/licenses/by-nc/4.0/legalcode,Kazakhstan,Almaty,,inside,inside
Malus sieversii,Malus_sieversii.json,4607007491,https://www.inaturalist.org/observations/151397920,Malus sieversii (Ledeb.) Koidz.,Malus domestica (Suckow) Borkh.,7864241,43.037037,77.138812,27537,WGS84,2020-05-23T16:55,2020,5,23,HUMAN_OBSERVATION,PRESENT,iNaturalist research-grade observations,iNaturalist,Observations,http://creativecommons.org/licenses/by-nc/4.0/legalcode,Kazakhstan,Almaty,,inside,inside
Malus sieversii,Malus_sieversii.json,4606513889,https://www.inaturalist.org/observations/151480914,Malus sieversii (Ledeb.) Koidz.,Malus domestica (Suckow) Borkh.,7864241,45.519477,80.665804,27158,WGS84,2020-07-12T20:09,2020,7,12,HUMAN_OBSERVATION,PRESENT,iNaturalist research-grade observations,iNaturalist,Observations,http://creativecommons.org/licenses/by-nc/4.0/legalcode,Kazakhstan,Almaty,,inside,inside
Malus sieversii,Malus_sieversii.json,4606595382,https://www.inaturalist.org/observations/151491478,Malus sieversii (Ledeb.) Koidz.,Malus domestica (Suckow) Borkh.,7864241,44.780495,78.800155,27285,WGS84,2020-07-18T14:55,2020,7,18,HUMAN_OBSERVATION,PRESENT,iNaturalist research-grade observations,iNaturalist,Observations,http://creativecommons.org/licenses/by-nc/4.0/legalcode,Kazakhstan,Almaty,,inside,inside
Malus sieversii,Malus_sieversii.json,4607167650,https://www.inaturalist.org/observations/159669310,Malus sieversii (Ledeb.) Koidz.,Malus domestica (Suckow) Borkh.,7864241,44.707492,78.806171,27285,WGS84,2020-07-18T14:55,2020,7,18,HUMAN_OBSERVATION,PRESENT,iNaturalist research-grade observations,iNaturalist,Observations,http://creativecommons.org/licenses/by-nc/4.0/legalcode,Kazakhstan,Almaty,,inside,inside
Malus sieversii,Malus_sieversii.json,4080566652,https://www.inaturalist.org/observations/153448365,Malus sieversii (Ledeb.) Koidz.,Malus domestica (Suckow) Borkh.,7864241,43.044575,76.833502,27537,WGS84,2020-09-08T17:14,2020,9,8,HUMAN_OBSERVATION,PRESENT,iNaturalist research-grade observations,iNaturalist,Observations,http://creativecommons.org/licenses/by-nc/4.0/legalcode,Kazakhstan,Almaty,,inside,inside
Malus sieversii,Malus_sieversii.json,2542909656,https://www.inaturalist.org/observations/34307718,Malus sieversii (Ledeb.) Koidz.,Malus domestica (Suckow) Borkh.,7864241,43.228778,77.479694,27505,WGS84,2019-10-05T14:52,2019,10,5,HUMAN_OBSERVATION,PRESENT,iNaturalist research-grade observations,iNaturalist,Observations,http://creativecommons.org/licenses/by-nc/4.0/legalcode,Kazakhstan,Almaty,,inside,inside
Malus sieversii,Malus_sieversii.json,4993736213,https://www.inaturalist.org/observations/254298451,Malus sieversii (Ledeb.) Koidz.,Malus domestica (Suckow) Borkh.,7864241,43.13,77.011874,27537,WGS84,2017-05-20T16:20,2017,5,20,HUMAN_OBSERVATION,PRESENT,iNaturalist research-grade observations,iNaturalist,Observations,http://creativecommons.org/licenses/by/4.0/legalcode,Kazakhstan,Almaty,,inside,inside
Malus sieversii,Malus_sieversii.json,3070287818,https://www.inaturalist.org/observations/38081393,Malus sieversii (Ledeb.) Koidz.,Malus domestica (Suckow) Borkh.,7864241,43.046113,76.859836,27537,WGS84,2017-09-16T14:28,2017,9,16,HUMAN_OBSERVATION,PRESENT,iNaturalist research-grade observations,iNaturalist,Observations,http://creativecommons.org/licenses/by-nc/4.0/legalcode,Kazakhstan,Almaty,,inside,inside
Malus sieversii,Malus_sieversii.json,4039402800,https://www.inaturalist.org/observations/149301919,Malus sieversii (Ledeb.) Koidz.,Malus domestica (Suckow) Borkh.,7864241,43.147151,76.788234,27537,WGS84,2005-01-08T02:34,2005,1,8,HUMAN_OBSERVATION,PRESENT,iNaturalist research-grade observations,iNaturalist,Observations,http://creativecommons.org/licenses/by-nc/4.0/legalcode,Kazakhstan,Almaty,,inside,inside
Malus sieversii,Malus_sieversii.json,41188294,,Malus sieversii (Ledeb.) Koidz.,Malus domestica (Suckow) Borkh.,7864241,45.41667,80.4,,WGS84,,,,,OCCURRENCE,PRESENT,,USA167,USA167,http://creativecommons.org/licenses/by/4.0/legalcode,Kazakhstan,,"Kazakhstan, Sarkand, Village of Topolevka, Forestry Camp #16 Topolevka Forestry Area, Taldy-Kurgan region, Soldier's Gorge, Dzhungarksy Alatau.",inside,inside
Malus sieversii,Malus_sieversii.json,41188297,,Malus sieversii (Ledeb.) Koidz.,Malus domestica (Suckow) Borkh.,7864241,45.4,80.41667,,WGS84,,,,,OCCURRENCE,PRESENT,,USA167,USA167,http://creativecommons.org/licenses/by/4.0/legalcode,Kazakhstan,,"Kazakhstan, Sarkand, Village of Topolevka, Forestry Camp #16 Topolevka Forestry Area, Taldy-Kurgan region, Soldier's Gorge, Dzhungarksy Alatau; plateau before going over ridge, possibly good air drainage.",inside,inside
Malus sieversii,Malus_sieversii.json,41188300,,Malus sieversii (Ledeb.) Koidz.,Malus domestica (Suckow) Borkh.,7864241,45.4,80.41667,,WGS84,,,,,OCCURRENCE,PRESENT,,USA167,USA167,http://creativecommons.org/licenses/by/4.0/legalcode,Kazakhstan,,"Kazakhstan, Sarkand, Village of Topolevka, Forestry Camp #16 Topolevka Forestry Area, Taldy-Kurgan region, Soldier's Gorge, Dzhungarksy Alatau; near bottom of valley, old thick- et.",inside,inside
Malus sieversii,Malus_sieversii.json,41188302,,Malus sieversii (Ledeb.) Koidz.,Malus domestica (Suckow) Borkh.,7864241,45.4,80.41667,,WGS84,,,,,OCCURRENCE,PRESENT,,USA167,USA167,http://creativecommons.org/licenses/by/4.0/legalcode,Kazakhstan,,"Kazakhstan, Sarkand, Village of Topolevka, Forestry Camp #16 Topolevka Forestry Area, Taldy-Kurgan region, Soldier's Gorge, Dzhungarksy Alatau; bottom of valley.",inside,inside
Malus sieversii,Malus_sieversii.json,41188303,,Malus sieversii (Ledeb.) Koidz.,Malus domestica (Suckow) Borkh.,7864241,45.4,80.41667,,WGS84,,,,,OCCURRENCE,PRESENT,,USA167,USA167,http://creativecommons.org/licenses/by/4.0/legalcode,Kazakhstan,,"Kazakhstan, Sarkand, Village of Topolevka, Forestry Camp #16 Topolevka Forestry Area, Taldy-Kurgan region, Soldier's Gorge, Dzhungarksy Alatau; steep to S and N.",inside,inside
Malus sieversii,Malus_sieversii.json,41188305,,Malus sieversii (Ledeb.) Koidz.,Malus domestica (Suckow) Borkh.,7864241,45.4,80.4,,WGS84,,,,,OCCURRENCE,PRESENT,,USA167,USA167,http://creativecommons.org/licenses/by/4.0/legalcode,Kazakhstan,,"Kazakhstan, Sarkand, Village of Topolevka, Forestry Camp #16 Topolevka Forestry Area, Taldy-Kurgan region, Soldier's Gorge, Dzhungarksy Alatau; on plateau, up hill from campsite",inside,inside
Malus sieversii,Malus_sieversii.json,41188306,,Malus sieversii (Ledeb.) Koidz.,Malus domestica (Suckow) Borkh.,7864241,45.4,80.4,,WGS84,,,,,OCCURRENCE,PRESENT,,USA167,USA167,http://creativecommons.org/licenses/by/4.0/legalcode,Kazakhstan,,"Kazakhstan, Sarkand, Village of Topolevka, Forestry Camp #16 Topolevka Forestry Area, Taldy-Kurgan region, Soldier's Gorge, Dzhungarksy Alatau.   Uphill, 50 m down from conifers at draw where stream runs S.",inside,inside
Malus sieversii,Malus_sieversii.json,41188308,,Malus sieversii (Ledeb.) Koidz.,Malus domestica (Suckow) Borkh.,7864241,45.4,80.4,,WGS84,,,,,OCCURRENCE,PRESENT,,USA167,USA167,http://creativecommons.org/licenses/by/4.0/legalcode,Kazakhstan,,"Kazakhstan, Sarkand, Village of Topolevka, Forestry Camp #16 Topolevka Forestry Area, Taldy-Kurgan region, Soldier's Gorge, Dzhungarksy Alatau, just S of campsite, E side of road.",inside,inside
Malus sieversii,Malus_sieversii.json,41188309,,Malus sieversii (Ledeb.) Koidz.,Malus domestica (Suckow) Borkh.,7864241,45.5,80.7,,WGS84,,,,,OCCURRENCE,PRESENT,,USA167,USA167,http://creativecommons.org/licenses/by/4.0/legalcode,Kazakhstan,,"Kazakhstan, Lepsinsk, Black River Forestry Camp, Dodakalava Ridge ?, Dzhungarsky Alatau, grazed meadow.",inside,inside
Malus sieversii,Malus_sieversii.json,41188311,,Malus sieversii (Ledeb.) Koidz.,Malus domestica (Suckow) Borkh.,7864241,45.5,80.7,,WGS84,,,,,OCCURRENCE,PRESENT,,USA167,USA167,http://creativecommons.org/licenses/by/4.0/legalcode,Kazakhstan,,"Kazakhstan, Lepsinsk, Black River Forestry Camp, Dodakalava Ridge ?, Dzhungarsky Alatau, at edge of flat cultivated area edge of Malus forest with defoliation.",inside,inside
Malus sieversii,Malus_sieversii.json,41188312,,Malus sieversii (Ledeb.) Koidz.,Malus domestica (Suckow) Borkh.,7864241,43.43333,77.45,,WGS84,,,,,OCCURRENCE,PRESENT,,USA167,USA167,http://creativecommons.org/licenses/by/4.0/legalcode,Kazakhstan,,"Kazakhstan, Aktogai Village, Issyk Arboretum.",inside,inside
Malus sieversii,Malus_sieversii.json,41188331,,Malus sieversii (Ledeb.) Koidz.,Malus domestica (Suckow) Borkh.,7864241,45.39611,80.40778,,WGS84,,,,,OCCURRENCE,PRESENT,,USA167,USA167,http://creativecommons.org/licenses/by/4.0/legalcode,Kazakhstan,,Topolevka village. 15 km. East of Topolevka - Djungarsky Range. 1.5 km. Southeast of Topolevka Forestry Camp. Elevation: 1220-1450 m.,inside,inside
Malus sieversii,Malus_sieversii.json,41188337,,Malus sieversii (Ledeb.) Koidz.,Malus domestica (Suckow) Borkh.,7864241,43.11611,76.79611,,WGS84,,,,,OCCURRENCE,PRESENT,,USA167,USA167,http://creativecommons.org/licenses/by/4.0/legalcode,Kazakhstan,,Zielisky Alatau Province. Almaty village. 17 km South to Southwest of Almaty Center. Aksay river West side of Zielisky Apple Belt. Land form - valley near river.,inside,inside
Malus sieversii,Malus_sieversii.json,41188338,,Malus sieversii (Ledeb.) Koidz.,Malus domestica (Suckow) Borkh.,7864241,43.11611,76.79611,,WGS84,,,,,OCCURRENCE,PRESENT,,USA167,USA167,http://creativecommons.org/licenses/by/4.0/legalcode,Kazakhstan,,Zielisky Alatau Province. Almaty village. 17 km South to Southwest of Almaty Center. Aksay river West side of Zielisky Apple Belt. Land form - valley near river.,inside,inside
Malus sieversii,Malus_sieversii.json,41188339,,Malus sieversii (Ledeb.) Koidz.,Malus domestica (Suckow) Borkh.,7864241,43.11611,76.79611,,WGS84,,,,,OCCURRENCE,PRESENT,,USA167,USA167,http://creativecommons.org/licenses/by/4.0/legalcode,Kazakhstan,,Zielisky Alatau Province. Almaty village. 17 km South to Southwest of Almaty Center. Aksay river West side of Zielisky Apple Belt. Land form - valley near river.,inside,inside
Malus sieversii,Malus_sieversii.json,41188340,,Malus sieversii (Ledeb.) Koidz.,Malus domestica (Suckow) Borkh.,7864241,43.11611,76.79611,,WGS84,,,,,OCCURRENCE,PRESENT,,USA167,USA167,http://creativecommons.org/licenses/by/4.0/legalcode,Kazakhstan,,Zielisky Alatau Province. Almaty village. 17 km South to Southwest of Almaty Center. Aksay river West side of Zielisky Apple Belt. Land form - valley near river.,inside,inside
Malus sieversii,Malus_sieversii.json,41188342,,Malus sieversii (Ledeb.) Koidz.,Malus domestica (Suckow) Borkh.,7864241,43.11611,76.79611,,WGS84,,,,,OCCURRENCE,PRESENT,,USA167,USA167,http://creativecommons.org/licenses/by/4.0/legalcode,Kazakhstan,,Zielisky Alatau Province. Almaty village. 17 km South to Southwest of Almaty Center. Aksay river West side of Zielisky Apple Belt. Land form - valley near river.,inside,inside
Malus sieversii,Malus_sieversii.json,41188344,,Malus sieversii (Ledeb.) Koidz.,Malus domestica (Suckow) Borkh.,7864241,43.11611,76.79611,,WGS84,,,,,OCCURRENCE,PRESENT,,USA167,USA167,http://creativecommons.org/licenses/by/4.0/legalcode,Kazakhstan,,Zielisky Alatau Province. Almaty village. 17 km South to Southwest of Almaty Center. Aksay river West side of Zielisky Apple Belt. Land form - valley near river.,inside,inside
Malus sieversii,Malus_sieversii.json,41188345,,Malus sieversii (Ledeb.) Koidz.,Malus domestica (Suckow) Borkh.,7864241,43.11611,76.79611,,WGS84,,,,,OCCURRENCE,PRESENT,,USA167,USA167,http://creativecommons.org/licenses/by/4.0/legalcode,Kazakhstan,,Zielisky Alatau Province. Almaty village. 17 km South to Southwest of Almaty Center. Aksay river West side of Zielisky Apple Belt. Land form - valley near river.,inside,inside
Malus sieversii,Malus_sieversii.json,41188347,,Malus sieversii (Ledeb.) Koidz.,Malus domestica (Suckow) Borkh.,7864241,43.11611,76.79611,,WGS84,,,,,OCCURRENCE,PRESENT,,USA167,USA167,http://creativecommons.org/licenses/by/4.0/legalcode,Kazakhstan,,Zielisky Alatau Province. Almaty village. 17 km South to Southwest of Almaty Center. Aksay river West side of Zielisky Apple Belt. Land form - valley near river.,inside,inside
Malus sieversii,Malus_sieversii.json,41188348,,Malus sieversii (Ledeb.) Koidz.,Malus domestica (Suckow) Borkh.,7864241,43.11611,76.79611,,WGS84,,,,,OCCURRENCE,PRESENT,,USA167,USA167,http://creativecommons.org/licenses/by/4.0/legalcode,Kazakhstan,,Zielisky Alatau Province. Almaty village. 17 km South to Southwest of Almaty Center. Aksay river West side of Zielisky Apple Belt. Land form - valley near river.,inside,inside
Malus sieversii,Malus_sieversii.json,41188350,,Malus sieversii (Ledeb.) Koidz.,Malus domestica (Suckow) Borkh.,7864241,43.11611,76.79611,,WGS84,,,,,OCCURRENCE,PRESENT,,USA167,USA167,http://creativecommons.org/licenses/by/4.0/legalcode,Kazakhstan,,Zielisky Alatau Province. Almaty village. 17 km South to Southwest of Almaty Center. Aksay river West side of Zielisky Apple Belt. Land form - valley near river.,inside,inside
Malus sieversii,Malus_sieversii.json,41188351,,Malus sieversii (Ledeb.) Koidz.,Malus domestica (Suckow) Borkh.,7864241,43.11611,76.79611,,WGS84,,,,,OCCURRENCE,PRESENT,,USA167,USA167,http://creativecommons.org/licenses/by/4.0/legalcode,Kazakhstan,,Zielisky Alatau Province. Almaty village. 17 km South to Southwest of Almaty Center. Aksay river West side of Zielisky Apple Belt. Land form - valley near river.,inside,inside
Malus sieversii,Malus_sieversii.json,41188352,,Malus sieversii (Ledeb.) Koidz.,Malus domestica (Suckow) Borkh.,7864241,43.11611,76.79611,,WGS84,,,,,OCCURRENCE,PRESENT,,USA167,USA167,http://creativecommons.org/licenses/by/4.0/legalcode,Kazakhstan,,Zielisky Alatau Province. Almaty village. 17 km South to Southwest of Almaty Center. Aksay river West side of Zielisky Apple Belt. Land form - valley near river.,inside,inside
Malus sieversii,Malus_sieversii.json,41188353,,Malus sieversii (Ledeb.) Koidz.,Malus domestica (Suckow) Borkh.,7864241,43.11611,76.79611,,WGS84,,,,,OCCURRENCE,PRESENT,,USA167,USA167,http://creativecommons.org/licenses/by/4.0/legalcode,Kazakhstan,,Zielisky Alatau Province. Almaty village. 17 km South to Southwest of Almaty Center. Aksay river West side of Zielisky Apple Belt. Land form - valley near river.,inside,inside
Malus sieversii,Malus_sieversii.json,41188355,,Malus sieversii (Ledeb.) Koidz.,Malus domestica (Suckow) Borkh.,7864241,43.11611,76.79611,,WGS84,,,,,OCCURRENCE,PRESENT,,USA167,USA167,http://creativecommons.org/licenses/by/4.0/legalcode,Kazakhstan,,Zielisky Alatau Province. Almaty village. 17 km South to Southwest of Almaty Center. Aksay river West side of Zielisky Apple Belt. Land form - valley near river.,inside,inside
Malus sieversii,Malus_sieversii.json,41188357,,Malus sieversii (Ledeb.) Koidz.,Malus domestica (Suckow) Borkh.,7864241,43.11611,76.79611,,WGS84,,,,,OCCURRENCE,PRESENT,,USA167,USA167,http://creativecommons.org/licenses/by/4.0/legalcode,Kazakhstan,,Zielisky Alatau Province. Almaty village. 17 km South to Southwest of Almaty Center. Aksay river West side of Zielisky Apple Belt. Land form - valley near river.,inside,inside
Malus sieversii,Malus_sieversii.json,41188358,,Malus sieversii (Ledeb.) Koidz.,Malus domestica (Suckow) Borkh.,7864241,43.11611,76.79611,,WGS84,,,,,OCCURRENCE,PRESENT,,USA167,USA167,http://creativecommons.org/licenses/by/4.0/legalcode,Kazakhstan,,Zielisky Alatau Province. Almaty village. 17 km South to Southwest of Almaty Center. Aksay river West side of Zielisky Apple Belt. Land form - valley near river.,inside,inside
Paeonia intermedia,Paeonia_intermedia.json,6188320591,https://www.inaturalist.org/observations/346535919,Paeonia intermedia C.A.Mey. ex Ledeb.,Paeonia intermedia C.A.Mey. ex Ledeb.,9506797,43.287075,76.449258,,WGS84,29-Mar-26 14:52:37,2026,3,29,HUMAN_OBSERVATION,PRESENT,iNaturalist research-grade observations,iNaturalist,Observations,http://creativecommons.org/licenses/by-nc/4.0/legalcode,Kazakhstan,Almaty,,inside,inside
Paeonia intermedia,Paeonia_intermedia.json,6195400690,https://www.inaturalist.org/observations/349255108,Paeonia intermedia C.A.Mey. ex Ledeb.,Paeonia intermedia C.A.Mey. ex Ledeb.,9506797,43.286437,77.110549,,WGS84,12-Apr-26 11:44:06,2026,4,12,HUMAN_OBSERVATION,PRESENT,iNaturalist research-grade observations,iNaturalist,Observations,http://creativecommons.org/licenses/by-nc/4.0/legalcode,Kazakhstan,Almaty,,inside,inside
Paeonia intermedia,Paeonia_intermedia.json,6234161410,https://www.inaturalist.org/observations/354105293,Paeonia intermedia C.A.Mey. ex Ledeb.,Paeonia intermedia C.A.Mey. ex Ledeb.,9506797,43.153317,76.794552,,WGS84,2026-04-25T14:19,2026,4,25,HUMAN_OBSERVATION,PRESENT,iNaturalist research-grade observations,iNaturalist,Observations,http://creativecommons.org/licenses/by/4.0/legalcode,Kazakhstan,Almaty,,inside,inside
Paeonia intermedia,Paeonia_intermedia.json,6234208695,https://www.inaturalist.org/observations/354105246,Paeonia intermedia C.A.Mey. ex Ledeb.,Paeonia intermedia C.A.Mey. ex Ledeb.,9506797,43.154429,76.79447,,WGS84,2026-04-25T13:42,2026,4,25,HUMAN_OBSERVATION,PRESENT,iNaturalist research-grade observations,iNaturalist,Observations,http://creativecommons.org/licenses/by/4.0/legalcode,Kazakhstan,Almaty,,inside,inside
Paeonia intermedia,Paeonia_intermedia.json,6234210973,https://www.inaturalist.org/observations/354093637,Paeonia intermedia C.A.Mey. ex Ledeb.,Paeonia intermedia C.A.Mey. ex Ledeb.,9506797,43.155948,76.790708,,WGS84,2026-04-25T13:42,2026,4,25,HUMAN_OBSERVATION,PRESENT,iNaturalist research-grade observations,iNaturalist,Observations,http://creativecommons.org/licenses/by/4.0/legalcode,Kazakhstan,Almaty,,inside,inside
Paeonia intermedia,Paeonia_intermedia.json,6234239834,https://www.inaturalist.org/observations/354105353,Paeonia intermedia C.A.Mey. ex Ledeb.,Paeonia intermedia C.A.Mey. ex Ledeb.,9506797,43.148655,76.794445,,WGS84,2026-04-25T15:07,2026,4,25,HUMAN_OBSERVATION,PRESENT,iNaturalist research-grade observations,iNaturalist,Observations,http://creativecommons.org/licenses/by/4.0/legalcode,Kazakhstan,Almaty,,inside,inside
Paeonia intermedia,Paeonia_intermedia.json,6234395587,https://www.inaturalist.org/observations/354084326,Paeonia intermedia C.A.Mey. ex Ledeb.,Paeonia intermedia C.A.Mey. ex Ledeb.,9506797,43.156253,76.790728,,WGS84,2026-04-25T12:32,2026,4,25,HUMAN_OBSERVATION,PRESENT,iNaturalist research-grade observations,iNaturalist,Observations,http://creativecommons.org/licenses/by/4.0/legalcode,Kazakhstan,Almaty,,inside,inside
Paeonia intermedia,Paeonia_intermedia.json,6234456992,https://www.inaturalist.org/observations/355100736,Paeonia intermedia C.A.Mey. ex Ledeb.,Paeonia intermedia C.A.Mey. ex Ledeb.,9506797,43.176453,76.983034,,WGS84,26-Apr-26 12:35:19,2026,4,26,HUMAN_OBSERVATION,PRESENT,iNaturalist research-grade observations,iNaturalist,Observations,http://creativecommons.org/licenses/by-nc/4.0/legalcode,Kazakhstan,Almaty,,inside,inside
Paeonia intermedia,Paeonia_intermedia.json,6234482941,https://www.inaturalist.org/observations/354122150,Paeonia intermedia C.A.Mey. ex Ledeb.,Paeonia intermedia C.A.Mey. ex Ledeb.,9506797,43.149364,76.792625,,WGS84,2026-04-25T16:32,2026,4,25,HUMAN_OBSERVATION,PRESENT,iNaturalist research-grade observations,iNaturalist,Observations,http://creativecommons.org/licenses/by/4.0/legalcode,Kazakhstan,Almaty,,inside,inside
Paeonia intermedia,Paeonia_intermedia.json,6234490472,https://www.inaturalist.org/observations/354105244,Paeonia intermedia C.A.Mey. ex Ledeb.,Paeonia intermedia C.A.Mey. ex Ledeb.,9506797,43.154526,76.794334,,WGS84,2026-04-25T13:41,2026,4,25,HUMAN_OBSERVATION,PRESENT,iNaturalist research-grade observations,iNaturalist,Observations,http://creativecommons.org/licenses/by/4.0/legalcode,Kazakhstan,Almaty,,inside,inside
Paeonia intermedia,Paeonia_intermedia.json,6234523656,https://www.inaturalist.org/observations/354084336,Paeonia intermedia C.A.Mey. ex Ledeb.,Paeonia intermedia C.A.Mey. ex Ledeb.,9506797,43.156204,76.79071,,WGS84,2026-04-25T12:34,2026,4,25,HUMAN_OBSERVATION,PRESENT,iNaturalist research-grade observations,iNaturalist,Observations,http://creativecommons.org/licenses/by/4.0/legalcode,Kazakhstan,Almaty,,inside,inside
Paeonia intermedia,Paeonia_intermedia.json,6234562496,https://www.inaturalist.org/observations/354105223,Paeonia intermedia C.A.Mey. ex Ledeb.,Paeonia intermedia C.A.Mey. ex Ledeb.,9506797,43.154638,76.793853,,WGS84,2026-04-25T13:39,2026,4,25,HUMAN_OBSERVATION,PRESENT,iNaturalist research-grade observations,iNaturalist,Observations,http://creativecommons.org/licenses/by/4.0/legalcode,Kazakhstan,Almaty,,inside,inside
Paeonia intermedia,Paeonia_intermedia.json,6234720755,https://www.inaturalist.org/observations/355414266,Paeonia intermedia C.A.Mey. ex Ledeb.,Paeonia intermedia C.A.Mey. ex Ledeb.,9506797,43.338692,77.274545,3,WGS84,25-Apr-26 13:33:58,2026,4,25,HUMAN_OBSERVATION,PRESENT,iNaturalist research-grade observations,iNaturalist,Observations,http://creativecommons.org/licenses/by-nc/4.0/legalcode,Kazakhstan,Almaty,,inside,inside
Paeonia intermedia,Paeonia_intermedia.json,6234736020,https://www.inaturalist.org/observations/354122202,Paeonia intermedia C.A.Mey. ex Ledeb.,Paeonia intermedia C.A.Mey. ex Ledeb.,9506797,43.156277,76.790474,,WGS84,2026-04-25T17:17,2026,4,25,HUMAN_OBSERVATION,PRESENT,iNaturalist research-grade observations,iNaturalist,Observations,http://creativecommons.org/licenses/by/4.0/legalcode,Kazakhstan,Almaty,,inside,inside
Paeonia intermedia,Paeonia_intermedia.json,6234746574,https://www.inaturalist.org/observations/354084319,Paeonia intermedia C.A.Mey. ex Ledeb.,Paeonia intermedia C.A.Mey. ex Ledeb.,9506797,43.156333,76.790656,,WGS84,2026-04-25T12:30,2026,4,25,HUMAN_OBSERVATION,PRESENT,iNaturalist research-grade observations,iNaturalist,Observations,http://creativecommons.org/licenses/by/4.0/legalcode,Kazakhstan,Almaty,,inside,inside
Paeonia intermedia,Paeonia_intermedia.json,6234852602,https://www.inaturalist.org/observations/353763330,Paeonia intermedia C.A.Mey. ex Ledeb.,Paeonia intermedia C.A.Mey. ex Ledeb.,9506797,43.281367,77.119836,,WGS84,25-Apr-26 09:22:59,2026,4,25,HUMAN_OBSERVATION,PRESENT,iNaturalist research-grade observations,iNaturalist,Observations,http://creativecommons.org/licenses/by-nc/4.0/legalcode,Kazakhstan,Almaty,,inside,inside
Paeonia intermedia,Paeonia_intermedia.json,6234950683,https://www.inaturalist.org/observations/351157411,Paeonia intermedia C.A.Mey. ex Ledeb.,Paeonia intermedia C.A.Mey. ex Ledeb.,9506797,43.236728,77.138717,5,WGS84,19-Apr-26 12:04:47,2026,4,19,HUMAN_OBSERVATION,PRESENT,iNaturalist research-grade observations,iNaturalist,Observations,http://creativecommons.org/licenses/by-nc/4.0/legalcode,Kazakhstan,Almaty,,inside,inside
Paeonia intermedia,Paeonia_intermedia.json,6234976747,https://www.inaturalist.org/observations/354253036,Paeonia intermedia C.A.Mey. ex Ledeb.,Paeonia intermedia C.A.Mey. ex Ledeb.,9506797,43.14353,76.917523,27537,WGS84,26-Apr-26 12:41:37,2026,4,26,HUMAN_OBSERVATION,PRESENT,iNaturalist research-grade observations,iNaturalist,Observations,http://creativecommons.org/licenses/by-nc/4.0/legalcode,Kazakhstan,Almaty,,inside,inside
Paeonia intermedia,Paeonia_intermedia.json,6235135269,https://www.inaturalist.org/observations/354105330,Paeonia intermedia C.A.Mey. ex Ledeb.,Paeonia intermedia C.A.Mey. ex Ledeb.,9506797,43.149372,76.79406,,WGS84,2026-04-25T15:02,2026,4,25,HUMAN_OBSERVATION,PRESENT,iNaturalist research-grade observations,iNaturalist,Observations,http://creativecommons.org/licenses/by/4.0/legalcode,Kazakhstan,Almaty,,inside,inside
Paeonia intermedia,Paeonia_intermedia.json,6235220616,https://www.inaturalist.org/observations/355097365,Paeonia intermedia C.A.Mey. ex Ledeb.,Paeonia intermedia C.A.Mey. ex Ledeb.,9506797,43.176856,76.981537,,WGS84,26-Apr-26 12:40:49,2026,4,26,HUMAN_OBSERVATION,PRESENT,iNaturalist research-grade observations,iNaturalist,Observations,http://creativecommons.org/licenses/by-nc/4.0/legalcode,Kazakhstan,Almaty,,inside,inside
Paeonia intermedia,Paeonia_intermedia.json,6235321174,https://www.inaturalist.org/observations/350326855,Paeonia intermedia C.A.Mey. ex Ledeb.,Paeonia intermedia C.A.Mey. ex Ledeb.,9506797,43.174286,76.97575,593,WGS84,12-Apr-26 09:49:10,2026,4,12,HUMAN_OBSERVATION,PRESENT,iNaturalist research-grade observations,iNaturalist,Observations,http://creativecommons.org/licenses/by-nc/4.0/legalcode,Kazakhstan,Almaty,,inside,inside
Paeonia intermedia,Paeonia_intermedia.json,6235324950,https://www.inaturalist.org/observations/354105205,Paeonia intermedia C.A.Mey. ex Ledeb.,Paeonia intermedia C.A.Mey. ex Ledeb.,9506797,43.154652,76.79377,,WGS84,2026-04-25T13:37,2026,4,25,HUMAN_OBSERVATION,PRESENT,iNaturalist research-grade observations,iNaturalist,Observations,http://creativecommons.org/licenses/by/4.0/legalcode,Kazakhstan,Almaty,,inside,inside
Paeonia intermedia,Paeonia_intermedia.json,6235481467,https://www.inaturalist.org/observations/354105222,Paeonia intermedia C.A.Mey. ex Ledeb.,Paeonia intermedia C.A.Mey. ex Ledeb.,9506797,43.154636,76.793854,,WGS84,2026-04-25T13:38,2026,4,25,HUMAN_OBSERVATION,PRESENT,iNaturalist research-grade observations,iNaturalist,Observations,http://creativecommons.org/licenses/by/4.0/legalcode,Kazakhstan,Almaty,,inside,inside
Paeonia intermedia,Paeonia_intermedia.json,6235508778,https://www.inaturalist.org/observations/354084327,Paeonia intermedia C.A.Mey. ex Ledeb.,Paeonia intermedia C.A.Mey. ex Ledeb.,9506797,43.156212,76.79071,,WGS84,2026-04-25T12:33,2026,4,25,HUMAN_OBSERVATION,PRESENT,iNaturalist research-grade observations,iNaturalist,Observations,http://creativecommons.org/licenses/by/4.0/legalcode,Kazakhstan,Almaty,,inside,inside
Paeonia intermedia,Paeonia_intermedia.json,6235602790,https://www.inaturalist.org/observations/354122141,Paeonia intermedia C.A.Mey. ex Ledeb.,Paeonia intermedia C.A.Mey. ex Ledeb.,9506797,43.148392,76.792755,,WGS84,2026-04-25T17:28,2026,4,25,HUMAN_OBSERVATION,PRESENT,iNaturalist research-grade observations,iNaturalist,Observations,http://creativecommons.org/licenses/by/4.0/legalcode,Kazakhstan,Almaty,,inside,inside
Paeonia intermedia,Paeonia_intermedia.json,6235906476,https://www.inaturalist.org/observations/354516580,Paeonia intermedia C.A.Mey. ex Ledeb.,Paeonia intermedia C.A.Mey. ex Ledeb.,9506797,43.135777,76.457465,872,WGS84,25-Apr-26 14:45:16,2026,4,25,HUMAN_OBSERVATION,PRESENT,iNaturalist research-grade observations,iNaturalist,Observations,http://creativecommons.org/licenses/by-nc/4.0/legalcode,Kazakhstan,Almaty,,inside,inside
Paeonia intermedia,Paeonia_intermedia.json,6236128766,https://www.inaturalist.org/observations/354105283,Paeonia intermedia C.A.Mey. ex Ledeb.,Paeonia intermedia C.A.Mey. ex Ledeb.,9506797,43.15353,76.794632,,WGS84,2026-04-25T14:17,2026,4,25,HUMAN_OBSERVATION,PRESENT,iNaturalist research-grade observations,iNaturalist,Observations,http://creativecommons.org/licenses/by/4.0/legalcode,Kazakhstan,Almaty,,inside,inside
Paeonia intermedia,Paeonia_intermedia.json,6236223776,https://www.inaturalist.org/observations/354105343,Paeonia intermedia C.A.Mey. ex Ledeb.,Paeonia intermedia C.A.Mey. ex Ledeb.,9506797,43.149218,76.79438,,WGS84,2026-04-25T15:04,2026,4,25,HUMAN_OBSERVATION,PRESENT,iNaturalist research-grade observations,iNaturalist,Observations,http://creativecommons.org/licenses/by/4.0/legalcode,Kazakhstan,Almaty,,inside,inside
Paeonia intermedia,Paeonia_intermedia.json,6236260089,https://www.inaturalist.org/observations/354105231,Paeonia intermedia C.A.Mey. ex Ledeb.,Paeonia intermedia C.A.Mey. ex Ledeb.,9506797,43.15462,76.794115,,WGS84,2026-04-25T13:40,2026,4,25,HUMAN_OBSERVATION,PRESENT,iNaturalist research-grade observations,iNaturalist,Observations,http://creativecommons.org/licenses/by/4.0/legalcode,Kazakhstan,Almaty,,inside,inside
Paeonia intermedia,Paeonia_intermedia.json,6236345895,https://www.inaturalist.org/observations/354084337,Paeonia intermedia C.A.Mey. ex Ledeb.,Paeonia intermedia C.A.Mey. ex Ledeb.,9506797,43.156167,76.7907,,WGS84,2026-04-25T12:34,2026,4,25,HUMAN_OBSERVATION,PRESENT,iNaturalist research-grade observations,iNaturalist,Observations,http://creativecommons.org/licenses/by/4.0/legalcode,Kazakhstan,Almaty,,inside,inside
Paeonia intermedia,Paeonia_intermedia.json,6236434693,https://www.inaturalist.org/observations/354105316,Paeonia intermedia C.A.Mey. ex Ledeb.,Paeonia intermedia C.A.Mey. ex Ledeb.,9506797,43.150547,76.794266,,WGS84,2026-04-25T14:56,2026,4,25,HUMAN_OBSERVATION,PRESENT,iNaturalist research-grade observations,iNaturalist,Observations,http://creativecommons.org/licenses/by/4.0/legalcode,Kazakhstan,Almaty,,inside,inside
Paeonia intermedia,Paeonia_intermedia.json,6236505694,https://www.inaturalist.org/observations/355097178,Paeonia intermedia C.A.Mey. ex Ledeb.,Paeonia intermedia C.A.Mey. ex Ledeb.,9506797,43.177921,76.980828,,WGS84,26-Apr-26 12:43:03,2026,4,26,HUMAN_OBSERVATION,PRESENT,iNaturalist research-grade observations,iNaturalist,Observations,http://creativecommons.org/licenses/by-nc/4.0/legalcode,Kazakhstan,Almaty,,inside,inside
Paeonia intermedia,Paeonia_intermedia.json,6252144029,https://www.inaturalist.org/observations/356443060,Paeonia intermedia C.A.Mey. ex Ledeb.,Paeonia intermedia C.A.Mey. ex Ledeb.,9506797,43.155354,76.753914,,WGS84,2026-04-27T16:15,2026,4,27,HUMAN_OBSERVATION,PRESENT,iNaturalist research-grade observations,iNaturalist,Observations,http://creativecommons.org/licenses/by/4.0/legalcode,Kazakhstan,Almaty,,inside,inside
Paeonia intermedia,Paeonia_intermedia.json,6252315198,https://www.inaturalist.org/observations/356475568,Paeonia intermedia C.A.Mey. ex Ledeb.,Paeonia intermedia C.A.Mey. ex Ledeb.,9506797,43.128845,76.867811,27537,WGS84,2026-04-27,2026,4,27,HUMAN_OBSERVATION,PRESENT,iNaturalist research-grade observations,iNaturalist,Observations,http://creativecommons.org/licenses/by-nc/4.0/legalcode,Kazakhstan,Almaty,,inside,inside
Paeonia intermedia,Paeonia_intermedia.json,6252697667,https://www.inaturalist.org/observations/356443069,Paeonia intermedia C.A.Mey. ex Ledeb.,Paeonia intermedia C.A.Mey. ex Ledeb.,9506797,43.155136,76.75396,,WGS84,2026-04-27T16:19,2026,4,27,HUMAN_OBSERVATION,PRESENT,iNaturalist research-grade observations,iNaturalist,Observations,http://creativecommons.org/licenses/by/4.0/legalcode,Kazakhstan,Almaty,,inside,inside
Paeonia intermedia,Paeonia_intermedia.json,6253133611,https://www.inaturalist.org/observations/357638545,Paeonia intermedia C.A.Mey. ex Ledeb.,Paeonia intermedia C.A.Mey. ex Ledeb.,9506797,43.135981,76.90235,,WGS84,2026-04-24T15:15,2026,4,24,HUMAN_OBSERVATION,PRESENT,iNaturalist research-grade observations,iNaturalist,Observations,http://creativecommons.org/licenses/by-nc/4.0/legalcode,Kazakhstan,Almaty,,inside,inside
Paeonia intermedia,Paeonia_intermedia.json,6253352167,https://www.inaturalist.org/observations/356794733,Paeonia intermedia C.A.Mey. ex Ledeb.,Paeonia intermedia C.A.Mey. ex Ledeb.,9506797,43.158959,76.670549,85,WGS84,30-Apr-26 12:28:48,2026,4,30,HUMAN_OBSERVATION,PRESENT,iNaturalist research-grade observations,iNaturalist,Observations,http://creativecommons.org/licenses/by-nc/4.0/legalcode,Kazakhstan,Almaty,,inside,inside
Paeonia intermedia,Paeonia_intermedia.json,6273441561,https://www.inaturalist.org/observations/358875336,Paeonia intermedia C.A.Mey. ex Ledeb.,Paeonia intermedia C.A.Mey. ex Ledeb.,9506797,43.233912,77.03962,,WGS84,2026-04-25T10:37,2026,4,25,HUMAN_OBSERVATION,PRESENT,iNaturalist research-grade observations,iNaturalist,Observations,http://creativecommons.org/licenses/by/4.0/legalcode,Kazakhstan,Almaty,,inside,inside
Paeonia intermedia,Paeonia_intermedia.json,6273476923,https://www.inaturalist.org/observations/358875307,Paeonia intermedia C.A.Mey. ex Ledeb.,Paeonia intermedia C.A.Mey. ex Ledeb.,9506797,43.238268,77.029888,,WGS84,2026-04-25T09:52,2026,4,25,HUMAN_OBSERVATION,PRESENT,iNaturalist research-grade observations,iNaturalist,Observations,http://creativecommons.org/licenses/by/4.0/legalcode,Kazakhstan,Almaty,,inside,inside
Paeonia intermedia,Paeonia_intermedia.json,6273478394,https://www.inaturalist.org/observations/358875328,Paeonia intermedia C.A.Mey. ex Ledeb.,Paeonia intermedia C.A.Mey. ex Ledeb.,9506797,43.233863,77.039998,,WGS84,2026-04-25T10:34,2026,4,25,HUMAN_OBSERVATION,PRESENT,iNaturalist research-grade observations,iNaturalist,Observations,http://creativecommons.org/licenses/by/4.0/legalcode,Kazakhstan,Almaty,,inside,inside
Paeonia intermedia,Paeonia_intermedia.json,6273478962,https://www.inaturalist.org/observations/358889879,Paeonia intermedia C.A.Mey. ex Ledeb.,Paeonia intermedia C.A.Mey. ex Ledeb.,9506797,43.234608,77.03822,61,WGS84,2026-04-25T10:17,2026,4,25,HUMAN_OBSERVATION,PRESENT,iNaturalist research-grade observations,iNaturalist,Observations,http://creativecommons.org/licenses/by/4.0/legalcode,Kazakhstan,Almaty,,inside,inside
Paeonia intermedia,Paeonia_intermedia.json,6273504058,https://www.inaturalist.org/observations/359144188,Paeonia intermedia C.A.Mey. ex Ledeb.,Paeonia intermedia C.A.Mey. ex Ledeb.,9506797,43.228473,77.06104,,WGS84,2026-04-27T10:10,2026,4,27,HUMAN_OBSERVATION,PRESENT,iNaturalist research-grade observations,iNaturalist,Observations,http://creativecommons.org/licenses/by/4.0/legalcode,Kazakhstan,Almaty,,inside,inside
Paeonia intermedia,Paeonia_intermedia.json,6273510557,https://www.inaturalist.org/observations/359144190,Paeonia intermedia C.A.Mey. ex Ledeb.,Paeonia intermedia C.A.Mey. ex Ledeb.,9506797,43.22823,77.060978,,WGS84,2026-04-27T10:12,2026,4,27,HUMAN_OBSERVATION,PRESENT,iNaturalist research-grade observations,iNaturalist,Observations,http://creativecommons.org/licenses/by/4.0/legalcode,Kazakhstan,Almaty,,inside,inside
Paeonia intermedia,Paeonia_intermedia.json,6273587763,https://www.inaturalist.org/observations/358875318,Paeonia intermedia C.A.Mey. ex Ledeb.,Paeonia intermedia C.A.Mey. ex Ledeb.,9506797,43.233905,77.03986,,WGS84,2026-04-25T10:32,2026,4,25,HUMAN_OBSERVATION,PRESENT,iNaturalist research-grade observations,iNaturalist,Observations,http://creativecommons.org/licenses/by/4.0/legalcode,Kazakhstan,Almaty,,inside,inside
Paeonia intermedia,Paeonia_intermedia.json,6273687544,https://www.inaturalist.org/observations/359144186,Paeonia intermedia C.A.Mey. ex Ledeb.,Paeonia intermedia C.A.Mey. ex Ledeb.,9506797,43.228893,77.06112,,WGS84,2026-04-27T10:08,2026,4,27,HUMAN_OBSERVATION,PRESENT,iNaturalist research-grade observations,iNaturalist,Observations,http://creativecommons.org/licenses/by/4.0/legalcode,Kazakhstan,Almaty,,inside,inside
Paeonia intermedia,Paeonia_intermedia.json,6273715690,https://www.inaturalist.org/observations/359144204,Paeonia intermedia C.A.Mey. ex Ledeb.,Paeonia intermedia C.A.Mey. ex Ledeb.,9506797,43.230014,77.062954,32,WGS84,2026-04-27T10:25,2026,4,27,HUMAN_OBSERVATION,PRESENT,iNaturalist research-grade observations,iNaturalist,Observations,http://creativecommons.org/licenses/by/4.0/legalcode,Kazakhstan,Almaty,,inside,inside
Paeonia intermedia,Paeonia_intermedia.json,6273826551,https://www.inaturalist.org/observations/358875324,Paeonia intermedia C.A.Mey. ex Ledeb.,Paeonia intermedia C.A.Mey. ex Ledeb.,9506797,43.233887,77.039955,,WGS84,2026-04-25T10:33,2026,4,25,HUMAN_OBSERVATION,PRESENT,iNaturalist research-grade observations,iNaturalist,Observations,http://creativecommons.org/licenses/by/4.0/legalcode,Kazakhstan,Almaty,,inside,inside
Paeonia intermedia,Paeonia_intermedia.json,6273993486,https://www.inaturalist.org/observations/359144187,Paeonia intermedia C.A.Mey. ex Ledeb.,Paeonia intermedia C.A.Mey. ex Ledeb.,9506797,43.228705,77.06104,,WGS84,2026-04-27T10:09,2026,4,27,HUMAN_OBSERVATION,PRESENT,iNaturalist research-grade observations,iNaturalist,Observations,http://creativecommons.org/licenses/by/4.0/legalcode,Kazakhstan,Almaty,,inside,inside
Paeonia intermedia,Paeonia_intermedia.json,6274026871,https://www.inaturalist.org/observations/358889898,Paeonia intermedia C.A.Mey. ex Ledeb.,Paeonia intermedia C.A.Mey. ex Ledeb.,9506797,43.234608,77.03822,61,WGS84,2026-04-25T10:50,2026,4,25,HUMAN_OBSERVATION,PRESENT,iNaturalist research-grade observations,iNaturalist,Observations,http://creativecommons.org/licenses/by/4.0/legalcode,Kazakhstan,Almaty,,inside,inside
Paeonia intermedia,Paeonia_intermedia.json,6274031323,https://www.inaturalist.org/observations/358514599,Paeonia intermedia C.A.Mey. ex Ledeb.,Paeonia intermedia C.A.Mey. ex Ledeb.,9506797,43.266818,77.354657,388,WGS84,26-Apr-26 12:29:41,2026,4,26,HUMAN_OBSERVATION,PRESENT,iNaturalist research-grade observations,iNaturalist,Observations,http://creativecommons.org/licenses/by-nc/4.0/legalcode,Kazakhstan,Almaty,,inside,inside
Paeonia intermedia,Paeonia_intermedia.json,6274295447,https://www.inaturalist.org/observations/358875335,Paeonia intermedia C.A.Mey. ex Ledeb.,Paeonia intermedia C.A.Mey. ex Ledeb.,9506797,43.233907,77.039715,,WGS84,2026-04-25T10:37,2026,4,25,HUMAN_OBSERVATION,PRESENT,iNaturalist research-grade observations,iNaturalist,Observations,http://creativecommons.org/licenses/by/4.0/legalcode,Kazakhstan,Almaty,,inside,inside
Paeonia intermedia,Paeonia_intermedia.json,6320987955,https://www.inaturalist.org/observations/362411639,Paeonia intermedia C.A.Mey. ex Ledeb.,Paeonia intermedia C.A.Mey. ex Ledeb.,9506797,43.132791,76.477593,244,WGS84,2026-04-25T15:48,2026,4,25,HUMAN_OBSERVATION,PRESENT,iNaturalist research-grade observations,iNaturalist,Observations,http://creativecommons.org/licenses/by-nc/4.0/legalcode,Kazakhstan,Almaty,,inside,inside
Paeonia intermedia,Paeonia_intermedia.json,6321183672,https://www.inaturalist.org/observations/361925078,Paeonia intermedia C.A.Mey. ex Ledeb.,Paeonia intermedia C.A.Mey. ex Ledeb.,9506797,43.101336,76.883429,131,WGS84,30-Apr-26 13:13:29,2026,4,30,HUMAN_OBSERVATION,PRESENT,iNaturalist research-grade observations,iNaturalist,Observations,http://creativecommons.org/licenses/by-nc/4.0/legalcode,Kazakhstan,Almaty,,inside,inside
Paeonia intermedia,Paeonia_intermedia.json,6398753092,https://www.inaturalist.org/observations/369180402,Paeonia intermedia C.A.Mey. ex Ledeb.,Paeonia intermedia C.A.Mey. ex Ledeb.,9506797,43.273616,77.061433,,WGS84,2026-04-11T10:25,2026,4,11,HUMAN_OBSERVATION,PRESENT,iNaturalist research-grade observations,iNaturalist,Observations,http://creativecommons.org/licenses/by-nc/4.0/legalcode,Kazakhstan,Almaty,,inside,inside
Paeonia intermedia,Paeonia_intermedia.json,6398863381,https://www.inaturalist.org/observations/369180439,Paeonia intermedia C.A.Mey. ex Ledeb.,Paeonia intermedia C.A.Mey. ex Ledeb.,9506797,43.260511,77.066866,,WGS84,2026-04-11T11:14,2026,4,11,HUMAN_OBSERVATION,PRESENT,iNaturalist research-grade observations,iNaturalist,Observations,http://creativecommons.org/licenses/by-nc/4.0/legalcode,Kazakhstan,Almaty,,inside,inside
Paeonia intermedia,Paeonia_intermedia.json,6399264612,https://www.inaturalist.org/observations/369180378,Paeonia intermedia C.A.Mey. ex Ledeb.,Paeonia intermedia C.A.Mey. ex Ledeb.,9506797,43.274904,77.060987,,WGS84,2026-04-11T10:20,2026,4,11,HUMAN_OBSERVATION,PRESENT,iNaturalist research-grade observations,iNaturalist,Observations,http://creativecommons.org/licenses/by-nc/4.0/legalcode,Kazakhstan,Almaty,,inside,inside
Paeonia intermedia,Paeonia_intermedia.json,6399910304,https://www.inaturalist.org/observations/369180482,Paeonia intermedia C.A.Mey. ex Ledeb.,Paeonia intermedia C.A.Mey. ex Ledeb.,9506797,43.254271,77.065416,,WGS84,2026-04-11T11:46,2026,4,11,HUMAN_OBSERVATION,PRESENT,iNaturalist research-grade observations,iNaturalist,Observations,http://creativecommons.org/licenses/by-nc/4.0/legalcode,Kazakhstan,Almaty,,inside,inside
Paeonia intermedia,Paeonia_intermedia.json,6400494042,https://www.inaturalist.org/observations/369180391,Paeonia intermedia C.A.Mey. ex Ledeb.,Paeonia intermedia C.A.Mey. ex Ledeb.,9506797,43.274702,77.061099,,WGS84,2026-04-11T10:21,2026,4,11,HUMAN_OBSERVATION,PRESENT,iNaturalist research-grade observations,iNaturalist,Observations,http://creativecommons.org/licenses/by-nc/4.0/legalcode,Kazakhstan,Almaty,,inside,inside
Paeonia intermedia,Paeonia_intermedia.json,6430855717,https://www.inaturalist.org/observations/378769311,Paeonia intermedia C.A.Mey. ex Ledeb.,Paeonia intermedia C.A.Mey. ex Ledeb.,9506797,43.23278,77.034203,4,WGS84,12-Apr-26 14:38:58,2026,4,12,HUMAN_OBSERVATION,PRESENT,iNaturalist research-grade observations,iNaturalist,Observations,http://creativecommons.org/licenses/by-nc/4.0/legalcode,Kazakhstan,Almaty,,inside,inside
Paeonia intermedia,Paeonia_intermedia.json,6251454197,https://www.inaturalist.org/observations/357607803,Paeonia intermedia C.A.Mey. ex Ledeb.,Paeonia intermedia C.A.Mey. ex Ledeb.,9506797,43.163998,77.073287,186,WGS84,2026-05-02T21:19,2026,5,2,HUMAN_OBSERVATION,PRESENT,iNaturalist research-grade observations,iNaturalist,Observations,http://creativecommons.org/licenses/by-nc/4.0/legalcode,Kazakhstan,Almaty,,inside,inside
Paeonia intermedia,Paeonia_intermedia.json,6252864496,https://www.inaturalist.org/observations/357511530,Paeonia intermedia C.A.Mey. ex Ledeb.,Paeonia intermedia C.A.Mey. ex Ledeb.,9506797,45.44397,80.352988,2776,WGS84,02-May-26 13:55:53,2026,5,2,HUMAN_OBSERVATION,PRESENT,iNaturalist research-grade observations,iNaturalist,Observations,http://creativecommons.org/licenses/by-nc/4.0/legalcode,Kazakhstan,Almaty,,inside,inside
Paeonia intermedia,Paeonia_intermedia.json,6253020196,https://www.inaturalist.org/observations/357154935,Paeonia intermedia C.A.Mey. ex Ledeb.,Paeonia intermedia C.A.Mey. ex Ledeb.,9506797,43.201563,77.061563,509,WGS84,2026-05-01T17:46,2026,5,1,HUMAN_OBSERVATION,PRESENT,iNaturalist research-grade observations,iNaturalist,Observations,http://creativecommons.org/licenses/by-nc/4.0/legalcode,Kazakhstan,Almaty,,inside,inside
Paeonia intermedia,Paeonia_intermedia.json,6333978955,https://www.inaturalist.org/observations/364658177,Paeonia intermedia C.A.Mey. ex Ledeb.,Paeonia intermedia C.A.Mey. ex Ledeb.,9506797,43.121339,76.9804,,WGS84,24-May-26 07:49:24,2026,5,24,HUMAN_OBSERVATION,PRESENT,iNaturalist research-grade observations,iNaturalist,Observations,http://creativecommons.org/licenses/by-nc/4.0/legalcode,Kazakhstan,Almaty,,inside,inside
Paeonia intermedia,Paeonia_intermedia.json,6334990475,https://www.inaturalist.org/observations/364179798,Paeonia intermedia C.A.Mey. ex Ledeb.,Paeonia intermedia C.A.Mey. ex Ledeb.,9506797,44.627692,78.365064,,WGS84,23-May-26 09:09:40,2026,5,23,HUMAN_OBSERVATION,PRESENT,iNaturalist research-grade observations,iNaturalist,Observations,http://creativecommons.org/licenses/by-nc/4.0/legalcode,Kazakhstan,Almaty,,inside,inside
Paeonia intermedia,Paeonia_intermedia.json,6400080367,https://www.inaturalist.org/observations/368870993,Paeonia intermedia C.A.Mey. ex Ledeb.,Paeonia intermedia C.A.Mey. ex Ledeb.,9506797,43.122492,77.088121,2706,WGS84,2026-05-27T08:31,2026,5,27,HUMAN_OBSERVATION,PRESENT,iNaturalist research-grade observations,iNaturalist,Observations,http://creativecommons.org/licenses/by-nc/4.0/legalcode,Kazakhstan,Almaty,,inside,inside
Paeonia intermedia,Paeonia_intermedia.json,6441946769,https://www.inaturalist.org/observations/378737582,Paeonia intermedia C.A.Mey. ex Ledeb.,Paeonia intermedia C.A.Mey. ex Ledeb.,9506797,43.166095,77.073549,,WGS84,2026-05-27T07:05,2026,5,27,HUMAN_OBSERVATION,PRESENT,iNaturalist research-grade observations,iNaturalist,Observations,http://creativecommons.org/licenses/by-nc/4.0/legalcode,Kazakhstan,Almaty,,inside,inside
Paeonia intermedia,Paeonia_intermedia.json,5133365945,https://www.inaturalist.org/observations/269975663,Paeonia intermedia C.A.Mey. ex Ledeb.,Paeonia intermedia C.A.Mey. ex Ledeb.,9506797,43.153435,76.7858,,WGS84,2025-04-12T16:25,2025,4,12,HUMAN_OBSERVATION,PRESENT,iNaturalist research-grade observations,iNaturalist,Observations,http://creativecommons.org/licenses/by/4.0/legalcode,Kazakhstan,Almaty,,inside,inside
Paeonia intermedia,Paeonia_intermedia.json,5140216768,https://www.inaturalist.org/observations/273113373,Paeonia intermedia C.A.Mey. ex Ledeb.,Paeonia intermedia C.A.Mey. ex Ledeb.,9506797,43.171391,77.068554,813,WGS84,25-Apr-25 15:09:07,2025,4,25,HUMAN_OBSERVATION,PRESENT,iNaturalist research-grade observations,iNaturalist,Observations,http://creativecommons.org/licenses/by/4.0/legalcode,Kazakhstan,Almaty,,inside,inside
Paeonia intermedia,Paeonia_intermedia.json,5140929019,https://www.inaturalist.org/observations/276625864,Paeonia intermedia C.A.Mey. ex Ledeb.,Paeonia intermedia C.A.Mey. ex Ledeb.,9506797,43.153355,76.794754,,WGS84,2025-04-28T14:03,2025,4,28,HUMAN_OBSERVATION,PRESENT,iNaturalist research-grade observations,iNaturalist,Observations,http://creativecommons.org/licenses/by/4.0/legalcode,Kazakhstan,Almaty,,inside,inside
Paeonia intermedia,Paeonia_intermedia.json,5140932904,https://www.inaturalist.org/observations/276602288,Paeonia intermedia C.A.Mey. ex Ledeb.,Paeonia intermedia C.A.Mey. ex Ledeb.,9506797,43.152725,76.793442,,WGS84,2025-04-28T13:29,2025,4,28,HUMAN_OBSERVATION,PRESENT,iNaturalist research-grade observations,iNaturalist,Observations,http://creativecommons.org/licenses/by/4.0/legalcode,Kazakhstan,Almaty,,inside,inside
Paeonia intermedia,Paeonia_intermedia.json,5140934012,https://www.inaturalist.org/observations/276602279,Paeonia intermedia C.A.Mey. ex Ledeb.,Paeonia intermedia C.A.Mey. ex Ledeb.,9506797,43.152702,76.793404,,WGS84,2025-04-28T13:29,2025,4,28,HUMAN_OBSERVATION,PRESENT,iNaturalist research-grade observations,iNaturalist,Observations,http://creativecommons.org/licenses/by/4.0/legalcode,Kazakhstan,Almaty,,inside,inside
Paeonia intermedia,Paeonia_intermedia.json,5140946126,https://www.inaturalist.org/observations/276602333,Paeonia intermedia C.A.Mey. ex Ledeb.,Paeonia intermedia C.A.Mey. ex Ledeb.,9506797,43.152943,76.793571,,WGS84,2025-04-28T13:34,2025,4,28,HUMAN_OBSERVATION,PRESENT,iNaturalist research-grade observations,iNaturalist,Observations,http://creativecommons.org/licenses/by/4.0/legalcode,Kazakhstan,Almaty,,inside,inside
Paeonia intermedia,Paeonia_intermedia.json,5140952225,https://www.inaturalist.org/observations/276602320,Paeonia intermedia C.A.Mey. ex Ledeb.,Paeonia intermedia C.A.Mey. ex Ledeb.,9506797,43.152867,76.793485,,WGS84,2025-04-28T13:32,2025,4,28,HUMAN_OBSERVATION,PRESENT,iNaturalist research-grade observations,iNaturalist,Observations,http://creativecommons.org/licenses/by/4.0/legalcode,Kazakhstan,Almaty,,inside,inside
Paeonia intermedia,Paeonia_intermedia.json,5140952873,https://www.inaturalist.org/observations/276602338,Paeonia intermedia C.A.Mey. ex Ledeb.,Paeonia intermedia C.A.Mey. ex Ledeb.,9506797,43.152977,76.793587,,WGS84,2025-04-28T13:35,2025,4,28,HUMAN_OBSERVATION,PRESENT,iNaturalist research-grade observations,iNaturalist,Observations,http://creativecommons.org/licenses/by/4.0/legalcode,Kazakhstan,Almaty,,inside,inside
Paeonia intermedia,Paeonia_intermedia.json,5140955155,https://www.inaturalist.org/observations/276602334,Paeonia intermedia C.A.Mey. ex Ledeb.,Paeonia intermedia C.A.Mey. ex Ledeb.,9506797,43.152944,76.7936,,WGS84,2025-04-28T13:35,2025,4,28,HUMAN_OBSERVATION,PRESENT,iNaturalist research-grade observations,iNaturalist,Observations,http://creativecommons.org/licenses/by/4.0/legalcode,Kazakhstan,Almaty,,inside,inside
Paeonia intermedia,Paeonia_intermedia.json,5140962015,https://www.inaturalist.org/observations/276602365,Paeonia intermedia C.A.Mey. ex Ledeb.,Paeonia intermedia C.A.Mey. ex Ledeb.,9506797,43.153206,76.793824,,WGS84,2025-04-28T13:41,2025,4,28,HUMAN_OBSERVATION,PRESENT,iNaturalist research-grade observations,iNaturalist,Observations,http://creativecommons.org/licenses/by/4.0/legalcode,Kazakhstan,Almaty,,inside,inside
Paeonia intermedia,Paeonia_intermedia.json,5140962937,https://www.inaturalist.org/observations/276602354,Paeonia intermedia C.A.Mey. ex Ledeb.,Paeonia intermedia C.A.Mey. ex Ledeb.,9506797,43.15313,76.793671,,WGS84,2025-04-28T13:39,2025,4,28,HUMAN_OBSERVATION,PRESENT,iNaturalist research-grade observations,iNaturalist,Observations,http://creativecommons.org/licenses/by/4.0/legalcode,Kazakhstan,Almaty,,inside,inside
Paeonia intermedia,Paeonia_intermedia.json,5140965010,https://www.inaturalist.org/observations/276602297,Paeonia intermedia C.A.Mey. ex Ledeb.,Paeonia intermedia C.A.Mey. ex Ledeb.,9506797,43.152725,76.793449,,WGS84,2025-04-28T13:30,2025,4,28,HUMAN_OBSERVATION,PRESENT,iNaturalist research-grade observations,iNaturalist,Observations,http://creativecommons.org/licenses/by/4.0/legalcode,Kazakhstan,Almaty,,inside,inside
Paeonia intermedia,Paeonia_intermedia.json,5140967723,https://www.inaturalist.org/observations/276539229,Paeonia intermedia C.A.Mey. ex Ledeb.,Paeonia intermedia C.A.Mey. ex Ledeb.,9506797,43.153219,76.793955,200,WGS84,2025-04-28T11:39,2025,4,28,HUMAN_OBSERVATION,PRESENT,iNaturalist research-grade observations,iNaturalist,Observations,http://creativecommons.org/licenses/by-nc/4.0/legalcode,Kazakhstan,Almaty,,inside,inside
Paeonia intermedia,Paeonia_intermedia.json,5140967966,https://www.inaturalist.org/observations/276602309,Paeonia intermedia C.A.Mey. ex Ledeb.,Paeonia intermedia C.A.Mey. ex Ledeb.,9506797,43.152867,76.793488,,WGS84,2025-04-28T13:32,2025,4,28,HUMAN_OBSERVATION,PRESENT,iNaturalist research-grade observations,iNaturalist,Observations,http://creativecommons.org/licenses/by/4.0/legalcode,Kazakhstan,Almaty,,inside,inside
Paeonia intermedia,Paeonia_intermedia.json,5140973005,https://www.inaturalist.org/observations/276602281,Paeonia intermedia C.A.Mey. ex Ledeb.,Paeonia intermedia C.A.Mey. ex Ledeb.,9506797,43.152725,76.793449,,WGS84,2025-04-28T13:29,2025,4,28,HUMAN_OBSERVATION,PRESENT,iNaturalist research-grade observations,iNaturalist,Observations,http://creativecommons.org/licenses/by/4.0/legalcode,Kazakhstan,Almaty,,inside,inside
Paeonia intermedia,Paeonia_intermedia.json,5140995020,https://www.inaturalist.org/observations/276625885,Paeonia intermedia C.A.Mey. ex Ledeb.,Paeonia intermedia C.A.Mey. ex Ledeb.,9506797,43.153808,76.794464,,WGS84,2025-04-28T14:25,2025,4,28,HUMAN_OBSERVATION,PRESENT,iNaturalist research-grade observations,iNaturalist,Observations,http://creativecommons.org/licenses/by/4.0/legalcode,Kazakhstan,Almaty,,inside,inside
Paeonia intermedia,Paeonia_intermedia.json,5141098012,https://www.inaturalist.org/observations/276602290,Paeonia intermedia C.A.Mey. ex Ledeb.,Paeonia intermedia C.A.Mey. ex Ledeb.,9506797,43.152725,76.793449,,WGS84,2025-04-28T13:30,2025,4,28,HUMAN_OBSERVATION,PRESENT,iNaturalist research-grade observations,iNaturalist,Observations,http://creativecommons.org/licenses/by/4.0/legalcode,Kazakhstan,Almaty,,inside,inside
Paeonia intermedia,Paeonia_intermedia.json,5141106093,https://www.inaturalist.org/observations/276594454,Paeonia intermedia C.A.Mey. ex Ledeb.,Paeonia intermedia C.A.Mey. ex Ledeb.,9506797,43.153835,76.793106,,WGS84,2025-04-28T12:40,2025,4,28,HUMAN_OBSERVATION,PRESENT,iNaturalist research-grade observations,iNaturalist,Observations,http://creativecommons.org/licenses/by/4.0/legalcode,Kazakhstan,Almaty,,inside,inside
Paeonia intermedia,Paeonia_intermedia.json,5141126951,https://www.inaturalist.org/observations/276602289,Paeonia intermedia C.A.Mey. ex Ledeb.,Paeonia intermedia C.A.Mey. ex Ledeb.,9506797,43.152725,76.793442,,WGS84,2025-04-28T13:29,2025,4,28,HUMAN_OBSERVATION,PRESENT,iNaturalist research-grade observations,iNaturalist,Observations,http://creativecommons.org/licenses/by/4.0/legalcode,Kazakhstan,Almaty,,inside,inside
Paeonia intermedia,Paeonia_intermedia.json,5141137225,https://www.inaturalist.org/observations/276625937,Paeonia intermedia C.A.Mey. ex Ledeb.,Paeonia intermedia C.A.Mey. ex Ledeb.,9506797,43.15443,76.793755,,WGS84,2025-04-28T14:35,2025,4,28,HUMAN_OBSERVATION,PRESENT,iNaturalist research-grade observations,iNaturalist,Observations,http://creativecommons.org/licenses/by/4.0/legalcode,Kazakhstan,Almaty,,inside,inside
Paeonia intermedia,Paeonia_intermedia.json,5153011228,https://www.inaturalist.org/observations/278095449,Paeonia intermedia C.A.Mey. ex Ledeb.,Paeonia intermedia C.A.Mey. ex Ledeb.,9506797,43.173608,77.07916,1370,WGS84,2025-04-25T15:53,2025,4,25,HUMAN_OBSERVATION,PRESENT,iNaturalist research-grade observations,iNaturalist,Observations,http://creativecommons.org/licenses/by/4.0/legalcode,Kazakhstan,Almaty,,inside,inside
Paeonia intermedia,Paeonia_intermedia.json,5153182478,https://www.inaturalist.org/observations/277722172,Paeonia intermedia C.A.Mey. ex Ledeb.,Paeonia intermedia C.A.Mey. ex Ledeb.,9506797,43.237976,76.882862,29449,WGS84,2025-04-27T16:58,2025,4,27,HUMAN_OBSERVATION,PRESENT,iNaturalist research-grade observations,iNaturalist,Observations,http://creativecommons.org/licenses/by/4.0/legalcode,Kazakhstan,Almaty,,inside,inside
Paeonia intermedia,Paeonia_intermedia.json,5153227891,https://www.inaturalist.org/observations/278095441,Paeonia intermedia C.A.Mey. ex Ledeb.,Paeonia intermedia C.A.Mey. ex Ledeb.,9506797,43.173608,77.07916,1370,WGS84,2025-04-25T15:36,2025,4,25,HUMAN_OBSERVATION,PRESENT,iNaturalist research-grade observations,iNaturalist,Observations,http://creativecommons.org/licenses/by/4.0/legalcode,Kazakhstan,Almaty,,inside,inside
Paeonia intermedia,Paeonia_intermedia.json,5154031422,https://www.inaturalist.org/observations/278095431,Paeonia intermedia C.A.Mey. ex Ledeb.,Paeonia intermedia C.A.Mey. ex Ledeb.,9506797,43.173608,77.07916,1370,WGS84,2025-04-25T15:29,2025,4,25,HUMAN_OBSERVATION,PRESENT,iNaturalist research-grade observations,iNaturalist,Observations,http://creativecommons.org/licenses/by/4.0/legalcode,Kazakhstan,Almaty,,inside,inside
Paeonia intermedia,Paeonia_intermedia.json,5154114700,https://www.inaturalist.org/observations/278095442,Paeonia intermedia C.A.Mey. ex Ledeb.,Paeonia intermedia C.A.Mey. ex Ledeb.,9506797,43.173608,77.07916,1370,WGS84,2025-04-25T15:36,2025,4,25,HUMAN_OBSERVATION,PRESENT,iNaturalist research-grade observations,iNaturalist,Observations,http://creativecommons.org/licenses/by/4.0/legalcode,Kazakhstan,Almaty,,inside,inside
Paeonia intermedia,Paeonia_intermedia.json,5154642056,https://www.inaturalist.org/observations/279659356,Paeonia intermedia C.A.Mey. ex Ledeb.,Paeonia intermedia C.A.Mey. ex Ledeb.,9506797,43.153456,76.785849,,WGS84,12-Apr-25 16:25:49,2025,4,12,HUMAN_OBSERVATION,PRESENT,iNaturalist research-grade observations,iNaturalist,Observations,http://creativecommons.org/licenses/by-nc/4.0/legalcode,Kazakhstan,Almaty,,inside,inside
Paeonia intermedia,Paeonia_intermedia.json,5892357584,https://www.inaturalist.org/observations/324987843,Paeonia intermedia C.A.Mey. ex Ledeb.,Paeonia intermedia C.A.Mey. ex Ledeb.,9506797,43.233715,77.039619,114,WGS84,2025-04-13T11:14,2025,4,13,HUMAN_OBSERVATION,PRESENT,iNaturalist research-grade observations,iNaturalist,Observations,http://creativecommons.org/licenses/by/4.0/legalcode,Kazakhstan,Almaty,,inside,inside
Paeonia intermedia,Paeonia_intermedia.json,5892358058,https://www.inaturalist.org/observations/324987840,Paeonia intermedia C.A.Mey. ex Ledeb.,Paeonia intermedia C.A.Mey. ex Ledeb.,9506797,43.233715,77.039619,114,WGS84,2025-04-13T11:12,2025,4,13,HUMAN_OBSERVATION,PRESENT,iNaturalist research-grade observations,iNaturalist,Observations,http://creativecommons.org/licenses/by/4.0/legalcode,Kazakhstan,Almaty,,inside,inside
Paeonia intermedia,Paeonia_intermedia.json,5892358281,https://www.inaturalist.org/observations/324987841,Paeonia intermedia C.A.Mey. ex Ledeb.,Paeonia intermedia C.A.Mey. ex Ledeb.,9506797,43.233715,77.039619,114,WGS84,2025-04-13T11:13,2025,4,13,HUMAN_OBSERVATION,PRESENT,iNaturalist research-grade observations,iNaturalist,Observations,http://creativecommons.org/licenses/by/4.0/legalcode,Kazakhstan,Almaty,,inside,inside
Paeonia intermedia,Paeonia_intermedia.json,5892457963,https://www.inaturalist.org/observations/324987833,Paeonia intermedia C.A.Mey. ex Ledeb.,Paeonia intermedia C.A.Mey. ex Ledeb.,9506797,43.233715,77.039619,114,WGS84,2025-04-13T11:08,2025,4,13,HUMAN_OBSERVATION,PRESENT,iNaturalist research-grade observations,iNaturalist,Observations,http://creativecommons.org/licenses/by/4.0/legalcode,Kazakhstan,Almaty,,inside,inside
Paeonia intermedia,Paeonia_intermedia.json,5892506753,https://www.inaturalist.org/observations/324987861,Paeonia intermedia C.A.Mey. ex Ledeb.,Paeonia intermedia C.A.Mey. ex Ledeb.,9506797,43.235268,77.050335,478,WGS84,2025-04-13T11:48,2025,4,13,HUMAN_OBSERVATION,PRESENT,iNaturalist research-grade observations,iNaturalist,Observations,http://creativecommons.org/licenses/by/4.0/legalcode,Kazakhstan,Almaty,,inside,inside
Paeonia intermedia,Paeonia_intermedia.json,5892528459,https://www.inaturalist.org/observations/324987839,Paeonia intermedia C.A.Mey. ex Ledeb.,Paeonia intermedia C.A.Mey. ex Ledeb.,9506797,43.233715,77.039619,114,WGS84,2025-04-13T11:12,2025,4,13,HUMAN_OBSERVATION,PRESENT,iNaturalist research-grade observations,iNaturalist,Observations,http://creativecommons.org/licenses/by/4.0/legalcode,Kazakhstan,Almaty,,inside,inside
Paeonia intermedia,Paeonia_intermedia.json,5892805412,https://www.inaturalist.org/observations/324987874,Paeonia intermedia C.A.Mey. ex Ledeb.,Paeonia intermedia C.A.Mey. ex Ledeb.,9506797,43.228577,77.05028,335,WGS84,2025-04-13T12:30,2025,4,13,HUMAN_OBSERVATION,PRESENT,iNaturalist research-grade observations,iNaturalist,Observations,http://creativecommons.org/licenses/by/4.0/legalcode,Kazakhstan,Almaty,,inside,inside
Paeonia intermedia,Paeonia_intermedia.json,5892845601,https://www.inaturalist.org/observations/324987862,Paeonia intermedia C.A.Mey. ex Ledeb.,Paeonia intermedia C.A.Mey. ex Ledeb.,9506797,43.235268,77.050335,478,WGS84,2025-04-13T11:50,2025,4,13,HUMAN_OBSERVATION,PRESENT,iNaturalist research-grade observations,iNaturalist,Observations,http://creativecommons.org/licenses/by/4.0/legalcode,Kazakhstan,Almaty,,inside,inside
Paeonia intermedia,Paeonia_intermedia.json,5892877558,https://www.inaturalist.org/observations/324987837,Paeonia intermedia C.A.Mey. ex Ledeb.,Paeonia intermedia C.A.Mey. ex Ledeb.,9506797,43.233715,77.039619,114,WGS84,2025-04-13T11:10,2025,4,13,HUMAN_OBSERVATION,PRESENT,iNaturalist research-grade observations,iNaturalist,Observations,http://creativecommons.org/licenses/by/4.0/legalcode,Kazakhstan,Almaty,,inside,inside
Paeonia intermedia,Paeonia_intermedia.json,5892909880,https://www.inaturalist.org/observations/324987878,Paeonia intermedia C.A.Mey. ex Ledeb.,Paeonia intermedia C.A.Mey. ex Ledeb.,9506797,43.228577,77.05028,335,WGS84,2025-04-13T11:11,2025,4,13,HUMAN_OBSERVATION,PRESENT,iNaturalist research-grade observations,iNaturalist,Observations,http://creativecommons.org/licenses/by/4.0/legalcode,Kazakhstan,Almaty,,inside,inside
Paeonia intermedia,Paeonia_intermedia.json,5932224740,https://www.inaturalist.org/observations/269933090,Paeonia intermedia C.A.Mey. ex Ledeb.,Paeonia intermedia C.A.Mey. ex Ledeb.,9506797,43.282733,77.116467,,WGS84,12-Apr-25 09:38:39,2025,4,12,HUMAN_OBSERVATION,PRESENT,iNaturalist research-grade observations,iNaturalist,Observations,http://creativecommons.org/licenses/by-nc/4.0/legalcode,Kazakhstan,Almaty,,inside,inside
Paeonia intermedia,Paeonia_intermedia.json,5153249706,https://www.inaturalist.org/observations/277408376,Paeonia intermedia C.A.Mey. ex Ledeb.,Paeonia intermedia C.A.Mey. ex Ledeb.,9506797,43.264786,77.125844,,WGS84,01-May-25 11:41:12,2025,5,1,HUMAN_OBSERVATION,PRESENT,iNaturalist research-grade observations,iNaturalist,Observations,http://creativecommons.org/licenses/by-nc/4.0/legalcode,Kazakhstan,Almaty,,inside,inside
Paeonia intermedia,Paeonia_intermedia.json,5154308672,https://www.inaturalist.org/observations/277990232,Paeonia intermedia C.A.Mey. ex Ledeb.,Paeonia intermedia C.A.Mey. ex Ledeb.,9506797,43.162505,77.056905,691,WGS84,2025-05-03T11:40,2025,5,3,HUMAN_OBSERVATION,PRESENT,iNaturalist research-grade observations,iNaturalist,Observations,http://creativecommons.org/licenses/by-nc/4.0/legalcode,Kazakhstan,Almaty,,inside,inside
Paeonia intermedia,Paeonia_intermedia.json,5166768214,https://www.inaturalist.org/observations/277977239,Paeonia intermedia C.A.Mey. ex Ledeb.,Paeonia intermedia C.A.Mey. ex Ledeb.,9506797,43.310662,77.298669,27505,WGS84,01-May-25 10:57:23,2025,5,1,HUMAN_OBSERVATION,PRESENT,iNaturalist research-grade observations,iNaturalist,Observations,http://creativecommons.org/licenses/by-nc/4.0/legalcode,Kazakhstan,Almaty,,inside,inside
Paeonia intermedia,Paeonia_intermedia.json,5166799080,https://www.inaturalist.org/observations/277392351,Paeonia intermedia C.A.Mey. ex Ledeb.,Paeonia intermedia C.A.Mey. ex Ledeb.,9506797,43.316424,77.299169,27505,WGS84,01-May-25 12:45:10,2025,5,1,HUMAN_OBSERVATION,PRESENT,iNaturalist research-grade observations,iNaturalist,Observations,http://creativecommons.org/licenses/by-nc/4.0/legalcode,Kazakhstan,Almaty,,inside,inside
Paeonia intermedia,Paeonia_intermedia.json,5167215913,https://www.inaturalist.org/observations/277380341,Paeonia intermedia C.A.Mey. ex Ledeb.,Paeonia intermedia C.A.Mey. ex Ledeb.,9506797,43.245237,77.294525,27505,WGS84,01-May-25 13:22:54,2025,5,1,HUMAN_OBSERVATION,PRESENT,iNaturalist research-grade observations,iNaturalist,Observations,http://creativecommons.org/licenses/by-nc/4.0/legalcode,Kazakhstan,Almaty,,inside,inside
Paeonia intermedia,Paeonia_intermedia.json,5167288746,https://www.inaturalist.org/observations/280703674,Paeonia intermedia C.A.Mey. ex Ledeb.,Paeonia intermedia C.A.Mey. ex Ledeb.,9506797,43.167161,77.064585,,WGS84,12-May-25 10:50:05,2025,5,12,HUMAN_OBSERVATION,PRESENT,iNaturalist research-grade observations,iNaturalist,Observations,http://creativecommons.org/licenses/by-nc/4.0/legalcode,Kazakhstan,Almaty,,inside,inside
Paeonia intermedia,Paeonia_intermedia.json,5167291967,https://www.inaturalist.org/observations/277385248,Paeonia intermedia C.A.Mey. ex Ledeb.,Paeonia intermedia C.A.Mey. ex Ledeb.,9506797,43.301631,77.326677,27505,WGS84,01-May-25 13:17:24,2025,5,1,HUMAN_OBSERVATION,PRESENT,iNaturalist research-grade observations,iNaturalist,Observations,http://creativecommons.org/licenses/by-nc/4.0/legalcode,Kazakhstan,Almaty,,inside,inside
Paeonia intermedia,Paeonia_intermedia.json,5167496735,https://www.inaturalist.org/observations/277381489,Paeonia intermedia C.A.Mey. ex Ledeb.,Paeonia intermedia C.A.Mey. ex Ledeb.,9506797,43.20847,77.234619,27505,WGS84,01-May-25 13:22:09,2025,5,1,HUMAN_OBSERVATION,PRESENT,iNaturalist research-grade observations,iNaturalist,Observations,http://creativecommons.org/licenses/by-nc/4.0/legalcode,Kazakhstan,Almaty,,inside,inside
Paeonia intermedia,Paeonia_intermedia.json,5167496939,https://www.inaturalist.org/observations/280949043,Paeonia intermedia C.A.Mey. ex Ledeb.,Paeonia intermedia C.A.Mey. ex Ledeb.,9506797,43.164522,77.05385,221,WGS84,12-May-25 10:11:19,2025,5,12,HUMAN_OBSERVATION,PRESENT,iNaturalist research-grade observations,iNaturalist,Observations,http://creativecommons.org/licenses/by-nc/4.0/legalcode,Kazakhstan,Almaty,,inside,inside
Paeonia intermedia,Paeonia_intermedia.json,5167752772,https://www.inaturalist.org/observations/277386901,Paeonia intermedia C.A.Mey. ex Ledeb.,Paeonia intermedia C.A.Mey. ex Ledeb.,9506797,43.259379,77.212759,27505,WGS84,01-May-25 13:07:21,2025,5,1,HUMAN_OBSERVATION,PRESENT,iNaturalist research-grade observations,iNaturalist,Observations,http://creativecommons.org/licenses/by-nc/4.0/legalcode,Kazakhstan,Almaty,,inside,inside
Paeonia intermedia,Paeonia_intermedia.json,5168201453,https://www.inaturalist.org/observations/281271290,Paeonia intermedia C.A.Mey. ex Ledeb.,Paeonia intermedia C.A.Mey. ex Ledeb.,9506797,43.120602,76.636668,15229,WGS84,15-May-25 10:23:33,2025,5,15,HUMAN_OBSERVATION,PRESENT,iNaturalist research-grade observations,iNaturalist,Observations,http://creativecommons.org/licenses/by-nc/4.0/legalcode,Kazakhstan,Almaty,,inside,inside
Paeonia intermedia,Paeonia_intermedia.json,5168237239,https://www.inaturalist.org/observations/277984863,Paeonia intermedia C.A.Mey. ex Ledeb.,Paeonia intermedia C.A.Mey. ex Ledeb.,9506797,43.343318,77.296364,186,WGS84,01-May-25 10:12:21,2025,5,1,HUMAN_OBSERVATION,PRESENT,iNaturalist research-grade observations,iNaturalist,Observations,http://creativecommons.org/licenses/by-nc/4.0/legalcode,Kazakhstan,Almaty,,inside,inside
Paeonia intermedia,Paeonia_intermedia.json,5198807536,https://www.inaturalist.org/observations/280704874,Paeonia intermedia C.A.Mey. ex Ledeb.,Paeonia intermedia C.A.Mey. ex Ledeb.,9506797,43.167347,77.060394,,WGS84,12-May-25 10:31:05,2025,5,12,HUMAN_OBSERVATION,PRESENT,iNaturalist research-grade observations,iNaturalist,Observations,http://creativecommons.org/licenses/by-nc/4.0/legalcode,Kazakhstan,Almaty,,inside,inside
Paeonia intermedia,Paeonia_intermedia.json,5292431567,https://www.inaturalist.org/observations/305998314,Paeonia intermedia C.A.Mey. ex Ledeb.,Paeonia intermedia C.A.Mey. ex Ledeb.,9506797,43.12745,76.51205,,WGS84,2025-05-18T09:44,2025,5,18,HUMAN_OBSERVATION,PRESENT,iNaturalist research-grade observations,iNaturalist,Observations,http://creativecommons.org/licenses/by-nc/4.0/legalcode,Kazakhstan,Almaty,,inside,inside
Paeonia intermedia,Paeonia_intermedia.json,5932297594,https://www.inaturalist.org/observations/277405322,Paeonia intermedia C.A.Mey. ex Ledeb.,Paeonia intermedia C.A.Mey. ex Ledeb.,9506797,43.294236,77.10915,,WGS84,01-May-25 09:41:26,2025,5,1,HUMAN_OBSERVATION,PRESENT,iNaturalist research-grade observations,iNaturalist,Observations,http://creativecommons.org/licenses/by-nc/4.0/legalcode,Kazakhstan,Almaty,,inside,inside
Paeonia intermedia,Paeonia_intermedia.json,5909258595,https://www.inaturalist.org/observations/297600783,Paeonia intermedia C.A.Mey. ex Ledeb.,Paeonia intermedia C.A.Mey. ex Ledeb.,9506797,43.237313,77.1399,,WGS84,13-Jul-25 15:04:15,2025,7,13,HUMAN_OBSERVATION,PRESENT,iNaturalist research-grade observations,iNaturalist,Observations,http://creativecommons.org/licenses/by-nc/4.0/legalcode,Kazakhstan,Almaty,,inside,inside
Paeonia intermedia,Paeonia_intermedia.json,4847009680,https://www.inaturalist.org/observations/207377680,Paeonia intermedia C.A.Mey. ex Ledeb.,Paeonia intermedia C.A.Mey. ex Ledeb.,9506797,43.237601,77.032138,673,WGS84,2024-04-14T12:13,2024,4,14,HUMAN_OBSERVATION,PRESENT,iNaturalist research-grade observations,iNaturalist,Observations,http://creativecommons.org/licenses/by/4.0/legalcode,Kazakhstan,Almaty,,inside,inside
Paeonia intermedia,Paeonia_intermedia.json,4851779484,https://www.inaturalist.org/observations/211681165,Paeonia intermedia C.A.Mey. ex Ledeb.,Paeonia intermedia C.A.Mey. ex Ledeb.,9506797,43.15374,76.787143,,WGS84,2024-04-29T15:34,2024,4,29,HUMAN_OBSERVATION,PRESENT,iNaturalist research-grade observations,iNaturalist,Observations,http://creativecommons.org/licenses/by/4.0/legalcode,Kazakhstan,Almaty,,inside,inside
Paeonia intermedia,Paeonia_intermedia.json,4851804405,https://www.inaturalist.org/observations/211587775,Paeonia intermedia C.A.Mey. ex Ledeb.,Paeonia intermedia C.A.Mey. ex Ledeb.,9506797,43.156073,76.784253,,WGS84,2024-04-29T14:06,2024,4,29,HUMAN_OBSERVATION,PRESENT,iNaturalist research-grade observations,iNaturalist,Observations,http://creativecommons.org/licenses/by/4.0/legalcode,Kazakhstan,Almaty,,inside,inside
Paeonia intermedia,Paeonia_intermedia.json,4851938011,https://www.inaturalist.org/observations/210122506,Paeonia intermedia C.A.Mey. ex Ledeb.,Paeonia intermedia C.A.Mey. ex Ledeb.,9506797,43.154575,76.7938,,WGS84,2024-04-27T13:34,2024,4,27,HUMAN_OBSERVATION,PRESENT,iNaturalist research-grade observations,iNaturalist,Observations,http://creativecommons.org/licenses/by/4.0/legalcode,Kazakhstan,Almaty,,inside,inside
Paeonia intermedia,Paeonia_intermedia.json,4851974323,https://www.inaturalist.org/observations/211681183,Paeonia intermedia C.A.Mey. ex Ledeb.,Paeonia intermedia C.A.Mey. ex Ledeb.,9506797,43.1535,76.78727,,WGS84,2024-04-29T15:41,2024,4,29,HUMAN_OBSERVATION,PRESENT,iNaturalist research-grade observations,iNaturalist,Observations,http://creativecommons.org/licenses/by/4.0/legalcode,Kazakhstan,Almaty,,inside,inside
Paeonia intermedia,Paeonia_intermedia.json,4852008742,https://www.inaturalist.org/observations/211681218,Paeonia intermedia C.A.Mey. ex Ledeb.,Paeonia intermedia C.A.Mey. ex Ledeb.,9506797,43.153801,76.787376,,WGS84,2024-04-29T15:44,2024,4,29,HUMAN_OBSERVATION,PRESENT,iNaturalist research-grade observations,iNaturalist,Observations,http://creativecommons.org/licenses/by/4.0/legalcode,Kazakhstan,Almaty,,inside,inside
Paeonia intermedia,Paeonia_intermedia.json,4852010650,https://www.inaturalist.org/observations/211681227,Paeonia intermedia C.A.Mey. ex Ledeb.,Paeonia intermedia C.A.Mey. ex Ledeb.,9506797,43.153847,76.787376,,WGS84,2024-04-29T15:45,2024,4,29,HUMAN_OBSERVATION,PRESENT,iNaturalist research-grade observations,iNaturalist,Observations,http://creativecommons.org/licenses/by/4.0/legalcode,Kazakhstan,Almaty,,inside,inside
Paeonia intermedia,Paeonia_intermedia.json,4852023588,https://www.inaturalist.org/observations/210122533,Paeonia intermedia C.A.Mey. ex Ledeb.,Paeonia intermedia C.A.Mey. ex Ledeb.,9506797,43.154598,76.7939,,WGS84,2024-04-27T12:35,2024,4,27,HUMAN_OBSERVATION,PRESENT,iNaturalist research-grade observations,iNaturalist,Observations,http://creativecommons.org/licenses/by/4.0/legalcode,Kazakhstan,Almaty,,inside,inside
Paeonia intermedia,Paeonia_intermedia.json,4852036765,https://www.inaturalist.org/observations/211681014,Paeonia intermedia C.A.Mey. ex Ledeb.,Paeonia intermedia C.A.Mey. ex Ledeb.,9506797,43.155548,76.787025,,WGS84,2024-04-29T15:15,2024,4,29,HUMAN_OBSERVATION,PRESENT,iNaturalist research-grade observations,iNaturalist,Observations,http://creativecommons.org/licenses/by/4.0/legalcode,Kazakhstan,Almaty,,inside,inside
Paeonia intermedia,Paeonia_intermedia.json,4852062119,https://www.inaturalist.org/observations/210798419,Paeonia intermedia C.A.Mey. ex Ledeb.,Paeonia intermedia C.A.Mey. ex Ledeb.,9506797,43.21107,76.985762,11572,WGS84,28-Apr-24 15:39:18,2024,4,28,HUMAN_OBSERVATION,PRESENT,iNaturalist research-grade observations,iNaturalist,Observations,http://creativecommons.org/licenses/by/4.0/legalcode,Kazakhstan,Almaty,,inside,inside
Paeonia intermedia,Paeonia_intermedia.json,4852121558,https://www.inaturalist.org/observations/210122562,Paeonia intermedia C.A.Mey. ex Ledeb.,Paeonia intermedia C.A.Mey. ex Ledeb.,9506797,43.154568,76.79406,,WGS84,2024-04-27T12:37,2024,4,27,HUMAN_OBSERVATION,PRESENT,iNaturalist research-grade observations,iNaturalist,Observations,http://creativecommons.org/licenses/by/4.0/legalcode,Kazakhstan,Almaty,,inside,inside
Paeonia intermedia,Paeonia_intermedia.json,4852126088,https://www.inaturalist.org/observations/210122584,Paeonia intermedia C.A.Mey. ex Ledeb.,Paeonia intermedia C.A.Mey. ex Ledeb.,9506797,43.154554,76.793843,,WGS84,2024-04-27T13:11,2024,4,27,HUMAN_OBSERVATION,PRESENT,iNaturalist research-grade observations,iNaturalist,Observations,http://creativecommons.org/licenses/by/4.0/legalcode,Kazakhstan,Almaty,,inside,inside
Paeonia intermedia,Paeonia_intermedia.json,4852146080,https://www.inaturalist.org/observations/211681051,Paeonia intermedia C.A.Mey. ex Ledeb.,Paeonia intermedia C.A.Mey. ex Ledeb.,9506797,43.155475,76.787205,,WGS84,2024-04-29T15:17,2024,4,29,HUMAN_OBSERVATION,PRESENT,iNaturalist research-grade observations,iNaturalist,Observations,http://creativecommons.org/licenses/by/4.0/legalcode,Kazakhstan,Almaty,,inside,inside
Paeonia intermedia,Paeonia_intermedia.json,4852150582,https://www.inaturalist.org/observations/210122595,Paeonia intermedia C.A.Mey. ex Ledeb.,Paeonia intermedia C.A.Mey. ex Ledeb.,9506797,43.154522,76.7938,,WGS84,2024-04-27T13:12,2024,4,27,HUMAN_OBSERVATION,PRESENT,iNaturalist research-grade observations,iNaturalist,Observations,http://creativecommons.org/licenses/by/4.0/legalcode,Kazakhstan,Almaty,,inside,inside
Paeonia intermedia,Paeonia_intermedia.json,4852243872,https://www.inaturalist.org/observations/211587773,Paeonia intermedia C.A.Mey. ex Ledeb.,Paeonia intermedia C.A.Mey. ex Ledeb.,9506797,43.156068,76.784245,,WGS84,2024-04-29T14:05,2024,4,29,HUMAN_OBSERVATION,PRESENT,iNaturalist research-grade observations,iNaturalist,Observations,http://creativecommons.org/licenses/by/4.0/legalcode,Kazakhstan,Almaty,,inside,inside
Paeonia intermedia,Paeonia_intermedia.json,4852268597,https://www.inaturalist.org/observations/211681196,Paeonia intermedia C.A.Mey. ex Ledeb.,Paeonia intermedia C.A.Mey. ex Ledeb.,9506797,43.153461,76.787392,,WGS84,2024-04-29T15:43,2024,4,29,HUMAN_OBSERVATION,PRESENT,iNaturalist research-grade observations,iNaturalist,Observations,http://creativecommons.org/licenses/by/4.0/legalcode,Kazakhstan,Almaty,,inside,inside
Paeonia intermedia,Paeonia_intermedia.json,4852274938,https://www.inaturalist.org/observations/211680982,Paeonia intermedia C.A.Mey. ex Ledeb.,Paeonia intermedia C.A.Mey. ex Ledeb.,9506797,43.155655,76.786674,,WGS84,2024-04-29T15:12,2024,4,29,HUMAN_OBSERVATION,PRESENT,iNaturalist research-grade observations,iNaturalist,Observations,http://creativecommons.org/licenses/by/4.0/legalcode,Kazakhstan,Almaty,,inside,inside
Paeonia intermedia,Paeonia_intermedia.json,4852288454,https://www.inaturalist.org/observations/210796031,Paeonia intermedia C.A.Mey. ex Ledeb.,Paeonia intermedia C.A.Mey. ex Ledeb.,9506797,43.240641,77.029889,182,WGS84,28-Apr-24 15:33:59,2024,4,28,HUMAN_OBSERVATION,PRESENT,iNaturalist research-grade observations,iNaturalist,Observations,http://creativecommons.org/licenses/by/4.0/legalcode,Kazakhstan,Almaty,,inside,inside
Paeonia intermedia,Paeonia_intermedia.json,4852300148,https://www.inaturalist.org/observations/211681080,Paeonia intermedia C.A.Mey. ex Ledeb.,Paeonia intermedia C.A.Mey. ex Ledeb.,9506797,43.155319,76.787468,,WGS84,2024-04-29T15:19,2024,4,29,HUMAN_OBSERVATION,PRESENT,iNaturalist research-grade observations,iNaturalist,Observations,http://creativecommons.org/licenses/by/4.0/legalcode,Kazakhstan,Almaty,,inside,inside
Paeonia intermedia,Paeonia_intermedia.json,4852319945,https://www.inaturalist.org/observations/210806469,Paeonia intermedia C.A.Mey. ex Ledeb.,Paeonia intermedia C.A.Mey. ex Ledeb.,9506797,43.232566,77.034146,826,WGS84,28-Apr-24 15:44:35,2024,4,28,HUMAN_OBSERVATION,PRESENT,iNaturalist research-grade observations,iNaturalist,Observations,http://creativecommons.org/licenses/by/4.0/legalcode,Kazakhstan,Almaty,,inside,inside
Paeonia intermedia,Paeonia_intermedia.json,4852321271,https://www.inaturalist.org/observations/212248277,Paeonia intermedia C.A.Mey. ex Ledeb.,Paeonia intermedia C.A.Mey. ex Ledeb.,9506797,43.254336,77.121072,303,WGS84,2024-04-29T15:35,2024,4,29,HUMAN_OBSERVATION,PRESENT,iNaturalist research-grade observations,iNaturalist,Observations,http://creativecommons.org/licenses/by-nc/4.0/legalcode,Kazakhstan,Almaty,,inside,inside
Paeonia intermedia,Paeonia_intermedia.json,4852453251,https://www.inaturalist.org/observations/210122525,Paeonia intermedia C.A.Mey. ex Ledeb.,Paeonia intermedia C.A.Mey. ex Ledeb.,9506797,43.154598,76.793846,,WGS84,2024-04-27T12:35,2024,4,27,HUMAN_OBSERVATION,PRESENT,iNaturalist research-grade observations,iNaturalist,Observations,http://creativecommons.org/licenses/by/4.0/legalcode,Kazakhstan,Almaty,,inside,inside
Paeonia intermedia,Paeonia_intermedia.json,4852471373,https://www.inaturalist.org/observations/211680988,Paeonia intermedia C.A.Mey. ex Ledeb.,Paeonia intermedia C.A.Mey. ex Ledeb.,9506797,43.155575,76.786842,,WGS84,2024-04-29T15:13,2024,4,29,HUMAN_OBSERVATION,PRESENT,iNaturalist research-grade observations,iNaturalist,Observations,http://creativecommons.org/licenses/by/4.0/legalcode,Kazakhstan,Almaty,,inside,inside
Paeonia intermedia,Paeonia_intermedia.json,4852481204,https://www.inaturalist.org/observations/211587627,Paeonia intermedia C.A.Mey. ex Ledeb.,Paeonia intermedia C.A.Mey. ex Ledeb.,9506797,43.156715,76.78347,,WGS84,2024-04-29T13:48,2024,4,29,HUMAN_OBSERVATION,PRESENT,iNaturalist research-grade observations,iNaturalist,Observations,http://creativecommons.org/licenses/by/4.0/legalcode,Kazakhstan,Almaty,,inside,inside
Paeonia intermedia,Paeonia_intermedia.json,4852520338,https://www.inaturalist.org/observations/210122619,Paeonia intermedia C.A.Mey. ex Ledeb.,Paeonia intermedia C.A.Mey. ex Ledeb.,9506797,43.154488,76.793732,,WGS84,2024-04-27T13:13,2024,4,27,HUMAN_OBSERVATION,PRESENT,iNaturalist research-grade observations,iNaturalist,Observations,http://creativecommons.org/licenses/by/4.0/legalcode,Kazakhstan,Almaty,,inside,inside
Paeonia intermedia,Paeonia_intermedia.json,4852532843,https://www.inaturalist.org/observations/211681113,Paeonia intermedia C.A.Mey. ex Ledeb.,Paeonia intermedia C.A.Mey. ex Ledeb.,9506797,43.153965,76.787346,,WGS84,2024-04-29T15:31,2024,4,29,HUMAN_OBSERVATION,PRESENT,iNaturalist research-grade observations,iNaturalist,Observations,http://creativecommons.org/licenses/by/4.0/legalcode,Kazakhstan,Almaty,,inside,inside
Paeonia intermedia,Paeonia_intermedia.json,4852534968,https://www.inaturalist.org/observations/211587795,Paeonia intermedia C.A.Mey. ex Ledeb.,Paeonia intermedia C.A.Mey. ex Ledeb.,9506797,43.155983,76.78443,,WGS84,2024-04-29T14:09,2024,4,29,HUMAN_OBSERVATION,PRESENT,iNaturalist research-grade observations,iNaturalist,Observations,http://creativecommons.org/licenses/by/4.0/legalcode,Kazakhstan,Almaty,,inside,inside
Paeonia intermedia,Paeonia_intermedia.json,4852553033,https://www.inaturalist.org/observations/211681151,Paeonia intermedia C.A.Mey. ex Ledeb.,Paeonia intermedia C.A.Mey. ex Ledeb.,9506797,43.153922,76.787292,,WGS84,2024-04-29T15:32,2024,4,29,HUMAN_OBSERVATION,PRESENT,iNaturalist research-grade observations,iNaturalist,Observations,http://creativecommons.org/licenses/by/4.0/legalcode,Kazakhstan,Almaty,,inside,inside
Paeonia intermedia,Paeonia_intermedia.json,4852578796,https://www.inaturalist.org/observations/210122549,Paeonia intermedia C.A.Mey. ex Ledeb.,Paeonia intermedia C.A.Mey. ex Ledeb.,9506797,43.154629,76.794037,,WGS84,2024-04-27T12:36,2024,4,27,HUMAN_OBSERVATION,PRESENT,iNaturalist research-grade observations,iNaturalist,Observations,http://creativecommons.org/licenses/by/4.0/legalcode,Kazakhstan,Almaty,,inside,inside
Paeonia intermedia,Paeonia_intermedia.json,4852595350,https://www.inaturalist.org/observations/211681079,Paeonia intermedia C.A.Mey. ex Ledeb.,Paeonia intermedia C.A.Mey. ex Ledeb.,9506797,43.154022,76.787445,,WGS84,2024-04-29T15:26,2024,4,29,HUMAN_OBSERVATION,PRESENT,iNaturalist research-grade observations,iNaturalist,Observations,http://creativecommons.org/licenses/by/4.0/legalcode,Kazakhstan,Almaty,,inside,inside
Paeonia intermedia,Paeonia_intermedia.json,4852596256,https://www.inaturalist.org/observations/212248303,Paeonia intermedia C.A.Mey. ex Ledeb.,Paeonia intermedia C.A.Mey. ex Ledeb.,9506797,43.239689,77.129366,607,WGS84,2024-04-29T16:28,2024,4,29,HUMAN_OBSERVATION,PRESENT,iNaturalist research-grade observations,iNaturalist,Observations,http://creativecommons.org/licenses/by-nc/4.0/legalcode,Kazakhstan,Almaty,,inside,inside
Paeonia intermedia,Paeonia_intermedia.json,4852614081,https://www.inaturalist.org/observations/211681032,Paeonia intermedia C.A.Mey. ex Ledeb.,Paeonia intermedia C.A.Mey. ex Ledeb.,9506797,43.155557,76.787122,,WGS84,2024-04-29T15:16,2024,4,29,HUMAN_OBSERVATION,PRESENT,iNaturalist research-grade observations,iNaturalist,Observations,http://creativecommons.org/licenses/by/4.0/legalcode,Kazakhstan,Almaty,,inside,inside
Paeonia intermedia,Paeonia_intermedia.json,4852645743,https://www.inaturalist.org/observations/211681043,Paeonia intermedia C.A.Mey. ex Ledeb.,Paeonia intermedia C.A.Mey. ex Ledeb.,9506797,43.155512,76.787152,,WGS84,2024-04-29T15:16,2024,4,29,HUMAN_OBSERVATION,PRESENT,iNaturalist research-grade observations,iNaturalist,Observations,http://creativecommons.org/licenses/by/4.0/legalcode,Kazakhstan,Almaty,,inside,inside
Paeonia intermedia,Paeonia_intermedia.json,4852648087,https://www.inaturalist.org/observations/211681128,Paeonia intermedia C.A.Mey. ex Ledeb.,Paeonia intermedia C.A.Mey. ex Ledeb.,9506797,43.153954,76.787346,,WGS84,2024-04-29T15:32,2024,4,29,HUMAN_OBSERVATION,PRESENT,iNaturalist research-grade observations,iNaturalist,Observations,http://creativecommons.org/licenses/by/4.0/legalcode,Kazakhstan,Almaty,,inside,inside
Paeonia intermedia,Paeonia_intermedia.json,4852655669,https://www.inaturalist.org/observations/212233871,Paeonia intermedia C.A.Mey. ex Ledeb.,Paeonia intermedia C.A.Mey. ex Ledeb.,9506797,43.29153,77.110802,,WGS84,2024-04-29T13:26,2024,4,29,HUMAN_OBSERVATION,PRESENT,iNaturalist research-grade observations,iNaturalist,Observations,http://creativecommons.org/licenses/by-nc/4.0/legalcode,Kazakhstan,Almaty,,inside,inside
Paeonia intermedia,Paeonia_intermedia.json,4852700563,https://www.inaturalist.org/observations/211680967,Paeonia intermedia C.A.Mey. ex Ledeb.,Paeonia intermedia C.A.Mey. ex Ledeb.,9506797,43.155663,76.786507,,WGS84,2024-04-29T16:11,2024,4,29,HUMAN_OBSERVATION,PRESENT,iNaturalist research-grade observations,iNaturalist,Observations,http://creativecommons.org/licenses/by/4.0/legalcode,Kazakhstan,Almaty,,inside,inside
Paeonia intermedia,Paeonia_intermedia.json,4852706626,https://www.inaturalist.org/observations/211681237,Paeonia intermedia C.A.Mey. ex Ledeb.,Paeonia intermedia C.A.Mey. ex Ledeb.,9506797,43.154121,76.787399,,WGS84,2024-04-29T15:46,2024,4,29,HUMAN_OBSERVATION,PRESENT,iNaturalist research-grade observations,iNaturalist,Observations,http://creativecommons.org/licenses/by/4.0/legalcode,Kazakhstan,Almaty,,inside,inside
Paeonia intermedia,Paeonia_intermedia.json,4853105453,https://www.inaturalist.org/observations/210098815,Paeonia intermedia C.A.Mey. ex Ledeb.,Paeonia intermedia C.A.Mey. ex Ledeb.,9506797,43.157273,76.7923,,WGS84,2024-04-27T12:10,2024,4,27,HUMAN_OBSERVATION,PRESENT,iNaturalist research-grade observations,iNaturalist,Observations,http://creativecommons.org/licenses/by/4.0/legalcode,Kazakhstan,Almaty,,inside,inside
Paeonia intermedia,Paeonia_intermedia.json,4853151763,https://www.inaturalist.org/observations/210122517,Paeonia intermedia C.A.Mey. ex Ledeb.,Paeonia intermedia C.A.Mey. ex Ledeb.,9506797,43.154572,76.793793,,WGS84,2024-04-27T13:35,2024,4,27,HUMAN_OBSERVATION,PRESENT,iNaturalist research-grade observations,iNaturalist,Observations,http://creativecommons.org/licenses/by/4.0/legalcode,Kazakhstan,Almaty,,inside,inside
Paeonia intermedia,Paeonia_intermedia.json,4853172908,https://www.inaturalist.org/observations/210804139,Paeonia intermedia C.A.Mey. ex Ledeb.,Paeonia intermedia C.A.Mey. ex Ledeb.,9506797,43.23123,77.028189,1262,WGS84,28-Apr-24 15:41:19,2024,4,28,HUMAN_OBSERVATION,PRESENT,iNaturalist research-grade observations,iNaturalist,Observations,http://creativecommons.org/licenses/by/4.0/legalcode,Kazakhstan,Almaty,,inside,inside
Paeonia intermedia,Paeonia_intermedia.json,4853183525,https://www.inaturalist.org/observations/211587630,Paeonia intermedia C.A.Mey. ex Ledeb.,Paeonia intermedia C.A.Mey. ex Ledeb.,9506797,43.156715,76.78347,,WGS84,2024-04-29T13:48,2024,4,29,HUMAN_OBSERVATION,PRESENT,iNaturalist research-grade observations,iNaturalist,Observations,http://creativecommons.org/licenses/by/4.0/legalcode,Kazakhstan,Almaty,,inside,inside
Paeonia intermedia,Paeonia_intermedia.json,4854899396,https://www.inaturalist.org/observations/207164727,Paeonia intermedia C.A.Mey. ex Ledeb.,Paeonia intermedia C.A.Mey. ex Ledeb.,9506797,43.330589,77.302083,1074,WGS84,2024-04-14T11:44,2024,4,14,HUMAN_OBSERVATION,PRESENT,iNaturalist research-grade observations,iNaturalist,Observations,http://creativecommons.org/licenses/by-nc/4.0/legalcode,Kazakhstan,Almaty,,inside,inside
Paeonia intermedia,Paeonia_intermedia.json,4855004748,https://www.inaturalist.org/observations/210815986,Paeonia intermedia C.A.Mey. ex Ledeb.,Paeonia intermedia C.A.Mey. ex Ledeb.,9506797,43.105408,76.778229,,WGS84,2024-04-28T14:33,2024,4,28,HUMAN_OBSERVATION,PRESENT,iNaturalist research-grade observations,iNaturalist,Observations,http://creativecommons.org/licenses/by/4.0/legalcode,Kazakhstan,Almaty,,inside,inside
Paeonia intermedia,Paeonia_intermedia.json,4855241632,https://www.inaturalist.org/observations/210815969,Paeonia intermedia C.A.Mey. ex Ledeb.,Paeonia intermedia C.A.Mey. ex Ledeb.,9506797,43.105493,76.778287,,WGS84,2024-04-28T14:32,2024,4,28,HUMAN_OBSERVATION,PRESENT,iNaturalist research-grade observations,iNaturalist,Observations,http://creativecommons.org/licenses/by/4.0/legalcode,Kazakhstan,Almaty,,inside,inside
Paeonia intermedia,Paeonia_intermedia.json,4855380483,https://www.inaturalist.org/observations/210815976,Paeonia intermedia C.A.Mey. ex Ledeb.,Paeonia intermedia C.A.Mey. ex Ledeb.,9506797,43.105408,76.778229,,WGS84,2024-04-28T14:33,2024,4,28,HUMAN_OBSERVATION,PRESENT,iNaturalist research-grade observations,iNaturalist,Observations,http://creativecommons.org/licenses/by/4.0/legalcode,Kazakhstan,Almaty,,inside,inside
Paeonia intermedia,Paeonia_intermedia.json,4891671005,https://www.inaturalist.org/observations/214635489,Paeonia intermedia C.A.Mey. ex Ledeb.,Paeonia intermedia C.A.Mey. ex Ledeb.,9506797,43.13811,76.937156,922,WGS84,24-Apr-24 09:40:57,2024,4,24,HUMAN_OBSERVATION,PRESENT,iNaturalist research-grade observations,iNaturalist,Observations,http://creativecommons.org/licenses/by-nc/4.0/legalcode,Kazakhstan,Almaty,,inside,inside
Paeonia intermedia,Paeonia_intermedia.json,5932618915,https://www.inaturalist.org/observations/212706677,Paeonia intermedia C.A.Mey. ex Ledeb.,Paeonia intermedia C.A.Mey. ex Ledeb.,9506797,44.796911,78.907499,199,WGS84,2024-04-30T23:16,2024,4,30,HUMAN_OBSERVATION,PRESENT,iNaturalist research-grade observations,iNaturalist,Observations,http://creativecommons.org/licenses/by-nc/4.0/legalcode,Kazakhstan,Almaty,,inside,inside
Paeonia intermedia,Paeonia_intermedia.json,4854991293,https://www.inaturalist.org/observations/212627806,Paeonia intermedia C.A.Mey. ex Ledeb.,Paeonia intermedia C.A.Mey. ex Ledeb.,9506797,43.324722,77.311944,,WGS84,01-May-24 10:06:58,2024,5,1,HUMAN_OBSERVATION,PRESENT,iNaturalist research-grade observations,iNaturalist,Observations,http://creativecommons.org/licenses/by-nc/4.0/legalcode,Kazakhstan,Almaty,,inside,inside
Paeonia intermedia,Paeonia_intermedia.json,4855076185,https://www.inaturalist.org/observations/212591018,Paeonia intermedia C.A.Mey. ex Ledeb.,Paeonia intermedia C.A.Mey. ex Ledeb.,9506797,43.338611,77.273889,,WGS84,01-May-24 13:02:24,2024,5,1,HUMAN_OBSERVATION,PRESENT,iNaturalist research-grade observations,iNaturalist,Observations,http://creativecommons.org/licenses/by-nc/4.0/legalcode,Kazakhstan,Almaty,,inside,inside
Paeonia intermedia,Paeonia_intermedia.json,4863681368,https://www.inaturalist.org/observations/214863147,Paeonia intermedia C.A.Mey. ex Ledeb.,Paeonia intermedia C.A.Mey. ex Ledeb.,9506797,43.135946,76.902511,,WGS84,2024-05-09T13:40,2024,5,9,HUMAN_OBSERVATION,PRESENT,iNaturalist research-grade observations,iNaturalist,Observations,http://creativecommons.org/licenses/by-nc/4.0/legalcode,Kazakhstan,Almaty,,inside,inside
Paeonia intermedia,Paeonia_intermedia.json,4867876151,https://www.inaturalist.org/observations/216754234,Paeonia intermedia C.A.Mey. ex Ledeb.,Paeonia intermedia C.A.Mey. ex Ledeb.,9506797,43.129811,76.862213,4,WGS84,19-May-24 13:04:45,2024,5,19,HUMAN_OBSERVATION,PRESENT,iNaturalist research-grade observations,iNaturalist,Observations,http://creativecommons.org/licenses/by-nc/4.0/legalcode,Kazakhstan,Almaty,,inside,inside
Paeonia intermedia,Paeonia_intermedia.json,4875457693,https://www.inaturalist.org/observations/219799316,Paeonia intermedia C.A.Mey. ex Ledeb.,Paeonia intermedia C.A.Mey. ex Ledeb.,9506797,43.251969,77.015349,4,WGS84,2024-05-18T10:38,2024,5,18,HUMAN_OBSERVATION,PRESENT,iNaturalist research-grade observations,iNaturalist,Observations,http://creativecommons.org/licenses/by/4.0/legalcode,Kazakhstan,Almaty,,inside,inside
Paeonia intermedia,Paeonia_intermedia.json,4891755841,https://www.inaturalist.org/observations/214564724,Paeonia intermedia C.A.Mey. ex Ledeb.,Paeonia intermedia C.A.Mey. ex Ledeb.,9506797,43.338611,77.274444,,WGS84,08-May-24 13:09:03,2024,5,8,HUMAN_OBSERVATION,PRESENT,iNaturalist research-grade observations,iNaturalist,Observations,http://creativecommons.org/licenses/by-nc/4.0/legalcode,Kazakhstan,Almaty,,inside,inside
Paeonia intermedia,Paeonia_intermedia.json,4900966989,https://www.inaturalist.org/observations/223507835,Paeonia intermedia C.A.Mey. ex Ledeb.,Paeonia intermedia C.A.Mey. ex Ledeb.,9506797,43.108878,76.436403,,WGS84,12-May-24 14:10:53,2024,5,12,HUMAN_OBSERVATION,PRESENT,iNaturalist research-grade observations,iNaturalist,Observations,http://creativecommons.org/licenses/by-nc/4.0/legalcode,Kazakhstan,Almaty,,inside,inside
Paeonia intermedia,Paeonia_intermedia.json,5077026472,https://www.inaturalist.org/observations/262676628,Paeonia intermedia C.A.Mey. ex Ledeb.,Paeonia intermedia C.A.Mey. ex Ledeb.,9506797,43.026337,76.566684,15,WGS84,2024-05-14T16:52,2024,5,14,HUMAN_OBSERVATION,PRESENT,iNaturalist research-grade observations,iNaturalist,Observations,http://creativecommons.org/licenses/by-nc/4.0/legalcode,Kazakhstan,Almaty,,inside,inside
Paeonia intermedia,Paeonia_intermedia.json,5908809561,https://www.inaturalist.org/observations/222429621,Paeonia intermedia C.A.Mey. ex Ledeb.,Paeonia intermedia C.A.Mey. ex Ledeb.,9506797,43.089575,76.884197,,WGS84,2024-05-24T18:03,2024,5,24,HUMAN_OBSERVATION,PRESENT,iNaturalist research-grade observations,iNaturalist,Observations,http://creativecommons.org/licenses/by-nc/4.0/legalcode,Kazakhstan,Almaty,,inside,inside
Paeonia intermedia,Paeonia_intermedia.json,5908864825,https://www.inaturalist.org/observations/222429602,Paeonia intermedia C.A.Mey. ex Ledeb.,Paeonia intermedia C.A.Mey. ex Ledeb.,9506797,43.09294,76.88333,,WGS84,2024-05-24T17:51,2024,5,24,HUMAN_OBSERVATION,PRESENT,iNaturalist research-grade observations,iNaturalist,Observations,http://creativecommons.org/licenses/by-nc/4.0/legalcode,Kazakhstan,Almaty,,inside,inside
Paeonia intermedia,Paeonia_intermedia.json,5935211239,https://www.inaturalist.org/observations/331922496,Paeonia intermedia C.A.Mey. ex Ledeb.,Paeonia intermedia C.A.Mey. ex Ledeb.,9506797,43.234589,77.035713,,WGS84,01-May-24 14:05:50,2024,5,1,HUMAN_OBSERVATION,PRESENT,iNaturalist research-grade observations,iNaturalist,Observations,http://creativecommons.org/licenses/by-nc/4.0/legalcode,Kazakhstan,Almaty,,inside,inside
Paeonia intermedia,Paeonia_intermedia.json,4875102795,https://www.inaturalist.org/observations/220003043,Paeonia intermedia C.A.Mey. ex Ledeb.,Paeonia intermedia C.A.Mey. ex Ledeb.,9506797,43.178445,77.109107,771,WGS84,2024-06-01T10:31,2024,6,1,HUMAN_OBSERVATION,PRESENT,iNaturalist research-grade observations,iNaturalist,Observations,http://creativecommons.org/licenses/by-nc/4.0/legalcode,Kazakhstan,Almaty,,inside,inside
Paeonia intermedia,Paeonia_intermedia.json,4875452937,https://www.inaturalist.org/observations/220192418,Paeonia intermedia C.A.Mey. ex Ledeb.,Paeonia intermedia C.A.Mey. ex Ledeb.,9506797,43.233908,77.066481,294,WGS84,2024-06-01T12:05,2024,6,1,HUMAN_OBSERVATION,PRESENT,iNaturalist research-grade observations,iNaturalist,Observations,http://creativecommons.org/licenses/by/4.0/legalcode,Kazakhstan,Almaty,,inside,inside
Paeonia intermedia,Paeonia_intermedia.json,4891976031,https://www.inaturalist.org/observations/221883222,Paeonia intermedia C.A.Mey. ex Ledeb.,Paeonia intermedia C.A.Mey. ex Ledeb.,9506797,43.176111,77.104894,31,WGS84,2024-06-01T12:40,2024,6,1,HUMAN_OBSERVATION,PRESENT,iNaturalist research-grade observations,iNaturalist,Observations,http://creativecommons.org/licenses/by-nc/4.0/legalcode,Kazakhstan,Almaty,,inside,inside
Paeonia intermedia,Paeonia_intermedia.json,4892111669,https://www.inaturalist.org/observations/220836596,Paeonia intermedia C.A.Mey. ex Ledeb.,Paeonia intermedia C.A.Mey. ex Ledeb.,9506797,43.074742,76.836522,244,WGS84,2024-06-02T12:25,2024,6,2,HUMAN_OBSERVATION,PRESENT,iNaturalist research-grade observations,iNaturalist,Observations,http://creativecommons.org/licenses/by/4.0/legalcode,Kazakhstan,Almaty,,inside,inside
Paeonia intermedia,Paeonia_intermedia.json,5909297589,https://www.inaturalist.org/observations/221494885,Paeonia intermedia C.A.Mey. ex Ledeb.,Paeonia intermedia C.A.Mey. ex Ledeb.,9506797,43.135919,76.865545,4,WGS84,01-Jun-24 12:43:45,2024,6,1,HUMAN_OBSERVATION,PRESENT,iNaturalist research-grade observations,iNaturalist,Observations,http://creativecommons.org/licenses/by-nc/4.0/legalcode,Kazakhstan,Almaty,,inside,inside
Paeonia intermedia,Paeonia_intermedia.json,4974040312,https://www.inaturalist.org/observations/247273996,Paeonia intermedia C.A.Mey. ex Ledeb.,Paeonia intermedia C.A.Mey. ex Ledeb.,9506797,42.971953,75.87462,571,WGS84,2024-10-13T12:10,2024,10,13,HUMAN_OBSERVATION,PRESENT,iNaturalist research-grade observations,iNaturalist,Observations,http://creativecommons.org/licenses/by-nc/4.0/legalcode,Kazakhstan,Almaty,,inside,inside
Paeonia intermedia,Paeonia_intermedia.json,4075974478,https://www.inaturalist.org/observations/152245275,Paeonia intermedia C.A.Mey. ex Ledeb.,Paeonia intermedia C.A.Mey. ex Ledeb.,9506797,43.224268,77.148559,199,WGS84,25-Mar-23 11:42:28,2023,3,25,HUMAN_OBSERVATION,PRESENT,iNaturalist research-grade observations,iNaturalist,Observations,http://creativecommons.org/licenses/by-nc/4.0/legalcode,Kazakhstan,Almaty,,inside,inside
Paeonia intermedia,Paeonia_intermedia.json,4091724883,https://www.inaturalist.org/observations/154714005,Paeonia intermedia C.A.Mey. ex Ledeb.,Paeonia intermedia C.A.Mey. ex Ledeb.,9506797,43.152717,76.721914,,WGS84,29-Mar-23 13:25:08,2023,3,29,HUMAN_OBSERVATION,PRESENT,iNaturalist research-grade observations,iNaturalist,Observations,http://creativecommons.org/licenses/by/4.0/legalcode,Kazakhstan,Almaty,,inside,inside
Paeonia intermedia,Paeonia_intermedia.json,4091762679,https://www.inaturalist.org/observations/155433122,Paeonia intermedia C.A.Mey. ex Ledeb.,Paeonia intermedia C.A.Mey. ex Ledeb.,9506797,43.154484,76.793945,,WGS84,2023-04-16T15:27,2023,4,16,HUMAN_OBSERVATION,PRESENT,iNaturalist research-grade observations,iNaturalist,Observations,http://creativecommons.org/licenses/by/4.0/legalcode,Kazakhstan,Almaty,,inside,inside
Paeonia intermedia,Paeonia_intermedia.json,4091781686,https://www.inaturalist.org/observations/155433119,Paeonia intermedia C.A.Mey. ex Ledeb.,Paeonia intermedia C.A.Mey. ex Ledeb.,9506797,43.154628,76.793832,,WGS84,2023-04-16T15:22,2023,4,16,HUMAN_OBSERVATION,PRESENT,iNaturalist research-grade observations,iNaturalist,Observations,http://creativecommons.org/licenses/by/4.0/legalcode,Kazakhstan,Almaty,,inside,inside
Paeonia intermedia,Paeonia_intermedia.json,4091825617,https://www.inaturalist.org/observations/155433125,Paeonia intermedia C.A.Mey. ex Ledeb.,Paeonia intermedia C.A.Mey. ex Ledeb.,9506797,43.15426,76.79419,,WGS84,2023-04-16T15:29,2023,4,16,HUMAN_OBSERVATION,PRESENT,iNaturalist research-grade observations,iNaturalist,Observations,http://creativecommons.org/licenses/by/4.0/legalcode,Kazakhstan,Almaty,,inside,inside
Paeonia intermedia,Paeonia_intermedia.json,4091971644,https://www.inaturalist.org/observations/155433133,Paeonia intermedia C.A.Mey. ex Ledeb.,Paeonia intermedia C.A.Mey. ex Ledeb.,9506797,43.15438,76.793753,,WGS84,2023-04-16T15:51,2023,4,16,HUMAN_OBSERVATION,PRESENT,iNaturalist research-grade observations,iNaturalist,Observations,http://creativecommons.org/licenses/by/4.0/legalcode,Kazakhstan,Almaty,,inside,inside
Paeonia intermedia,Paeonia_intermedia.json,4102751243,https://www.inaturalist.org/observations/158689680,Paeonia intermedia C.A.Mey. ex Ledeb.,Paeonia intermedia C.A.Mey. ex Ledeb.,9506797,43.149857,76.794189,,WGS84,2023-04-27T16:16,2023,4,27,HUMAN_OBSERVATION,PRESENT,iNaturalist research-grade observations,iNaturalist,Observations,http://creativecommons.org/licenses/by/4.0/legalcode,Kazakhstan,Almaty,,inside,inside
Paeonia intermedia,Paeonia_intermedia.json,4102889264,https://www.inaturalist.org/observations/158689629,Paeonia intermedia C.A.Mey. ex Ledeb.,Paeonia intermedia C.A.Mey. ex Ledeb.,9506797,43.152588,76.795128,,WGS84,2023-04-27T16:00,2023,4,27,HUMAN_OBSERVATION,PRESENT,iNaturalist research-grade observations,iNaturalist,Observations,http://creativecommons.org/licenses/by/4.0/legalcode,Kazakhstan,Almaty,,inside,inside
Paeonia intermedia,Paeonia_intermedia.json,4102934333,https://www.inaturalist.org/observations/158689638,Paeonia intermedia C.A.Mey. ex Ledeb.,Paeonia intermedia C.A.Mey. ex Ledeb.,9506797,43.152588,76.795128,,WGS84,2023-04-27T16:00,2023,4,27,HUMAN_OBSERVATION,PRESENT,iNaturalist research-grade observations,iNaturalist,Observations,http://creativecommons.org/licenses/by/4.0/legalcode,Kazakhstan,Almaty,,inside,inside
Paeonia intermedia,Paeonia_intermedia.json,4103254268,https://www.inaturalist.org/observations/158689612,Paeonia intermedia C.A.Mey. ex Ledeb.,Paeonia intermedia C.A.Mey. ex Ledeb.,9506797,43.153805,76.794228,,WGS84,2023-04-27T15:58,2023,4,27,HUMAN_OBSERVATION,PRESENT,iNaturalist research-grade observations,iNaturalist,Observations,http://creativecommons.org/licenses/by/4.0/legalcode,Kazakhstan,Almaty,,inside,inside
Paeonia intermedia,Paeonia_intermedia.json,4103293223,https://www.inaturalist.org/observations/158689583,Paeonia intermedia C.A.Mey. ex Ledeb.,Paeonia intermedia C.A.Mey. ex Ledeb.,9506797,43.154648,76.794075,,WGS84,2023-04-27T15:50,2023,4,27,HUMAN_OBSERVATION,PRESENT,iNaturalist research-grade observations,iNaturalist,Observations,http://creativecommons.org/licenses/by/4.0/legalcode,Kazakhstan,Almaty,,inside,inside
Paeonia intermedia,Paeonia_intermedia.json,4103314245,https://www.inaturalist.org/observations/158689588,Paeonia intermedia C.A.Mey. ex Ledeb.,Paeonia intermedia C.A.Mey. ex Ledeb.,9506797,43.154335,76.794052,,WGS84,2023-04-27T15:52,2023,4,27,HUMAN_OBSERVATION,PRESENT,iNaturalist research-grade observations,iNaturalist,Observations,http://creativecommons.org/licenses/by/4.0/legalcode,Kazakhstan,Almaty,,inside,inside
Paeonia intermedia,Paeonia_intermedia.json,4103359260,https://www.inaturalist.org/observations/158689642,Paeonia intermedia C.A.Mey. ex Ledeb.,Paeonia intermedia C.A.Mey. ex Ledeb.,9506797,43.153073,76.794227,,WGS84,2023-04-27T16:00,2023,4,27,HUMAN_OBSERVATION,PRESENT,iNaturalist research-grade observations,iNaturalist,Observations,http://creativecommons.org/licenses/by/4.0/legalcode,Kazakhstan,Almaty,,inside,inside
Paeonia intermedia,Paeonia_intermedia.json,4111638690,https://www.inaturalist.org/observations/158689631,Paeonia intermedia C.A.Mey. ex Ledeb.,Paeonia intermedia C.A.Mey. ex Ledeb.,9506797,43.152588,76.795128,,WGS84,2023-04-27T16:00,2023,4,27,HUMAN_OBSERVATION,PRESENT,iNaturalist research-grade observations,iNaturalist,Observations,http://creativecommons.org/licenses/by/4.0/legalcode,Kazakhstan,Almaty,,inside,inside
Paeonia intermedia,Paeonia_intermedia.json,4111665648,https://www.inaturalist.org/observations/158689581,Paeonia intermedia C.A.Mey. ex Ledeb.,Paeonia intermedia C.A.Mey. ex Ledeb.,9506797,43.154633,76.794006,,WGS84,2023-04-27T15:46,2023,4,27,HUMAN_OBSERVATION,PRESENT,iNaturalist research-grade observations,iNaturalist,Observations,http://creativecommons.org/licenses/by/4.0/legalcode,Kazakhstan,Almaty,,inside,inside
Paeonia intermedia,Paeonia_intermedia.json,4112113678,https://www.inaturalist.org/observations/158689579,Paeonia intermedia C.A.Mey. ex Ledeb.,Paeonia intermedia C.A.Mey. ex Ledeb.,9506797,43.154224,76.793159,,WGS84,2023-04-27T15:45,2023,4,27,HUMAN_OBSERVATION,PRESENT,iNaturalist research-grade observations,iNaturalist,Observations,http://creativecommons.org/licenses/by/4.0/legalcode,Kazakhstan,Almaty,,inside,inside
Paeonia intermedia,Paeonia_intermedia.json,4116541572,https://www.inaturalist.org/observations/155573885,Paeonia intermedia C.A.Mey. ex Ledeb.,Paeonia intermedia C.A.Mey. ex Ledeb.,9506797,43.261188,77.111867,1645,WGS84,16-Apr-23 15:58:02,2023,4,16,HUMAN_OBSERVATION,PRESENT,iNaturalist research-grade observations,iNaturalist,Observations,http://creativecommons.org/licenses/by-nc/4.0/legalcode,Kazakhstan,Almaty,,inside,inside
Paeonia intermedia,Paeonia_intermedia.json,4133643586,https://www.inaturalist.org/observations/165879781,Paeonia intermedia C.A.Mey. ex Ledeb.,Paeonia intermedia C.A.Mey. ex Ledeb.,9506797,43.15186,76.79419,,WGS84,2023-04-16T16:32,2023,4,16,HUMAN_OBSERVATION,PRESENT,iNaturalist research-grade observations,iNaturalist,Observations,http://creativecommons.org/licenses/by-nc/4.0/legalcode,Kazakhstan,Almaty,,inside,inside
Paeonia intermedia,Paeonia_intermedia.json,4987539146,https://www.inaturalist.org/observations/252385017,Paeonia intermedia C.A.Mey. ex Ledeb.,Paeonia intermedia C.A.Mey. ex Ledeb.,9506797,43.234761,77.090619,941,WGS84,16-Apr-23 15:59:14,2023,4,16,HUMAN_OBSERVATION,PRESENT,iNaturalist research-grade observations,iNaturalist,Observations,http://creativecommons.org/licenses/by-nc/4.0/legalcode,Kazakhstan,Almaty,,inside,inside
Paeonia intermedia,Paeonia_intermedia.json,4987828639,https://www.inaturalist.org/observations/252385046,Paeonia intermedia C.A.Mey. ex Ledeb.,Paeonia intermedia C.A.Mey. ex Ledeb.,9506797,43.195669,77.127063,523,WGS84,16-Apr-23 15:58:43,2023,4,16,HUMAN_OBSERVATION,PRESENT,iNaturalist research-grade observations,iNaturalist,Observations,http://creativecommons.org/licenses/by-nc/4.0/legalcode,Kazakhstan,Almaty,,inside,inside
Paeonia intermedia,Paeonia_intermedia.json,5892690703,https://www.inaturalist.org/observations/155433121,Paeonia intermedia C.A.Mey. ex Ledeb.,Paeonia intermedia C.A.Mey. ex Ledeb.,9506797,43.15462,76.793863,,WGS84,2023-04-16T15:22,2023,4,16,HUMAN_OBSERVATION,PRESENT,iNaturalist research-grade observations,iNaturalist,Observations,http://creativecommons.org/licenses/by/4.0/legalcode,Kazakhstan,Almaty,,inside,inside
Paeonia intermedia,Paeonia_intermedia.json,4111695919,https://www.inaturalist.org/observations/159436011,Paeonia intermedia C.A.Mey. ex Ledeb.,Paeonia intermedia C.A.Mey. ex Ledeb.,9506797,43.179722,76.998056,,WGS84,2023-05-03T16:29,2023,5,3,HUMAN_OBSERVATION,PRESENT,iNaturalist research-grade observations,iNaturalist,Observations,http://creativecommons.org/licenses/by-nc/4.0/legalcode,Kazakhstan,Almaty,,inside,inside
Paeonia intermedia,Paeonia_intermedia.json,4458716815,https://www.inaturalist.org/observations/192900932,Paeonia intermedia C.A.Mey. ex Ledeb.,Paeonia intermedia C.A.Mey. ex Ledeb.,9506797,43.172669,77.10934,8,WGS84,2023-05-25T13:08,2023,5,25,HUMAN_OBSERVATION,PRESENT,iNaturalist research-grade observations,iNaturalist,Observations,http://creativecommons.org/licenses/by-nc/4.0/legalcode,Kazakhstan,Almaty,,inside,inside
Paeonia intermedia,Paeonia_intermedia.json,4500456118,https://www.inaturalist.org/observations/161990381,Paeonia intermedia C.A.Mey. ex Ledeb.,Paeonia intermedia C.A.Mey. ex Ledeb.,9506797,43.142033,76.782836,,WGS84,2023-05-12T16:55,2023,5,12,HUMAN_OBSERVATION,PRESENT,iNaturalist research-grade observations,iNaturalist,Observations,http://creativecommons.org/licenses/by-nc/4.0/legalcode,Kazakhstan,Almaty,,inside,inside
Paeonia intermedia,Paeonia_intermedia.json,4500721196,https://www.inaturalist.org/observations/161985935,Paeonia intermedia C.A.Mey. ex Ledeb.,Paeonia intermedia C.A.Mey. ex Ledeb.,9506797,43.142118,76.782029,,WGS84,2023-05-12T16:49,2023,5,12,HUMAN_OBSERVATION,PRESENT,iNaturalist research-grade observations,iNaturalist,Observations,http://creativecommons.org/licenses/by-nc/4.0/legalcode,Kazakhstan,Almaty,,inside,inside
Paeonia intermedia,Paeonia_intermedia.json,5932272803,https://www.inaturalist.org/observations/196211227,Paeonia intermedia C.A.Mey. ex Ledeb.,Paeonia intermedia C.A.Mey. ex Ledeb.,9506797,43.116915,76.749548,,WGS84,2023-05-16T17:17,2023,5,16,HUMAN_OBSERVATION,PRESENT,iNaturalist research-grade observations,iNaturalist,Observations,http://creativecommons.org/licenses/by-nc/4.0/legalcode,Kazakhstan,Almaty,,inside,inside
Paeonia intermedia,Paeonia_intermedia.json,5064006340,https://www.inaturalist.org/observations/261080900,Paeonia intermedia C.A.Mey. ex Ledeb.,Paeonia intermedia C.A.Mey. ex Ledeb.,9506797,43.222244,77.016331,459,WGS84,2020-03-22T16:37,2020,3,22,HUMAN_OBSERVATION,PRESENT,iNaturalist research-grade observations,iNaturalist,Observations,http://creativecommons.org/licenses/by/4.0/legalcode,Kazakhstan,Almaty,,inside,inside
Paeonia intermedia,Paeonia_intermedia.json,4994146873,https://www.inaturalist.org/observations/254298408,Paeonia intermedia C.A.Mey. ex Ledeb.,Paeonia intermedia C.A.Mey. ex Ledeb.,9506797,43.162551,77.07437,186,WGS84,2017-04-23T14:33,2017,4,23,HUMAN_OBSERVATION,PRESENT,iNaturalist research-grade observations,iNaturalist,Observations,http://creativecommons.org/licenses/by/4.0/legalcode,Kazakhstan,Almaty,,inside,inside
Paeonia intermedia,Paeonia_intermedia.json,5292513564,https://www.inaturalist.org/observations/304905371,Paeonia intermedia C.A.Mey. ex Ledeb.,Paeonia intermedia C.A.Mey. ex Ledeb.,9506797,43.068583,76.602108,10,WGS84,2015-05-15T08:33,2015,5,15,HUMAN_OBSERVATION,PRESENT,iNaturalist research-grade observations,iNaturalist,Observations,http://creativecommons.org/licenses/by-nc/4.0/legalcode,Kazakhstan,Almaty,,inside,inside
Paeonia intermedia,Paeonia_intermedia.json,1949961965,MW0896597,Paeonia intermedia C.A.Mey. ex Ledeb.,Paeonia intermedia C.A.Mey. ex Ledeb.,9506797,43.220361,77.149639,,WGS84,2015-09-25,2015,9,25,PRESERVED_SPECIMEN,PRESENT,Moscow Digital Herbarium,Moscow State University,MW,http://creativecommons.org/licenses/by/4.0/legalcode,Kazakhstan,,,inside,inside
Paeonia intermedia,Paeonia_intermedia.json,1949961997,MW0896596,Paeonia intermedia C.A.Mey. ex Ledeb.,Paeonia intermedia C.A.Mey. ex Ledeb.,9506797,43.220361,77.149639,,WGS84,2015-09-25,2015,9,25,PRESERVED_SPECIMEN,PRESENT,Moscow Digital Herbarium,Moscow State University,MW,http://creativecommons.org/licenses/by/4.0/legalcode,Kazakhstan,,,inside,inside
Paeonia intermedia,Paeonia_intermedia.json,5759499223,https://www.inaturalist.org/observations/309460680,Paeonia intermedia C.A.Mey. ex Ledeb.,Paeonia intermedia C.A.Mey. ex Ledeb.,9506797,43.127761,76.902954,8,WGS84,2013-04-21T13:52,2013,4,21,HUMAN_OBSERVATION,PRESENT,iNaturalist research-grade observations,iNaturalist,Observations,http://creativecommons.org/licenses/by-nc/4.0/legalcode,Kazakhstan,Almaty,,inside,inside
Paeonia intermedia,Paeonia_intermedia.json,5909071844,https://www.inaturalist.org/observations/47802512,Paeonia intermedia C.A.Mey. ex Ledeb.,Paeonia intermedia C.A.Mey. ex Ledeb.,9506797,43.162873,77.030754,724,WGS84,2010-06-05T00:00,2010,6,5,HUMAN_OBSERVATION,PRESENT,iNaturalist research-grade observations,iNaturalist,Observations,http://creativecommons.org/licenses/by-nc/4.0/legalcode,Kazakhstan,Almaty,,inside,inside
Paeonia intermedia,Paeonia_intermedia.json,4046512893,https://www.inaturalist.org/observations/149548520,Paeonia intermedia C.A.Mey. ex Ledeb.,Paeonia intermedia C.A.Mey. ex Ledeb.,9506797,43.132394,76.910215,8,WGS84,2006-05-13T09:55,2006,5,13,HUMAN_OBSERVATION,PRESENT,iNaturalist research-grade observations,iNaturalist,Observations,http://creativecommons.org/licenses/by-nc/4.0/legalcode,Kazakhstan,Almaty,,inside,inside
Paeonia intermedia,Paeonia_intermedia.json,1799000596,MW0828909,Paeonia intermedia C.A.Mey. ex Ledeb.,Paeonia intermedia C.A.Mey. ex Ledeb.,9506797,45.614032,80.90294,,WGS84,1990-06-22,1990,6,22,PRESERVED_SPECIMEN,PRESENT,Moscow Digital Herbarium,Moscow State University,MW,http://creativecommons.org/licenses/by/4.0/legalcode,Kazakhstan,,,inside,inside
Paeonia intermedia,Paeonia_intermedia.json,1799000586,MW0828908,Paeonia intermedia C.A.Mey. ex Ledeb.,Paeonia intermedia C.A.Mey. ex Ledeb.,9506797,45.413666,79.916894,,WGS84,1974-06-19,1974,6,19,PRESERVED_SPECIMEN,PRESENT,Moscow Digital Herbarium,Moscow State University,MW,http://creativecommons.org/licenses/by/4.0/legalcode,Kazakhstan,,,inside,inside
Paeonia intermedia,Paeonia_intermedia.json,1799000622,MW0828905,Paeonia intermedia C.A.Mey. ex Ledeb.,Paeonia intermedia C.A.Mey. ex Ledeb.,9506797,44.694776,78.999767,,WGS84,1967-07-07,1967,7,7,PRESERVED_SPECIMEN,PRESENT,Moscow Digital Herbarium,Moscow State University,MW,http://creativecommons.org/licenses/by/4.0/legalcode,Kazakhstan,,,inside,inside
Paeonia intermedia,Paeonia_intermedia.json,1799000577,MW0828906,Paeonia intermedia C.A.Mey. ex Ledeb.,Paeonia intermedia C.A.Mey. ex Ledeb.,9506797,45.002289,78.958612,,WGS84,1957-05-27,1957,5,27,PRESERVED_SPECIMEN,PRESENT,Moscow Digital Herbarium,Moscow State University,MW,http://creativecommons.org/licenses/by/4.0/legalcode,Kazakhstan,,,inside,inside
Paeonia intermedia,Paeonia_intermedia.json,1799000640,MW0828910,Paeonia intermedia C.A.Mey. ex Ledeb.,Paeonia intermedia C.A.Mey. ex Ledeb.,9506797,45.002289,78.958612,,WGS84,1957-05-27,1957,5,27,PRESERVED_SPECIMEN,PRESENT,Moscow Digital Herbarium,Moscow State University,MW,http://creativecommons.org/licenses/by/4.0/legalcode,Kazakhstan,,,inside,inside
Paeonia intermedia,Paeonia_intermedia.json,1799000625,MW0828901,Paeonia intermedia C.A.Mey. ex Ledeb.,Paeonia intermedia C.A.Mey. ex Ledeb.,9506797,43.207263,77.240437,,WGS84,1931-05-30,1931,5,30,PRESERVED_SPECIMEN,PRESENT,Moscow Digital Herbarium,Moscow State University,MW,http://creativecommons.org/licenses/by/4.0/legalcode,Kazakhstan,,,inside,inside
Paeonia intermedia,Paeonia_intermedia.json,1799000687,MW0828903,Paeonia intermedia C.A.Mey. ex Ledeb.,Paeonia intermedia C.A.Mey. ex Ledeb.,9506797,45.783476,80.990266,,WGS84,1928-06-30,1928,6,30,PRESERVED_SPECIMEN,PRESENT,Moscow Digital Herbarium,Moscow State University,MW,http://creativecommons.org/licenses/by/4.0/legalcode,Kazakhstan,,,inside,inside
Paeonia intermedia,Paeonia_intermedia.json,6360128818,32216,Paeonia intermedia C.A.Mey.,Paeonia intermedia C.A.Mey. ex Ledeb.,7316499,43.087285,76.399767,21452,WGS84,,,,,MATERIAL_CITATION,PRESENT,,,,http://creativecommons.org/licenses/by/4.0/legalcode,Kazakhstan,,25,inside,inside
Paeonia intermedia,Paeonia_intermedia.json,6360132675,32217,Paeonia intermedia C.A.Mey.,Paeonia intermedia C.A.Mey. ex Ledeb.,7316499,43.030672,79.70241,50868,WGS84,,,,,MATERIAL_CITATION,PRESENT,,,,http://creativecommons.org/licenses/by/4.0/legalcode,Kazakhstan,,25a,inside,inside
Paeonia intermedia,Paeonia_intermedia.json,6360134105,32215,Paeonia intermedia C.A.Mey.,Paeonia intermedia C.A.Mey. ex Ledeb.,7316499,44.671289,79.053913,67752,WGS84,,,,,MATERIAL_CITATION,PRESENT,,,,http://creativecommons.org/licenses/by/4.0/legalcode,Kazakhstan,,24,inside,inside
Pyrethrum alatavicum,Pyrethrum_alatavicum.json,2382578619,https://brnu.jacq.org/BRNU653220,Pyrethrum alatavicum (Herder) O.Fedtsch. & B.Fedtsch.,Tanacetum alatavicum Herder,5395363,42.97972,76.63806,,WGS84,2014-07-09,2014,7,9,PRESERVED_SPECIMEN,PRESENT,,BRNU,Herbarium BRNU,http://creativecommons.org/licenses/by/4.0/legalcode,Kazakhstan,,"Kazakhstan, prov. Almaty, distr. Karasai. Tien Shan, Zailiskii Alatau, right side of the uppermost part of the Kaskelen river valley; 2600 m a. s. l. Subalpine tall-forb communities, rocks and screes. Coordinates: 425847 N & 763817 E",inside,inside
Rhodiola linearifolia,Rhodiola_linearifolia.json,6353281719,https://www.inaturalist.org/observations/361921654,Rhodiola kirilowii (Regel) Maxim.,Rhodiola kirilowii (Regel) Maxim.,7334350,43.101396,76.883411,187,WGS84,30-Apr-26 14:01:53,2026,4,30,HUMAN_OBSERVATION,PRESENT,iNaturalist research-grade observations,iNaturalist,Observations,http://creativecommons.org/licenses/by-nc/4.0/legalcode,Kazakhstan,Almaty,,inside,inside
Rhodiola linearifolia,Rhodiola_linearifolia.json,6273605529,https://www.inaturalist.org/observations/360555437,Rhodiola kirilowii (Regel) Maxim.,Rhodiola kirilowii (Regel) Maxim.,7334350,43.053708,76.966287,4,WGS84,07-May-26 15:18:59,2026,5,7,HUMAN_OBSERVATION,PRESENT,iNaturalist research-grade observations,iNaturalist,Observations,http://creativecommons.org/licenses/by-nc/4.0/legalcode,Kazakhstan,Almaty,,inside,inside
Rhodiola linearifolia,Rhodiola_linearifolia.json,6274091608,https://www.inaturalist.org/observations/360278611,Rhodiola semenovii (Regel & Herder) Boriss.,Rhodiola semenovii (Regel & Herder) Boriss.,4199368,43.066792,76.989088,6,WGS84,06-May-26 16:28:30,2026,5,6,HUMAN_OBSERVATION,PRESENT,iNaturalist research-grade observations,iNaturalist,Observations,http://creativecommons.org/licenses/by-nc/4.0/legalcode,Kazakhstan,Almaty,,inside,inside
Rhodiola linearifolia,Rhodiola_linearifolia.json,6320327578,https://www.inaturalist.org/observations/362329244,Rhodiola kirilowii (Regel) Maxim.,Rhodiola kirilowii (Regel) Maxim.,7334350,43.047237,76.91258,186,WGS84,16-May-26 10:04:37,2026,5,16,HUMAN_OBSERVATION,PRESENT,iNaturalist research-grade observations,iNaturalist,Observations,http://creativecommons.org/licenses/by-nc/4.0/legalcode,Kazakhstan,Almaty,,inside,inside
Rhodiola linearifolia,Rhodiola_linearifolia.json,6320636322,https://www.inaturalist.org/observations/361556879,Rhodiola coccinea (Royle) Boriss.,Rhodiola coccinea (Royle) Boriss.,7334424,43.116809,77.1114,100,WGS84,2026-05-07T15:00,2026,5,7,HUMAN_OBSERVATION,PRESENT,iNaturalist research-grade observations,iNaturalist,Observations,http://creativecommons.org/licenses/by-nc/4.0/legalcode,Kazakhstan,Almaty,,inside,inside
Rhodiola linearifolia,Rhodiola_linearifolia.json,6320662565,https://www.inaturalist.org/observations/361556875,Rhodiola coccinea (Royle) Boriss.,Rhodiola coccinea (Royle) Boriss.,7334424,43.116809,77.1114,100,WGS84,2026-05-07T15:00,2026,5,7,HUMAN_OBSERVATION,PRESENT,iNaturalist research-grade observations,iNaturalist,Observations,http://creativecommons.org/licenses/by-nc/4.0/legalcode,Kazakhstan,Almaty,,inside,inside
Rhodiola linearifolia,Rhodiola_linearifolia.json,6320746519,https://www.inaturalist.org/observations/362329948,Rhodiola kirilowii (Regel) Maxim.,Rhodiola kirilowii (Regel) Maxim.,7334350,43.053672,76.991147,,WGS84,17-May-26 13:45:34,2026,5,17,HUMAN_OBSERVATION,PRESENT,iNaturalist research-grade observations,iNaturalist,Observations,http://creativecommons.org/licenses/by-nc/4.0/legalcode,Kazakhstan,Almaty,,inside,inside
Rhodiola linearifolia,Rhodiola_linearifolia.json,6321117878,https://www.inaturalist.org/observations/362343548,Rhodiola coccinea (Royle) Boriss.,Rhodiola coccinea (Royle) Boriss.,7334424,43.001594,76.9317,147,WGS84,16-May-26 12:54:33,2026,5,16,HUMAN_OBSERVATION,PRESENT,iNaturalist research-grade observations,iNaturalist,Observations,http://creativecommons.org/licenses/by-nc/4.0/legalcode,Kazakhstan,Almaty,,inside,inside
Rhodiola linearifolia,Rhodiola_linearifolia.json,6334087345,https://www.inaturalist.org/observations/363606664,Rhodiola kirilowii (Regel) Maxim.,Rhodiola kirilowii (Regel) Maxim.,7334350,43.051583,76.972083,2876,WGS84,20-May-26 10:21:50,2026,5,20,HUMAN_OBSERVATION,PRESENT,iNaturalist research-grade observations,iNaturalist,Observations,http://creativecommons.org/licenses/by-nc/4.0/legalcode,Kazakhstan,Almaty,,inside,inside
Rhodiola linearifolia,Rhodiola_linearifolia.json,6334426891,https://www.inaturalist.org/observations/363257287,Rhodiola kirilowii (Regel) Maxim.,Rhodiola kirilowii (Regel) Maxim.,7334350,43.057542,76.975783,5,WGS84,20-May-26 06:57:29,2026,5,20,HUMAN_OBSERVATION,PRESENT,iNaturalist research-grade observations,iNaturalist,Observations,http://creativecommons.org/licenses/by-nc/4.0/legalcode,Kazakhstan,Almaty,,inside,inside
Rhodiola linearifolia,Rhodiola_linearifolia.json,6334618472,https://www.inaturalist.org/observations/364664593,Rhodiola kirilowii (Regel) Maxim.,Rhodiola kirilowii (Regel) Maxim.,7334350,43.119625,76.990767,,WGS84,24-May-26 08:41:14,2026,5,24,HUMAN_OBSERVATION,PRESENT,iNaturalist research-grade observations,iNaturalist,Observations,http://creativecommons.org/licenses/by-nc/4.0/legalcode,Kazakhstan,Almaty,,inside,inside
Rhodiola linearifolia,Rhodiola_linearifolia.json,6334855343,https://www.inaturalist.org/observations/364664870,Rhodiola kirilowii (Regel) Maxim.,Rhodiola kirilowii (Regel) Maxim.,7334350,43.119735,76.990928,,WGS84,24-May-26 08:46:26,2026,5,24,HUMAN_OBSERVATION,PRESENT,iNaturalist research-grade observations,iNaturalist,Observations,http://creativecommons.org/licenses/by-nc/4.0/legalcode,Kazakhstan,Almaty,,inside,inside
Rhodiola linearifolia,Rhodiola_linearifolia.json,6352291426,https://www.inaturalist.org/observations/366309677,Rhodiola kirilowii (Regel) Maxim.,Rhodiola kirilowii (Regel) Maxim.,7334350,43.052475,76.96504,31,WGS84,2026-05-27T11:09,2026,5,27,HUMAN_OBSERVATION,PRESENT,iNaturalist research-grade observations,iNaturalist,Observations,http://creativecommons.org/licenses/by-nc/4.0/legalcode,Kazakhstan,Almaty,,inside,inside
Rhodiola linearifolia,Rhodiola_linearifolia.json,6352402108,https://www.inaturalist.org/observations/366610336,Rhodiola kirilowii (Regel) Maxim.,Rhodiola kirilowii (Regel) Maxim.,7334350,43.123857,76.827205,661,WGS84,23-May-26 14:39:02,2026,5,23,HUMAN_OBSERVATION,PRESENT,iNaturalist research-grade observations,iNaturalist,Observations,http://creativecommons.org/licenses/by-nc/4.0/legalcode,Kazakhstan,Almaty,,inside,inside
Rhodiola linearifolia,Rhodiola_linearifolia.json,6352567945,https://www.inaturalist.org/observations/365720689,Rhodiola kirilowii (Regel) Maxim.,Rhodiola kirilowii (Regel) Maxim.,7334350,43.22452,77.147381,761,WGS84,27-May-26 14:08:20,2026,5,27,HUMAN_OBSERVATION,PRESENT,iNaturalist research-grade observations,iNaturalist,Observations,http://creativecommons.org/licenses/by-nc/4.0/legalcode,Kazakhstan,Almaty,,inside,inside
Rhodiola linearifolia,Rhodiola_linearifolia.json,6352626664,https://www.inaturalist.org/observations/366285233,Rhodiola kirilowii (Regel) Maxim.,Rhodiola kirilowii (Regel) Maxim.,7334350,43.053494,76.966164,4,WGS84,2026-05-27T11:14,2026,5,27,HUMAN_OBSERVATION,PRESENT,iNaturalist research-grade observations,iNaturalist,Observations,http://creativecommons.org/licenses/by-nc/4.0/legalcode,Kazakhstan,Almaty,,inside,inside
Rhodiola linearifolia,Rhodiola_linearifolia.json,6353152693,https://www.inaturalist.org/observations/367467787,Rhodiola kirilowii (Regel) Maxim.,Rhodiola kirilowii (Regel) Maxim.,7334350,43.042736,76.918875,6,WGS84,31-May-26 11:50:28,2026,5,31,HUMAN_OBSERVATION,PRESENT,iNaturalist research-grade observations,iNaturalist,Observations,http://creativecommons.org/licenses/by/4.0/legalcode,Kazakhstan,Almaty,,inside,inside
Rhodiola linearifolia,Rhodiola_linearifolia.json,6398996480,https://www.inaturalist.org/observations/367616309,Rhodiola kirilowii (Regel) Maxim.,Rhodiola kirilowii (Regel) Maxim.,7334350,43.164631,77.114441,4,WGS84,30-May-26 10:56:02,2026,5,30,HUMAN_OBSERVATION,PRESENT,iNaturalist research-grade observations,iNaturalist,Observations,http://creativecommons.org/licenses/by-nc/4.0/legalcode,Kazakhstan,Almaty,,inside,inside
Rhodiola linearifolia,Rhodiola_linearifolia.json,6398727484,https://www.inaturalist.org/observations/369367598,Rhodiola kirilowii (Regel) Maxim.,Rhodiola kirilowii (Regel) Maxim.,7334350,43.044404,76.915346,,WGS84,07-Jun-26 11:36:25,2026,6,7,HUMAN_OBSERVATION,PRESENT,iNaturalist research-grade observations,iNaturalist,Observations,http://creativecommons.org/licenses/by-nc/4.0/legalcode,Kazakhstan,Almaty,,inside,inside
Rhodiola linearifolia,Rhodiola_linearifolia.json,6399542518,https://www.inaturalist.org/observations/369696484,Rhodiola kirilowii (Regel) Maxim.,Rhodiola kirilowii (Regel) Maxim.,7334350,43.052686,76.98928,3,WGS84,04-Jun-26 11:14:45,2026,6,4,HUMAN_OBSERVATION,PRESENT,iNaturalist research-grade observations,iNaturalist,Observations,http://creativecommons.org/licenses/by-nc/4.0/legalcode,Kazakhstan,Almaty,,inside,inside
Rhodiola linearifolia,Rhodiola_linearifolia.json,6400509690,https://www.inaturalist.org/observations/371691126,Rhodiola coccinea (Royle) Boriss.,Rhodiola coccinea (Royle) Boriss.,7334424,43.150945,77.114861,867,WGS84,07-Jun-26 15:34:28,2026,6,7,HUMAN_OBSERVATION,PRESENT,iNaturalist research-grade observations,iNaturalist,Observations,http://creativecommons.org/licenses/by-nc/4.0/legalcode,Kazakhstan,Almaty,,inside,inside
Rhodiola linearifolia,Rhodiola_linearifolia.json,6400643767,https://www.inaturalist.org/observations/369399724,Rhodiola coccinea (Royle) Boriss.,Rhodiola coccinea (Royle) Boriss.,7334424,43.095724,77.07783,,WGS84,07-Jun-26 08:47:14,2026,6,7,HUMAN_OBSERVATION,PRESENT,iNaturalist research-grade observations,iNaturalist,Observations,http://creativecommons.org/licenses/by-nc/4.0/legalcode,Kazakhstan,Almaty,,inside,inside
Rhodiola linearifolia,Rhodiola_linearifolia.json,6413299619,https://www.inaturalist.org/observations/374216541,Rhodiola coccinea (Royle) Boriss.,Rhodiola coccinea (Royle) Boriss.,7334424,43.148558,77.129,,WGS84,21-Jun-26 15:18:33,2026,6,21,HUMAN_OBSERVATION,PRESENT,iNaturalist research-grade observations,iNaturalist,Observations,http://creativecommons.org/licenses/by-nc/4.0/legalcode,Kazakhstan,Almaty,,inside,inside
Rhodiola linearifolia,Rhodiola_linearifolia.json,6413403641,https://www.inaturalist.org/observations/373530011,Rhodiola kirilowii (Regel) Maxim.,Rhodiola kirilowii (Regel) Maxim.,7334350,43.132653,77.013222,13,WGS84,17-Jun-26 13:59:55,2026,6,17,HUMAN_OBSERVATION,PRESENT,iNaturalist research-grade observations,iNaturalist,Observations,http://creativecommons.org/licenses/by-nc/4.0/legalcode,Kazakhstan,Almaty,,inside,inside
Rhodiola linearifolia,Rhodiola_linearifolia.json,6413538664,https://www.inaturalist.org/observations/373529418,Rhodiola coccinea (Royle) Boriss.,Rhodiola coccinea (Royle) Boriss.,7334424,43.125389,77.01925,13,WGS84,17-Jun-26 15:08:32,2026,6,17,HUMAN_OBSERVATION,PRESENT,iNaturalist research-grade observations,iNaturalist,Observations,http://creativecommons.org/licenses/by-nc/4.0/legalcode,Kazakhstan,Almaty,,inside,inside
Rhodiola linearifolia,Rhodiola_linearifolia.json,6413953545,https://www.inaturalist.org/observations/373092600,Rhodiola kirilowii (Regel) Maxim.,Rhodiola kirilowii (Regel) Maxim.,7334350,43.051641,76.965018,7,WGS84,18-Jun-26 15:21:21,2026,6,18,HUMAN_OBSERVATION,PRESENT,iNaturalist research-grade observations,iNaturalist,Observations,http://creativecommons.org/licenses/by/4.0/legalcode,Kazakhstan,Almaty,,inside,inside
Rhodiola linearifolia,Rhodiola_linearifolia.json,6422698753,https://www.inaturalist.org/observations/374979971,Rhodiola coccinea (Royle) Boriss.,Rhodiola coccinea (Royle) Boriss.,7334424,43.120128,77.112541,,WGS84,24-Jun-26 10:38:12,2026,6,24,HUMAN_OBSERVATION,PRESENT,iNaturalist research-grade observations,iNaturalist,Observations,http://creativecommons.org/licenses/by-nc/4.0/legalcode,Kazakhstan,Almaty,,inside,inside
Rhodiola linearifolia,Rhodiola_linearifolia.json,6430858703,https://www.inaturalist.org/observations/378741204,Rhodiola kirilowii (Regel) Maxim.,Rhodiola kirilowii (Regel) Maxim.,7334350,43.085355,77.07883,,WGS84,2026-06-07T07:57,2026,6,7,HUMAN_OBSERVATION,PRESENT,iNaturalist research-grade observations,iNaturalist,Observations,http://creativecommons.org/licenses/by-nc/4.0/legalcode,Kazakhstan,Almaty,,inside,inside
Rhodiola linearifolia,Rhodiola_linearifolia.json,6431813588,https://www.inaturalist.org/observations/378741229,Rhodiola coccinea (Royle) Boriss.,Rhodiola coccinea (Royle) Boriss.,7334424,43.085355,77.07883,,WGS84,2026-06-07T08:43,2026,6,7,HUMAN_OBSERVATION,PRESENT,iNaturalist research-grade observations,iNaturalist,Observations,http://creativecommons.org/licenses/by-nc/4.0/legalcode,Kazakhstan,Almaty,,inside,inside
Rhodiola linearifolia,Rhodiola_linearifolia.json,6451685093,https://www.inaturalist.org/observations/383129975,Rhodiola coccinea (Royle) Boriss.,Rhodiola coccinea (Royle) Boriss.,7334424,43.11107,77.11411,70,WGS84,2026-06-22T09:07,2026,6,22,HUMAN_OBSERVATION,PRESENT,iNaturalist research-grade observations,iNaturalist,Observations,http://creativecommons.org/licenses/by-nc/4.0/legalcode,Kazakhstan,Almaty,,inside,inside
Rhodiola linearifolia,Rhodiola_linearifolia.json,6499580869,https://www.inaturalist.org/observations/392004596,Rhodiola kirilowii (Regel) Maxim.,Rhodiola kirilowii (Regel) Maxim.,7334350,43.13656,77.01039,122,WGS84,2026-06-28T15:12,2026,6,28,HUMAN_OBSERVATION,PRESENT,iNaturalist research-grade observations,iNaturalist,Observations,http://creativecommons.org/licenses/by/4.0/legalcode,Kazakhstan,Almaty,,inside,inside
Rhodiola linearifolia,Rhodiola_linearifolia.json,6499639782,https://www.inaturalist.org/observations/392004620,Rhodiola semenovii (Regel & Herder) Boriss.,Rhodiola semenovii (Regel & Herder) Boriss.,4199368,43.13656,77.01039,122,WGS84,2026-06-28T16:30,2026,6,28,HUMAN_OBSERVATION,PRESENT,iNaturalist research-grade observations,iNaturalist,Observations,http://creativecommons.org/licenses/by/4.0/legalcode,Kazakhstan,Almaty,,inside,inside
Rhodiola linearifolia,Rhodiola_linearifolia.json,6441758106,https://www.inaturalist.org/observations/378737758,Rhodiola kirilowii (Regel) Maxim.,Rhodiola kirilowii (Regel) Maxim.,7334350,43.337466,80.325168,,WGS84,05-Jul-26 15:06:55,2026,7,5,HUMAN_OBSERVATION,PRESENT,iNaturalist research-grade observations,iNaturalist,Observations,http://creativecommons.org/licenses/by-nc/4.0/legalcode,Kazakhstan,Almaty,,inside,inside
Rhodiola linearifolia,Rhodiola_linearifolia.json,6452371016,https://www.inaturalist.org/observations/381902871,Rhodiola coccinea (Royle) Boriss.,Rhodiola coccinea (Royle) Boriss.,7334424,43.032977,77.125483,,WGS84,07-Jul-26 11:25:56,2026,7,7,HUMAN_OBSERVATION,PRESENT,iNaturalist research-grade observations,iNaturalist,Observations,http://creativecommons.org/licenses/by-nc/4.0/legalcode,Kazakhstan,Almaty,,inside,inside
Rhodiola linearifolia,Rhodiola_linearifolia.json,6452553771,https://www.inaturalist.org/observations/382910059,Rhodiola coccinea (Royle) Boriss.,Rhodiola coccinea (Royle) Boriss.,7334424,43.237536,77.415706,,WGS84,18-Jul-26 13:20:06,2026,7,18,HUMAN_OBSERVATION,PRESENT,iNaturalist research-grade observations,iNaturalist,Observations,http://creativecommons.org/licenses/by-nc/4.0/legalcode,Kazakhstan,Almaty,,inside,inside
Rhodiola linearifolia,Rhodiola_linearifolia.json,6479662866,https://www.inaturalist.org/observations/386816717,Rhodiola semenovii (Regel & Herder) Boriss.,Rhodiola semenovii (Regel & Herder) Boriss.,4199368,43.102515,77.075322,79,WGS84,29-Jul-26 16:13:13,2026,7,29,HUMAN_OBSERVATION,PRESENT,iNaturalist research-grade observations,iNaturalist,Observations,http://creativecommons.org/licenses/by-nc/4.0/legalcode,Kazakhstan,Almaty,,inside,inside
Rhodiola linearifolia,Rhodiola_linearifolia.json,6479222667,https://www.inaturalist.org/observations/388930692,Rhodiola coccinea (Royle) Boriss.,Rhodiola coccinea (Royle) Boriss.,7334424,43.103961,77.111022,3,WGS84,06-Aug-26 12:25:32,2026,8,6,HUMAN_OBSERVATION,PRESENT,iNaturalist research-grade observations,iNaturalist,Observations,http://creativecommons.org/licenses/by-nc/4.0/legalcode,Kazakhstan,Almaty,,inside,inside
Rhodiola linearifolia,Rhodiola_linearifolia.json,6479540978,https://www.inaturalist.org/observations/389592499,Rhodiola coccinea (Royle) Boriss.,Rhodiola coccinea (Royle) Boriss.,7334424,43.045125,76.938478,6,WGS84,08-Aug-26 06:06:16,2026,8,8,HUMAN_OBSERVATION,PRESENT,iNaturalist research-grade observations,iNaturalist,Observations,http://creativecommons.org/licenses/by-nc/4.0/legalcode,Kazakhstan,Almaty,,inside,inside
Rhodiola linearifolia,Rhodiola_linearifolia.json,6481228602,https://www.inaturalist.org/observations/389690119,Rhodiola coccinea (Royle) Boriss.,Rhodiola coccinea (Royle) Boriss.,7334424,43.021116,76.907703,,WGS84,09-Aug-26 08:44:02,2026,8,9,HUMAN_OBSERVATION,PRESENT,iNaturalist research-grade observations,iNaturalist,Observations,http://creativecommons.org/licenses/by-nc/4.0/legalcode,Kazakhstan,Almaty,,inside,inside
Rhodiola linearifolia,Rhodiola_linearifolia.json,6499555371,https://www.inaturalist.org/observations/392002961,Rhodiola semenovii (Regel & Herder) Boriss.,Rhodiola semenovii (Regel & Herder) Boriss.,4199368,43.07755,76.981892,,WGS84,2026-08-16T08:06,2026,8,16,HUMAN_OBSERVATION,PRESENT,iNaturalist research-grade observations,iNaturalist,Observations,http://creativecommons.org/licenses/by-nc/4.0/legalcode,Kazakhstan,Almaty,,inside,inside
Rhodiola linearifolia,Rhodiola_linearifolia.json,6518719889,https://www.inaturalist.org/observations/397870077,Rhodiola semenovii (Regel & Herder) Boriss.,Rhodiola semenovii (Regel & Herder) Boriss.,4199368,43.158204,77.098914,122,WGS84,2026-09-05T15:35,2026,9,5,HUMAN_OBSERVATION,PRESENT,iNaturalist research-grade observations,iNaturalist,Observations,http://creativecommons.org/licenses/by-nc/4.0/legalcode,Kazakhstan,Almaty,,inside,inside
Rhodiola linearifolia,Rhodiola_linearifolia.json,5140220858,https://www.inaturalist.org/observations/273126316,Rhodiola kirilowii (Regel) Maxim.,Rhodiola kirilowii (Regel) Maxim.,7334350,43.173288,77.074444,186,WGS84,25-Apr-25 14:42:13,2025,4,25,HUMAN_OBSERVATION,PRESENT,iNaturalist research-grade observations,iNaturalist,Observations,http://creativecommons.org/licenses/by/4.0/legalcode,Kazakhstan,Almaty,,inside,inside
Rhodiola linearifolia,Rhodiola_linearifolia.json,5153694592,https://www.inaturalist.org/observations/277699405,Rhodiola semenovii (Regel & Herder) Boriss.,Rhodiola semenovii (Regel & Herder) Boriss.,4199368,43.11526,77.060299,535,WGS84,2025-04-27T14:58,2025,4,27,HUMAN_OBSERVATION,PRESENT,iNaturalist research-grade observations,iNaturalist,Observations,http://creativecommons.org/licenses/by/4.0/legalcode,Kazakhstan,Almaty,,inside,inside
Rhodiola linearifolia,Rhodiola_linearifolia.json,5154849070,https://www.inaturalist.org/observations/277699407,Rhodiola semenovii (Regel & Herder) Boriss.,Rhodiola semenovii (Regel & Herder) Boriss.,4199368,43.11526,77.060299,535,WGS84,2025-04-27T14:59,2025,4,27,HUMAN_OBSERVATION,PRESENT,iNaturalist research-grade observations,iNaturalist,Observations,http://creativecommons.org/licenses/by/4.0/legalcode,Kazakhstan,Almaty,,inside,inside
Rhodiola linearifolia,Rhodiola_linearifolia.json,5176423688,https://www.inaturalist.org/observations/276984860,Rhodiola coccinea (Royle) Boriss.,Rhodiola coccinea (Royle) Boriss.,7334424,43.115329,77.112383,,WGS84,30-Apr-25 14:45:53,2025,4,30,HUMAN_OBSERVATION,PRESENT,iNaturalist research-grade observations,iNaturalist,Observations,http://creativecommons.org/licenses/by-nc/4.0/legalcode,Kazakhstan,Almaty,,inside,inside
Rhodiola linearifolia,Rhodiola_linearifolia.json,5153749416,https://www.inaturalist.org/observations/278768137,Rhodiola coccinea (Royle) Boriss.,Rhodiola coccinea (Royle) Boriss.,7334424,43.117941,77.114622,11,WGS84,2025-05-05T14:49,2025,5,5,HUMAN_OBSERVATION,PRESENT,iNaturalist research-grade observations,iNaturalist,Observations,http://creativecommons.org/licenses/by/4.0/legalcode,Kazakhstan,Almaty,,inside,inside
Rhodiola linearifolia,Rhodiola_linearifolia.json,5154057069,https://www.inaturalist.org/observations/280210722,Rhodiola kirilowii (Regel) Maxim.,Rhodiola kirilowii (Regel) Maxim.,7334350,43.053796,76.990327,,WGS84,09-May-25 14:08:17,2025,5,9,HUMAN_OBSERVATION,PRESENT,iNaturalist research-grade observations,iNaturalist,Observations,http://creativecommons.org/licenses/by-nc/4.0/legalcode,Kazakhstan,Almaty,,inside,inside
Rhodiola linearifolia,Rhodiola_linearifolia.json,5154638867,https://www.inaturalist.org/observations/279994727,Rhodiola kirilowii (Regel) Maxim.,Rhodiola kirilowii (Regel) Maxim.,7334350,43.035134,77.002573,,WGS84,10-May-25 11:32:15,2025,5,10,HUMAN_OBSERVATION,PRESENT,iNaturalist research-grade observations,iNaturalist,Observations,http://creativecommons.org/licenses/by-nc/4.0/legalcode,Kazakhstan,Almaty,,inside,inside
Rhodiola linearifolia,Rhodiola_linearifolia.json,5154759638,https://www.inaturalist.org/observations/280011356,Rhodiola kirilowii (Regel) Maxim.,Rhodiola kirilowii (Regel) Maxim.,7334350,43.052066,76.990663,,WGS84,09-May-25 15:51:02,2025,5,9,HUMAN_OBSERVATION,PRESENT,iNaturalist research-grade observations,iNaturalist,Observations,http://creativecommons.org/licenses/by-nc/4.0/legalcode,Kazakhstan,Almaty,,inside,inside
Rhodiola linearifolia,Rhodiola_linearifolia.json,5167123427,https://www.inaturalist.org/observations/284153245,Rhodiola kirilowii (Regel) Maxim.,Rhodiola kirilowii (Regel) Maxim.,7334350,43.114414,76.955989,,WGS84,25-May-25 12:32:16,2025,5,25,HUMAN_OBSERVATION,PRESENT,iNaturalist research-grade observations,iNaturalist,Observations,http://creativecommons.org/licenses/by-nc/4.0/legalcode,Kazakhstan,Almaty,,inside,inside
Rhodiola linearifolia,Rhodiola_linearifolia.json,5167284599,https://www.inaturalist.org/observations/284162178,Rhodiola kirilowii (Regel) Maxim.,Rhodiola kirilowii (Regel) Maxim.,7334350,43.05601,76.980675,341,WGS84,25-May-25 13:25:05,2025,5,25,HUMAN_OBSERVATION,PRESENT,iNaturalist research-grade observations,iNaturalist,Observations,http://creativecommons.org/licenses/by-nc/4.0/legalcode,Kazakhstan,Almaty,,inside,inside
Rhodiola linearifolia,Rhodiola_linearifolia.json,5167666079,https://www.inaturalist.org/observations/282344404,Rhodiola kirilowii (Regel) Maxim.,Rhodiola kirilowii (Regel) Maxim.,7334350,43.053014,76.991347,4,WGS84,17-May-25 11:50:28,2025,5,17,HUMAN_OBSERVATION,PRESENT,iNaturalist research-grade observations,iNaturalist,Observations,http://creativecommons.org/licenses/by-nc/4.0/legalcode,Kazakhstan,Almaty,,inside,inside
Rhodiola linearifolia,Rhodiola_linearifolia.json,5168008849,https://www.inaturalist.org/observations/281655802,Rhodiola kirilowii (Regel) Maxim.,Rhodiola kirilowii (Regel) Maxim.,7334350,43.053078,76.990421,3,WGS84,17-May-25 07:47:01,2025,5,17,HUMAN_OBSERVATION,PRESENT,iNaturalist research-grade observations,iNaturalist,Observations,http://creativecommons.org/licenses/by-nc/4.0/legalcode,Kazakhstan,Almaty,,inside,inside
Rhodiola linearifolia,Rhodiola_linearifolia.json,5168384698,https://www.inaturalist.org/observations/282774005,Rhodiola kirilowii (Regel) Maxim.,Rhodiola kirilowii (Regel) Maxim.,7334350,43.224112,77.705948,90485,WGS84,20-May-25 14:48:17,2025,5,20,HUMAN_OBSERVATION,PRESENT,iNaturalist research-grade observations,iNaturalist,Observations,http://creativecommons.org/licenses/by-nc/4.0/legalcode,Kazakhstan,Almaty,,inside,inside
Rhodiola linearifolia,Rhodiola_linearifolia.json,5168482986,https://www.inaturalist.org/observations/284298483,Rhodiola kirilowii (Regel) Maxim.,Rhodiola kirilowii (Regel) Maxim.,7334350,43.055831,76.980928,4,WGS84,25-May-25 13:25:07,2025,5,25,HUMAN_OBSERVATION,PRESENT,iNaturalist research-grade observations,iNaturalist,Observations,http://creativecommons.org/licenses/by-nc/4.0/legalcode,Kazakhstan,Almaty,,inside,inside
Rhodiola linearifolia,Rhodiola_linearifolia.json,5168504697,https://www.inaturalist.org/observations/283930293,Rhodiola kirilowii (Regel) Maxim.,Rhodiola kirilowii (Regel) Maxim.,7334350,43.152316,77.077513,,WGS84,25-May-25 11:09:09,2025,5,25,HUMAN_OBSERVATION,PRESENT,iNaturalist research-grade observations,iNaturalist,Observations,http://creativecommons.org/licenses/by-nc/4.0/legalcode,Kazakhstan,Almaty,,inside,inside
Rhodiola linearifolia,Rhodiola_linearifolia.json,5176396125,https://www.inaturalist.org/observations/285936230,Rhodiola coccinea (Royle) Boriss.,Rhodiola coccinea (Royle) Boriss.,7334424,43.123805,77.022627,254,WGS84,2025-05-24T12:16,2025,5,24,HUMAN_OBSERVATION,PRESENT,iNaturalist research-grade observations,iNaturalist,Observations,http://creativecommons.org/licenses/by-nc/4.0/legalcode,Kazakhstan,Almaty,,inside,inside
Rhodiola linearifolia,Rhodiola_linearifolia.json,5176831316,https://www.inaturalist.org/observations/285831688,Rhodiola coccinea (Royle) Boriss.,Rhodiola coccinea (Royle) Boriss.,7334424,43.11615,77.013778,3381,WGS84,31-May-25 14:49:14,2025,5,31,HUMAN_OBSERVATION,PRESENT,iNaturalist research-grade observations,iNaturalist,Observations,http://creativecommons.org/licenses/by-nc/4.0/legalcode,Kazakhstan,Almaty,,inside,inside
Rhodiola linearifolia,Rhodiola_linearifolia.json,5177041411,https://www.inaturalist.org/observations/285732810,Rhodiola kirilowii (Regel) Maxim.,Rhodiola kirilowii (Regel) Maxim.,7334350,43.115375,77.014664,3381,WGS84,31-May-25 15:52:54,2025,5,31,HUMAN_OBSERVATION,PRESENT,iNaturalist research-grade observations,iNaturalist,Observations,http://creativecommons.org/licenses/by-nc/4.0/legalcode,Kazakhstan,Almaty,,inside,inside
Rhodiola linearifolia,Rhodiola_linearifolia.json,5177291073,https://www.inaturalist.org/observations/285936234,Rhodiola kirilowii (Regel) Maxim.,Rhodiola kirilowii (Regel) Maxim.,7334350,43.114143,77.042546,421,WGS84,2025-05-24T15:22,2025,5,24,HUMAN_OBSERVATION,PRESENT,iNaturalist research-grade observations,iNaturalist,Observations,http://creativecommons.org/licenses/by-nc/4.0/legalcode,Kazakhstan,Almaty,,inside,inside
Rhodiola linearifolia,Rhodiola_linearifolia.json,5237908474,https://www.inaturalist.org/observations/283909190,Rhodiola kirilowii (Regel) Maxim.,Rhodiola kirilowii (Regel) Maxim.,7334350,43.152235,77.077452,,WGS84,25-May-25 12:10:51,2025,5,25,HUMAN_OBSERVATION,PRESENT,iNaturalist research-grade observations,iNaturalist,Observations,http://creativecommons.org/licenses/by-nc/4.0/legalcode,Kazakhstan,Almaty,,inside,inside
Rhodiola linearifolia,Rhodiola_linearifolia.json,5935253604,https://www.inaturalist.org/observations/306575602,Rhodiola kirilowii (Regel) Maxim.,Rhodiola kirilowii (Regel) Maxim.,7334350,43.055994,78.345481,,WGS84,09-May-25 12:15:38,2025,5,9,HUMAN_OBSERVATION,PRESENT,iNaturalist research-grade observations,iNaturalist,Observations,http://creativecommons.org/licenses/by-nc/4.0/legalcode,Kazakhstan,Almaty,,inside,inside
Rhodiola linearifolia,Rhodiola_linearifolia.json,6178351521,https://www.inaturalist.org/observations/278767906,Rhodiola coccinea (Royle) Boriss.,Rhodiola coccinea (Royle) Boriss.,7334424,43.118027,77.112047,6,WGS84,05-May-25 13:05:54,2025,5,5,HUMAN_OBSERVATION,PRESENT,iNaturalist research-grade observations,iNaturalist,Observations,http://creativecommons.org/licenses/by/4.0/legalcode,Kazakhstan,Almaty,,inside,inside
Rhodiola linearifolia,Rhodiola_linearifolia.json,6178691005,https://www.inaturalist.org/observations/278764992,Rhodiola kirilowii (Regel) Maxim.,Rhodiola kirilowii (Regel) Maxim.,7334350,43.118308,77.11587,,WGS84,05-May-25 15:14:41,2025,5,5,HUMAN_OBSERVATION,PRESENT,iNaturalist research-grade observations,iNaturalist,Observations,http://creativecommons.org/licenses/by/4.0/legalcode,Kazakhstan,Almaty,,inside,inside
Rhodiola linearifolia,Rhodiola_linearifolia.json,5187596255,https://www.inaturalist.org/observations/287604055,Rhodiola kirilowii (Regel) Maxim.,Rhodiola kirilowii (Regel) Maxim.,7334350,43.053394,76.96516,7427,WGS84,07-Jun-25 12:16:51,2025,6,7,HUMAN_OBSERVATION,PRESENT,iNaturalist research-grade observations,iNaturalist,Observations,http://creativecommons.org/licenses/by-nc/4.0/legalcode,Kazakhstan,Almaty,,inside,inside
Rhodiola linearifolia,Rhodiola_linearifolia.json,5188103440,https://www.inaturalist.org/observations/288410272,Rhodiola coccinea (Royle) Boriss.,Rhodiola coccinea (Royle) Boriss.,7334424,43.150786,77.144736,2872,WGS84,07-Jun-25 15:44:37,2025,6,7,HUMAN_OBSERVATION,PRESENT,iNaturalist research-grade observations,iNaturalist,Observations,http://creativecommons.org/licenses/by-nc/4.0/legalcode,Kazakhstan,Almaty,,inside,inside
Rhodiola linearifolia,Rhodiola_linearifolia.json,5188244188,https://www.inaturalist.org/observations/287632007,Rhodiola coccinea (Royle) Boriss.,Rhodiola coccinea (Royle) Boriss.,7334424,43.054821,76.993593,,WGS84,07-Jun-25 12:40:15,2025,6,7,HUMAN_OBSERVATION,PRESENT,iNaturalist research-grade observations,iNaturalist,Observations,http://creativecommons.org/licenses/by-nc/4.0/legalcode,Kazakhstan,Almaty,,inside,inside
Rhodiola linearifolia,Rhodiola_linearifolia.json,5188359425,https://www.inaturalist.org/observations/288427702,Rhodiola kirilowii (Regel) Maxim.,Rhodiola kirilowii (Regel) Maxim.,7334350,43.181183,77.148467,2871,WGS84,07-Jun-25 11:30:09,2025,6,7,HUMAN_OBSERVATION,PRESENT,iNaturalist research-grade observations,iNaturalist,Observations,http://creativecommons.org/licenses/by-nc/4.0/legalcode,Kazakhstan,Almaty,,inside,inside
Rhodiola linearifolia,Rhodiola_linearifolia.json,5198674268,https://www.inaturalist.org/observations/289541100,Rhodiola coccinea (Royle) Boriss.,Rhodiola coccinea (Royle) Boriss.,7334424,43.115161,77.100783,2874,WGS84,14-Jun-25 12:35:21,2025,6,14,HUMAN_OBSERVATION,PRESENT,iNaturalist research-grade observations,iNaturalist,Observations,http://creativecommons.org/licenses/by-nc/4.0/legalcode,Kazakhstan,Almaty,,inside,inside
Rhodiola linearifolia,Rhodiola_linearifolia.json,5198941381,https://www.inaturalist.org/observations/289795993,Rhodiola coccinea (Royle) Boriss.,Rhodiola coccinea (Royle) Boriss.,7334424,43.076458,77.079443,,WGS84,15-Jun-25 09:12:33,2025,6,15,HUMAN_OBSERVATION,PRESENT,iNaturalist research-grade observations,iNaturalist,Observations,http://creativecommons.org/licenses/by-nc/4.0/legalcode,Kazakhstan,Almaty,,inside,inside
Rhodiola linearifolia,Rhodiola_linearifolia.json,5206204505,https://www.inaturalist.org/observations/291795749,Rhodiola semenovii (Regel & Herder) Boriss.,Rhodiola semenovii (Regel & Herder) Boriss.,4199368,43.117437,77.048732,,WGS84,22-Jun-25 08:27:15,2025,6,22,HUMAN_OBSERVATION,PRESENT,iNaturalist research-grade observations,iNaturalist,Observations,http://creativecommons.org/licenses/by-nc/4.0/legalcode,Kazakhstan,Almaty,,inside,inside
Rhodiola linearifolia,Rhodiola_linearifolia.json,5206361802,https://www.inaturalist.org/observations/292347821,Rhodiola coccinea (Royle) Boriss.,Rhodiola coccinea (Royle) Boriss.,7334424,43.081606,77.046745,887,WGS84,22-Jun-25 13:34:48,2025,6,22,HUMAN_OBSERVATION,PRESENT,iNaturalist research-grade observations,iNaturalist,Observations,http://creativecommons.org/licenses/by-nc/4.0/legalcode,Kazakhstan,Almaty,,inside,inside
Rhodiola linearifolia,Rhodiola_linearifolia.json,5206614621,https://www.inaturalist.org/observations/291980612,Rhodiola kirilowii (Regel) Maxim.,Rhodiola kirilowii (Regel) Maxim.,7334350,43.132159,77.034172,406,WGS84,21-Jun-25 17:04:15,2025,6,21,HUMAN_OBSERVATION,PRESENT,iNaturalist research-grade observations,iNaturalist,Observations,http://creativecommons.org/licenses/by-nc/4.0/legalcode,Kazakhstan,Almaty,,inside,inside
Rhodiola linearifolia,Rhodiola_linearifolia.json,5206802760,https://www.inaturalist.org/observations/292341830,Rhodiola coccinea (Royle) Boriss.,Rhodiola coccinea (Royle) Boriss.,7334424,43.081381,77.046554,775,WGS84,22-Jun-25 11:49:40,2025,6,22,HUMAN_OBSERVATION,PRESENT,iNaturalist research-grade observations,iNaturalist,Observations,http://creativecommons.org/licenses/by-nc/4.0/legalcode,Kazakhstan,Almaty,,inside,inside
Rhodiola linearifolia,Rhodiola_linearifolia.json,5216320897,https://www.inaturalist.org/observations/293975347,Rhodiola coccinea (Royle) Boriss.,Rhodiola coccinea (Royle) Boriss.,7334424,43.082705,77.056442,2874,WGS84,28-Jun-25 19:02:02,2025,6,28,HUMAN_OBSERVATION,PRESENT,iNaturalist research-grade observations,iNaturalist,Observations,http://creativecommons.org/licenses/by-nc/4.0/legalcode,Kazakhstan,Almaty,,inside,inside
Rhodiola linearifolia,Rhodiola_linearifolia.json,5216625658,https://www.inaturalist.org/observations/293680805,Rhodiola coccinea (Royle) Boriss.,Rhodiola coccinea (Royle) Boriss.,7334424,43.114102,77.108295,559,WGS84,29-Jun-25 13:42:27,2025,6,29,HUMAN_OBSERVATION,PRESENT,iNaturalist research-grade observations,iNaturalist,Observations,http://creativecommons.org/licenses/by-nc/4.0/legalcode,Kazakhstan,Almaty,,inside,inside
Rhodiola linearifolia,Rhodiola_linearifolia.json,5216800911,https://www.inaturalist.org/observations/295668941,Rhodiola kirilowii (Regel) Maxim.,Rhodiola kirilowii (Regel) Maxim.,7334350,43.108669,77.073101,10,WGS84,2025-06-23T11:44,2025,6,23,HUMAN_OBSERVATION,PRESENT,iNaturalist research-grade observations,iNaturalist,Observations,http://creativecommons.org/licenses/by-nc/4.0/legalcode,Kazakhstan,Almaty,,inside,inside
Rhodiola linearifolia,Rhodiola_linearifolia.json,5216839962,https://www.inaturalist.org/observations/295666692,Rhodiola kirilowii (Regel) Maxim.,Rhodiola kirilowii (Regel) Maxim.,7334350,43.085716,77.07787,10,WGS84,2025-06-23T14:37,2025,6,23,HUMAN_OBSERVATION,PRESENT,iNaturalist research-grade observations,iNaturalist,Observations,http://creativecommons.org/licenses/by-nc/4.0/legalcode,Kazakhstan,Almaty,,inside,inside
Rhodiola linearifolia,Rhodiola_linearifolia.json,5216919958,https://www.inaturalist.org/observations/293968038,Rhodiola coccinea (Royle) Boriss.,Rhodiola coccinea (Royle) Boriss.,7334424,43.075424,77.073922,188,WGS84,28-Jun-25 09:44:54,2025,6,28,HUMAN_OBSERVATION,PRESENT,iNaturalist research-grade observations,iNaturalist,Observations,http://creativecommons.org/licenses/by-nc/4.0/legalcode,Kazakhstan,Almaty,,inside,inside
Rhodiola linearifolia,Rhodiola_linearifolia.json,5217151015,https://www.inaturalist.org/observations/295666366,Rhodiola kirilowii (Regel) Maxim.,Rhodiola kirilowii (Regel) Maxim.,7334350,43.088099,77.07676,15,WGS84,2025-06-23T14:13,2025,6,23,HUMAN_OBSERVATION,PRESENT,iNaturalist research-grade observations,iNaturalist,Observations,http://creativecommons.org/licenses/by-nc/4.0/legalcode,Kazakhstan,Almaty,,inside,inside
Rhodiola linearifolia,Rhodiola_linearifolia.json,5281913594,https://www.inaturalist.org/observations/302708708,Rhodiola kirilowii (Regel) Maxim.,Rhodiola kirilowii (Regel) Maxim.,7334350,43.089391,76.909925,191,WGS84,2025-06-03T13:47,2025,6,3,HUMAN_OBSERVATION,PRESENT,iNaturalist research-grade observations,iNaturalist,Observations,http://creativecommons.org/publicdomain/zero/1.0/legalcode,Kazakhstan,Almaty,,inside,inside
Rhodiola linearifolia,Rhodiola_linearifolia.json,5291899596,https://www.inaturalist.org/observations/304612457,Rhodiola kirilowii (Regel) Maxim.,Rhodiola kirilowii (Regel) Maxim.,7334350,43.109807,77.109609,,WGS84,2025-06-15T14:53,2025,6,15,HUMAN_OBSERVATION,PRESENT,iNaturalist research-grade observations,iNaturalist,Observations,http://creativecommons.org/licenses/by-nc/4.0/legalcode,Kazakhstan,Almaty,,inside,inside
Rhodiola linearifolia,Rhodiola_linearifolia.json,5292615843,https://www.inaturalist.org/observations/304609088,Rhodiola kirilowii (Regel) Maxim.,Rhodiola kirilowii (Regel) Maxim.,7334350,43.120047,77.09349,,WGS84,2025-06-15T11:22,2025,6,15,HUMAN_OBSERVATION,PRESENT,iNaturalist research-grade observations,iNaturalist,Observations,http://creativecommons.org/licenses/by-nc/4.0/legalcode,Kazakhstan,Almaty,,inside,inside
Rhodiola linearifolia,Rhodiola_linearifolia.json,5292619799,https://www.inaturalist.org/observations/304606049,Rhodiola kirilowii (Regel) Maxim.,Rhodiola kirilowii (Regel) Maxim.,7334350,43.120333,77.0919,,WGS84,2025-06-15T10:49,2025,6,15,HUMAN_OBSERVATION,PRESENT,iNaturalist research-grade observations,iNaturalist,Observations,http://creativecommons.org/licenses/by-nc/4.0/legalcode,Kazakhstan,Almaty,,inside,inside
Rhodiola linearifolia,Rhodiola_linearifolia.json,5292864429,https://www.inaturalist.org/observations/304611131,Rhodiola coccinea (Royle) Boriss.,Rhodiola coccinea (Royle) Boriss.,7334424,43.1099,77.1096,,WGS84,2025-06-15T14:12,2025,6,15,HUMAN_OBSERVATION,PRESENT,iNaturalist research-grade observations,iNaturalist,Observations,http://creativecommons.org/licenses/by-nc/4.0/legalcode,Kazakhstan,Almaty,,inside,inside
Rhodiola linearifolia,Rhodiola_linearifolia.json,5908807047,https://www.inaturalist.org/observations/293809591,Rhodiola gelida Schrenk ex Fisch. & C.A.Mey.,Rhodiola gelida Schrenk ex Fisch. & C.A.Mey.,7636572,43.070374,77.110979,,WGS84,29-Jun-25 12:10:56,2025,6,29,HUMAN_OBSERVATION,PRESENT,iNaturalist research-grade observations,iNaturalist,Observations,http://creativecommons.org/licenses/by-nc/4.0/legalcode,Kazakhstan,Almaty,,inside,inside
Rhodiola linearifolia,Rhodiola_linearifolia.json,5909028981,https://www.inaturalist.org/observations/293810538,Rhodiola semenovii (Regel & Herder) Boriss.,Rhodiola semenovii (Regel & Herder) Boriss.,4199368,43.102904,77.07503,,WGS84,28-Jun-25 16:26:39,2025,6,28,HUMAN_OBSERVATION,PRESENT,iNaturalist research-grade observations,iNaturalist,Observations,http://creativecommons.org/licenses/by-nc/4.0/legalcode,Kazakhstan,Almaty,,inside,inside
Rhodiola linearifolia,Rhodiola_linearifolia.json,6179443500,https://www.inaturalist.org/observations/291725174,Rhodiola coccinea (Royle) Boriss.,Rhodiola coccinea (Royle) Boriss.,7334424,43.122496,77.027089,203,WGS84,21-Jun-25 14:42:02,2025,6,21,HUMAN_OBSERVATION,PRESENT,iNaturalist research-grade observations,iNaturalist,Observations,http://creativecommons.org/licenses/by-nc/4.0/legalcode,Kazakhstan,Almaty,,inside,inside
Rhodiola linearifolia,Rhodiola_linearifolia.json,5216229000,https://www.inaturalist.org/observations/295758621,Rhodiola kirilowii (Regel) Maxim.,Rhodiola kirilowii (Regel) Maxim.,7334350,43.110926,77.112955,,WGS84,2025-07-06T14:38,2025,7,6,HUMAN_OBSERVATION,PRESENT,iNaturalist research-grade observations,iNaturalist,Observations,http://creativecommons.org/licenses/by/4.0/legalcode,Kazakhstan,Almaty,,inside,inside
Rhodiola linearifolia,Rhodiola_linearifolia.json,5216841996,https://www.inaturalist.org/observations/295764250,Rhodiola coccinea (Royle) Boriss.,Rhodiola coccinea (Royle) Boriss.,7334424,43.106792,77.109013,,WGS84,2025-07-06T12:02,2025,7,6,HUMAN_OBSERVATION,PRESENT,iNaturalist research-grade observations,iNaturalist,Observations,http://creativecommons.org/licenses/by/4.0/legalcode,Kazakhstan,Almaty,,inside,inside
Rhodiola linearifolia,Rhodiola_linearifolia.json,5230598170,https://www.inaturalist.org/observations/299740389,Rhodiola coccinea (Royle) Boriss.,Rhodiola coccinea (Royle) Boriss.,7334424,43.038686,76.899135,,WGS84,20-Jul-25 07:01:13,2025,7,20,HUMAN_OBSERVATION,PRESENT,iNaturalist research-grade observations,iNaturalist,Observations,http://creativecommons.org/licenses/by-nc/4.0/legalcode,Kazakhstan,Almaty,,inside,inside
Rhodiola linearifolia,Rhodiola_linearifolia.json,5231125796,https://www.inaturalist.org/observations/297525391,Rhodiola kirilowii (Regel) Maxim.,Rhodiola kirilowii (Regel) Maxim.,7334350,42.338118,80.200286,187,WGS84,12-Jul-25 12:13:50,2025,7,12,HUMAN_OBSERVATION,PRESENT,iNaturalist research-grade observations,iNaturalist,Observations,http://creativecommons.org/licenses/by-nc/4.0/legalcode,Kazakhstan,Almaty,,inside,inside
Rhodiola linearifolia,Rhodiola_linearifolia.json,5231180900,https://www.inaturalist.org/observations/297655690,Rhodiola semenovii (Regel & Herder) Boriss.,Rhodiola semenovii (Regel & Herder) Boriss.,4199368,43.157814,77.099468,,WGS84,13-Jul-25 18:05:32,2025,7,13,HUMAN_OBSERVATION,PRESENT,iNaturalist research-grade observations,iNaturalist,Observations,http://creativecommons.org/licenses/by-nc/4.0/legalcode,Kazakhstan,Almaty,,inside,inside
Rhodiola linearifolia,Rhodiola_linearifolia.json,5238069681,https://www.inaturalist.org/observations/301828293,Rhodiola coccinea (Royle) Boriss.,Rhodiola coccinea (Royle) Boriss.,7334424,43.104925,77.109223,61,WGS84,2025-07-08T13:22,2025,7,8,HUMAN_OBSERVATION,PRESENT,iNaturalist research-grade observations,iNaturalist,Observations,http://creativecommons.org/licenses/by-nc/4.0/legalcode,Kazakhstan,Almaty,,inside,inside
Rhodiola linearifolia,Rhodiola_linearifolia.json,5282442868,https://www.inaturalist.org/observations/303116519,Rhodiola coccinea (Royle) Boriss.,Rhodiola coccinea (Royle) Boriss.,7334424,43.042858,76.945959,31,WGS84,2025-07-09T13:30,2025,7,9,HUMAN_OBSERVATION,PRESENT,iNaturalist research-grade observations,iNaturalist,Observations,http://creativecommons.org/licenses/by-nc/4.0/legalcode,Kazakhstan,Almaty,,inside,inside
Rhodiola linearifolia,Rhodiola_linearifolia.json,5759636619,https://www.inaturalist.org/observations/310395260,Rhodiola coccinea (Royle) Boriss.,Rhodiola coccinea (Royle) Boriss.,7334424,43.097161,77.053641,8,WGS84,2025-07-17T13:48,2025,7,17,HUMAN_OBSERVATION,PRESENT,iNaturalist research-grade observations,iNaturalist,Observations,http://creativecommons.org/licenses/by-nc/4.0/legalcode,Kazakhstan,Almaty,,inside,inside
Rhodiola linearifolia,Rhodiola_linearifolia.json,5760785928,https://www.inaturalist.org/observations/310201134,Rhodiola coccinea (Royle) Boriss.,Rhodiola coccinea (Royle) Boriss.,7334424,43.09757,77.05338,15,WGS84,2025-07-17T14:04,2025,7,17,HUMAN_OBSERVATION,PRESENT,iNaturalist research-grade observations,iNaturalist,Observations,http://creativecommons.org/licenses/by-nc/4.0/legalcode,Kazakhstan,Almaty,,inside,inside
Rhodiola linearifolia,Rhodiola_linearifolia.json,5828113697,https://www.inaturalist.org/observations/311501673,Rhodiola semenovii (Regel & Herder) Boriss.,Rhodiola semenovii (Regel & Herder) Boriss.,4199368,42.885344,78.827131,1859,WGS84,2025-07-05T13:33,2025,7,5,HUMAN_OBSERVATION,PRESENT,iNaturalist research-grade observations,iNaturalist,Observations,http://creativecommons.org/licenses/by/4.0/legalcode,Kazakhstan,Almaty,,inside,inside
Rhodiola linearifolia,Rhodiola_linearifolia.json,5828154524,https://www.inaturalist.org/observations/312644523,Rhodiola coccinea (Royle) Boriss.,Rhodiola coccinea (Royle) Boriss.,7334424,43.09865,77.06145,10,WGS84,2025-07-16T14:30,2025,7,16,HUMAN_OBSERVATION,PRESENT,iNaturalist research-grade observations,iNaturalist,Observations,http://creativecommons.org/licenses/by-nc/4.0/legalcode,Kazakhstan,Almaty,,inside,inside
Rhodiola linearifolia,Rhodiola_linearifolia.json,5828192778,https://www.inaturalist.org/observations/311665187,Rhodiola coccinea (Royle) Boriss.,Rhodiola coccinea (Royle) Boriss.,7334424,42.874909,78.63899,1895,WGS84,2025-07-06T06:46,2025,7,6,HUMAN_OBSERVATION,PRESENT,iNaturalist research-grade observations,iNaturalist,Observations,http://creativecommons.org/licenses/by/4.0/legalcode,Kazakhstan,Almaty,,inside,inside
Rhodiola linearifolia,Rhodiola_linearifolia.json,5935735042,https://www.inaturalist.org/observations/301984009,Rhodiola kirilowii (Regel) Maxim.,Rhodiola kirilowii (Regel) Maxim.,7334350,42.526237,79.922937,11,WGS84,26-Jul-25 17:00:47,2025,7,26,HUMAN_OBSERVATION,PRESENT,iNaturalist research-grade observations,iNaturalist,Observations,http://creativecommons.org/licenses/by-nc/4.0/legalcode,Kazakhstan,Almaty,,inside,inside
Rhodiola linearifolia,Rhodiola_linearifolia.json,5936322270,https://www.inaturalist.org/observations/295838550,Rhodiola gelida Schrenk ex Fisch. & C.A.Mey.,Rhodiola gelida Schrenk ex Fisch. & C.A.Mey.,7636572,43.085706,77.119817,503,WGS84,06-Jul-25 08:22:40,2025,7,6,HUMAN_OBSERVATION,PRESENT,iNaturalist research-grade observations,iNaturalist,Observations,http://creativecommons.org/licenses/by-nc/4.0/legalcode,Kazakhstan,Almaty,,inside,inside
Rhodiola linearifolia,Rhodiola_linearifolia.json,6133244527,https://www.inaturalist.org/observations/310172870,Rhodiola coccinea (Royle) Boriss.,Rhodiola coccinea (Royle) Boriss.,7334424,43.097893,77.053442,20,WGS84,2025-07-17T14:28,2025,7,17,HUMAN_OBSERVATION,PRESENT,iNaturalist research-grade observations,iNaturalist,Observations,http://creativecommons.org/licenses/by-nc/4.0/legalcode,Kazakhstan,Almaty,,inside,inside
Rhodiola linearifolia,Rhodiola_linearifolia.json,5282324905,https://www.inaturalist.org/observations/303429521,Rhodiola semenovii (Regel & Herder) Boriss.,Rhodiola semenovii (Regel & Herder) Boriss.,4199368,43.120262,76.987992,,WGS84,03-Aug-25 09:12:39,2025,8,3,HUMAN_OBSERVATION,PRESENT,iNaturalist research-grade observations,iNaturalist,Observations,http://creativecommons.org/licenses/by-nc/4.0/legalcode,Kazakhstan,Almaty,,inside,inside
Rhodiola linearifolia,Rhodiola_linearifolia.json,5282469801,https://www.inaturalist.org/observations/303436804,Rhodiola semenovii (Regel & Herder) Boriss.,Rhodiola semenovii (Regel & Herder) Boriss.,4199368,43.115618,77.014248,,WGS84,03-Aug-25 12:54:55,2025,8,3,HUMAN_OBSERVATION,PRESENT,iNaturalist research-grade observations,iNaturalist,Observations,http://creativecommons.org/licenses/by-nc/4.0/legalcode,Kazakhstan,Almaty,,inside,inside
Rhodiola linearifolia,Rhodiola_linearifolia.json,5292122158,https://www.inaturalist.org/observations/306804706,Rhodiola coccinea (Royle) Boriss.,Rhodiola coccinea (Royle) Boriss.,7334424,43.046122,76.954275,4,WGS84,15-Aug-25 15:54:50,2025,8,15,HUMAN_OBSERVATION,PRESENT,iNaturalist research-grade observations,iNaturalist,Observations,http://creativecommons.org/licenses/by-nc/4.0/legalcode,Kazakhstan,Almaty,,inside,inside
Rhodiola linearifolia,Rhodiola_linearifolia.json,5292485599,https://www.inaturalist.org/observations/304285917,Rhodiola semenovii (Regel & Herder) Boriss.,Rhodiola semenovii (Regel & Herder) Boriss.,4199368,43.134739,77.010947,3,WGS84,06-Aug-25 12:51:49,2025,8,6,HUMAN_OBSERVATION,PRESENT,iNaturalist research-grade observations,iNaturalist,Observations,http://creativecommons.org/licenses/by-nc/4.0/legalcode,Kazakhstan,Almaty,,inside,inside
Rhodiola linearifolia,Rhodiola_linearifolia.json,5293159262,https://www.inaturalist.org/observations/307188452,Rhodiola coccinea (Royle) Boriss.,Rhodiola coccinea (Royle) Boriss.,7334424,42.859279,78.600046,,WGS84,16-Aug-25 13:27:55,2025,8,16,HUMAN_OBSERVATION,PRESENT,iNaturalist research-grade observations,iNaturalist,Observations,http://creativecommons.org/licenses/by-nc/4.0/legalcode,Kazakhstan,Almaty,,inside,inside
Rhodiola linearifolia,Rhodiola_linearifolia.json,5293249496,https://www.inaturalist.org/observations/305023190,Rhodiola coccinea (Royle) Boriss.,Rhodiola coccinea (Royle) Boriss.,7334424,43.096109,77.08574,,WGS84,09-Aug-25 12:07:16,2025,8,9,HUMAN_OBSERVATION,PRESENT,iNaturalist research-grade observations,iNaturalist,Observations,http://creativecommons.org/licenses/by-nc/4.0/legalcode,Kazakhstan,Almaty,,inside,inside
Rhodiola linearifolia,Rhodiola_linearifolia.json,5759567439,https://www.inaturalist.org/observations/308245777,Rhodiola coccinea (Royle) Boriss.,Rhodiola coccinea (Royle) Boriss.,7334424,43.040103,76.945618,4,WGS84,2025-08-21T14:58,2025,8,21,HUMAN_OBSERVATION,PRESENT,iNaturalist research-grade observations,iNaturalist,Observations,http://creativecommons.org/licenses/by-nc/4.0/legalcode,Kazakhstan,Almaty,,inside,inside
Rhodiola linearifolia,Rhodiola_linearifolia.json,5761147073,https://www.inaturalist.org/observations/307792620,Rhodiola coccinea (Royle) Boriss.,Rhodiola coccinea (Royle) Boriss.,7334424,43.120833,77.029472,7,WGS84,19-Aug-25 16:39:30,2025,8,19,HUMAN_OBSERVATION,PRESENT,iNaturalist research-grade observations,iNaturalist,Observations,http://creativecommons.org/licenses/by-nc/4.0/legalcode,Kazakhstan,Almaty,,inside,inside
Rhodiola linearifolia,Rhodiola_linearifolia.json,5827810400,https://www.inaturalist.org/observations/312113021,Rhodiola coccinea (Royle) Boriss.,Rhodiola coccinea (Royle) Boriss.,7334424,43.116585,77.114757,64,WGS84,14-Aug-25 12:46:42,2025,8,14,HUMAN_OBSERVATION,PRESENT,iNaturalist research-grade observations,iNaturalist,Observations,http://creativecommons.org/licenses/by-nc/4.0/legalcode,Kazakhstan,Almaty,,inside,inside
Rhodiola linearifolia,Rhodiola_linearifolia.json,5840024687,https://www.inaturalist.org/observations/319193877,Rhodiola semenovii (Regel & Herder) Boriss.,Rhodiola semenovii (Regel & Herder) Boriss.,4199368,43.158623,77.096743,,WGS84,2025-08-28T13:41,2025,8,28,HUMAN_OBSERVATION,PRESENT,iNaturalist research-grade observations,iNaturalist,Observations,http://creativecommons.org/licenses/by-nc/4.0/legalcode,Kazakhstan,Almaty,,inside,inside
Rhodiola linearifolia,Rhodiola_linearifolia.json,5935917753,https://www.inaturalist.org/observations/331794928,Rhodiola kirilowii (Regel) Maxim.,Rhodiola kirilowii (Regel) Maxim.,7334350,42.645768,79.594272,488,WGS84,2025-08-04T09:34,2025,8,4,HUMAN_OBSERVATION,PRESENT,iNaturalist research-grade observations,iNaturalist,Observations,http://creativecommons.org/licenses/by/4.0/legalcode,Kazakhstan,Almaty,,inside,inside
Rhodiola linearifolia,Rhodiola_linearifolia.json,6130418649,https://www.inaturalist.org/observations/334859403,Rhodiola semenovii (Regel & Herder) Boriss.,Rhodiola semenovii (Regel & Herder) Boriss.,4199368,43.1583,77.0979,,WGS84,2025-08-28T14:04,2025,8,28,HUMAN_OBSERVATION,PRESENT,iNaturalist research-grade observations,iNaturalist,Observations,http://creativecommons.org/licenses/by-nc/4.0/legalcode,Kazakhstan,Almaty,,inside,inside
Rhodiola linearifolia,Rhodiola_linearifolia.json,6179026335,https://www.inaturalist.org/observations/308987464,Rhodiola coccinea (Royle) Boriss.,Rhodiola coccinea (Royle) Boriss.,7334424,43.050289,76.938408,4,WGS84,21-Aug-25 16:54:26,2025,8,21,HUMAN_OBSERVATION,PRESENT,iNaturalist research-grade observations,iNaturalist,Observations,http://creativecommons.org/licenses/by-nc/4.0/legalcode,Kazakhstan,Almaty,,inside,inside
Rhodiola linearifolia,Rhodiola_linearifolia.json,5827834365,https://www.inaturalist.org/observations/312710702,Rhodiola coccinea (Royle) Boriss.,Rhodiola coccinea (Royle) Boriss.,7334424,43.115344,77.112411,,WGS84,2025-09-06T13:57,2025,9,6,HUMAN_OBSERVATION,PRESENT,iNaturalist research-grade observations,iNaturalist,Observations,http://creativecommons.org/licenses/by/4.0/legalcode,Kazakhstan,Almaty,,inside,inside
Rhodiola linearifolia,Rhodiola_linearifolia.json,5831022220,https://www.inaturalist.org/observations/314736889,Rhodiola coccinea (Royle) Boriss.,Rhodiola coccinea (Royle) Boriss.,7334424,43.041377,76.947059,,WGS84,2025-09-13T11:54,2025,9,13,HUMAN_OBSERVATION,PRESENT,iNaturalist research-grade observations,iNaturalist,Observations,http://creativecommons.org/licenses/by-nc/4.0/legalcode,Kazakhstan,Almaty,,inside,inside
Rhodiola linearifolia,Rhodiola_linearifolia.json,4875338526,https://www.inaturalist.org/observations/219042110,Rhodiola kirilowii (Regel) Maxim.,Rhodiola kirilowii (Regel) Maxim.,7334350,42.93997,78.32492,4,WGS84,28-May-24 16:32:47,2024,5,28,HUMAN_OBSERVATION,PRESENT,iNaturalist research-grade observations,iNaturalist,Observations,http://creativecommons.org/licenses/by-nc/4.0/legalcode,Kazakhstan,Almaty,,inside,inside
Rhodiola linearifolia,Rhodiola_linearifolia.json,4875412001,https://www.inaturalist.org/observations/219777732,Rhodiola litvinovii Boriss.,Rhodiola litvinovii Boriss.,10831497,42.40661,80.13571,30,WGS84,2024-05-10T16:14,2024,5,10,HUMAN_OBSERVATION,PRESENT,iNaturalist research-grade observations,iNaturalist,Observations,http://creativecommons.org/licenses/by-nc/4.0/legalcode,Kazakhstan,Almaty,,inside,inside
Rhodiola linearifolia,Rhodiola_linearifolia.json,4875473200,https://www.inaturalist.org/observations/219778360,Rhodiola litvinovii Boriss.,Rhodiola litvinovii Boriss.,10831497,42.41533,80.12992,20,WGS84,2024-05-14T18:03,2024,5,14,HUMAN_OBSERVATION,PRESENT,iNaturalist research-grade observations,iNaturalist,Observations,http://creativecommons.org/licenses/by-nc/4.0/legalcode,Kazakhstan,Almaty,,inside,inside
Rhodiola linearifolia,Rhodiola_linearifolia.json,4900918123,https://www.inaturalist.org/observations/222429595,Rhodiola kirilowii (Regel) Maxim.,Rhodiola kirilowii (Regel) Maxim.,7334350,43.095847,76.884461,,WGS84,2024-05-24T17:44,2024,5,24,HUMAN_OBSERVATION,PRESENT,iNaturalist research-grade observations,iNaturalist,Observations,http://creativecommons.org/licenses/by-nc/4.0/legalcode,Kazakhstan,Almaty,,inside,inside
Rhodiola linearifolia,Rhodiola_linearifolia.json,4901335862,https://www.inaturalist.org/observations/218577650,Rhodiola kirilowii (Regel) Maxim.,Rhodiola kirilowii (Regel) Maxim.,7334350,43.054886,76.977501,,WGS84,2024-05-19T14:00,2024,5,19,HUMAN_OBSERVATION,PRESENT,iNaturalist research-grade observations,iNaturalist,Observations,http://creativecommons.org/licenses/by-nc/4.0/legalcode,Kazakhstan,Almaty,,inside,inside
Rhodiola linearifolia,Rhodiola_linearifolia.json,4980563725,https://www.inaturalist.org/observations/218129521,Rhodiola kirilowii (Regel) Maxim.,Rhodiola kirilowii (Regel) Maxim.,7334350,43.134689,76.9731,4,WGS84,25-May-24 15:22:24,2024,5,25,HUMAN_OBSERVATION,PRESENT,iNaturalist research-grade observations,iNaturalist,Observations,http://creativecommons.org/licenses/by-nc/4.0/legalcode,Kazakhstan,Almaty,,inside,inside
Rhodiola linearifolia,Rhodiola_linearifolia.json,4875214927,https://www.inaturalist.org/observations/220003044,Rhodiola kirilowii (Regel) Maxim.,Rhodiola kirilowii (Regel) Maxim.,7334350,43.178173,77.108978,,WGS84,2024-06-01T10:16,2024,6,1,HUMAN_OBSERVATION,PRESENT,iNaturalist research-grade observations,iNaturalist,Observations,http://creativecommons.org/licenses/by-nc/4.0/legalcode,Kazakhstan,Almaty,,inside,inside
Rhodiola linearifolia,Rhodiola_linearifolia.json,4875360708,https://www.inaturalist.org/observations/219767144,Rhodiola kirilowii (Regel) Maxim.,Rhodiola kirilowii (Regel) Maxim.,7334350,43.056758,76.980584,1062,WGS84,01-Jun-24 13:53:26,2024,6,1,HUMAN_OBSERVATION,PRESENT,iNaturalist research-grade observations,iNaturalist,Observations,http://creativecommons.org/licenses/by-nc/4.0/legalcode,Kazakhstan,Almaty,,inside,inside
Rhodiola linearifolia,Rhodiola_linearifolia.json,4875420635,https://www.inaturalist.org/observations/220014010,Rhodiola coccinea (Royle) Boriss.,Rhodiola coccinea (Royle) Boriss.,7334424,43.168233,77.13485,231,WGS84,2024-06-01T15:40,2024,6,1,HUMAN_OBSERVATION,PRESENT,iNaturalist research-grade observations,iNaturalist,Observations,http://creativecommons.org/licenses/by-nc/4.0/legalcode,Kazakhstan,Almaty,,inside,inside
Rhodiola linearifolia,Rhodiola_linearifolia.json,4875519697,https://www.inaturalist.org/observations/219800667,Rhodiola coccinea (Royle) Boriss.,Rhodiola coccinea (Royle) Boriss.,7334424,43.115956,77.11225,4,WGS84,01-Jun-24 17:00:41,2024,6,1,HUMAN_OBSERVATION,PRESENT,iNaturalist research-grade observations,iNaturalist,Observations,http://creativecommons.org/licenses/by-nc/4.0/legalcode,Kazakhstan,Almaty,,inside,inside
Rhodiola linearifolia,Rhodiola_linearifolia.json,4891648523,https://www.inaturalist.org/observations/220921547,Rhodiola kirilowii (Regel) Maxim.,Rhodiola kirilowii (Regel) Maxim.,7334350,43.106389,77.073889,,WGS84,05-Jun-24 10:50:30,2024,6,5,HUMAN_OBSERVATION,PRESENT,iNaturalist research-grade observations,iNaturalist,Observations,http://creativecommons.org/licenses/by-nc/4.0/legalcode,Kazakhstan,Almaty,,inside,inside
Rhodiola linearifolia,Rhodiola_linearifolia.json,4891934549,https://www.inaturalist.org/observations/221498103,Rhodiola coccinea (Royle) Boriss.,Rhodiola coccinea (Royle) Boriss.,7334424,43.096973,77.03025,,WGS84,2024-06-08T12:28,2024,6,8,HUMAN_OBSERVATION,PRESENT,iNaturalist research-grade observations,iNaturalist,Observations,http://creativecommons.org/licenses/by-nc/4.0/legalcode,Kazakhstan,Almaty,,inside,inside
Rhodiola linearifolia,Rhodiola_linearifolia.json,4891969971,https://www.inaturalist.org/observations/220013985,Rhodiola kirilowii (Regel) Maxim.,Rhodiola kirilowii (Regel) Maxim.,7334350,43.178006,77.121558,422,WGS84,2024-06-01T12:03,2024,6,1,HUMAN_OBSERVATION,PRESENT,iNaturalist research-grade observations,iNaturalist,Observations,http://creativecommons.org/licenses/by-nc/4.0/legalcode,Kazakhstan,Almaty,,inside,inside
Rhodiola linearifolia,Rhodiola_linearifolia.json,4892025699,https://www.inaturalist.org/observations/220836625,Rhodiola kirilowii (Regel) Maxim.,Rhodiola kirilowii (Regel) Maxim.,7334350,43.075513,76.83594,488,WGS84,2024-06-02T13:21,2024,6,2,HUMAN_OBSERVATION,PRESENT,iNaturalist research-grade observations,iNaturalist,Observations,http://creativecommons.org/licenses/by/4.0/legalcode,Kazakhstan,Almaty,,inside,inside
Rhodiola linearifolia,Rhodiola_linearifolia.json,4892054336,https://www.inaturalist.org/observations/220836628,Rhodiola kirilowii (Regel) Maxim.,Rhodiola kirilowii (Regel) Maxim.,7334350,43.069745,76.837313,488,WGS84,2024-06-02T13:34,2024,6,2,HUMAN_OBSERVATION,PRESENT,iNaturalist research-grade observations,iNaturalist,Observations,http://creativecommons.org/licenses/by/4.0/legalcode,Kazakhstan,Almaty,,inside,inside
Rhodiola linearifolia,Rhodiola_linearifolia.json,4900925535,https://www.inaturalist.org/observations/223311067,Rhodiola semenovii (Regel & Herder) Boriss.,Rhodiola semenovii (Regel & Herder) Boriss.,4199368,42.957461,76.589458,488,WGS84,2024-06-16T13:50,2024,6,16,HUMAN_OBSERVATION,PRESENT,iNaturalist research-grade observations,iNaturalist,Observations,http://creativecommons.org/licenses/by/4.0/legalcode,Kazakhstan,Almaty,,inside,inside
Rhodiola linearifolia,Rhodiola_linearifolia.json,4901026298,https://www.inaturalist.org/observations/223700972,Rhodiola coccinea (Royle) Boriss.,Rhodiola coccinea (Royle) Boriss.,7334424,43.120545,77.110334,31,WGS84,2024-06-18T13:10,2024,6,18,HUMAN_OBSERVATION,PRESENT,iNaturalist research-grade observations,iNaturalist,Observations,http://creativecommons.org/licenses/by/4.0/legalcode,Kazakhstan,Almaty,,inside,inside
Rhodiola linearifolia,Rhodiola_linearifolia.json,4901069426,https://www.inaturalist.org/observations/223700933,Rhodiola coccinea (Royle) Boriss.,Rhodiola coccinea (Royle) Boriss.,7334424,43.118925,77.111352,31,WGS84,2024-06-18T12:33,2024,6,18,HUMAN_OBSERVATION,PRESENT,iNaturalist research-grade observations,iNaturalist,Observations,http://creativecommons.org/licenses/by/4.0/legalcode,Kazakhstan,Almaty,,inside,inside
Rhodiola linearifolia,Rhodiola_linearifolia.json,4901129773,https://www.inaturalist.org/observations/223533955,Rhodiola kirilowii (Regel) Maxim.,Rhodiola kirilowii (Regel) Maxim.,7334350,43.120452,77.137983,38,WGS84,16-Jun-24 13:55:16,2024,6,16,HUMAN_OBSERVATION,PRESENT,iNaturalist research-grade observations,iNaturalist,Observations,http://creativecommons.org/licenses/by-nc/4.0/legalcode,Kazakhstan,Almaty,,inside,inside
Rhodiola linearifolia,Rhodiola_linearifolia.json,4901219424,https://www.inaturalist.org/observations/223700961,Rhodiola coccinea (Royle) Boriss.,Rhodiola coccinea (Royle) Boriss.,7334424,43.119735,77.11027,31,WGS84,2024-06-18T13:01,2024,6,18,HUMAN_OBSERVATION,PRESENT,iNaturalist research-grade observations,iNaturalist,Observations,http://creativecommons.org/licenses/by/4.0/legalcode,Kazakhstan,Almaty,,inside,inside
Rhodiola linearifolia,Rhodiola_linearifolia.json,4901535337,https://www.inaturalist.org/observations/220836622,Rhodiola kirilowii (Regel) Maxim.,Rhodiola kirilowii (Regel) Maxim.,7334350,43.074259,76.834223,488,WGS84,2024-06-02T13:19,2024,6,2,HUMAN_OBSERVATION,PRESENT,iNaturalist research-grade observations,iNaturalist,Observations,http://creativecommons.org/licenses/by/4.0/legalcode,Kazakhstan,Almaty,,inside,inside
Rhodiola linearifolia,Rhodiola_linearifolia.json,4901616443,https://www.inaturalist.org/observations/223265758,Rhodiola coccinea (Royle) Boriss.,Rhodiola coccinea (Royle) Boriss.,7334424,43.0807,77.057723,,WGS84,2024-06-16T13:13,2024,6,16,HUMAN_OBSERVATION,PRESENT,iNaturalist research-grade observations,iNaturalist,Observations,http://creativecommons.org/licenses/by-nc/4.0/legalcode,Kazakhstan,Almaty,,inside,inside
Rhodiola linearifolia,Rhodiola_linearifolia.json,4901624616,https://www.inaturalist.org/observations/223533642,Rhodiola coccinea (Royle) Boriss.,Rhodiola coccinea (Royle) Boriss.,7334424,43.120139,77.13746,38,WGS84,16-Jun-24 12:19:50,2024,6,16,HUMAN_OBSERVATION,PRESENT,iNaturalist research-grade observations,iNaturalist,Observations,http://creativecommons.org/licenses/by-nc/4.0/legalcode,Kazakhstan,Almaty,,inside,inside
Rhodiola linearifolia,Rhodiola_linearifolia.json,4901661517,https://www.inaturalist.org/observations/223700914,Rhodiola coccinea (Royle) Boriss.,Rhodiola coccinea (Royle) Boriss.,7334424,43.116149,77.112747,61,WGS84,2024-06-18T12:21,2024,6,18,HUMAN_OBSERVATION,PRESENT,iNaturalist research-grade observations,iNaturalist,Observations,http://creativecommons.org/licenses/by/4.0/legalcode,Kazakhstan,Almaty,,inside,inside
Rhodiola linearifolia,Rhodiola_linearifolia.json,4902049664,https://www.inaturalist.org/observations/220910428,Rhodiola coccinea (Royle) Boriss.,Rhodiola coccinea (Royle) Boriss.,7334424,43.114438,77.114108,2058,WGS84,2024-06-06,2024,6,6,HUMAN_OBSERVATION,PRESENT,iNaturalist research-grade observations,iNaturalist,Observations,http://creativecommons.org/licenses/by-nc/4.0/legalcode,Kazakhstan,Almaty,,inside,inside
Rhodiola linearifolia,Rhodiola_linearifolia.json,4902139706,https://www.inaturalist.org/observations/223700930,Rhodiola coccinea (Royle) Boriss.,Rhodiola coccinea (Royle) Boriss.,7334424,43.11863,77.111395,31,WGS84,2024-06-18T12:32,2024,6,18,HUMAN_OBSERVATION,PRESENT,iNaturalist research-grade observations,iNaturalist,Observations,http://creativecommons.org/licenses/by/4.0/legalcode,Kazakhstan,Almaty,,inside,inside
Rhodiola linearifolia,Rhodiola_linearifolia.json,4904002800,https://www.inaturalist.org/observations/224821972,Rhodiola kirilowii (Regel) Maxim.,Rhodiola kirilowii (Regel) Maxim.,7334350,43.059698,76.995637,1143,WGS84,2024-06-23T12:09,2024,6,23,HUMAN_OBSERVATION,PRESENT,iNaturalist research-grade observations,iNaturalist,Observations,http://creativecommons.org/licenses/by-nc/4.0/legalcode,Kazakhstan,Almaty,,inside,inside
Rhodiola linearifolia,Rhodiola_linearifolia.json,4904034450,https://www.inaturalist.org/observations/225566260,Rhodiola coccinea (Royle) Boriss.,Rhodiola coccinea (Royle) Boriss.,7334424,43.0525,76.935,,WGS84,26-Jun-24 10:42:18,2024,6,26,HUMAN_OBSERVATION,PRESENT,iNaturalist research-grade observations,iNaturalist,Observations,http://creativecommons.org/licenses/by-nc/4.0/legalcode,Kazakhstan,Almaty,,inside,inside
Rhodiola linearifolia,Rhodiola_linearifolia.json,4904056418,https://www.inaturalist.org/observations/225548137,Rhodiola coccinea (Royle) Boriss.,Rhodiola coccinea (Royle) Boriss.,7334424,43.052222,76.935278,,WGS84,26-Jun-24 13:40:30,2024,6,26,HUMAN_OBSERVATION,PRESENT,iNaturalist research-grade observations,iNaturalist,Observations,http://creativecommons.org/licenses/by-nc/4.0/legalcode,Kazakhstan,Almaty,,inside,inside
Rhodiola linearifolia,Rhodiola_linearifolia.json,4904269810,https://www.inaturalist.org/observations/225332783,Rhodiola kirilowii (Regel) Maxim.,Rhodiola kirilowii (Regel) Maxim.,7334350,43.044444,76.938889,,WGS84,26-Jun-24 14:32:57,2024,6,26,HUMAN_OBSERVATION,PRESENT,iNaturalist research-grade observations,iNaturalist,Observations,http://creativecommons.org/licenses/by-nc/4.0/legalcode,Kazakhstan,Almaty,,inside,inside
Rhodiola linearifolia,Rhodiola_linearifolia.json,4908045287,https://www.inaturalist.org/observations/227036142,Rhodiola kirilowii (Regel) Maxim.,Rhodiola kirilowii (Regel) Maxim.,7334350,43.058591,76.832967,962,WGS84,2024-06-30T10:53,2024,6,30,HUMAN_OBSERVATION,PRESENT,iNaturalist research-grade observations,iNaturalist,Observations,http://creativecommons.org/licenses/by/4.0/legalcode,Kazakhstan,Almaty,,inside,inside
Rhodiola linearifolia,Rhodiola_linearifolia.json,4908218886,https://www.inaturalist.org/observations/227069028,Rhodiola kirilowii (Regel) Maxim.,Rhodiola kirilowii (Regel) Maxim.,7334350,43.102028,77.076035,6,WGS84,2024-06-21T10:29,2024,6,21,HUMAN_OBSERVATION,PRESENT,iNaturalist research-grade observations,iNaturalist,Observations,http://creativecommons.org/licenses/by-nc/4.0/legalcode,Kazakhstan,Almaty,,inside,inside
Rhodiola linearifolia,Rhodiola_linearifolia.json,4908688185,https://www.inaturalist.org/observations/227103664,Rhodiola kirilowii (Regel) Maxim.,Rhodiola kirilowii (Regel) Maxim.,7334350,43.10188,77.076857,6,WGS84,2024-06-21T10:40,2024,6,21,HUMAN_OBSERVATION,PRESENT,iNaturalist research-grade observations,iNaturalist,Observations,http://creativecommons.org/licenses/by-nc/4.0/legalcode,Kazakhstan,Almaty,,inside,inside
Rhodiola linearifolia,Rhodiola_linearifolia.json,4908699005,https://www.inaturalist.org/observations/227237695,Rhodiola kirilowii (Regel) Maxim.,Rhodiola kirilowii (Regel) Maxim.,7334350,43.066228,76.834334,244,WGS84,2024-06-30T11:00,2024,6,30,HUMAN_OBSERVATION,PRESENT,iNaturalist research-grade observations,iNaturalist,Observations,http://creativecommons.org/licenses/by/4.0/legalcode,Kazakhstan,Almaty,,inside,inside
Rhodiola linearifolia,Rhodiola_linearifolia.json,4908759583,https://www.inaturalist.org/observations/227467998,Rhodiola kirilowii (Regel) Maxim.,Rhodiola kirilowii (Regel) Maxim.,7334350,42.97259,76.259224,977,WGS84,2024-06-30T12:35,2024,6,30,HUMAN_OBSERVATION,PRESENT,iNaturalist research-grade observations,iNaturalist,Observations,http://creativecommons.org/licenses/by/4.0/legalcode,Kazakhstan,Almaty,,inside,inside
Rhodiola linearifolia,Rhodiola_linearifolia.json,4908784418,https://www.inaturalist.org/observations/227467997,Rhodiola kirilowii (Regel) Maxim.,Rhodiola kirilowii (Regel) Maxim.,7334350,42.957014,76.25373,977,WGS84,2024-06-30T12:35,2024,6,30,HUMAN_OBSERVATION,PRESENT,iNaturalist research-grade observations,iNaturalist,Observations,http://creativecommons.org/licenses/by/4.0/legalcode,Kazakhstan,Almaty,,inside,inside
Rhodiola linearifolia,Rhodiola_linearifolia.json,4908986206,https://www.inaturalist.org/observations/227268736,Rhodiola coccinea (Royle) Boriss.,Rhodiola coccinea (Royle) Boriss.,7334424,43.078008,77.082274,10,WGS84,2024-06-21T12:16,2024,6,21,HUMAN_OBSERVATION,PRESENT,iNaturalist research-grade observations,iNaturalist,Observations,http://creativecommons.org/licenses/by-nc/4.0/legalcode,Kazakhstan,Almaty,,inside,inside
Rhodiola linearifolia,Rhodiola_linearifolia.json,4909156076,https://www.inaturalist.org/observations/227267502,Rhodiola coccinea (Royle) Boriss.,Rhodiola coccinea (Royle) Boriss.,7334424,43.07344,77.0863,20,WGS84,2024-06-21T13:15,2024,6,21,HUMAN_OBSERVATION,PRESENT,iNaturalist research-grade observations,iNaturalist,Observations,http://creativecommons.org/licenses/by-nc/4.0/legalcode,Kazakhstan,Almaty,,inside,inside
Rhodiola linearifolia,Rhodiola_linearifolia.json,4909315433,https://www.inaturalist.org/observations/227268246,Rhodiola kirilowii (Regel) Maxim.,Rhodiola kirilowii (Regel) Maxim.,7334350,43.079275,77.082475,10,WGS84,2024-06-21T11:59,2024,6,21,HUMAN_OBSERVATION,PRESENT,iNaturalist research-grade observations,iNaturalist,Observations,http://creativecommons.org/licenses/by-nc/4.0/legalcode,Kazakhstan,Almaty,,inside,inside
Rhodiola linearifolia,Rhodiola_linearifolia.json,4923879568,https://www.inaturalist.org/observations/234839847,Rhodiola kirilowii (Regel) Maxim.,Rhodiola kirilowii (Regel) Maxim.,7334350,43.121471,77.052582,15,WGS84,2024-06-20T14:26,2024,6,20,HUMAN_OBSERVATION,PRESENT,iNaturalist research-grade observations,iNaturalist,Observations,http://creativecommons.org/licenses/by-nc/4.0/legalcode,Kazakhstan,Almaty,,inside,inside
Rhodiola linearifolia,Rhodiola_linearifolia.json,4950265767,https://www.inaturalist.org/observations/243793030,Rhodiola coccinea (Royle) Boriss.,Rhodiola coccinea (Royle) Boriss.,7334424,43.073456,77.086322,15,WGS84,2024-06-21T13:15,2024,6,21,HUMAN_OBSERVATION,PRESENT,iNaturalist research-grade observations,iNaturalist,Observations,http://creativecommons.org/licenses/by-nc/4.0/legalcode,Kazakhstan,Almaty,,inside,inside
Rhodiola linearifolia,Rhodiola_linearifolia.json,4908095491,https://www.inaturalist.org/observations/227815560,Rhodiola kirilowii (Regel) Maxim.,Rhodiola kirilowii (Regel) Maxim.,7334350,43.132515,77.013073,8302,WGS84,07-Jul-24 13:33:27,2024,7,7,HUMAN_OBSERVATION,PRESENT,iNaturalist research-grade observations,iNaturalist,Observations,http://creativecommons.org/licenses/by-nc/4.0/legalcode,Kazakhstan,Almaty,,inside,inside
Rhodiola linearifolia,Rhodiola_linearifolia.json,4908844099,https://www.inaturalist.org/observations/228420016,Rhodiola kirilowii (Regel) Maxim.,Rhodiola kirilowii (Regel) Maxim.,7334350,43.063113,76.917949,488,WGS84,2024-07-08T13:42,2024,7,8,HUMAN_OBSERVATION,PRESENT,iNaturalist research-grade observations,iNaturalist,Observations,http://creativecommons.org/licenses/by/4.0/legalcode,Kazakhstan,Almaty,,inside,inside
Rhodiola linearifolia,Rhodiola_linearifolia.json,4909273506,https://www.inaturalist.org/observations/228419918,Rhodiola coccinea (Royle) Boriss.,Rhodiola coccinea (Royle) Boriss.,7334424,43.025445,76.920631,31,WGS84,2024-07-08T11:26,2024,7,8,HUMAN_OBSERVATION,PRESENT,iNaturalist research-grade observations,iNaturalist,Observations,http://creativecommons.org/licenses/by/4.0/legalcode,Kazakhstan,Almaty,,inside,inside
Rhodiola linearifolia,Rhodiola_linearifolia.json,4910839412,https://www.inaturalist.org/observations/230763627,Rhodiola coccinea (Royle) Boriss.,Rhodiola coccinea (Royle) Boriss.,7334424,43.230706,77.417296,158,WGS84,2024-07-21T11:47,2024,7,21,HUMAN_OBSERVATION,PRESENT,iNaturalist research-grade observations,iNaturalist,Observations,http://creativecommons.org/licenses/by-nc/4.0/legalcode,Kazakhstan,Almaty,,inside,inside
Rhodiola linearifolia,Rhodiola_linearifolia.json,4910909090,https://www.inaturalist.org/observations/230763618,Rhodiola coccinea (Royle) Boriss.,Rhodiola coccinea (Royle) Boriss.,7334424,43.240803,77.41108,,WGS84,2024-07-21T12:45,2024,7,21,HUMAN_OBSERVATION,PRESENT,iNaturalist research-grade observations,iNaturalist,Observations,http://creativecommons.org/licenses/by-nc/4.0/legalcode,Kazakhstan,Almaty,,inside,inside
Rhodiola linearifolia,Rhodiola_linearifolia.json,4919529682,https://www.inaturalist.org/observations/232326175,Rhodiola semenovii (Regel & Herder) Boriss.,Rhodiola semenovii (Regel & Herder) Boriss.,4199368,43.117461,77.048692,4,WGS84,28-Jul-24 16:51:44,2024,7,28,HUMAN_OBSERVATION,PRESENT,iNaturalist research-grade observations,iNaturalist,Observations,http://creativecommons.org/licenses/by-nc/4.0/legalcode,Kazakhstan,Almaty,,inside,inside
Rhodiola linearifolia,Rhodiola_linearifolia.json,4921561862,https://www.inaturalist.org/observations/233674664,Rhodiola kirilowii (Regel) Maxim.,Rhodiola kirilowii (Regel) Maxim.,7334350,42.410895,80.142246,244,WGS84,2024-07-26T14:01,2024,7,26,HUMAN_OBSERVATION,PRESENT,iNaturalist research-grade observations,iNaturalist,Observations,http://creativecommons.org/licenses/by/4.0/legalcode,Kazakhstan,Almaty,,inside,inside
Rhodiola linearifolia,Rhodiola_linearifolia.json,4980298948,https://www.inaturalist.org/observations/250664199,Rhodiola coccinea (Royle) Boriss.,Rhodiola coccinea (Royle) Boriss.,7334424,43.111498,77.114677,,WGS84,2024-07-07T14:00,2024,7,7,HUMAN_OBSERVATION,PRESENT,iNaturalist research-grade observations,iNaturalist,Observations,http://creativecommons.org/licenses/by-nc/4.0/legalcode,Kazakhstan,Almaty,,inside,inside
Rhodiola linearifolia,Rhodiola_linearifolia.json,5007192716,https://www.inaturalist.org/observations/233307329,Rhodiola kirilowii (Regel) Maxim.,Rhodiola kirilowii (Regel) Maxim.,7334350,42.58225,80.019694,244,WGS84,2024-07-26T13:15,2024,7,26,HUMAN_OBSERVATION,PRESENT,iNaturalist research-grade observations,iNaturalist,Observations,http://creativecommons.org/licenses/by/4.0/legalcode,Kazakhstan,Almaty,,inside,inside
Rhodiola linearifolia,Rhodiola_linearifolia.json,5062736202,https://www.inaturalist.org/observations/232118754,Rhodiola coccinea (Royle) Boriss.,Rhodiola coccinea (Royle) Boriss.,7334424,43.11755,77.115136,12,WGS84,2024-07-08T15:19,2024,7,8,HUMAN_OBSERVATION,PRESENT,iNaturalist research-grade observations,iNaturalist,Observations,http://creativecommons.org/licenses/by-nc/4.0/legalcode,Kazakhstan,Almaty,,inside,inside
Rhodiola linearifolia,Rhodiola_linearifolia.json,5062752772,https://www.inaturalist.org/observations/228420014,Rhodiola kirilowii (Regel) Maxim.,Rhodiola kirilowii (Regel) Maxim.,7334350,43.05935,76.921382,488,WGS84,2024-07-08T13:42,2024,7,8,HUMAN_OBSERVATION,PRESENT,iNaturalist research-grade observations,iNaturalist,Observations,http://creativecommons.org/licenses/by/4.0/legalcode,Kazakhstan,Almaty,,inside,inside
Rhodiola linearifolia,Rhodiola_linearifolia.json,4921665622,https://www.inaturalist.org/observations/233881163,Rhodiola semenovii (Regel & Herder) Boriss.,Rhodiola semenovii (Regel & Herder) Boriss.,4199368,43.093995,77.077331,910,WGS84,2024-08-04T15:29,2024,8,4,HUMAN_OBSERVATION,PRESENT,iNaturalist research-grade observations,iNaturalist,Observations,http://creativecommons.org/licenses/by-nc/4.0/legalcode,Kazakhstan,Almaty,,inside,inside
Rhodiola linearifolia,Rhodiola_linearifolia.json,4921682327,https://www.inaturalist.org/observations/233648651,Rhodiola coccinea (Royle) Boriss.,Rhodiola coccinea (Royle) Boriss.,7334424,43.113025,77.109797,,WGS84,2024-08-03T12:04,2024,8,3,HUMAN_OBSERVATION,PRESENT,iNaturalist research-grade observations,iNaturalist,Observations,http://creativecommons.org/licenses/by/4.0/legalcode,Kazakhstan,Almaty,,inside,inside
Rhodiola linearifolia,Rhodiola_linearifolia.json,4921919521,https://www.inaturalist.org/observations/233652180,Rhodiola coccinea (Royle) Boriss.,Rhodiola coccinea (Royle) Boriss.,7334424,43.112748,77.109426,,WGS84,2024-08-03T13:07,2024,8,3,HUMAN_OBSERVATION,PRESENT,iNaturalist research-grade observations,iNaturalist,Observations,http://creativecommons.org/licenses/by/4.0/legalcode,Kazakhstan,Almaty,,inside,inside
Rhodiola linearifolia,Rhodiola_linearifolia.json,4921959765,https://www.inaturalist.org/observations/233649707,Rhodiola coccinea (Royle) Boriss.,Rhodiola coccinea (Royle) Boriss.,7334424,43.112919,77.109505,,WGS84,2024-08-03T12:30,2024,8,3,HUMAN_OBSERVATION,PRESENT,iNaturalist research-grade observations,iNaturalist,Observations,http://creativecommons.org/licenses/by/4.0/legalcode,Kazakhstan,Almaty,,inside,inside
Rhodiola linearifolia,Rhodiola_linearifolia.json,4923669286,https://www.inaturalist.org/observations/234735460,Rhodiola coccinea (Royle) Boriss.,Rhodiola coccinea (Royle) Boriss.,7334424,43.081426,77.098461,122,WGS84,2024-08-04T11:52,2024,8,4,HUMAN_OBSERVATION,PRESENT,iNaturalist research-grade observations,iNaturalist,Observations,http://creativecommons.org/licenses/by-nc/4.0/legalcode,Kazakhstan,Almaty,,inside,inside
Rhodiola linearifolia,Rhodiola_linearifolia.json,4924080016,https://www.inaturalist.org/observations/235271246,Rhodiola coccinea (Royle) Boriss.,Rhodiola coccinea (Royle) Boriss.,7334424,43.063609,77.073681,366,WGS84,2024-08-11T15:12,2024,8,11,HUMAN_OBSERVATION,PRESENT,iNaturalist research-grade observations,iNaturalist,Observations,http://creativecommons.org/licenses/by-nc/4.0/legalcode,Kazakhstan,Almaty,,inside,inside
Rhodiola linearifolia,Rhodiola_linearifolia.json,4950165673,https://www.inaturalist.org/observations/243793863,Rhodiola coccinea (Royle) Boriss.,Rhodiola coccinea (Royle) Boriss.,7334424,43.11738,77.11156,15,WGS84,2024-08-27T14:10,2024,8,27,HUMAN_OBSERVATION,PRESENT,iNaturalist research-grade observations,iNaturalist,Observations,http://creativecommons.org/licenses/by-nc/4.0/legalcode,Kazakhstan,Almaty,,inside,inside
Rhodiola linearifolia,Rhodiola_linearifolia.json,4952828528,https://www.inaturalist.org/observations/244464422,Rhodiola coccinea (Royle) Boriss.,Rhodiola coccinea (Royle) Boriss.,7334424,43.1182,77.112491,193,WGS84,2024-08-29T15:37,2024,8,29,HUMAN_OBSERVATION,PRESENT,iNaturalist research-grade observations,iNaturalist,Observations,http://creativecommons.org/licenses/by-nc/4.0/legalcode,Kazakhstan,Almaty,,inside,inside
Rhodiola linearifolia,Rhodiola_linearifolia.json,5062853592,https://www.inaturalist.org/observations/239208749,Rhodiola coccinea (Royle) Boriss.,Rhodiola coccinea (Royle) Boriss.,7334424,43.127373,77.118614,,WGS84,30-Aug-24 15:34:33,2024,8,30,HUMAN_OBSERVATION,PRESENT,iNaturalist research-grade observations,iNaturalist,Observations,http://creativecommons.org/licenses/by-nc/4.0/legalcode,Kazakhstan,Almaty,,inside,inside
Rhodiola linearifolia,Rhodiola_linearifolia.json,5087295696,https://www.inaturalist.org/observations/263284151,Rhodiola coccinea (Royle) Boriss.,Rhodiola coccinea (Royle) Boriss.,7334424,43.039919,76.945222,15,WGS84,2024-08-02T12:28,2024,8,2,HUMAN_OBSERVATION,PRESENT,iNaturalist research-grade observations,iNaturalist,Observations,http://creativecommons.org/licenses/by-nc/4.0/legalcode,Kazakhstan,Almaty,,inside,inside
Rhodiola linearifolia,Rhodiola_linearifolia.json,4946157698,https://www.inaturalist.org/observations/239954422,Rhodiola coccinea (Royle) Boriss.,Rhodiola coccinea (Royle) Boriss.,7334424,43.116031,77.112197,,WGS84,05-Sep-24 15:08:35,2024,9,5,HUMAN_OBSERVATION,PRESENT,iNaturalist research-grade observations,iNaturalist,Observations,http://creativecommons.org/licenses/by/4.0/legalcode,Kazakhstan,Almaty,,inside,inside
Rhodiola linearifolia,Rhodiola_linearifolia.json,4465652854,https://www.inaturalist.org/observations/159634196,Rhodiola kirilowii (Regel) Maxim.,Rhodiola kirilowii (Regel) Maxim.,7334350,43.11733,77.077954,1083,WGS84,30-Apr-23 13:37:51,2023,4,30,HUMAN_OBSERVATION,PRESENT,iNaturalist research-grade observations,iNaturalist,Observations,http://creativecommons.org/licenses/by-nc/4.0/legalcode,Kazakhstan,Almaty,,inside,inside
Rhodiola linearifolia,Rhodiola_linearifolia.json,4465756789,https://www.inaturalist.org/observations/156307506,Rhodiola kirilowii (Regel) Maxim.,Rhodiola kirilowii (Regel) Maxim.,7334350,43.153933,77.017067,6,WGS84,23-Apr-23 12:44:59,2023,4,23,HUMAN_OBSERVATION,PRESENT,iNaturalist research-grade observations,iNaturalist,Observations,http://creativecommons.org/licenses/by-nc/4.0/legalcode,Kazakhstan,Almaty,,inside,inside
Rhodiola linearifolia,Rhodiola_linearifolia.json,4127079465,https://www.inaturalist.org/observations/163617402,Rhodiola kirilowii (Regel) Maxim.,Rhodiola kirilowii (Regel) Maxim.,7334350,43.056248,76.976849,6,WGS84,25-May-23 14:51:56,2023,5,25,HUMAN_OBSERVATION,PRESENT,iNaturalist research-grade observations,iNaturalist,Observations,http://creativecommons.org/licenses/by/4.0/legalcode,Kazakhstan,Almaty,,inside,inside
Rhodiola linearifolia,Rhodiola_linearifolia.json,4430667126,https://www.inaturalist.org/observations/187911067,Rhodiola coccinea (Royle) Boriss.,Rhodiola coccinea (Royle) Boriss.,7334424,43.157631,77.048765,296,WGS84,2023-05-26T21:48,2023,5,26,HUMAN_OBSERVATION,PRESENT,iNaturalist research-grade observations,iNaturalist,Observations,http://creativecommons.org/licenses/by-nc/4.0/legalcode,Kazakhstan,Almaty,,inside,inside
Rhodiola linearifolia,Rhodiola_linearifolia.json,4458692857,https://www.inaturalist.org/observations/192900931,Rhodiola semenovii (Regel & Herder) Boriss.,Rhodiola semenovii (Regel & Herder) Boriss.,4199368,43.172607,77.109065,8,WGS84,2023-05-25T13:01,2023,5,25,HUMAN_OBSERVATION,PRESENT,iNaturalist research-grade observations,iNaturalist,Observations,http://creativecommons.org/licenses/by-nc/4.0/legalcode,Kazakhstan,Almaty,,inside,inside
Rhodiola linearifolia,Rhodiola_linearifolia.json,4458694845,https://www.inaturalist.org/observations/192900917,Rhodiola kirilowii (Regel) Maxim.,Rhodiola kirilowii (Regel) Maxim.,7334350,43.173137,77.105676,4,WGS84,2023-05-25T12:12,2023,5,25,HUMAN_OBSERVATION,PRESENT,iNaturalist research-grade observations,iNaturalist,Observations,http://creativecommons.org/licenses/by-nc/4.0/legalcode,Kazakhstan,Almaty,,inside,inside
Rhodiola linearifolia,Rhodiola_linearifolia.json,4500470173,https://www.inaturalist.org/observations/166279715,Rhodiola kirilowii (Regel) Maxim.,Rhodiola kirilowii (Regel) Maxim.,7334350,43.052675,76.989387,,WGS84,2023-05-14T08:04,2023,5,14,HUMAN_OBSERVATION,PRESENT,iNaturalist research-grade observations,iNaturalist,Observations,http://creativecommons.org/licenses/by-nc/4.0/legalcode,Kazakhstan,Almaty,,inside,inside
Rhodiola linearifolia,Rhodiola_linearifolia.json,4138177332,https://www.inaturalist.org/observations/168622527,Rhodiola kirilowii (Regel) Maxim.,Rhodiola kirilowii (Regel) Maxim.,7334350,43.051347,76.972527,6085,WGS84,10-Jun-23 13:39:09,2023,6,10,HUMAN_OBSERVATION,PRESENT,iNaturalist research-grade observations,iNaturalist,Observations,http://creativecommons.org/licenses/by-nc/4.0/legalcode,Kazakhstan,Almaty,,inside,inside
Rhodiola linearifolia,Rhodiola_linearifolia.json,4138306370,https://www.inaturalist.org/observations/169571972,Rhodiola kirilowii (Regel) Maxim.,Rhodiola kirilowii (Regel) Maxim.,7334350,43.039578,76.939222,1627,WGS84,24-Jun-23 09:18:35,2023,6,24,HUMAN_OBSERVATION,PRESENT,iNaturalist research-grade observations,iNaturalist,Observations,http://creativecommons.org/licenses/by-nc/4.0/legalcode,Kazakhstan,Almaty,,inside,inside
Rhodiola linearifolia,Rhodiola_linearifolia.json,4138502694,https://www.inaturalist.org/observations/169149031,Rhodiola coccinea (Royle) Boriss.,Rhodiola coccinea (Royle) Boriss.,7334424,43.079587,77.064432,6,WGS84,14-Jun-23 10:35:16,2023,6,14,HUMAN_OBSERVATION,PRESENT,iNaturalist research-grade observations,iNaturalist,Observations,http://creativecommons.org/licenses/by-nc/4.0/legalcode,Kazakhstan,Almaty,,inside,inside
Rhodiola linearifolia,Rhodiola_linearifolia.json,4138529894,https://www.inaturalist.org/observations/169571944,Rhodiola coccinea (Royle) Boriss.,Rhodiola coccinea (Royle) Boriss.,7334424,43.040052,76.938034,1776,WGS84,24-Jun-23 09:14:23,2023,6,24,HUMAN_OBSERVATION,PRESENT,iNaturalist research-grade observations,iNaturalist,Observations,http://creativecommons.org/licenses/by-nc/4.0/legalcode,Kazakhstan,Almaty,,inside,inside
Rhodiola linearifolia,Rhodiola_linearifolia.json,4138534307,https://www.inaturalist.org/observations/169572695,Rhodiola kirilowii (Regel) Maxim.,Rhodiola kirilowii (Regel) Maxim.,7334350,43.050235,76.957702,1615,WGS84,24-Jun-23 11:21:14,2023,6,24,HUMAN_OBSERVATION,PRESENT,iNaturalist research-grade observations,iNaturalist,Observations,http://creativecommons.org/licenses/by-nc/4.0/legalcode,Kazakhstan,Almaty,,inside,inside
Rhodiola linearifolia,Rhodiola_linearifolia.json,4162055111,https://www.inaturalist.org/observations/173150908,Rhodiola kirilowii (Regel) Maxim.,Rhodiola kirilowii (Regel) Maxim.,7334350,43.005495,78.390516,,WGS84,02-Jun-23 16:54:21,2023,6,2,HUMAN_OBSERVATION,PRESENT,iNaturalist research-grade observations,iNaturalist,Observations,http://creativecommons.org/licenses/by/4.0/legalcode,Kazakhstan,Almaty,,inside,inside
Rhodiola linearifolia,Rhodiola_linearifolia.json,4500460216,https://www.inaturalist.org/observations/169147472,Rhodiola coccinea (Royle) Boriss.,Rhodiola coccinea (Royle) Boriss.,7334424,43.089256,77.052413,8,WGS84,14-Jun-23 06:56:58,2023,6,14,HUMAN_OBSERVATION,PRESENT,iNaturalist research-grade observations,iNaturalist,Observations,http://creativecommons.org/licenses/by-nc/4.0/legalcode,Kazakhstan,Almaty,,inside,inside
Rhodiola linearifolia,Rhodiola_linearifolia.json,4500474207,https://www.inaturalist.org/observations/166754414,Rhodiola coccinea (Royle) Boriss.,Rhodiola coccinea (Royle) Boriss.,7334424,43.072722,76.87672,268,WGS84,2023-06-10T10:45,2023,6,10,HUMAN_OBSERVATION,PRESENT,iNaturalist research-grade observations,iNaturalist,Observations,http://creativecommons.org/licenses/by-nc/4.0/legalcode,Kazakhstan,Almaty,,inside,inside
Rhodiola linearifolia,Rhodiola_linearifolia.json,4500475237,https://www.inaturalist.org/observations/169146613,Rhodiola kirilowii (Regel) Maxim.,Rhodiola kirilowii (Regel) Maxim.,7334350,43.136449,77.012654,12,WGS84,13-Jun-23 06:03:54,2023,6,13,HUMAN_OBSERVATION,PRESENT,iNaturalist research-grade observations,iNaturalist,Observations,http://creativecommons.org/licenses/by-nc/4.0/legalcode,Kazakhstan,Almaty,,inside,inside
Rhodiola linearifolia,Rhodiola_linearifolia.json,4500483227,https://www.inaturalist.org/observations/169151090,Rhodiola kirilowii (Regel) Maxim.,Rhodiola kirilowii (Regel) Maxim.,7334350,43.153115,77.118539,4,WGS84,16-Jun-23 14:49:03,2023,6,16,HUMAN_OBSERVATION,PRESENT,iNaturalist research-grade observations,iNaturalist,Observations,http://creativecommons.org/licenses/by-nc/4.0/legalcode,Kazakhstan,Almaty,,inside,inside
Rhodiola linearifolia,Rhodiola_linearifolia.json,4500492227,https://www.inaturalist.org/observations/169151219,Rhodiola kirilowii (Regel) Maxim.,Rhodiola kirilowii (Regel) Maxim.,7334350,43.153195,77.108461,6,WGS84,16-Jun-23 15:32:56,2023,6,16,HUMAN_OBSERVATION,PRESENT,iNaturalist research-grade observations,iNaturalist,Observations,http://creativecommons.org/licenses/by-nc/4.0/legalcode,Kazakhstan,Almaty,,inside,inside
Rhodiola linearifolia,Rhodiola_linearifolia.json,4500494187,https://www.inaturalist.org/observations/169150700,Rhodiola kirilowii (Regel) Maxim.,Rhodiola kirilowii (Regel) Maxim.,7334350,43.15319,77.136275,9,WGS84,16-Jun-23 12:07:53,2023,6,16,HUMAN_OBSERVATION,PRESENT,iNaturalist research-grade observations,iNaturalist,Observations,http://creativecommons.org/licenses/by-nc/4.0/legalcode,Kazakhstan,Almaty,,inside,inside
Rhodiola linearifolia,Rhodiola_linearifolia.json,4500495190,https://www.inaturalist.org/observations/169152385,Rhodiola coccinea (Royle) Boriss.,Rhodiola coccinea (Royle) Boriss.,7334424,43.048568,76.958363,4,WGS84,18-Jun-23 09:59:20,2023,6,18,HUMAN_OBSERVATION,PRESENT,iNaturalist research-grade observations,iNaturalist,Observations,http://creativecommons.org/licenses/by-nc/4.0/legalcode,Kazakhstan,Almaty,,inside,inside
Rhodiola linearifolia,Rhodiola_linearifolia.json,4500511214,https://www.inaturalist.org/observations/169147233,Rhodiola coccinea (Royle) Boriss.,Rhodiola coccinea (Royle) Boriss.,7334424,43.108939,77.033404,9,WGS84,13-Jun-23 12:41:18,2023,6,13,HUMAN_OBSERVATION,PRESENT,iNaturalist research-grade observations,iNaturalist,Observations,http://creativecommons.org/licenses/by-nc/4.0/legalcode,Kazakhstan,Almaty,,inside,inside
Rhodiola linearifolia,Rhodiola_linearifolia.json,4500513206,https://www.inaturalist.org/observations/169152554,Rhodiola kirilowii (Regel) Maxim.,Rhodiola kirilowii (Regel) Maxim.,7334350,43.041825,76.932046,17,WGS84,18-Jun-23 11:54:10,2023,6,18,HUMAN_OBSERVATION,PRESENT,iNaturalist research-grade observations,iNaturalist,Observations,http://creativecommons.org/licenses/by-nc/4.0/legalcode,Kazakhstan,Almaty,,inside,inside
Rhodiola linearifolia,Rhodiola_linearifolia.json,4500655220,https://www.inaturalist.org/observations/169149253,Rhodiola kirilowii (Regel) Maxim.,Rhodiola kirilowii (Regel) Maxim.,7334350,43.100835,77.077036,9,WGS84,14-Jun-23 13:02:05,2023,6,14,HUMAN_OBSERVATION,PRESENT,iNaturalist research-grade observations,iNaturalist,Observations,http://creativecommons.org/licenses/by-nc/4.0/legalcode,Kazakhstan,Almaty,,inside,inside
Rhodiola linearifolia,Rhodiola_linearifolia.json,4500656166,https://www.inaturalist.org/observations/169147037,Rhodiola coccinea (Royle) Boriss.,Rhodiola coccinea (Royle) Boriss.,7334424,43.123318,77.024269,9,WGS84,13-Jun-23 09:52:53,2023,6,13,HUMAN_OBSERVATION,PRESENT,iNaturalist research-grade observations,iNaturalist,Observations,http://creativecommons.org/licenses/by-nc/4.0/legalcode,Kazakhstan,Almaty,,inside,inside
Rhodiola linearifolia,Rhodiola_linearifolia.json,4500671211,https://www.inaturalist.org/observations/169150809,Rhodiola coccinea (Royle) Boriss.,Rhodiola coccinea (Royle) Boriss.,7334424,43.156255,77.130825,4,WGS84,16-Jun-23 13:30:37,2023,6,16,HUMAN_OBSERVATION,PRESENT,iNaturalist research-grade observations,iNaturalist,Observations,http://creativecommons.org/licenses/by-nc/4.0/legalcode,Kazakhstan,Almaty,,inside,inside
Rhodiola linearifolia,Rhodiola_linearifolia.json,4500708231,https://www.inaturalist.org/observations/169152697,Rhodiola kirilowii (Regel) Maxim.,Rhodiola kirilowii (Regel) Maxim.,7334350,43.045032,76.913395,4,WGS84,2023-06-18T18:41,2023,6,18,HUMAN_OBSERVATION,PRESENT,iNaturalist research-grade observations,iNaturalist,Observations,http://creativecommons.org/licenses/by-nc/4.0/legalcode,Kazakhstan,Almaty,,inside,inside
Rhodiola linearifolia,Rhodiola_linearifolia.json,4500717178,https://www.inaturalist.org/observations/169146847,Rhodiola coccinea (Royle) Boriss.,Rhodiola coccinea (Royle) Boriss.,7334424,43.128556,77.013685,4,WGS84,13-Jun-23 08:07:13,2023,6,13,HUMAN_OBSERVATION,PRESENT,iNaturalist research-grade observations,iNaturalist,Observations,http://creativecommons.org/licenses/by-nc/4.0/legalcode,Kazakhstan,Almaty,,inside,inside
Rhodiola linearifolia,Rhodiola_linearifolia.json,4500742216,https://www.inaturalist.org/observations/169150602,Rhodiola kirilowii (Regel) Maxim.,Rhodiola kirilowii (Regel) Maxim.,7334350,43.148506,77.143899,4,WGS84,16-Jun-23 10:29:48,2023,6,16,HUMAN_OBSERVATION,PRESENT,iNaturalist research-grade observations,iNaturalist,Observations,http://creativecommons.org/licenses/by-nc/4.0/legalcode,Kazakhstan,Almaty,,inside,inside
Rhodiola linearifolia,Rhodiola_linearifolia.json,4153763971,https://www.inaturalist.org/observations/171931104,Rhodiola kirilowii (Regel) Maxim.,Rhodiola kirilowii (Regel) Maxim.,7334350,43.120278,77.030556,,WGS84,08-Jul-23 13:26:49,2023,7,8,HUMAN_OBSERVATION,PRESENT,iNaturalist research-grade observations,iNaturalist,Observations,http://creativecommons.org/licenses/by-nc/4.0/legalcode,Kazakhstan,Almaty,,inside,inside
Rhodiola linearifolia,Rhodiola_linearifolia.json,4399889717,https://www.inaturalist.org/observations/171932824,Rhodiola coccinea (Royle) Boriss.,Rhodiola coccinea (Royle) Boriss.,7334424,43.128889,77.013611,,WGS84,08-Jul-23 12:02:38,2023,7,8,HUMAN_OBSERVATION,PRESENT,iNaturalist research-grade observations,iNaturalist,Observations,http://creativecommons.org/licenses/by-nc/4.0/legalcode,Kazakhstan,Almaty,,inside,inside
Rhodiola linearifolia,Rhodiola_linearifolia.json,4400140583,https://www.inaturalist.org/observations/171581956,Rhodiola kirilowii (Regel) Maxim.,Rhodiola kirilowii (Regel) Maxim.,7334350,43.117778,77.131389,,WGS84,02-Jul-23 10:58:17,2023,7,2,HUMAN_OBSERVATION,PRESENT,iNaturalist research-grade observations,iNaturalist,Observations,http://creativecommons.org/licenses/by-nc/4.0/legalcode,Kazakhstan,Almaty,,inside,inside
Rhodiola linearifolia,Rhodiola_linearifolia.json,4400162612,https://www.inaturalist.org/observations/171783275,Rhodiola coccinea (Royle) Boriss.,Rhodiola coccinea (Royle) Boriss.,7334424,43.118636,77.1121,4,WGS84,08-Jul-23 14:45:20,2023,7,8,HUMAN_OBSERVATION,PRESENT,iNaturalist research-grade observations,iNaturalist,Observations,http://creativecommons.org/licenses/by-nc/4.0/legalcode,Kazakhstan,Almaty,,inside,inside
Rhodiola linearifolia,Rhodiola_linearifolia.json,4400282617,https://www.inaturalist.org/observations/171924834,Rhodiola semenovii (Regel & Herder) Boriss.,Rhodiola semenovii (Regel & Herder) Boriss.,4199368,43.136863,77.011189,398,WGS84,08-Jul-23 16:10:31,2023,7,8,HUMAN_OBSERVATION,PRESENT,iNaturalist research-grade observations,iNaturalist,Observations,http://creativecommons.org/licenses/by-nc/4.0/legalcode,Kazakhstan,Almaty,,inside,inside
Rhodiola linearifolia,Rhodiola_linearifolia.json,4500729286,https://www.inaturalist.org/observations/174472139,Rhodiola semenovii (Regel & Herder) Boriss.,Rhodiola semenovii (Regel & Herder) Boriss.,4199368,43.137022,77.01034,345,WGS84,2023-07-22T07:28,2023,7,22,HUMAN_OBSERVATION,PRESENT,iNaturalist research-grade observations,iNaturalist,Observations,http://creativecommons.org/licenses/by-nc/4.0/legalcode,Kazakhstan,Almaty,,inside,inside
Rhodiola linearifolia,Rhodiola_linearifolia.json,4847140460,https://www.inaturalist.org/observations/207106822,Rhodiola coccinea (Royle) Boriss.,Rhodiola coccinea (Royle) Boriss.,7334424,42.865271,78.60555,185,WGS84,2023-07-13T11:55,2023,7,13,HUMAN_OBSERVATION,PRESENT,iNaturalist research-grade observations,iNaturalist,Observations,http://creativecommons.org/licenses/by/4.0/legalcode,Kazakhstan,Almaty,,inside,inside
Rhodiola linearifolia,Rhodiola_linearifolia.json,4847231875,https://www.inaturalist.org/observations/207107711,Rhodiola coccinea (Royle) Boriss.,Rhodiola coccinea (Royle) Boriss.,7334424,42.865271,78.60555,185,WGS84,2023-07-13T13:17,2023,7,13,HUMAN_OBSERVATION,PRESENT,iNaturalist research-grade observations,iNaturalist,Observations,http://creativecommons.org/licenses/by/4.0/legalcode,Kazakhstan,Almaty,,inside,inside
Rhodiola linearifolia,Rhodiola_linearifolia.json,5108076791,https://www.inaturalist.org/observations/171946240,Rhodiola coccinea (Royle) Boriss.,Rhodiola coccinea (Royle) Boriss.,7334424,43.19864,76.993904,8446,WGS84,09-Jul-23 14:18:20,2023,7,9,HUMAN_OBSERVATION,PRESENT,iNaturalist research-grade observations,iNaturalist,Observations,http://creativecommons.org/licenses/by-nc/4.0/legalcode,Kazakhstan,Almaty,,inside,inside
Rhodiola linearifolia,Rhodiola_linearifolia.json,4405114086,https://www.inaturalist.org/observations/179775588,Rhodiola coccinea (Royle) Boriss.,Rhodiola coccinea (Royle) Boriss.,7334424,43.116086,77.100464,,WGS84,18-Aug-23 14:19:45,2023,8,18,HUMAN_OBSERVATION,PRESENT,iNaturalist research-grade observations,iNaturalist,Observations,http://creativecommons.org/publicdomain/zero/1.0/legalcode,Kazakhstan,Almaty,,inside,inside
Rhodiola linearifolia,Rhodiola_linearifolia.json,4407297013,https://www.inaturalist.org/observations/181528551,Rhodiola coccinea (Royle) Boriss.,Rhodiola coccinea (Royle) Boriss.,7334424,43.043926,76.946218,2077,WGS84,31-Aug-23 18:27:34,2023,8,31,HUMAN_OBSERVATION,PRESENT,iNaturalist research-grade observations,iNaturalist,Observations,http://creativecommons.org/licenses/by-nc/4.0/legalcode,Kazakhstan,Almaty,,inside,inside
Rhodiola linearifolia,Rhodiola_linearifolia.json,4516867397,https://www.inaturalist.org/observations/197868099,Rhodiola coccinea (Royle) Boriss.,Rhodiola coccinea (Royle) Boriss.,7334424,43.123356,77.116563,590,WGS84,05-Aug-23 11:34:54,2023,8,5,HUMAN_OBSERVATION,PRESENT,iNaturalist research-grade observations,iNaturalist,Observations,http://creativecommons.org/licenses/by-nc/4.0/legalcode,Kazakhstan,Almaty,,inside,inside
Rhodiola linearifolia,Rhodiola_linearifolia.json,4908197722,https://www.inaturalist.org/observations/176975369,Rhodiola coccinea (Royle) Boriss.,Rhodiola coccinea (Royle) Boriss.,7334424,43.118972,77.111861,32,WGS84,06-Aug-23 16:44:09,2023,8,6,HUMAN_OBSERVATION,PRESENT,iNaturalist research-grade observations,iNaturalist,Observations,http://creativecommons.org/licenses/by-nc/4.0/legalcode,Kazakhstan,Almaty,,inside,inside
Rhodiola linearifolia,Rhodiola_linearifolia.json,4908512389,https://www.inaturalist.org/observations/176975458,Rhodiola coccinea (Royle) Boriss.,Rhodiola coccinea (Royle) Boriss.,7334424,43.119286,77.112342,16,WGS84,06-Aug-23 16:43:41,2023,8,6,HUMAN_OBSERVATION,PRESENT,iNaturalist research-grade observations,iNaturalist,Observations,http://creativecommons.org/licenses/by-nc/4.0/legalcode,Kazakhstan,Almaty,,inside,inside
Rhodiola linearifolia,Rhodiola_linearifolia.json,5104442242,https://www.inaturalist.org/observations/266281185,Rhodiola coccinea (Royle) Boriss.,Rhodiola coccinea (Royle) Boriss.,7334424,43.110507,77.112945,100,WGS84,2023-08-06T12:30,2023,8,6,HUMAN_OBSERVATION,PRESENT,iNaturalist research-grade observations,iNaturalist,Observations,http://creativecommons.org/licenses/by-nc/4.0/legalcode,Kazakhstan,Almaty,,inside,inside
Rhodiola linearifolia,Rhodiola_linearifolia.json,4528039911,https://www.inaturalist.org/observations/200114624,Rhodiola coccinea (Royle) Boriss.,Rhodiola coccinea (Royle) Boriss.,7334424,43.127013,77.023868,,WGS84,2023-09-03T18:40,2023,9,3,HUMAN_OBSERVATION,PRESENT,iNaturalist research-grade observations,iNaturalist,Observations,http://creativecommons.org/licenses/by-nc/4.0/legalcode,Kazakhstan,Almaty,,inside,inside
Rhodiola linearifolia,Rhodiola_linearifolia.json,4599899458,https://www.inaturalist.org/observations/203482238,Rhodiola semenovii (Regel & Herder) Boriss.,Rhodiola semenovii (Regel & Herder) Boriss.,4199368,43.137637,77.010415,,WGS84,2023-09-03T16:47,2023,9,3,HUMAN_OBSERVATION,PRESENT,iNaturalist research-grade observations,iNaturalist,Observations,http://creativecommons.org/licenses/by-nc/4.0/legalcode,Kazakhstan,Almaty,,inside,inside
Rhodiola linearifolia,Rhodiola_linearifolia.json,4465396610,https://www.inaturalist.org/observations/119550876,Rhodiola kirilowii (Regel) Maxim.,Rhodiola kirilowii (Regel) Maxim.,7334350,43.058062,76.985483,82,WGS84,31-May-22 06:53:17,2022,5,31,HUMAN_OBSERVATION,PRESENT,iNaturalist research-grade observations,iNaturalist,Observations,http://creativecommons.org/licenses/by-nc/4.0/legalcode,Kazakhstan,Almaty,,inside,inside
Rhodiola linearifolia,Rhodiola_linearifolia.json,4909246776,https://www.inaturalist.org/observations/118048037,Rhodiola kirilowii (Regel) Maxim.,Rhodiola kirilowii (Regel) Maxim.,7334350,43.137031,77.057319,,WGS84,21-May-22 18:09:15,2022,5,21,HUMAN_OBSERVATION,PRESENT,iNaturalist research-grade observations,iNaturalist,Observations,http://creativecommons.org/licenses/by-nc/4.0/legalcode,Kazakhstan,Almaty,,inside,inside
Rhodiola linearifolia,Rhodiola_linearifolia.json,4062646154,https://www.inaturalist.org/observations/150949808,Rhodiola coccinea (Royle) Boriss.,Rhodiola coccinea (Royle) Boriss.,7334424,42.939221,78.27904,,WGS84,2022-06-22T12:45,2022,6,22,HUMAN_OBSERVATION,PRESENT,iNaturalist research-grade observations,iNaturalist,Observations,http://creativecommons.org/licenses/by-nc/4.0/legalcode,Kazakhstan,Almaty,,inside,inside
Rhodiola linearifolia,Rhodiola_linearifolia.json,4062888125,https://www.inaturalist.org/observations/150928282,Rhodiola kirilowii (Regel) Maxim.,Rhodiola kirilowii (Regel) Maxim.,7334350,42.940858,78.281902,,WGS84,2022-06-22T10:54,2022,6,22,HUMAN_OBSERVATION,PRESENT,iNaturalist research-grade observations,iNaturalist,Observations,http://creativecommons.org/licenses/by-nc/4.0/legalcode,Kazakhstan,Almaty,,inside,inside
Rhodiola linearifolia,Rhodiola_linearifolia.json,4080644834,https://www.inaturalist.org/observations/153664833,Rhodiola kirilowii (Regel) Maxim.,Rhodiola kirilowii (Regel) Maxim.,7334350,42.930942,78.339018,31,WGS84,2022-06-20T12:03,2022,6,20,HUMAN_OBSERVATION,PRESENT,iNaturalist research-grade observations,iNaturalist,Observations,http://creativecommons.org/licenses/by-nc/4.0/legalcode,Kazakhstan,Almaty,,inside,inside
Rhodiola linearifolia,Rhodiola_linearifolia.json,4116122881,https://www.inaturalist.org/observations/161130637,Rhodiola kirilowii (Regel) Maxim.,Rhodiola kirilowii (Regel) Maxim.,7334350,42.937952,78.322232,,WGS84,2022-06-21T14:02,2022,6,21,HUMAN_OBSERVATION,PRESENT,iNaturalist research-grade observations,iNaturalist,Observations,http://creativecommons.org/licenses/by-nc/4.0/legalcode,Kazakhstan,Almaty,,inside,inside
Rhodiola linearifolia,Rhodiola_linearifolia.json,4116499994,https://www.inaturalist.org/observations/161080473,Rhodiola kirilowii (Regel) Maxim.,Rhodiola kirilowii (Regel) Maxim.,7334350,42.932478,78.313165,,WGS84,2022-06-21T18:32,2022,6,21,HUMAN_OBSERVATION,PRESENT,iNaturalist research-grade observations,iNaturalist,Observations,http://creativecommons.org/licenses/by-nc/4.0/legalcode,Kazakhstan,Almaty,,inside,inside
Rhodiola linearifolia,Rhodiola_linearifolia.json,4465641628,https://www.inaturalist.org/observations/120115713,Rhodiola kirilowii (Regel) Maxim.,Rhodiola kirilowii (Regel) Maxim.,7334350,43.055125,76.98085,4,WGS84,03-Jun-22 13:37:37,2022,6,3,HUMAN_OBSERVATION,PRESENT,iNaturalist research-grade observations,iNaturalist,Observations,http://creativecommons.org/licenses/by-nc/4.0/legalcode,Kazakhstan,Almaty,,inside,inside
Rhodiola linearifolia,Rhodiola_linearifolia.json,4908429255,https://www.inaturalist.org/observations/150946188,Rhodiola coccinea (Royle) Boriss.,Rhodiola coccinea (Royle) Boriss.,7334424,42.938788,78.278918,,WGS84,2022-06-22T11:37,2022,6,22,HUMAN_OBSERVATION,PRESENT,iNaturalist research-grade observations,iNaturalist,Observations,http://creativecommons.org/licenses/by-nc/4.0/legalcode,Kazakhstan,Almaty,,inside,inside
Rhodiola linearifolia,Rhodiola_linearifolia.json,4908646563,https://www.inaturalist.org/observations/150928269,Rhodiola coccinea (Royle) Boriss.,Rhodiola coccinea (Royle) Boriss.,7334424,42.941324,78.282385,,WGS84,2022-06-22T10:07,2022,6,22,HUMAN_OBSERVATION,PRESENT,iNaturalist research-grade observations,iNaturalist,Observations,http://creativecommons.org/licenses/by-nc/4.0/legalcode,Kazakhstan,Almaty,,inside,inside
Rhodiola linearifolia,Rhodiola_linearifolia.json,4909111280,https://www.inaturalist.org/observations/151321047,Rhodiola kirilowii (Regel) Maxim.,Rhodiola kirilowii (Regel) Maxim.,7334350,42.912991,78.34634,,WGS84,2022-06-20T17:17,2022,6,20,HUMAN_OBSERVATION,PRESENT,iNaturalist research-grade observations,iNaturalist,Observations,http://creativecommons.org/licenses/by-nc/4.0/legalcode,Kazakhstan,Almaty,,inside,inside
Rhodiola linearifolia,Rhodiola_linearifolia.json,4009919149,https://www.inaturalist.org/observations/145097909,Rhodiola semenovii (Regel & Herder) Boriss.,Rhodiola semenovii (Regel & Herder) Boriss.,4199368,43.158508,77.097173,,WGS84,2022-07-03T12:39,2022,7,3,HUMAN_OBSERVATION,PRESENT,iNaturalist research-grade observations,iNaturalist,Observations,http://creativecommons.org/licenses/by/4.0/legalcode,Kazakhstan,Almaty,,inside,inside
Rhodiola linearifolia,Rhodiola_linearifolia.json,4075629259,https://www.inaturalist.org/observations/152053354,Rhodiola rosea L.,Rhodiola rosea L.,2985688,45.109508,79.988769,,WGS84,2022-07-28T12:45,2022,7,28,HUMAN_OBSERVATION,PRESENT,iNaturalist research-grade observations,iNaturalist,Observations,http://creativecommons.org/licenses/by-nc/4.0/legalcode,Kazakhstan,Almaty,,inside,inside
Rhodiola linearifolia,Rhodiola_linearifolia.json,4597139959,https://www.inaturalist.org/observations/152053355,Rhodiola kirilowii (Regel) Maxim.,Rhodiola kirilowii (Regel) Maxim.,7334350,45.109471,79.988759,,WGS84,2022-07-28T12:40,2022,7,28,HUMAN_OBSERVATION,PRESENT,iNaturalist research-grade observations,iNaturalist,Observations,http://creativecommons.org/licenses/by-nc/4.0/legalcode,Kazakhstan,Almaty,,inside,inside
Rhodiola linearifolia,Rhodiola_linearifolia.json,3325514491,https://www.inaturalist.org/observations/83599554,Rhodiola kirilowii (Regel) Maxim.,Rhodiola kirilowii (Regel) Maxim.,7334350,43.137163,76.993117,61,WGS84,2021-05-30T16:22,2021,5,30,HUMAN_OBSERVATION,PRESENT,iNaturalist research-grade observations,iNaturalist,Observations,http://creativecommons.org/licenses/by-nc/4.0/legalcode,Kazakhstan,Almaty,,inside,inside
Rhodiola linearifolia,Rhodiola_linearifolia.json,3325791537,https://www.inaturalist.org/observations/84517912,Rhodiola kirilowii (Regel) Maxim.,Rhodiola kirilowii (Regel) Maxim.,7334350,43.108192,77.071915,158,WGS84,26-Jun-21 13:04:44,2021,6,26,HUMAN_OBSERVATION,PRESENT,iNaturalist research-grade observations,iNaturalist,Observations,http://creativecommons.org/licenses/by-nc/4.0/legalcode,Kazakhstan,Almaty,,inside,inside
Rhodiola linearifolia,Rhodiola_linearifolia.json,3333334426,https://www.inaturalist.org/observations/88932314,Rhodiola coccinea (Royle) Boriss.,Rhodiola coccinea (Royle) Boriss.,7334424,43.110427,77.110825,,WGS84,2021-07-20T14:09,2021,7,20,HUMAN_OBSERVATION,PRESENT,iNaturalist research-grade observations,iNaturalist,Observations,http://creativecommons.org/licenses/by-nc/4.0/legalcode,Kazakhstan,Almaty,,inside,inside
Rhodiola linearifolia,Rhodiola_linearifolia.json,3760327740,https://www.inaturalist.org/observations/112236617,Rhodiola coccinea (Royle) Boriss.,Rhodiola coccinea (Royle) Boriss.,7334424,43.082317,77.059203,4,WGS84,20-Jul-21 14:31:23,2021,7,20,HUMAN_OBSERVATION,PRESENT,iNaturalist research-grade observations,iNaturalist,Observations,http://creativecommons.org/licenses/by-nc/4.0/legalcode,Kazakhstan,Almaty,,inside,inside
Rhodiola linearifolia,Rhodiola_linearifolia.json,4075725974,https://www.inaturalist.org/observations/151592467,Rhodiola rosea L.,Rhodiola rosea L.,2985688,44.267137,78.475195,137946,WGS84,2021-07-21T11:07,2021,7,21,HUMAN_OBSERVATION,PRESENT,iNaturalist research-grade observations,iNaturalist,Observations,http://creativecommons.org/licenses/by-nc/4.0/legalcode,Kazakhstan,Almaty,,inside,inside
Rhodiola linearifolia,Rhodiola_linearifolia.json,4909134168,https://www.inaturalist.org/observations/150495079,Rhodiola rosea L.,Rhodiola rosea L.,2985688,44.777149,79.576052,,WGS84,2021-07-20T12:21,2021,7,20,HUMAN_OBSERVATION,PRESENT,iNaturalist research-grade observations,iNaturalist,Observations,http://creativecommons.org/licenses/by-nc/4.0/legalcode,Kazakhstan,Almaty,,inside,inside
Rhodiola linearifolia,Rhodiola_linearifolia.json,2573847530,https://www.inaturalist.org/observations/38457787,Rhodiola semenovii (Regel & Herder) Boriss.,Rhodiola semenovii (Regel & Herder) Boriss.,4199368,43.102978,77.074844,4,WGS84,2020-02-08T11:39,2020,2,8,HUMAN_OBSERVATION,PRESENT,iNaturalist research-grade observations,iNaturalist,Observations,http://creativecommons.org/licenses/by-nc/4.0/legalcode,Kazakhstan,Almaty,,inside,inside
Rhodiola linearifolia,Rhodiola_linearifolia.json,2573863501,https://www.inaturalist.org/observations/38457785,Rhodiola semenovii (Regel & Herder) Boriss.,Rhodiola semenovii (Regel & Herder) Boriss.,4199368,43.102864,77.074928,2,WGS84,2020-02-08T11:38,2020,2,8,HUMAN_OBSERVATION,PRESENT,iNaturalist research-grade observations,iNaturalist,Observations,http://creativecommons.org/licenses/by-nc/4.0/legalcode,Kazakhstan,Almaty,,inside,inside
Rhodiola linearifolia,Rhodiola_linearifolia.json,2573979488,https://www.inaturalist.org/observations/38459859,Rhodiola kirilowii (Regel) Maxim.,Rhodiola kirilowii (Regel) Maxim.,7334350,43.102714,77.076171,4,WGS84,2020-02-08T13:52,2020,2,8,HUMAN_OBSERVATION,PRESENT,iNaturalist research-grade observations,iNaturalist,Observations,http://creativecommons.org/licenses/by-nc/4.0/legalcode,Kazakhstan,Almaty,,inside,inside
Rhodiola linearifolia,Rhodiola_linearifolia.json,2573982522,https://www.inaturalist.org/observations/38457781,Rhodiola semenovii (Regel & Herder) Boriss.,Rhodiola semenovii (Regel & Herder) Boriss.,4199368,43.102968,77.074958,2,WGS84,2020-02-08T11:35,2020,2,8,HUMAN_OBSERVATION,PRESENT,iNaturalist research-grade observations,iNaturalist,Observations,http://creativecommons.org/licenses/by-nc/4.0/legalcode,Kazakhstan,Almaty,,inside,inside
Rhodiola linearifolia,Rhodiola_linearifolia.json,2574088541,https://www.inaturalist.org/observations/38459612,Rhodiola coccinea (Royle) Boriss.,Rhodiola coccinea (Royle) Boriss.,7334424,43.093802,77.077696,2,WGS84,2020-02-08T12:45,2020,2,8,HUMAN_OBSERVATION,PRESENT,iNaturalist research-grade observations,iNaturalist,Observations,http://creativecommons.org/licenses/by-nc/4.0/legalcode,Kazakhstan,Almaty,,inside,inside
Rhodiola linearifolia,Rhodiola_linearifolia.json,2574231591,https://www.inaturalist.org/observations/38459629,Rhodiola coccinea (Royle) Boriss.,Rhodiola coccinea (Royle) Boriss.,7334424,43.092873,77.077136,2,WGS84,2020-02-08T13:03,2020,2,8,HUMAN_OBSERVATION,PRESENT,iNaturalist research-grade observations,iNaturalist,Observations,http://creativecommons.org/licenses/by-nc/4.0/legalcode,Kazakhstan,Almaty,,inside,inside
Rhodiola linearifolia,Rhodiola_linearifolia.json,2574280553,https://www.inaturalist.org/observations/38459631,Rhodiola kirilowii (Regel) Maxim.,Rhodiola kirilowii (Regel) Maxim.,7334350,43.092815,77.077798,2,WGS84,2020-02-08T13:08,2020,2,8,HUMAN_OBSERVATION,PRESENT,iNaturalist research-grade observations,iNaturalist,Observations,http://creativecommons.org/licenses/by-nc/4.0/legalcode,Kazakhstan,Almaty,,inside,inside
Rhodiola linearifolia,Rhodiola_linearifolia.json,2574296606,https://www.inaturalist.org/observations/38457772,Rhodiola kirilowii (Regel) Maxim.,Rhodiola kirilowii (Regel) Maxim.,7334350,43.103132,77.075274,2,WGS84,2020-02-08T11:26,2020,2,8,HUMAN_OBSERVATION,PRESENT,iNaturalist research-grade observations,iNaturalist,Observations,http://creativecommons.org/licenses/by-nc/4.0/legalcode,Kazakhstan,Almaty,,inside,inside
Rhodiola linearifolia,Rhodiola_linearifolia.json,4400113351,https://www.inaturalist.org/observations/38457496,Rhodiola kirilowii (Regel) Maxim.,Rhodiola kirilowii (Regel) Maxim.,7334350,43.1031,77.075097,,WGS84,2020-02-08T11:20,2020,2,8,HUMAN_OBSERVATION,PRESENT,iNaturalist research-grade observations,iNaturalist,Observations,http://creativecommons.org/licenses/by-nc/4.0/legalcode,Kazakhstan,Almaty,,inside,inside
Rhodiola linearifolia,Rhodiola_linearifolia.json,4909246967,https://www.inaturalist.org/observations/151397936,Rhodiola kirilowii (Regel) Maxim.,Rhodiola kirilowii (Regel) Maxim.,7334350,43.143398,77.003634,,WGS84,2020-05-23T17:11,2020,5,23,HUMAN_OBSERVATION,PRESENT,iNaturalist research-grade observations,iNaturalist,Observations,http://creativecommons.org/licenses/by-nc/4.0/legalcode,Kazakhstan,Almaty,,inside,inside
Rhodiola linearifolia,Rhodiola_linearifolia.json,2563470077,https://www.inaturalist.org/observations/35163044,Rhodiola kirilowii (Regel) Maxim.,Rhodiola kirilowii (Regel) Maxim.,7334350,43.057517,76.992545,813,WGS84,2019-05-22T09:59,2019,5,22,HUMAN_OBSERVATION,PRESENT,iNaturalist research-grade observations,iNaturalist,Observations,http://creativecommons.org/licenses/by-nc/4.0/legalcode,Kazakhstan,Almaty,,inside,inside
Rhodiola linearifolia,Rhodiola_linearifolia.json,4465819372,https://www.inaturalist.org/observations/193806845,Rhodiola kirilowii (Regel) Maxim.,Rhodiola kirilowii (Regel) Maxim.,7334350,43.040187,76.943801,61,WGS84,2019-07-02T07:44,2019,7,2,HUMAN_OBSERVATION,PRESENT,iNaturalist research-grade observations,iNaturalist,Observations,http://creativecommons.org/licenses/by-nc/4.0/legalcode,Kazakhstan,Almaty,,inside,inside
Rhodiola linearifolia,Rhodiola_linearifolia.json,3070296726,https://www.inaturalist.org/observations/38015226,Rhodiola kirilowii (Regel) Maxim.,Rhodiola kirilowii (Regel) Maxim.,7334350,43.056936,76.978669,129,WGS84,2018-06-19T13:20,2018,6,19,HUMAN_OBSERVATION,PRESENT,iNaturalist research-grade observations,iNaturalist,Observations,http://creativecommons.org/licenses/by-nc/4.0/legalcode,Kazakhstan,Almaty,,inside,inside
Rhodiola linearifolia,Rhodiola_linearifolia.json,4994297716,https://www.inaturalist.org/observations/254294868,Rhodiola semenovii (Regel & Herder) Boriss.,Rhodiola semenovii (Regel & Herder) Boriss.,4199368,43.079595,77.052106,1860,WGS84,2018-07-31T16:53,2018,7,31,HUMAN_OBSERVATION,PRESENT,iNaturalist research-grade observations,iNaturalist,Observations,http://creativecommons.org/licenses/by/4.0/legalcode,Kazakhstan,Almaty,,inside,inside
Rhodiola linearifolia,Rhodiola_linearifolia.json,2542910391,https://www.inaturalist.org/observations/34640287,Rhodiola coccinea (Royle) Boriss.,Rhodiola coccinea (Royle) Boriss.,7334424,43.10555,77.108545,,WGS84,04-Aug-18 13:11:44,2018,8,4,HUMAN_OBSERVATION,PRESENT,iNaturalist research-grade observations,iNaturalist,Observations,http://creativecommons.org/licenses/by-nc/4.0/legalcode,Kazakhstan,Almaty,,inside,inside
Rhodiola linearifolia,Rhodiola_linearifolia.json,4993982924,https://www.inaturalist.org/observations/254294872,Rhodiola coccinea (Royle) Boriss.,Rhodiola coccinea (Royle) Boriss.,7334424,43.079595,77.052106,1860,WGS84,2018-08-01T14:47,2018,8,1,HUMAN_OBSERVATION,PRESENT,iNaturalist research-grade observations,iNaturalist,Observations,http://creativecommons.org/licenses/by/4.0/legalcode,Kazakhstan,Almaty,,inside,inside
Rhodiola linearifolia,Rhodiola_linearifolia.json,4994450569,https://www.inaturalist.org/observations/254294916,Rhodiola kirilowii (Regel) Maxim.,Rhodiola kirilowii (Regel) Maxim.,7334350,43.079595,77.052106,1860,WGS84,2018-08-02T12:12,2018,8,2,HUMAN_OBSERVATION,PRESENT,iNaturalist research-grade observations,iNaturalist,Observations,http://creativecommons.org/licenses/by/4.0/legalcode,Kazakhstan,Almaty,,inside,inside
Rhodiola linearifolia,Rhodiola_linearifolia.json,4994067005,https://www.inaturalist.org/observations/254298437,Rhodiola semenovii (Regel & Herder) Boriss.,Rhodiola semenovii (Regel & Herder) Boriss.,4199368,43.156811,77.05409,186,WGS84,2017-07-09T14:42,2017,7,9,HUMAN_OBSERVATION,PRESENT,iNaturalist research-grade observations,iNaturalist,Observations,http://creativecommons.org/licenses/by/4.0/legalcode,Kazakhstan,Almaty,,inside,inside
Rhodiola linearifolia,Rhodiola_linearifolia.json,2573846549,https://www.inaturalist.org/observations/38499721,Rhodiola coccinea (Royle) Boriss.,Rhodiola coccinea (Royle) Boriss.,7334424,43.082427,77.032751,4,WGS84,2017-08-15T14:06,2017,8,15,HUMAN_OBSERVATION,PRESENT,iNaturalist research-grade observations,iNaturalist,Observations,http://creativecommons.org/licenses/by-nc/4.0/legalcode,Kazakhstan,Almaty,,inside,inside
Rhodiola linearifolia,Rhodiola_linearifolia.json,2574280669,https://www.inaturalist.org/observations/38499718,Rhodiola coccinea (Royle) Boriss.,Rhodiola coccinea (Royle) Boriss.,7334424,43.08284,77.032896,4,WGS84,2017-08-15T14:06,2017,8,15,HUMAN_OBSERVATION,PRESENT,iNaturalist research-grade observations,iNaturalist,Observations,http://creativecommons.org/licenses/by-nc/4.0/legalcode,Kazakhstan,Almaty,,inside,inside
Rhodiola linearifolia,Rhodiola_linearifolia.json,2574300785,https://www.inaturalist.org/observations/38930729,Rhodiola kirilowii (Regel) Maxim.,Rhodiola kirilowii (Regel) Maxim.,7334350,43.097706,76.946477,6393,WGS84,2016-05-20T10:53,2016,5,20,HUMAN_OBSERVATION,PRESENT,iNaturalist research-grade observations,iNaturalist,Observations,http://creativecommons.org/licenses/by-nc/4.0/legalcode,Kazakhstan,Almaty,,inside,inside
Rhodiola linearifolia,Rhodiola_linearifolia.json,4535950828,https://www.inaturalist.org/observations/200852275,Rhodiola kirilowii (Regel) Maxim.,Rhodiola kirilowii (Regel) Maxim.,7334350,43.073417,76.991451,168,WGS84,2016-05-27T15:46,2016,5,27,HUMAN_OBSERVATION,PRESENT,iNaturalist research-grade observations,iNaturalist,Observations,http://creativecommons.org/licenses/by-nc/4.0/legalcode,Kazakhstan,Almaty,,inside,inside
Rhodiola linearifolia,Rhodiola_linearifolia.json,4046533416,https://www.inaturalist.org/observations/149919705,Rhodiola coccinea (Royle) Boriss.,Rhodiola coccinea (Royle) Boriss.,7334424,42.969794,76.550054,61,WGS84,2016-06-24T14:25,2016,6,24,HUMAN_OBSERVATION,PRESENT,iNaturalist research-grade observations,iNaturalist,Observations,http://creativecommons.org/licenses/by-nc/4.0/legalcode,Kazakhstan,Almaty,,inside,inside
Rhodiola linearifolia,Rhodiola_linearifolia.json,3747027451,https://www.inaturalist.org/observations/100506830,Rhodiola coccinea (Royle) Boriss.,Rhodiola coccinea (Royle) Boriss.,7334424,43.045094,76.950675,261,WGS84,2016-07-13T11:43,2016,7,13,HUMAN_OBSERVATION,PRESENT,iNaturalist research-grade observations,iNaturalist,Observations,http://creativecommons.org/licenses/by-nc/4.0/legalcode,Kazakhstan,Almaty,,inside,inside
Rhodiola linearifolia,Rhodiola_linearifolia.json,3746952412,https://www.inaturalist.org/observations/80352255,Rhodiola coccinea (Royle) Boriss.,Rhodiola coccinea (Royle) Boriss.,7334424,43.08582,77.05306,50,WGS84,2016-08-29T12:12,2016,8,29,HUMAN_OBSERVATION,PRESENT,iNaturalist research-grade observations,iNaturalist,Observations,http://creativecommons.org/licenses/by-nc/4.0/legalcode,Kazakhstan,Almaty,,inside,inside
Rhodiola linearifolia,Rhodiola_linearifolia.json,5008111204,https://www.inaturalist.org/observations/255898641,Rhodiola kirilowii (Regel) Maxim.,Rhodiola kirilowii (Regel) Maxim.,7334350,43.041438,76.890949,7813,WGS84,2014-06-10T18:42,2014,6,10,HUMAN_OBSERVATION,PRESENT,iNaturalist research-grade observations,iNaturalist,Observations,http://creativecommons.org/licenses/by-nc/4.0/legalcode,Kazakhstan,Almaty,,inside,inside
Rhodiola linearifolia,Rhodiola_linearifolia.json,2382578169,https://brnu.jacq.org/BRNU653633,Rhodiola coccinea (Royle) Boriss.,Rhodiola coccinea (Royle) Boriss.,7334424,42.96583,76.64278,,WGS84,2014-07-09,2014,7,9,PRESERVED_SPECIMEN,PRESENT,,BRNU,Herbarium BRNU,http://creativecommons.org/licenses/by/4.0/legalcode,Kazakhstan,,"Kazakhstan, prov. Almaty, distr. Karasai. Tien Shan, Zailiskii Alatau, right side of the uppermost part of the Kaskelen river valley; 425717–5837 N, 763830–37 E; 2740–3020 m a. s. l. Alpine meadows and tundra. Coordinates: 425757 N & 763834 E",inside,inside
Rhodiola linearifolia,Rhodiola_linearifolia.json,2563601002,https://www.inaturalist.org/observations/37980390,Rhodiola kirilowii (Regel) Maxim.,Rhodiola kirilowii (Regel) Maxim.,7334350,43.007232,75.903535,15,WGS84,2014-07-01T10:32,2014,7,1,HUMAN_OBSERVATION,PRESENT,iNaturalist research-grade observations,iNaturalist,Observations,http://creativecommons.org/licenses/by-nc/4.0/legalcode,Kazakhstan,Almaty,,inside,inside
Rhodiola rosea,Rhodiola_rosea.json,4075629259,https://www.inaturalist.org/observations/152053354,Rhodiola rosea L.,Rhodiola rosea L.,2985688,45.109508,79.988769,,WGS84,2022-07-28T12:45,2022,7,28,HUMAN_OBSERVATION,PRESENT,iNaturalist research-grade observations,iNaturalist,Observations,http://creativecommons.org/licenses/by-nc/4.0/legalcode,Kazakhstan,Almaty,,inside,inside
Rhodiola rosea,Rhodiola_rosea.json,4075725974,https://www.inaturalist.org/observations/151592467,Rhodiola rosea L.,Rhodiola rosea L.,2985688,44.267137,78.475195,137946,WGS84,2021-07-21T11:07,2021,7,21,HUMAN_OBSERVATION,PRESENT,iNaturalist research-grade observations,iNaturalist,Observations,http://creativecommons.org/licenses/by-nc/4.0/legalcode,Kazakhstan,Almaty,,inside,inside
Rhodiola rosea,Rhodiola_rosea.json,4909134168,https://www.inaturalist.org/observations/150495079,Rhodiola rosea L.,Rhodiola rosea L.,2985688,44.777149,79.576052,,WGS84,2021-07-20T12:21,2021,7,20,HUMAN_OBSERVATION,PRESENT,iNaturalist research-grade observations,iNaturalist,Observations,http://creativecommons.org/licenses/by-nc/4.0/legalcode,Kazakhstan,Almaty,,inside,inside
Rhodiola rosea,Rhodiola_rosea.json,4039489827,https://www.inaturalist.org/observations/149304537,Rhodiola rosea L.,Rhodiola rosea L.,2985688,44.996608,79.230529,122,WGS84,2010-08-03T17:19,2010,8,3,HUMAN_OBSERVATION,PRESENT,iNaturalist research-grade observations,iNaturalist,Observations,http://creativecommons.org/licenses/by-nc/4.0/legalcode,Kazakhstan,Almaty,,inside,inside
Rhodiola rosea,Rhodiola_rosea.json,1799009688,MW0837982,Rhodiola rosea L.,Rhodiola rosea L.,2985688,44.168228,78.361358,,WGS84,1956-06-20,1956,6,20,PRESERVED_SPECIMEN,PRESENT,Moscow Digital Herbarium,Moscow State University,MW,http://creativecommons.org/licenses/by/4.0/legalcode,Kazakhstan,,,inside,inside
Rhodiola rosea,Rhodiola_rosea.json,1799009687,MW0837980,Rhodiola rosea L.,Rhodiola rosea L.,2985688,45.804527,81.306338,,WGS84,1928-07-07,1928,7,7,PRESERVED_SPECIMEN,PRESENT,Moscow Digital Herbarium,Moscow State University,MW,http://creativecommons.org/licenses/by/4.0/legalcode,Kazakhstan,,,inside,inside
Rhodiola rosea,Rhodiola_rosea.json,1799009720,MW0837978,Rhodiola rosea L.,Rhodiola rosea L.,2985688,45.745278,81.361857,,WGS84,1928-07-07,1928,7,7,PRESERVED_SPECIMEN,PRESENT,Moscow Digital Herbarium,Moscow State University,MW,http://creativecommons.org/licenses/by/4.0/legalcode,Kazakhstan,,,inside,inside
Rhodiola rosea,Rhodiola_rosea.json,6360119623,23711,Rhodiola rosea L.,Rhodiola rosea L.,2985688,44.671289,79.053913,67752,WGS84,,,,,MATERIAL_CITATION,PRESENT,,,,http://creativecommons.org/licenses/by/4.0/legalcode,Kazakhstan,,24,inside,inside
Rosa fedtschenkoana,Rosa_fedtschenkoana.json,6479479822,https://www.inaturalist.org/observations/389632254,Rosa fedtschenkoana Regel,Rosa webbiana Wall.,3009043,43.161008,77.089953,,WGS84,09-Aug-26 11:40:47,2026,8,9,HUMAN_OBSERVATION,PRESENT,iNaturalist research-grade observations,iNaturalist,Observations,http://creativecommons.org/licenses/by-nc/4.0/legalcode,Kazakhstan,Almaty,,inside,inside
Rosa fedtschenkoana,Rosa_fedtschenkoana.json,6498304724,https://www.inaturalist.org/observations/391393144,Rosa fedtschenkoana Regel,Rosa webbiana Wall.,3009043,43.084992,76.90575,,WGS84,15-Aug-26 11:25:09,2026,8,15,HUMAN_OBSERVATION,PRESENT,iNaturalist research-grade observations,iNaturalist,Observations,http://creativecommons.org/licenses/by-nc/4.0/legalcode,Kazakhstan,Almaty,,inside,inside
Rosa fedtschenkoana,Rosa_fedtschenkoana.json,5154163709,https://www.inaturalist.org/observations/278095114,Rosa fedtschenkoana Regel,Rosa webbiana Wall.,3009043,43.173608,77.07916,1370,WGS84,2025-04-25T13:21,2025,4,25,HUMAN_OBSERVATION,PRESENT,iNaturalist research-grade observations,iNaturalist,Observations,http://creativecommons.org/licenses/by/4.0/legalcode,Kazakhstan,Almaty,,inside,inside
Rosa fedtschenkoana,Rosa_fedtschenkoana.json,5205908721,https://www.inaturalist.org/observations/292309305,Rosa fedtschenkoana Regel,Rosa webbiana Wall.,3009043,43.129577,76.85825,360,WGS84,2025-06-22T10:56,2025,6,22,HUMAN_OBSERVATION,PRESENT,iNaturalist research-grade observations,iNaturalist,Observations,http://creativecommons.org/licenses/by/4.0/legalcode,Kazakhstan,Almaty,,inside,inside
Rosa fedtschenkoana,Rosa_fedtschenkoana.json,5827726993,https://www.inaturalist.org/observations/294837297,Rosa fedtschenkoana Regel,Rosa webbiana Wall.,3009043,43.115058,76.848258,2420,WGS84,2025-06-22T12:09,2025,6,22,HUMAN_OBSERVATION,PRESENT,iNaturalist research-grade observations,iNaturalist,Observations,http://creativecommons.org/licenses/by/4.0/legalcode,Kazakhstan,Almaty,,inside,inside
Rosa fedtschenkoana,Rosa_fedtschenkoana.json,5828534708,https://www.inaturalist.org/observations/295048059,Rosa fedtschenkoana Regel,Rosa webbiana Wall.,3009043,43.107608,76.845557,1192,WGS84,2025-06-22T12:28,2025,6,22,HUMAN_OBSERVATION,PRESENT,iNaturalist research-grade observations,iNaturalist,Observations,http://creativecommons.org/licenses/by/4.0/legalcode,Kazakhstan,Almaty,,inside,inside
Rosa fedtschenkoana,Rosa_fedtschenkoana.json,5230697932,https://www.inaturalist.org/observations/299290043,Rosa fedtschenkoana Regel,Rosa webbiana Wall.,3009043,43.172718,77.107747,,WGS84,19-Jul-25 14:06:57,2025,7,19,HUMAN_OBSERVATION,PRESENT,iNaturalist research-grade observations,iNaturalist,Observations,http://creativecommons.org/licenses/by-nc/4.0/legalcode,Kazakhstan,Almaty,,inside,inside
Rosa fedtschenkoana,Rosa_fedtschenkoana.json,5230902302,https://www.inaturalist.org/observations/298367678,Rosa fedtschenkoana Regel,Rosa webbiana Wall.,3009043,43.097748,76.955246,,WGS84,16-Jul-25 08:12:35,2025,7,16,HUMAN_OBSERVATION,PRESENT,iNaturalist research-grade observations,iNaturalist,Observations,http://creativecommons.org/licenses/by-nc/4.0/legalcode,Kazakhstan,Almaty,,inside,inside
Rosa fedtschenkoana,Rosa_fedtschenkoana.json,5231514829,https://www.inaturalist.org/observations/297648344,Rosa fedtschenkoana Regel,Rosa webbiana Wall.,3009043,43.161008,77.088097,,WGS84,13-Jul-25 18:56:34,2025,7,13,HUMAN_OBSERVATION,PRESENT,iNaturalist research-grade observations,iNaturalist,Observations,http://creativecommons.org/licenses/by-nc/4.0/legalcode,Kazakhstan,Almaty,,inside,inside
Rosa fedtschenkoana,Rosa_fedtschenkoana.json,5282039154,https://www.inaturalist.org/observations/302400278,Rosa fedtschenkoana Regel,Rosa webbiana Wall.,3009043,43.135305,76.953212,,WGS84,30-Jul-25 15:41:35,2025,7,30,HUMAN_OBSERVATION,PRESENT,iNaturalist research-grade observations,iNaturalist,Observations,http://creativecommons.org/licenses/by-nc/4.0/legalcode,Kazakhstan,Almaty,,inside,inside
Rosa fedtschenkoana,Rosa_fedtschenkoana.json,5282562183,https://www.inaturalist.org/observations/303750994,Rosa fedtschenkoana Regel,Rosa webbiana Wall.,3009043,43.08326,76.90678,,WGS84,2025-07-27T08:58,2025,7,27,HUMAN_OBSERVATION,PRESENT,iNaturalist research-grade observations,iNaturalist,Observations,http://creativecommons.org/licenses/by-nc/4.0/legalcode,Kazakhstan,Almaty,,inside,inside
Rosa fedtschenkoana,Rosa_fedtschenkoana.json,5935418986,https://www.inaturalist.org/observations/303336600,Rosa fedtschenkoana Regel,Rosa webbiana Wall.,3009043,43.10907,76.932778,5,WGS84,30-Jul-25 10:22:37,2025,7,30,HUMAN_OBSERVATION,PRESENT,iNaturalist research-grade observations,iNaturalist,Observations,http://creativecommons.org/licenses/by-nc/4.0/legalcode,Kazakhstan,Almaty,,inside,inside
Rosa fedtschenkoana,Rosa_fedtschenkoana.json,5292024506,https://www.inaturalist.org/observations/307563342,Rosa fedtschenkoana Regel,Rosa webbiana Wall.,3009043,43.157945,77.046972,,WGS84,17-Aug-25 08:48:48,2025,8,17,HUMAN_OBSERVATION,PRESENT,iNaturalist research-grade observations,iNaturalist,Observations,http://creativecommons.org/licenses/by-nc/4.0/legalcode,Kazakhstan,Almaty,,inside,inside
Rosa fedtschenkoana,Rosa_fedtschenkoana.json,5293093167,https://www.inaturalist.org/observations/306959843,Rosa fedtschenkoana Regel,Rosa webbiana Wall.,3009043,43.153718,77.074782,,WGS84,2025-08-12T13:09,2025,8,12,HUMAN_OBSERVATION,PRESENT,iNaturalist research-grade observations,iNaturalist,Observations,http://creativecommons.org/licenses/by-nc/4.0/legalcode,Kazakhstan,Almaty,,inside,inside
Rosa fedtschenkoana,Rosa_fedtschenkoana.json,5868164577,https://www.inaturalist.org/observations/321092546,Rosa fedtschenkoana Regel,Rosa webbiana Wall.,3009043,43.16194,77.088746,,WGS84,2025-08-28T16:00,2025,8,28,HUMAN_OBSERVATION,PRESENT,iNaturalist research-grade observations,iNaturalist,Observations,http://creativecommons.org/licenses/by-nc/4.0/legalcode,Kazakhstan,Almaty,,inside,inside
Rosa fedtschenkoana,Rosa_fedtschenkoana.json,5868184366,https://www.inaturalist.org/observations/321099876,Rosa fedtschenkoana Regel,Rosa webbiana Wall.,3009043,43.1626,77.094,,WGS84,2025-08-28T16:32,2025,8,28,HUMAN_OBSERVATION,PRESENT,iNaturalist research-grade observations,iNaturalist,Observations,http://creativecommons.org/licenses/by-nc/4.0/legalcode,Kazakhstan,Almaty,,inside,inside
Rosa fedtschenkoana,Rosa_fedtschenkoana.json,5828400849,https://www.inaturalist.org/observations/312246571,Rosa fedtschenkoana Regel,Rosa webbiana Wall.,3009043,43.171697,77.050483,,WGS84,07-Sep-25 15:20:22,2025,9,7,HUMAN_OBSERVATION,PRESENT,iNaturalist research-grade observations,iNaturalist,Observations,http://creativecommons.org/licenses/by-nc/4.0/legalcode,Kazakhstan,Almaty,,inside,inside
Rosa fedtschenkoana,Rosa_fedtschenkoana.json,5839962472,https://www.inaturalist.org/observations/319092708,Rosa fedtschenkoana Regel,Rosa webbiana Wall.,3009043,43.189297,77.114375,,WGS84,2025-09-28T13:53,2025,9,28,HUMAN_OBSERVATION,PRESENT,iNaturalist research-grade observations,iNaturalist,Observations,http://creativecommons.org/licenses/by/4.0/legalcode,Kazakhstan,Almaty,,inside,inside
Rosa fedtschenkoana,Rosa_fedtschenkoana.json,5840191307,https://www.inaturalist.org/observations/319092676,Rosa fedtschenkoana Regel,Rosa webbiana Wall.,3009043,43.190747,77.120492,,WGS84,2025-09-28T12:33,2025,9,28,HUMAN_OBSERVATION,PRESENT,iNaturalist research-grade observations,iNaturalist,Observations,http://creativecommons.org/licenses/by/4.0/legalcode,Kazakhstan,Almaty,,inside,inside
Rosa fedtschenkoana,Rosa_fedtschenkoana.json,5892917859,https://www.inaturalist.org/observations/325468265,Rosa fedtschenkoana Regel,Rosa webbiana Wall.,3009043,43.177622,77.106646,,WGS84,08-Nov-25 14:13:51,2025,11,8,HUMAN_OBSERVATION,PRESENT,iNaturalist research-grade observations,iNaturalist,Observations,http://creativecommons.org/licenses/by-nc/4.0/legalcode,Kazakhstan,Almaty,,inside,inside
Rosa fedtschenkoana,Rosa_fedtschenkoana.json,4855339559,https://www.inaturalist.org/observations/212201137,Rosa fedtschenkoana Regel,Rosa webbiana Wall.,3009043,43.107711,76.912033,16,WGS84,28-Apr-24 15:17:05,2024,4,28,HUMAN_OBSERVATION,PRESENT,iNaturalist research-grade observations,iNaturalist,Observations,http://creativecommons.org/licenses/by-nc/4.0/legalcode,Kazakhstan,Almaty,,inside,inside
Rosa fedtschenkoana,Rosa_fedtschenkoana.json,4891768325,https://www.inaturalist.org/observations/220836543,Rosa fedtschenkoana Regel,Rosa webbiana Wall.,3009043,43.126096,76.857139,1008,WGS84,2024-06-02T10:18,2024,6,2,HUMAN_OBSERVATION,PRESENT,iNaturalist research-grade observations,iNaturalist,Observations,http://creativecommons.org/licenses/by/4.0/legalcode,Kazakhstan,Almaty,,inside,inside
Rosa fedtschenkoana,Rosa_fedtschenkoana.json,4945670037,https://www.inaturalist.org/observations/239768527,Rosa fedtschenkoana Regel,Rosa webbiana Wall.,3009043,43.116142,76.926571,,WGS84,2024-08-30T16:11,2024,8,30,HUMAN_OBSERVATION,PRESENT,iNaturalist research-grade observations,iNaturalist,Observations,http://creativecommons.org/licenses/by-nc/4.0/legalcode,Kazakhstan,Almaty,,inside,inside
Rosa fedtschenkoana,Rosa_fedtschenkoana.json,5076887786,https://www.inaturalist.org/observations/240571101,Rosa fedtschenkoana Regel,Rosa webbiana Wall.,3009043,43.172082,77.066517,359,WGS84,08-Sep-24 13:36:17,2024,9,8,HUMAN_OBSERVATION,PRESENT,iNaturalist research-grade observations,iNaturalist,Observations,http://creativecommons.org/licenses/by-nc/4.0/legalcode,Kazakhstan,Almaty,,inside,inside
Rosa fedtschenkoana,Rosa_fedtschenkoana.json,5007326509,https://www.inaturalist.org/observations/249597340,Rosa fedtschenkoana Regel,Rosa webbiana Wall.,3009043,43.252094,77.369654,977,WGS84,2024-10-25T14:53,2024,10,25,HUMAN_OBSERVATION,PRESENT,iNaturalist research-grade observations,iNaturalist,Observations,http://creativecommons.org/licenses/by/4.0/legalcode,Kazakhstan,Almaty,,inside,inside
Rosa fedtschenkoana,Rosa_fedtschenkoana.json,4500488192,https://www.inaturalist.org/observations/169151399,Rosa fedtschenkoana Regel,Rosa webbiana Wall.,3009043,43.159435,77.081293,4,WGS84,17-Jun-23 09:21:55,2023,6,17,HUMAN_OBSERVATION,PRESENT,iNaturalist research-grade observations,iNaturalist,Observations,http://creativecommons.org/licenses/by-nc/4.0/legalcode,Kazakhstan,Almaty,,inside,inside
Rosa fedtschenkoana,Rosa_fedtschenkoana.json,4400438073,https://www.inaturalist.org/observations/179302423,Rosa fedtschenkoana Regel,Rosa webbiana Wall.,3009043,43.165302,77.05616,,WGS84,2023-08-18T11:26,2023,8,18,HUMAN_OBSERVATION,PRESENT,iNaturalist research-grade observations,iNaturalist,Observations,http://creativecommons.org/licenses/by-nc/4.0/legalcode,Kazakhstan,Almaty,,inside,inside
Rosa fedtschenkoana,Rosa_fedtschenkoana.json,4597064121,https://www.inaturalist.org/observations/202882932,Rosa fedtschenkoana Regel,Rosa webbiana Wall.,3009043,43.157109,77.025789,,WGS84,2023-09-03T15:36,2023,9,3,HUMAN_OBSERVATION,PRESENT,iNaturalist research-grade observations,iNaturalist,Observations,http://creativecommons.org/licenses/by-nc/4.0/legalcode,Kazakhstan,Almaty,,inside,inside
Rosa fedtschenkoana,Rosa_fedtschenkoana.json,4597546179,https://www.inaturalist.org/observations/202882873,Rosa fedtschenkoana Regel,Rosa webbiana Wall.,3009043,43.16117,77.029656,,WGS84,2023-09-03T15:14,2023,9,3,HUMAN_OBSERVATION,PRESENT,iNaturalist research-grade observations,iNaturalist,Observations,http://creativecommons.org/licenses/by-nc/4.0/legalcode,Kazakhstan,Almaty,,inside,inside
Rosa fedtschenkoana,Rosa_fedtschenkoana.json,4597573300,https://www.inaturalist.org/observations/202882914,Rosa fedtschenkoana Regel,Rosa webbiana Wall.,3009043,43.158473,77.027132,,WGS84,2023-09-03T15:30,2023,9,3,HUMAN_OBSERVATION,PRESENT,iNaturalist research-grade observations,iNaturalist,Observations,http://creativecommons.org/licenses/by-nc/4.0/legalcode,Kazakhstan,Almaty,,inside,inside
Rosa fedtschenkoana,Rosa_fedtschenkoana.json,4416637379,https://www.inaturalist.org/observations/119369598,Rosa fedtschenkoana Regel,Rosa webbiana Wall.,3009043,43.031989,76.609833,4,WGS84,29-May-22 14:09:29,2022,5,29,HUMAN_OBSERVATION,PRESENT,iNaturalist research-grade observations,iNaturalist,Observations,http://creativecommons.org/licenses/by-nc/4.0/legalcode,Kazakhstan,Almaty,,inside,inside
Rosa fedtschenkoana,Rosa_fedtschenkoana.json,4116434273,https://www.inaturalist.org/observations/161129988,Rosa fedtschenkoana Regel,Rosa webbiana Wall.,3009043,42.931947,78.310774,,WGS84,2022-06-21T18:24,2022,6,21,HUMAN_OBSERVATION,PRESENT,iNaturalist research-grade observations,iNaturalist,Observations,http://creativecommons.org/licenses/by-nc/4.0/legalcode,Kazakhstan,Almaty,,inside,inside
Rosa fedtschenkoana,Rosa_fedtschenkoana.json,4054904656,https://www.inaturalist.org/observations/149969012,Rosa fedtschenkoana Regel,Rosa webbiana Wall.,3009043,44.833929,78.962519,,WGS84,2022-08-30T11:24,2022,8,30,HUMAN_OBSERVATION,PRESENT,iNaturalist research-grade observations,iNaturalist,Observations,http://creativecommons.org/licenses/by-nc/4.0/legalcode,Kazakhstan,Almaty,,inside,inside
Rosa fedtschenkoana,Rosa_fedtschenkoana.json,3988485178,https://www.inaturalist.org/observations/143715013,Rosa fedtschenkoana Regel,Rosa webbiana Wall.,3009043,43.082596,76.975342,,WGS84,2022-09-09T11:33,2022,9,9,HUMAN_OBSERVATION,PRESENT,iNaturalist research-grade observations,iNaturalist,Observations,http://creativecommons.org/licenses/by/4.0/legalcode,Kazakhstan,Almaty,,inside,inside
Rosa fedtschenkoana,Rosa_fedtschenkoana.json,4075946229,https://www.inaturalist.org/observations/152967388,Rosa fedtschenkoana Regel,Rosa webbiana Wall.,3009043,43.023867,78.520516,,WGS84,2021-09-10T12:12,2021,9,10,HUMAN_OBSERVATION,PRESENT,iNaturalist research-grade observations,iNaturalist,Observations,http://creativecommons.org/licenses/by-nc/4.0/legalcode,Kazakhstan,Almaty,,inside,inside
Rosa fedtschenkoana,Rosa_fedtschenkoana.json,2574241518,https://www.inaturalist.org/observations/38457016,Rosa fedtschenkoana Regel,Rosa webbiana Wall.,3009043,43.103483,77.075022,,WGS84,2020-02-08T11:18,2020,2,8,HUMAN_OBSERVATION,PRESENT,iNaturalist research-grade observations,iNaturalist,Observations,http://creativecommons.org/licenses/by-nc/4.0/legalcode,Kazakhstan,Almaty,,inside,inside
Rosa fedtschenkoana,Rosa_fedtschenkoana.json,4993995060,https://www.inaturalist.org/observations/254294903,Rosa fedtschenkoana Regel,Rosa webbiana Wall.,3009043,43.079595,77.052106,1860,WGS84,2018-08-02T11:46,2018,8,2,HUMAN_OBSERVATION,PRESENT,iNaturalist research-grade observations,iNaturalist,Observations,http://creativecommons.org/licenses/by/4.0/legalcode,Kazakhstan,Almaty,,inside,inside
Rosa fedtschenkoana,Rosa_fedtschenkoana.json,2580245256,https://www.inaturalist.org/observations/39572859,Rosa fedtschenkoana Regel,Rosa webbiana Wall.,3009043,43.160836,77.02964,,WGS84,2017-06-15T10:14,2017,6,15,HUMAN_OBSERVATION,PRESENT,iNaturalist research-grade observations,iNaturalist,Observations,http://creativecommons.org/licenses/by-nc/4.0/legalcode,Kazakhstan,Almaty,,inside,inside
Rosa fedtschenkoana,Rosa_fedtschenkoana.json,3008436561,https://www.inaturalist.org/observations/66649132,Rosa fedtschenkoana Regel,Rosa webbiana Wall.,3009043,43.114372,76.751261,1500,WGS84,2014-06-29T11:09,2014,6,29,HUMAN_OBSERVATION,PRESENT,iNaturalist research-grade observations,iNaturalist,Observations,http://creativecommons.org/licenses/by-nc/4.0/legalcode,Kazakhstan,Almaty,,inside,inside
Rosa fedtschenkoana,Rosa_fedtschenkoana.json,2382579506,https://brnu.jacq.org/BRNU653453,Rosa fedtschenkoana Regel,Rosa webbiana Wall.,3009043,43.01711,76.61686,,WGS84,2014-07-08,2014,7,8,PRESERVED_SPECIMEN,PRESENT,,BRNU,Herbarium BRNU,http://creativecommons.org/licenses/by/4.0/legalcode,Kazakhstan,,"Kazakhstan, prov. Almaty, distr. Karasai. Tien Shan, upper part of the Kaskelen stream valley; 1869 m a. s. l. Meadow steppe. Coordinates: 430101.6 N & 763700.7 E",inside,inside
Rosa fedtschenkoana,Rosa_fedtschenkoana.json,4034866166,https://www.inaturalist.org/observations/148423971,Rosa fedtschenkoana Regel,Rosa webbiana Wall.,3009043,43.149403,76.996187,500,WGS84,2009-07-05T19:19,2009,7,5,HUMAN_OBSERVATION,PRESENT,iNaturalist research-grade observations,iNaturalist,Observations,http://creativecommons.org/publicdomain/zero/1.0/legalcode,Kazakhstan,Almaty,,inside,inside
Rosa fedtschenkoana,Rosa_fedtschenkoana.json,4465388755,https://www.inaturalist.org/observations/148187556,Rosa fedtschenkoana Regel,Rosa webbiana Wall.,3009043,43.152175,76.992286,300,WGS84,2009-07-05T14:19,2009,7,5,HUMAN_OBSERVATION,PRESENT,iNaturalist research-grade observations,iNaturalist,Observations,http://creativecommons.org/publicdomain/zero/1.0/legalcode,Kazakhstan,Almaty,,inside,inside
Rosa fedtschenkoana,Rosa_fedtschenkoana.json,6360116822,38478,Rosa fedtschenkoana Regel,Rosa webbiana Wall.,3009043,43.087285,76.399767,21452,WGS84,,,,,MATERIAL_CITATION,PRESENT,,,,http://creativecommons.org/licenses/by/4.0/legalcode,Kazakhstan,,25,inside,inside
Rumex tianschanicus,Rumex_tianschanicus.json,6334531768,https://www.inaturalist.org/observations/356630637,Rumex tianschanicus Losinsk.,Rumex tianschanicus Losinsk.,4035491,43.114431,76.91191,,WGS84,2026-04-24T16:33,2026,4,24,HUMAN_OBSERVATION,PRESENT,iNaturalist research-grade observations,iNaturalist,Observations,http://creativecommons.org/licenses/by-nc/4.0/legalcode,Kazakhstan,Almaty,,inside,inside
Rumex tianschanicus,Rumex_tianschanicus.json,6273169846,https://www.inaturalist.org/observations/360193143,Rumex tianschanicus Losinsk.,Rumex tianschanicus Losinsk.,4035491,43.080208,76.983322,29,WGS84,06-May-26 13:43:27,2026,5,6,HUMAN_OBSERVATION,PRESENT,iNaturalist research-grade observations,iNaturalist,Observations,http://creativecommons.org/licenses/by-nc/4.0/legalcode,Kazakhstan,Almaty,,inside,inside
Rumex tianschanicus,Rumex_tianschanicus.json,6273312477,https://www.inaturalist.org/observations/360198823,Rumex tianschanicus Losinsk.,Rumex tianschanicus Losinsk.,4035491,43.079811,76.983405,4,WGS84,06-May-26 13:44:13,2026,5,6,HUMAN_OBSERVATION,PRESENT,iNaturalist research-grade observations,iNaturalist,Observations,http://creativecommons.org/licenses/by-nc/4.0/legalcode,Kazakhstan,Almaty,,inside,inside
Rumex tianschanicus,Rumex_tianschanicus.json,6273467898,https://www.inaturalist.org/observations/360674938,Rumex tianschanicus Losinsk.,Rumex tianschanicus Losinsk.,4035491,43.080792,76.990463,24,WGS84,08-May-26 12:28:12,2026,5,8,HUMAN_OBSERVATION,PRESENT,iNaturalist research-grade observations,iNaturalist,Observations,http://creativecommons.org/licenses/by-nc/4.0/legalcode,Kazakhstan,Almaty,,inside,inside
Rumex tianschanicus,Rumex_tianschanicus.json,6273875124,https://www.inaturalist.org/observations/360161069,Rumex tianschanicus Losinsk.,Rumex tianschanicus Losinsk.,4035491,43.083267,76.977303,13,WGS84,06-May-26 12:49:02,2026,5,6,HUMAN_OBSERVATION,PRESENT,iNaturalist research-grade observations,iNaturalist,Observations,http://creativecommons.org/licenses/by-nc/4.0/legalcode,Kazakhstan,Almaty,,inside,inside
Rumex tianschanicus,Rumex_tianschanicus.json,6274013619,https://www.inaturalist.org/observations/360192796,Rumex tianschanicus Losinsk.,Rumex tianschanicus Losinsk.,4035491,43.080047,76.98333,5,WGS84,06-May-26 13:43:37,2026,5,6,HUMAN_OBSERVATION,PRESENT,iNaturalist research-grade observations,iNaturalist,Observations,http://creativecommons.org/licenses/by-nc/4.0/legalcode,Kazakhstan,Almaty,,inside,inside
Rumex tianschanicus,Rumex_tianschanicus.json,6274086907,https://www.inaturalist.org/observations/360200988,Rumex tianschanicus Losinsk.,Rumex tianschanicus Losinsk.,4035491,43.080486,76.985062,13,WGS84,06-May-26 13:50:45,2026,5,6,HUMAN_OBSERVATION,PRESENT,iNaturalist research-grade observations,iNaturalist,Observations,http://creativecommons.org/licenses/by-nc/4.0/legalcode,Kazakhstan,Almaty,,inside,inside
Rumex tianschanicus,Rumex_tianschanicus.json,6320929318,https://www.inaturalist.org/observations/361101935,Rumex tianschanicus Losinsk.,Rumex tianschanicus Losinsk.,4035491,43.128983,77.079499,13,WGS84,13-May-26 13:46:31,2026,5,13,HUMAN_OBSERVATION,PRESENT,iNaturalist research-grade observations,iNaturalist,Observations,http://creativecommons.org/licenses/by-nc/4.0/legalcode,Kazakhstan,Almaty,,inside,inside
Rumex tianschanicus,Rumex_tianschanicus.json,5140592576,https://www.inaturalist.org/observations/274084601,Rumex tianschanicus Losinsk.,Rumex tianschanicus Losinsk.,4035491,43.088122,76.906525,3,WGS84,2025-04-26T13:54,2025,4,26,HUMAN_OBSERVATION,PRESENT,iNaturalist research-grade observations,iNaturalist,Observations,http://creativecommons.org/licenses/by-nc/4.0/legalcode,Kazakhstan,Almaty,,inside,inside
Rumex tianschanicus,Rumex_tianschanicus.json,5140638619,https://www.inaturalist.org/observations/274105543,Rumex tianschanicus Losinsk.,Rumex tianschanicus Losinsk.,4035491,43.114608,76.915992,4,WGS84,2025-04-26T15:42,2025,4,26,HUMAN_OBSERVATION,PRESENT,iNaturalist research-grade observations,iNaturalist,Observations,http://creativecommons.org/licenses/by-nc/4.0/legalcode,Kazakhstan,Almaty,,inside,inside
Rumex tianschanicus,Rumex_tianschanicus.json,5140795444,https://www.inaturalist.org/observations/274848217,Rumex tianschanicus Losinsk.,Rumex tianschanicus Losinsk.,4035491,43.240667,76.980356,12,WGS84,2025-04-26T10:18,2025,4,26,HUMAN_OBSERVATION,PRESENT,iNaturalist research-grade observations,iNaturalist,Observations,http://creativecommons.org/licenses/by-nc/4.0/legalcode,Kazakhstan,Almaty,,inside,inside
Rumex tianschanicus,Rumex_tianschanicus.json,5153738676,https://www.inaturalist.org/observations/277778595,Rumex tianschanicus Losinsk.,Rumex tianschanicus Losinsk.,4035491,43.11346,76.916243,,WGS84,2025-04-27T17:56,2025,4,27,HUMAN_OBSERVATION,PRESENT,iNaturalist research-grade observations,iNaturalist,Observations,http://creativecommons.org/licenses/by-nc/4.0/legalcode,Kazakhstan,Almaty,,inside,inside
Rumex tianschanicus,Rumex_tianschanicus.json,5897493402,https://www.inaturalist.org/observations/278372168,Rumex tianschanicus Losinsk.,Rumex tianschanicus Losinsk.,4035491,43.107691,76.912288,31,WGS84,2025-04-27T08:44,2025,4,27,HUMAN_OBSERVATION,PRESENT,iNaturalist research-grade observations,iNaturalist,Observations,http://creativecommons.org/licenses/by-nc/4.0/legalcode,Kazakhstan,Almaty,,inside,inside
Rumex tianschanicus,Rumex_tianschanicus.json,4863942752,https://www.inaturalist.org/observations/215087521,Rumex tianschanicus Losinsk.,Rumex tianschanicus Losinsk.,4035491,43.097931,76.907083,,WGS84,2024-05-09T15:30,2024,5,9,HUMAN_OBSERVATION,PRESENT,iNaturalist research-grade observations,iNaturalist,Observations,http://creativecommons.org/licenses/by-nc/4.0/legalcode,Kazakhstan,Almaty,,inside,inside
Rumex tianschanicus,Rumex_tianschanicus.json,4875137154,https://www.inaturalist.org/observations/220192383,Rumex tianschanicus Losinsk.,Rumex tianschanicus Losinsk.,4035491,43.237316,77.048113,61,WGS84,2024-06-01T11:33,2024,6,1,HUMAN_OBSERVATION,PRESENT,iNaturalist research-grade observations,iNaturalist,Observations,http://creativecommons.org/licenses/by/4.0/legalcode,Kazakhstan,Almaty,,inside,inside
Rumex tianschanicus,Rumex_tianschanicus.json,4875261619,https://www.inaturalist.org/observations/220003063,Rumex tianschanicus Losinsk.,Rumex tianschanicus Losinsk.,4035491,43.177948,77.09446,,WGS84,2024-06-01T09:24,2024,6,1,HUMAN_OBSERVATION,PRESENT,iNaturalist research-grade observations,iNaturalist,Observations,http://creativecommons.org/licenses/by-nc/4.0/legalcode,Kazakhstan,Almaty,,inside,inside
Rumex tianschanicus,Rumex_tianschanicus.json,4901223681,https://www.inaturalist.org/observations/222847228,Rumex tianschanicus Losinsk.,Rumex tianschanicus Losinsk.,4035491,42.775558,79.059569,4,WGS84,2024-06-08T10:53,2024,6,8,HUMAN_OBSERVATION,PRESENT,iNaturalist research-grade observations,iNaturalist,Observations,http://creativecommons.org/licenses/by-nc/4.0/legalcode,Kazakhstan,Almaty,,inside,inside
Rumex tianschanicus,Rumex_tianschanicus.json,4903886894,https://www.inaturalist.org/observations/225902457,Rumex tianschanicus Losinsk.,Rumex tianschanicus Losinsk.,4035491,43.227573,77.053026,90,WGS84,2024-06-29T12:10,2024,6,29,HUMAN_OBSERVATION,PRESENT,iNaturalist research-grade observations,iNaturalist,Observations,http://creativecommons.org/licenses/by/4.0/legalcode,Kazakhstan,Almaty,,inside,inside
Rumex tianschanicus,Rumex_tianschanicus.json,5063617760,https://www.inaturalist.org/observations/259991717,Rumex tianschanicus Losinsk.,Rumex tianschanicus Losinsk.,4035491,43.204563,76.957772,,WGS84,2024-06-04T16:13,2024,6,4,HUMAN_OBSERVATION,PRESENT,iNaturalist research-grade observations,iNaturalist,Observations,http://creativecommons.org/licenses/by-nc/4.0/legalcode,Kazakhstan,Almaty,,inside,inside
Rumex tianschanicus,Rumex_tianschanicus.json,5063619655,https://www.inaturalist.org/observations/259991711,Rumex tianschanicus Losinsk.,Rumex tianschanicus Losinsk.,4035491,43.204493,76.957426,,WGS84,2024-06-04T16:12,2024,6,4,HUMAN_OBSERVATION,PRESENT,iNaturalist research-grade observations,iNaturalist,Observations,http://creativecommons.org/licenses/by-nc/4.0/legalcode,Kazakhstan,Almaty,,inside,inside
Rumex tianschanicus,Rumex_tianschanicus.json,5892882877,https://www.inaturalist.org/observations/152209045,Rumex tianschanicus Losinsk.,Rumex tianschanicus Losinsk.,4035491,43.154121,76.793343,,WGS84,2023-03-23T17:07,2023,3,23,HUMAN_OBSERVATION,PRESENT,iNaturalist research-grade observations,iNaturalist,Observations,http://creativecommons.org/licenses/by/4.0/legalcode,Kazakhstan,Almaty,,inside,inside
Rumex tianschanicus,Rumex_tianschanicus.json,4127131661,https://www.inaturalist.org/observations/164376786,Rumex tianschanicus Losinsk.,Rumex tianschanicus Losinsk.,4035491,43.132961,76.752533,,WGS84,2023-05-28T16:56,2023,5,28,HUMAN_OBSERVATION,PRESENT,iNaturalist research-grade observations,iNaturalist,Observations,http://creativecommons.org/licenses/by/4.0/legalcode,Kazakhstan,Almaty,,inside,inside
Rumex tianschanicus,Rumex_tianschanicus.json,4127440842,https://www.inaturalist.org/observations/164376781,Rumex tianschanicus Losinsk.,Rumex tianschanicus Losinsk.,4035491,43.132865,76.752487,,WGS84,2023-05-28T16:51,2023,5,28,HUMAN_OBSERVATION,PRESENT,iNaturalist research-grade observations,iNaturalist,Observations,http://creativecommons.org/licenses/by/4.0/legalcode,Kazakhstan,Almaty,,inside,inside
Rumex tianschanicus,Rumex_tianschanicus.json,4458701829,https://www.inaturalist.org/observations/192898582,Rumex tianschanicus Losinsk.,Rumex tianschanicus Losinsk.,4035491,43.178364,77.094686,15,WGS84,2023-05-25T10:18,2023,5,25,HUMAN_OBSERVATION,PRESENT,iNaturalist research-grade observations,iNaturalist,Observations,http://creativecommons.org/licenses/by-nc/4.0/legalcode,Kazakhstan,Almaty,,inside,inside
Rumex tianschanicus,Rumex_tianschanicus.json,4949873526,https://www.inaturalist.org/observations/160053880,Rumex tianschanicus Losinsk.,Rumex tianschanicus Losinsk.,4035491,43.13701,77.07262,7,WGS84,06-May-23 17:48:13,2023,5,6,HUMAN_OBSERVATION,PRESENT,iNaturalist research-grade observations,iNaturalist,Observations,http://creativecommons.org/licenses/by-nc/4.0/legalcode,Kazakhstan,Almaty,,inside,inside
Rumex tianschanicus,Rumex_tianschanicus.json,4134213341,https://www.inaturalist.org/observations/166997223,Rumex tianschanicus Losinsk.,Rumex tianschanicus Losinsk.,4035491,43.105269,76.908028,,WGS84,12-Jun-23 16:35:36,2023,6,12,HUMAN_OBSERVATION,PRESENT,iNaturalist research-grade observations,iNaturalist,Observations,http://creativecommons.org/licenses/by/4.0/legalcode,Kazakhstan,Almaty,,inside,inside
Rumex tianschanicus,Rumex_tianschanicus.json,4138186317,https://www.inaturalist.org/observations/167960645,Rumex tianschanicus Losinsk.,Rumex tianschanicus Losinsk.,4035491,43.103453,76.932979,,WGS84,2023-06-17T20:10,2023,6,17,HUMAN_OBSERVATION,PRESENT,iNaturalist research-grade observations,iNaturalist,Observations,http://creativecommons.org/licenses/by-nc/4.0/legalcode,Kazakhstan,Almaty,,inside,inside
Rumex tianschanicus,Rumex_tianschanicus.json,4400167467,https://www.inaturalist.org/observations/170815571,Rumex tianschanicus Losinsk.,Rumex tianschanicus Losinsk.,4035491,43.10402,76.932904,,WGS84,2023-07-02T19:30,2023,7,2,HUMAN_OBSERVATION,PRESENT,iNaturalist research-grade observations,iNaturalist,Observations,http://creativecommons.org/licenses/by-nc/4.0/legalcode,Kazakhstan,Almaty,,inside,inside
Rumex tianschanicus,Rumex_tianschanicus.json,4171571444,https://www.inaturalist.org/observations/177003928,Rumex tianschanicus Losinsk.,Rumex tianschanicus Losinsk.,4035491,43.175,77.101111,,WGS84,05-Aug-23 17:17:55,2023,8,5,HUMAN_OBSERVATION,PRESENT,iNaturalist research-grade observations,iNaturalist,Observations,http://creativecommons.org/licenses/by-nc/4.0/legalcode,Kazakhstan,Almaty,,inside,inside
Rumex tianschanicus,Rumex_tianschanicus.json,4120930381,https://www.inaturalist.org/observations/162454657,Rumex tianschanicus Losinsk.,Rumex tianschanicus Losinsk.,4035491,42.987502,78.459681,,WGS84,2022-06-23T17:57,2022,6,23,HUMAN_OBSERVATION,PRESENT,iNaturalist research-grade observations,iNaturalist,Observations,http://creativecommons.org/licenses/by-nc/4.0/legalcode,Kazakhstan,Almaty,,inside,inside
Rumex tianschanicus,Rumex_tianschanicus.json,4062882769,https://www.inaturalist.org/observations/150646504,Rumex tianschanicus Losinsk.,Rumex tianschanicus Losinsk.,4035491,44.839302,78.977862,,WGS84,2022-07-04T09:32,2022,7,4,HUMAN_OBSERVATION,PRESENT,iNaturalist research-grade observations,iNaturalist,Observations,http://creativecommons.org/licenses/by-nc/4.0/legalcode,Kazakhstan,Almaty,,inside,inside
Rumex tianschanicus,Rumex_tianschanicus.json,2574155445,https://www.inaturalist.org/observations/38423917,Rumex tianschanicus Losinsk.,Rumex tianschanicus Losinsk.,4035491,43.118744,77.078542,,WGS84,2020-02-08T10:06,2020,2,8,HUMAN_OBSERVATION,PRESENT,iNaturalist research-grade observations,iNaturalist,Observations,http://creativecommons.org/licenses/by-nc/4.0/legalcode,Kazakhstan,Almaty,,inside,inside
Rumex tianschanicus,Rumex_tianschanicus.json,2609151070,https://www.inaturalist.org/observations/42557392,Rumex tianschanicus Losinsk.,Rumex tianschanicus Losinsk.,4035491,43.202024,76.960508,5,WGS84,12-Apr-20 14:21:23,2020,4,12,HUMAN_OBSERVATION,PRESENT,iNaturalist research-grade observations,iNaturalist,Observations,http://creativecommons.org/licenses/by-nc/4.0/legalcode,Kazakhstan,Almaty,,inside,inside
Rumex tianschanicus,Rumex_tianschanicus.json,2626659968,https://www.inaturalist.org/observations/46222153,Rumex tianschanicus Losinsk.,Rumex tianschanicus Losinsk.,4035491,43.149459,76.915262,101,WGS84,01-May-20 15:07:11,2020,5,1,HUMAN_OBSERVATION,PRESENT,iNaturalist research-grade observations,iNaturalist,Observations,http://creativecommons.org/licenses/by-nc/4.0/legalcode,Kazakhstan,Almaty,,inside,inside
Rumex tianschanicus,Rumex_tianschanicus.json,2549963706,https://www.inaturalist.org/observations/16320337,Rumex tianschanicus Losinsk.,Rumex tianschanicus Losinsk.,4035491,43.125484,77.080739,15,WGS84,2018-08-25T16:27,2018,8,25,HUMAN_OBSERVATION,PRESENT,iNaturalist research-grade observations,iNaturalist,Observations,http://creativecommons.org/licenses/by-nc/4.0/legalcode,Kazakhstan,Almaty,,inside,inside
Rumex tianschanicus,Rumex_tianschanicus.json,2580115038,https://www.inaturalist.org/observations/39572866,Rumex tianschanicus Losinsk.,Rumex tianschanicus Losinsk.,4035491,43.154233,77.019323,,WGS84,2017-06-15T11:21,2017,6,15,HUMAN_OBSERVATION,PRESENT,iNaturalist research-grade observations,iNaturalist,Observations,http://creativecommons.org/licenses/by-nc/4.0/legalcode,Kazakhstan,Almaty,,inside,inside
Rumex tianschanicus,Rumex_tianschanicus.json,2557743351,https://www.inaturalist.org/observations/37452337,Rumex tianschanicus Losinsk.,Rumex tianschanicus Losinsk.,4035491,43.080982,76.985118,122,WGS84,2016-06-13T17:21,2016,6,13,HUMAN_OBSERVATION,PRESENT,iNaturalist research-grade observations,iNaturalist,Observations,http://creativecommons.org/licenses/by-nc/4.0/legalcode,Kazakhstan,Almaty,,inside,inside
Rumex tianschanicus,Rumex_tianschanicus.json,4046737271,https://www.inaturalist.org/observations/149819676,Rumex tianschanicus Losinsk.,Rumex tianschanicus Losinsk.,4035491,43.232996,77.293127,61,WGS84,2015-05-18T17:48,2015,5,18,HUMAN_OBSERVATION,PRESENT,iNaturalist research-grade observations,iNaturalist,Observations,http://creativecommons.org/licenses/by-nc/4.0/legalcode,Kazakhstan,Almaty,,inside,inside
Rumex tianschanicus,Rumex_tianschanicus.json,6360140947,36251,Rumex tianschanicus Losinsk.,Rumex tianschanicus Losinsk.,4035491,43.087285,76.399767,21452,WGS84,,,,,MATERIAL_CITATION,PRESENT,,,,http://creativecommons.org/licenses/by/4.0/legalcode,Kazakhstan,,25,inside,inside
Sorbus tianschanica,Sorbus_tianschanica.json,6399457439,https://www.inaturalist.org/observations/337799711,Sorbus tianschanica Rupr.,Sorbus tianschanica Rupr.,3012338,43.071717,76.986458,4,WGS84,2026-01-18T11:02,2026,1,18,HUMAN_OBSERVATION,PRESENT,iNaturalist research-grade observations,iNaturalist,Observations,http://creativecommons.org/licenses/by-nc/4.0/legalcode,Kazakhstan,Almaty,,inside,inside
Sorbus tianschanica,Sorbus_tianschanica.json,6352375916,https://www.inaturalist.org/observations/346002618,Sorbus tianschanica Rupr.,Sorbus tianschanica Rupr.,3012338,43.122019,77.079931,,WGS84,2026-02-22T15:02,2026,2,22,HUMAN_OBSERVATION,PRESENT,iNaturalist research-grade observations,iNaturalist,Observations,http://creativecommons.org/licenses/by-nc/4.0/legalcode,Kazakhstan,Almaty,,inside,inside
Sorbus tianschanica,Sorbus_tianschanica.json,6352544586,https://www.inaturalist.org/observations/346002623,Sorbus tianschanica Rupr.,Sorbus tianschanica Rupr.,3012338,43.132789,77.077325,,WGS84,2026-02-22T15:38,2026,2,22,HUMAN_OBSERVATION,PRESENT,iNaturalist research-grade observations,iNaturalist,Observations,http://creativecommons.org/licenses/by-nc/4.0/legalcode,Kazakhstan,Almaty,,inside,inside
Sorbus tianschanica,Sorbus_tianschanica.json,6252746930,https://www.inaturalist.org/observations/357115484,Sorbus tianschanica Rupr.,Sorbus tianschanica Rupr.,3012338,43.096647,76.953898,,WGS84,2026-04-26T07:17,2026,4,26,HUMAN_OBSERVATION,PRESENT,iNaturalist research-grade observations,iNaturalist,Observations,http://creativecommons.org/licenses/by/4.0/legalcode,Kazakhstan,Almaty,,inside,inside
Sorbus tianschanica,Sorbus_tianschanica.json,6253306343,https://www.inaturalist.org/observations/357115533,Sorbus tianschanica Rupr.,Sorbus tianschanica Rupr.,3012338,43.102792,76.950438,,WGS84,2026-04-26T08:12,2026,4,26,HUMAN_OBSERVATION,PRESENT,iNaturalist research-grade observations,iNaturalist,Observations,http://creativecommons.org/licenses/by/4.0/legalcode,Kazakhstan,Almaty,,inside,inside
Sorbus tianschanica,Sorbus_tianschanica.json,6334578422,https://www.inaturalist.org/observations/359605518,Sorbus tianschanica Rupr.,Sorbus tianschanica Rupr.,3012338,43.159458,76.991618,,WGS84,2026-04-26T18:46,2026,4,26,HUMAN_OBSERVATION,PRESENT,iNaturalist research-grade observations,iNaturalist,Observations,http://creativecommons.org/licenses/by-nc/4.0/legalcode,Kazakhstan,Almaty,,inside,inside
Sorbus tianschanica,Sorbus_tianschanica.json,6398636118,https://www.inaturalist.org/observations/359605356,Sorbus tianschanica Rupr.,Sorbus tianschanica Rupr.,3012338,43.160462,76.991686,,WGS84,2026-04-26T18:27,2026,4,26,HUMAN_OBSERVATION,PRESENT,iNaturalist research-grade observations,iNaturalist,Observations,http://creativecommons.org/licenses/by-nc/4.0/legalcode,Kazakhstan,Almaty,,inside,inside
Sorbus tianschanica,Sorbus_tianschanica.json,6398706546,https://www.inaturalist.org/observations/359605324,Sorbus tianschanica Rupr.,Sorbus tianschanica Rupr.,3012338,43.161703,76.991164,,WGS84,2026-04-26T18:22,2026,4,26,HUMAN_OBSERVATION,PRESENT,iNaturalist research-grade observations,iNaturalist,Observations,http://creativecommons.org/licenses/by-nc/4.0/legalcode,Kazakhstan,Almaty,,inside,inside
Sorbus tianschanica,Sorbus_tianschanica.json,6399269865,https://www.inaturalist.org/observations/359032274,Sorbus tianschanica Rupr.,Sorbus tianschanica Rupr.,3012338,43.085838,76.906142,,WGS84,2026-04-25T15:38,2026,4,25,HUMAN_OBSERVATION,PRESENT,iNaturalist research-grade observations,iNaturalist,Observations,http://creativecommons.org/licenses/by-nc/4.0/legalcode,Kazakhstan,Almaty,,inside,inside
Sorbus tianschanica,Sorbus_tianschanica.json,6399303761,https://www.inaturalist.org/observations/357317158,Sorbus tianschanica Rupr.,Sorbus tianschanica Rupr.,3012338,43.105399,76.920196,,WGS84,2026-04-24T17:40,2026,4,24,HUMAN_OBSERVATION,PRESENT,iNaturalist research-grade observations,iNaturalist,Observations,http://creativecommons.org/licenses/by-nc/4.0/legalcode,Kazakhstan,Almaty,,inside,inside
Sorbus tianschanica,Sorbus_tianschanica.json,6399648295,https://www.inaturalist.org/observations/359032326,Sorbus tianschanica Rupr.,Sorbus tianschanica Rupr.,3012338,43.085838,76.906142,,WGS84,2026-04-25T15:41,2026,4,25,HUMAN_OBSERVATION,PRESENT,iNaturalist research-grade observations,iNaturalist,Observations,http://creativecommons.org/licenses/by-nc/4.0/legalcode,Kazakhstan,Almaty,,inside,inside
Sorbus tianschanica,Sorbus_tianschanica.json,6400025055,https://www.inaturalist.org/observations/359306801,Sorbus tianschanica Rupr.,Sorbus tianschanica Rupr.,3012338,43.085463,76.90607,,WGS84,2026-04-25T17:25,2026,4,25,HUMAN_OBSERVATION,PRESENT,iNaturalist research-grade observations,iNaturalist,Observations,http://creativecommons.org/licenses/by-nc/4.0/legalcode,Kazakhstan,Almaty,,inside,inside
Sorbus tianschanica,Sorbus_tianschanica.json,6273168964,https://www.inaturalist.org/observations/360321408,Sorbus tianschanica Rupr.,Sorbus tianschanica Rupr.,3012338,43.059911,76.982955,5,WGS84,06-May-26 17:41:24,2026,5,6,HUMAN_OBSERVATION,PRESENT,iNaturalist research-grade observations,iNaturalist,Observations,http://creativecommons.org/licenses/by-nc/4.0/legalcode,Kazakhstan,Almaty,,inside,inside
Sorbus tianschanica,Sorbus_tianschanica.json,6273251418,https://www.inaturalist.org/observations/360260653,Sorbus tianschanica Rupr.,Sorbus tianschanica Rupr.,3012338,43.074006,76.987962,67,WGS84,06-May-26 15:56:11,2026,5,6,HUMAN_OBSERVATION,PRESENT,iNaturalist research-grade observations,iNaturalist,Observations,http://creativecommons.org/licenses/by-nc/4.0/legalcode,Kazakhstan,Almaty,,inside,inside
Sorbus tianschanica,Sorbus_tianschanica.json,6273784571,https://www.inaturalist.org/observations/360207593,Sorbus tianschanica Rupr.,Sorbus tianschanica Rupr.,3012338,43.078908,76.988105,10,WGS84,06-May-26 14:16:57,2026,5,6,HUMAN_OBSERVATION,PRESENT,iNaturalist research-grade observations,iNaturalist,Observations,http://creativecommons.org/licenses/by-nc/4.0/legalcode,Kazakhstan,Almaty,,inside,inside
Sorbus tianschanica,Sorbus_tianschanica.json,6273875472,https://www.inaturalist.org/observations/360282671,Sorbus tianschanica Rupr.,Sorbus tianschanica Rupr.,3012338,43.065047,76.988563,4,WGS84,06-May-26 16:38:02,2026,5,6,HUMAN_OBSERVATION,PRESENT,iNaturalist research-grade observations,iNaturalist,Observations,http://creativecommons.org/licenses/by-nc/4.0/legalcode,Kazakhstan,Almaty,,inside,inside
Sorbus tianschanica,Sorbus_tianschanica.json,6273947406,https://www.inaturalist.org/observations/360135740,Sorbus tianschanica Rupr.,Sorbus tianschanica Rupr.,3012338,43.084289,76.973013,18,WGS84,06-May-26 12:19:51,2026,5,6,HUMAN_OBSERVATION,PRESENT,iNaturalist research-grade observations,iNaturalist,Observations,http://creativecommons.org/licenses/by-nc/4.0/legalcode,Kazakhstan,Almaty,,inside,inside
Sorbus tianschanica,Sorbus_tianschanica.json,6273974391,https://www.inaturalist.org/observations/360556944,Sorbus tianschanica Rupr.,Sorbus tianschanica Rupr.,3012338,43.051667,76.964645,303,WGS84,07-May-26 15:55:04,2026,5,7,HUMAN_OBSERVATION,PRESENT,iNaturalist research-grade observations,iNaturalist,Observations,http://creativecommons.org/licenses/by-nc/4.0/legalcode,Kazakhstan,Almaty,,inside,inside
Sorbus tianschanica,Sorbus_tianschanica.json,6274024764,https://www.inaturalist.org/observations/360172574,Sorbus tianschanica Rupr.,Sorbus tianschanica Rupr.,3012338,43.08192,76.979247,8,WGS84,06-May-26 12:55:40,2026,5,6,HUMAN_OBSERVATION,PRESENT,iNaturalist research-grade observations,iNaturalist,Observations,http://creativecommons.org/licenses/by-nc/4.0/legalcode,Kazakhstan,Almaty,,inside,inside
Sorbus tianschanica,Sorbus_tianschanica.json,6274240304,https://www.inaturalist.org/observations/360264427,Sorbus tianschanica Rupr.,Sorbus tianschanica Rupr.,3012338,43.0732,76.986808,4,WGS84,06-May-26 16:01:22,2026,5,6,HUMAN_OBSERVATION,PRESENT,iNaturalist research-grade observations,iNaturalist,Observations,http://creativecommons.org/licenses/by-nc/4.0/legalcode,Kazakhstan,Almaty,,inside,inside
Sorbus tianschanica,Sorbus_tianschanica.json,6320917579,https://www.inaturalist.org/observations/361101831,Sorbus tianschanica Rupr.,Sorbus tianschanica Rupr.,3012338,43.124684,77.081308,9,WGS84,13-May-26 13:32:14,2026,5,13,HUMAN_OBSERVATION,PRESENT,iNaturalist research-grade observations,iNaturalist,Observations,http://creativecommons.org/licenses/by-nc/4.0/legalcode,Kazakhstan,Almaty,,inside,inside
Sorbus tianschanica,Sorbus_tianschanica.json,6334595000,https://www.inaturalist.org/observations/363257977,Sorbus tianschanica Rupr.,Sorbus tianschanica Rupr.,3012338,43.057714,76.974962,4,WGS84,20-May-26 06:02:41,2026,5,20,HUMAN_OBSERVATION,PRESENT,iNaturalist research-grade observations,iNaturalist,Observations,http://creativecommons.org/licenses/by-nc/4.0/legalcode,Kazakhstan,Almaty,,inside,inside
Sorbus tianschanica,Sorbus_tianschanica.json,6334760614,https://www.inaturalist.org/observations/364695470,Sorbus tianschanica Rupr.,Sorbus tianschanica Rupr.,3012338,43.153507,77.017619,,WGS84,24-May-26 14:56:12,2026,5,24,HUMAN_OBSERVATION,PRESENT,iNaturalist research-grade observations,iNaturalist,Observations,http://creativecommons.org/licenses/by-nc/4.0/legalcode,Kazakhstan,Almaty,,inside,inside
Sorbus tianschanica,Sorbus_tianschanica.json,6352838632,https://www.inaturalist.org/observations/366702393,Sorbus tianschanica Rupr.,Sorbus tianschanica Rupr.,3012338,43.123857,76.827205,661,WGS84,23-May-26 14:39:02,2026,5,23,HUMAN_OBSERVATION,PRESENT,iNaturalist research-grade observations,iNaturalist,Observations,http://creativecommons.org/licenses/by-nc/4.0/legalcode,Kazakhstan,Almaty,,inside,inside
Sorbus tianschanica,Sorbus_tianschanica.json,6398736538,https://www.inaturalist.org/observations/360556393,Sorbus tianschanica Rupr.,Sorbus tianschanica Rupr.,3012338,43.052697,76.965303,189,WGS84,07-May-26 15:46:16,2026,5,7,HUMAN_OBSERVATION,PRESENT,iNaturalist research-grade observations,iNaturalist,Observations,http://creativecommons.org/licenses/by-nc/4.0/legalcode,Kazakhstan,Almaty,,inside,inside
Sorbus tianschanica,Sorbus_tianschanica.json,6398873816,https://www.inaturalist.org/observations/358865473,Sorbus tianschanica Rupr.,Sorbus tianschanica Rupr.,3012338,43.073038,76.984942,3,WGS84,06-May-26 14:34:14,2026,5,6,HUMAN_OBSERVATION,PRESENT,iNaturalist research-grade observations,iNaturalist,Observations,http://creativecommons.org/licenses/by-nc/4.0/legalcode,Kazakhstan,Almaty,,inside,inside
Sorbus tianschanica,Sorbus_tianschanica.json,6399031659,https://www.inaturalist.org/observations/360173426,Sorbus tianschanica Rupr.,Sorbus tianschanica Rupr.,3012338,43.079706,76.980897,27,WGS84,06-May-26 13:02:27,2026,5,6,HUMAN_OBSERVATION,PRESENT,iNaturalist research-grade observations,iNaturalist,Observations,http://creativecommons.org/licenses/by-nc/4.0/legalcode,Kazakhstan,Almaty,,inside,inside
Sorbus tianschanica,Sorbus_tianschanica.json,6399572735,https://www.inaturalist.org/observations/360651379,Sorbus tianschanica Rupr.,Sorbus tianschanica Rupr.,3012338,43.055081,76.971563,5,WGS84,07-May-26 17:55:24,2026,5,7,HUMAN_OBSERVATION,PRESENT,iNaturalist research-grade observations,iNaturalist,Observations,http://creativecommons.org/licenses/by-nc/4.0/legalcode,Kazakhstan,Almaty,,inside,inside
Sorbus tianschanica,Sorbus_tianschanica.json,6399909258,https://www.inaturalist.org/observations/360321067,Sorbus tianschanica Rupr.,Sorbus tianschanica Rupr.,3012338,43.060222,76.983575,23,WGS84,06-May-26 17:40:24,2026,5,6,HUMAN_OBSERVATION,PRESENT,iNaturalist research-grade observations,iNaturalist,Observations,http://creativecommons.org/licenses/by-nc/4.0/legalcode,Kazakhstan,Almaty,,inside,inside
Sorbus tianschanica,Sorbus_tianschanica.json,6400685953,https://www.inaturalist.org/observations/360607841,Sorbus tianschanica Rupr.,Sorbus tianschanica Rupr.,3012338,43.054192,76.964622,4,WGS84,07-May-26 16:19:59,2026,5,7,HUMAN_OBSERVATION,PRESENT,iNaturalist research-grade observations,iNaturalist,Observations,http://creativecommons.org/licenses/by-nc/4.0/legalcode,Kazakhstan,Almaty,,inside,inside
Sorbus tianschanica,Sorbus_tianschanica.json,6400768533,https://www.inaturalist.org/observations/360550906,Sorbus tianschanica Rupr.,Sorbus tianschanica Rupr.,3012338,43.055967,76.972947,5,WGS84,07-May-26 14:27:06,2026,5,7,HUMAN_OBSERVATION,PRESENT,iNaturalist research-grade observations,iNaturalist,Observations,http://creativecommons.org/licenses/by-nc/4.0/legalcode,Kazakhstan,Almaty,,inside,inside
Sorbus tianschanica,Sorbus_tianschanica.json,6400940509,https://www.inaturalist.org/observations/360636162,Sorbus tianschanica Rupr.,Sorbus tianschanica Rupr.,3012338,43.055195,76.967553,51,WGS84,07-May-26 17:18:03,2026,5,7,HUMAN_OBSERVATION,PRESENT,iNaturalist research-grade observations,iNaturalist,Observations,http://creativecommons.org/licenses/by-nc/4.0/legalcode,Kazakhstan,Almaty,,inside,inside
Sorbus tianschanica,Sorbus_tianschanica.json,6399197882,https://www.inaturalist.org/observations/371172662,Sorbus tianschanica Rupr.,Sorbus tianschanica Rupr.,3012338,43.077337,76.988925,217,WGS84,09-Jun-26 11:52:31,2026,6,9,HUMAN_OBSERVATION,PRESENT,iNaturalist research-grade observations,iNaturalist,Observations,http://creativecommons.org/licenses/by-nc/4.0/legalcode,Kazakhstan,Almaty,,inside,inside
Sorbus tianschanica,Sorbus_tianschanica.json,6399775721,https://www.inaturalist.org/observations/372010285,Sorbus tianschanica Rupr.,Sorbus tianschanica Rupr.,3012338,43.142575,77.064864,16,WGS84,15-Jun-26 11:34:44,2026,6,15,HUMAN_OBSERVATION,PRESENT,iNaturalist research-grade observations,iNaturalist,Observations,http://creativecommons.org/licenses/by-nc/4.0/legalcode,Kazakhstan,Almaty,,inside,inside
Sorbus tianschanica,Sorbus_tianschanica.json,6498488420,https://www.inaturalist.org/observations/392004578,Sorbus tianschanica Rupr.,Sorbus tianschanica Rupr.,3012338,43.151673,76.993395,122,WGS84,2026-06-28T12:52,2026,6,28,HUMAN_OBSERVATION,PRESENT,iNaturalist research-grade observations,iNaturalist,Observations,http://creativecommons.org/licenses/by/4.0/legalcode,Kazakhstan,Almaty,,inside,inside
Sorbus tianschanica,Sorbus_tianschanica.json,6480482756,https://www.inaturalist.org/observations/389600978,Sorbus tianschanica Rupr.,Sorbus tianschanica Rupr.,3012338,43.055589,76.973528,2,WGS84,08-Aug-26 14:32:27,2026,8,8,HUMAN_OBSERVATION,PRESENT,iNaturalist research-grade observations,iNaturalist,Observations,http://creativecommons.org/licenses/by-nc/4.0/legalcode,Kazakhstan,Almaty,,inside,inside
Sorbus tianschanica,Sorbus_tianschanica.json,6498637696,https://www.inaturalist.org/observations/390903950,Sorbus tianschanica Rupr.,Sorbus tianschanica Rupr.,3012338,42.989092,78.324783,,WGS84,13-Aug-26 16:42:30,2026,8,13,HUMAN_OBSERVATION,PRESENT,iNaturalist research-grade observations,iNaturalist,Observations,http://creativecommons.org/licenses/by-nc/4.0/legalcode,Kazakhstan,Almaty,,inside,inside
Sorbus tianschanica,Sorbus_tianschanica.json,6498731377,https://www.inaturalist.org/observations/391399072,Sorbus tianschanica Rupr.,Sorbus tianschanica Rupr.,3012338,43.085436,76.906197,,WGS84,15-Aug-26 11:30:51,2026,8,15,HUMAN_OBSERVATION,PRESENT,iNaturalist research-grade observations,iNaturalist,Observations,http://creativecommons.org/licenses/by-nc/4.0/legalcode,Kazakhstan,Almaty,,inside,inside
Sorbus tianschanica,Sorbus_tianschanica.json,6499904462,https://www.inaturalist.org/observations/394057632,Sorbus tianschanica Rupr.,Sorbus tianschanica Rupr.,3012338,43.158753,78.084897,,WGS84,15-Aug-26 14:49:39,2026,8,15,HUMAN_OBSERVATION,PRESENT,iNaturalist research-grade observations,iNaturalist,Observations,http://creativecommons.org/licenses/by-nc/4.0/legalcode,Kazakhstan,Almaty,,inside,inside
Sorbus tianschanica,Sorbus_tianschanica.json,6500045789,https://www.inaturalist.org/observations/391774331,Sorbus tianschanica Rupr.,Sorbus tianschanica Rupr.,3012338,43.103063,78.099268,,WGS84,16-Aug-26 13:35:17,2026,8,16,HUMAN_OBSERVATION,PRESENT,iNaturalist research-grade observations,iNaturalist,Observations,http://creativecommons.org/licenses/by-nc/4.0/legalcode,Kazakhstan,Almaty,,inside,inside
Sorbus tianschanica,Sorbus_tianschanica.json,6130238626,https://www.inaturalist.org/observations/260785995,Sorbus tianschanica Rupr.,Sorbus tianschanica Rupr.,3012338,43.168164,76.603361,7,WGS84,06-Feb-25 13:13:05,2025,2,6,HUMAN_OBSERVATION,PRESENT,iNaturalist research-grade observations,iNaturalist,Observations,http://creativecommons.org/licenses/by-nc/4.0/legalcode,Kazakhstan,Almaty,,inside,inside
Sorbus tianschanica,Sorbus_tianschanica.json,5140482443,https://www.inaturalist.org/observations/274083270,Sorbus tianschanica Rupr.,Sorbus tianschanica Rupr.,3012338,43.085452,76.906234,31,WGS84,2025-04-26T14:13,2025,4,26,HUMAN_OBSERVATION,PRESENT,iNaturalist research-grade observations,iNaturalist,Observations,http://creativecommons.org/licenses/by-nc/4.0/legalcode,Kazakhstan,Almaty,,inside,inside
Sorbus tianschanica,Sorbus_tianschanica.json,5140682646,https://www.inaturalist.org/observations/274085222,Sorbus tianschanica Rupr.,Sorbus tianschanica Rupr.,3012338,43.086333,76.906228,5,WGS84,2025-04-26T14:02,2025,4,26,HUMAN_OBSERVATION,PRESENT,iNaturalist research-grade observations,iNaturalist,Observations,http://creativecommons.org/licenses/by-nc/4.0/legalcode,Kazakhstan,Almaty,,inside,inside
Sorbus tianschanica,Sorbus_tianschanica.json,5153125550,https://www.inaturalist.org/observations/277812085,Sorbus tianschanica Rupr.,Sorbus tianschanica Rupr.,3012338,43.108455,76.911931,,WGS84,2025-04-27T15:20,2025,4,27,HUMAN_OBSERVATION,PRESENT,iNaturalist research-grade observations,iNaturalist,Observations,http://creativecommons.org/licenses/by-nc/4.0/legalcode,Kazakhstan,Almaty,,inside,inside
Sorbus tianschanica,Sorbus_tianschanica.json,5154015110,https://www.inaturalist.org/observations/278095296,Sorbus tianschanica Rupr.,Sorbus tianschanica Rupr.,3012338,43.173608,77.07916,1370,WGS84,2025-04-25T13:59,2025,4,25,HUMAN_OBSERVATION,PRESENT,iNaturalist research-grade observations,iNaturalist,Observations,http://creativecommons.org/licenses/by/4.0/legalcode,Kazakhstan,Almaty,,inside,inside
Sorbus tianschanica,Sorbus_tianschanica.json,5154125025,https://www.inaturalist.org/observations/277699366,Sorbus tianschanica Rupr.,Sorbus tianschanica Rupr.,3012338,43.11526,77.060299,535,WGS84,2025-04-27T13:41,2025,4,27,HUMAN_OBSERVATION,PRESENT,iNaturalist research-grade observations,iNaturalist,Observations,http://creativecommons.org/licenses/by/4.0/legalcode,Kazakhstan,Almaty,,inside,inside
Sorbus tianschanica,Sorbus_tianschanica.json,5176658646,https://www.inaturalist.org/observations/279987683,Sorbus tianschanica Rupr.,Sorbus tianschanica Rupr.,3012338,43.033706,76.996859,,WGS84,10-May-25 12:11:02,2025,5,10,HUMAN_OBSERVATION,PRESENT,iNaturalist research-grade observations,iNaturalist,Observations,http://creativecommons.org/licenses/by-nc/4.0/legalcode,Kazakhstan,Almaty,,inside,inside
Sorbus tianschanica,Sorbus_tianschanica.json,5199141364,https://www.inaturalist.org/observations/289791701,Sorbus tianschanica Rupr.,Sorbus tianschanica Rupr.,3012338,43.102103,77.075581,,WGS84,15-Jun-25 07:11:11,2025,6,15,HUMAN_OBSERVATION,PRESENT,iNaturalist research-grade observations,iNaturalist,Observations,http://creativecommons.org/licenses/by-nc/4.0/legalcode,Kazakhstan,Almaty,,inside,inside
Sorbus tianschanica,Sorbus_tianschanica.json,5206173651,https://www.inaturalist.org/observations/291980065,Sorbus tianschanica Rupr.,Sorbus tianschanica Rupr.,3012338,43.129002,77.030991,242,WGS84,21-Jun-25 16:27:33,2025,6,21,HUMAN_OBSERVATION,PRESENT,iNaturalist research-grade observations,iNaturalist,Observations,http://creativecommons.org/licenses/by-nc/4.0/legalcode,Kazakhstan,Almaty,,inside,inside
Sorbus tianschanica,Sorbus_tianschanica.json,5935314778,https://www.inaturalist.org/observations/294125302,Sorbus tianschanica Rupr.,Sorbus tianschanica Rupr.,3012338,43.159869,77.056767,,WGS84,26-Jun-25 16:33:22,2025,6,26,HUMAN_OBSERVATION,PRESENT,iNaturalist research-grade observations,iNaturalist,Observations,http://creativecommons.org/licenses/by-nc/4.0/legalcode,Kazakhstan,Almaty,,inside,inside
Sorbus tianschanica,Sorbus_tianschanica.json,5231176652,https://www.inaturalist.org/observations/298938809,Sorbus tianschanica Rupr.,Sorbus tianschanica Rupr.,3012338,43.092992,76.948412,36,WGS84,18-Jul-25 11:47:52,2025,7,18,HUMAN_OBSERVATION,PRESENT,iNaturalist research-grade observations,iNaturalist,Observations,http://creativecommons.org/licenses/by-nc/4.0/legalcode,Kazakhstan,Almaty,,inside,inside
Sorbus tianschanica,Sorbus_tianschanica.json,5238105397,https://www.inaturalist.org/observations/301432334,Sorbus tianschanica Rupr.,Sorbus tianschanica Rupr.,3012338,43.145386,77.062072,1326,WGS84,26-Jul-25 17:46:34,2025,7,26,HUMAN_OBSERVATION,PRESENT,iNaturalist research-grade observations,iNaturalist,Observations,http://creativecommons.org/licenses/by-nc/4.0/legalcode,Kazakhstan,Almaty,,inside,inside
Sorbus tianschanica,Sorbus_tianschanica.json,5282430240,https://www.inaturalist.org/observations/302337550,Sorbus tianschanica Rupr.,Sorbus tianschanica Rupr.,3012338,43.091283,76.948256,,WGS84,2025-07-22T12:39,2025,7,22,HUMAN_OBSERVATION,PRESENT,iNaturalist research-grade observations,iNaturalist,Observations,http://creativecommons.org/licenses/by-nc/4.0/legalcode,Kazakhstan,Almaty,,inside,inside
Sorbus tianschanica,Sorbus_tianschanica.json,5282454358,https://www.inaturalist.org/observations/302572316,Sorbus tianschanica Rupr.,Sorbus tianschanica Rupr.,3012338,43.086998,76.945158,,WGS84,2025-07-22T14:43,2025,7,22,HUMAN_OBSERVATION,PRESENT,iNaturalist research-grade observations,iNaturalist,Observations,http://creativecommons.org/licenses/by-nc/4.0/legalcode,Kazakhstan,Almaty,,inside,inside
Sorbus tianschanica,Sorbus_tianschanica.json,5282629792,https://www.inaturalist.org/observations/303117034,Sorbus tianschanica Rupr.,Sorbus tianschanica Rupr.,3012338,43.049244,76.956216,61,WGS84,2025-07-09T15:51,2025,7,9,HUMAN_OBSERVATION,PRESENT,iNaturalist research-grade observations,iNaturalist,Observations,http://creativecommons.org/licenses/by-nc/4.0/legalcode,Kazakhstan,Almaty,,inside,inside
Sorbus tianschanica,Sorbus_tianschanica.json,5291899904,https://www.inaturalist.org/observations/304428298,Sorbus tianschanica Rupr.,Sorbus tianschanica Rupr.,3012338,43.0718,76.9079,,WGS84,2025-07-27T10:31,2025,7,27,HUMAN_OBSERVATION,PRESENT,iNaturalist research-grade observations,iNaturalist,Observations,http://creativecommons.org/licenses/by-nc/4.0/legalcode,Kazakhstan,Almaty,,inside,inside
Sorbus tianschanica,Sorbus_tianschanica.json,5293234940,https://www.inaturalist.org/observations/304540214,Sorbus tianschanica Rupr.,Sorbus tianschanica Rupr.,3012338,43.0624,76.909773,,WGS84,2025-07-27T11:36,2025,7,27,HUMAN_OBSERVATION,PRESENT,iNaturalist research-grade observations,iNaturalist,Observations,http://creativecommons.org/licenses/by-nc/4.0/legalcode,Kazakhstan,Almaty,,inside,inside
Sorbus tianschanica,Sorbus_tianschanica.json,5844519621,https://www.inaturalist.org/observations/297260009,Sorbus tianschanica Rupr.,Sorbus tianschanica Rupr.,3012338,43.17401,77.079467,,WGS84,12-Jul-25 09:51:28,2025,7,12,HUMAN_OBSERVATION,PRESENT,iNaturalist research-grade observations,iNaturalist,Observations,http://creativecommons.org/licenses/by-nc/4.0/legalcode,Kazakhstan,Almaty,,inside,inside
Sorbus tianschanica,Sorbus_tianschanica.json,5935789361,https://www.inaturalist.org/observations/302236364,Sorbus tianschanica Rupr.,Sorbus tianschanica Rupr.,3012338,42.60995,79.841387,8,WGS84,27-Jul-25 05:48:42,2025,7,27,HUMAN_OBSERVATION,PRESENT,iNaturalist research-grade observations,iNaturalist,Observations,http://creativecommons.org/licenses/by-nc/4.0/legalcode,Kazakhstan,Almaty,,inside,inside
Sorbus tianschanica,Sorbus_tianschanica.json,5292869805,https://www.inaturalist.org/observations/306215564,Sorbus tianschanica Rupr.,Sorbus tianschanica Rupr.,3012338,43.148679,77.067544,,WGS84,2025-08-12T10:20,2025,8,12,HUMAN_OBSERVATION,PRESENT,iNaturalist research-grade observations,iNaturalist,Observations,http://creativecommons.org/licenses/by-nc/4.0/legalcode,Kazakhstan,Almaty,,inside,inside
Sorbus tianschanica,Sorbus_tianschanica.json,5293064511,https://www.inaturalist.org/observations/306753613,Sorbus tianschanica Rupr.,Sorbus tianschanica Rupr.,3012338,43.13255,77.077635,118,WGS84,16-Aug-25 15:06:18,2025,8,16,HUMAN_OBSERVATION,PRESENT,iNaturalist research-grade observations,iNaturalist,Observations,http://creativecommons.org/licenses/by-nc/4.0/legalcode,Kazakhstan,Almaty,,inside,inside
Sorbus tianschanica,Sorbus_tianschanica.json,5759557346,https://www.inaturalist.org/observations/310532590,Sorbus tianschanica Rupr.,Sorbus tianschanica Rupr.,3012338,43.053058,76.927497,3382,WGS84,31-Aug-25 18:26:44,2025,8,31,HUMAN_OBSERVATION,PRESENT,iNaturalist research-grade observations,iNaturalist,Observations,http://creativecommons.org/licenses/by-nc/4.0/legalcode,Kazakhstan,Almaty,,inside,inside
Sorbus tianschanica,Sorbus_tianschanica.json,5759573187,https://www.inaturalist.org/observations/307911827,Sorbus tianschanica Rupr.,Sorbus tianschanica Rupr.,3012338,43.151612,77.078384,,WGS84,2025-08-12T14:49,2025,8,12,HUMAN_OBSERVATION,PRESENT,iNaturalist research-grade observations,iNaturalist,Observations,http://creativecommons.org/licenses/by-nc/4.0/legalcode,Kazakhstan,Almaty,,inside,inside
Sorbus tianschanica,Sorbus_tianschanica.json,5760494096,https://www.inaturalist.org/observations/310395508,Sorbus tianschanica Rupr.,Sorbus tianschanica Rupr.,3012338,43.126492,77.080226,13,WGS84,28-Aug-25 11:30:09,2025,8,28,HUMAN_OBSERVATION,PRESENT,iNaturalist research-grade observations,iNaturalist,Observations,http://creativecommons.org/licenses/by-nc/4.0/legalcode,Kazakhstan,Almaty,,inside,inside
Sorbus tianschanica,Sorbus_tianschanica.json,5761185594,https://www.inaturalist.org/observations/310456618,Sorbus tianschanica Rupr.,Sorbus tianschanica Rupr.,3012338,43.108066,77.07434,,WGS84,31-Aug-25 14:44:48,2025,8,31,HUMAN_OBSERVATION,PRESENT,iNaturalist research-grade observations,iNaturalist,Observations,http://creativecommons.org/licenses/by-nc/4.0/legalcode,Kazakhstan,Almaty,,inside,inside
Sorbus tianschanica,Sorbus_tianschanica.json,5868385524,https://www.inaturalist.org/observations/321094253,Sorbus tianschanica Rupr.,Sorbus tianschanica Rupr.,3012338,43.162429,77.092302,,WGS84,2025-08-28T16:22,2025,8,28,HUMAN_OBSERVATION,PRESENT,iNaturalist research-grade observations,iNaturalist,Observations,http://creativecommons.org/licenses/by-nc/4.0/legalcode,Kazakhstan,Almaty,,inside,inside
Sorbus tianschanica,Sorbus_tianschanica.json,5935923984,https://www.inaturalist.org/observations/304236351,Sorbus tianschanica Rupr.,Sorbus tianschanica Rupr.,3012338,43.086599,76.906454,3,WGS84,04-Aug-25 10:27:33,2025,8,4,HUMAN_OBSERVATION,PRESENT,iNaturalist research-grade observations,iNaturalist,Observations,http://creativecommons.org/licenses/by/4.0/legalcode,Kazakhstan,Almaty,,inside,inside
Sorbus tianschanica,Sorbus_tianschanica.json,6130411325,https://www.inaturalist.org/observations/310475970,Sorbus tianschanica Rupr.,Sorbus tianschanica Rupr.,3012338,43.106722,77.07481,46,WGS84,31-Aug-25 12:49:14,2025,8,31,HUMAN_OBSERVATION,PRESENT,iNaturalist research-grade observations,iNaturalist,Observations,http://creativecommons.org/licenses/by-nc/4.0/legalcode,Kazakhstan,Almaty,,inside,inside
Sorbus tianschanica,Sorbus_tianschanica.json,6130595071,https://www.inaturalist.org/observations/318162118,Sorbus tianschanica Rupr.,Sorbus tianschanica Rupr.,3012338,43.182734,77.088518,,WGS84,2025-08-26T11:19,2025,8,26,HUMAN_OBSERVATION,PRESENT,iNaturalist research-grade observations,iNaturalist,Observations,http://creativecommons.org/licenses/by-nc/4.0/legalcode,Kazakhstan,Almaty,,inside,inside
Sorbus tianschanica,Sorbus_tianschanica.json,6131379542,https://www.inaturalist.org/observations/307683072,Sorbus tianschanica Rupr.,Sorbus tianschanica Rupr.,3012338,43.153042,77.076046,,WGS84,2025-08-12T13:53,2025,8,12,HUMAN_OBSERVATION,PRESENT,iNaturalist research-grade observations,iNaturalist,Observations,http://creativecommons.org/licenses/by-nc/4.0/legalcode,Kazakhstan,Almaty,,inside,inside
Sorbus tianschanica,Sorbus_tianschanica.json,5830958503,https://www.inaturalist.org/observations/314737144,Sorbus tianschanica Rupr.,Sorbus tianschanica Rupr.,3012338,43.059473,76.984734,,WGS84,2025-09-13T14:16,2025,9,13,HUMAN_OBSERVATION,PRESENT,iNaturalist research-grade observations,iNaturalist,Observations,http://creativecommons.org/licenses/by-nc/4.0/legalcode,Kazakhstan,Almaty,,inside,inside
Sorbus tianschanica,Sorbus_tianschanica.json,5839915841,https://www.inaturalist.org/observations/319092678,Sorbus tianschanica Rupr.,Sorbus tianschanica Rupr.,3012338,43.18651,77.118492,,WGS84,2025-09-28T12:57,2025,9,28,HUMAN_OBSERVATION,PRESENT,iNaturalist research-grade observations,iNaturalist,Observations,http://creativecommons.org/licenses/by/4.0/legalcode,Kazakhstan,Almaty,,inside,inside
Sorbus tianschanica,Sorbus_tianschanica.json,5840093942,https://www.inaturalist.org/observations/319092675,Sorbus tianschanica Rupr.,Sorbus tianschanica Rupr.,3012338,43.190845,77.120463,,WGS84,2025-09-28T12:32,2025,9,28,HUMAN_OBSERVATION,PRESENT,iNaturalist research-grade observations,iNaturalist,Observations,http://creativecommons.org/licenses/by/4.0/legalcode,Kazakhstan,Almaty,,inside,inside
Sorbus tianschanica,Sorbus_tianschanica.json,5889498695,https://www.inaturalist.org/observations/323778571,Sorbus tianschanica Rupr.,Sorbus tianschanica Rupr.,3012338,43.124828,77.081234,,WGS84,2025-09-27T12:24,2025,9,27,HUMAN_OBSERVATION,PRESENT,iNaturalist research-grade observations,iNaturalist,Observations,http://creativecommons.org/licenses/by-nc/4.0/legalcode,Kazakhstan,Almaty,,inside,inside
Sorbus tianschanica,Sorbus_tianschanica.json,6130452158,https://www.inaturalist.org/observations/318056691,Sorbus tianschanica Rupr.,Sorbus tianschanica Rupr.,3012338,43.12831,76.96389,,WGS84,2025-09-27T17:20,2025,9,27,HUMAN_OBSERVATION,PRESENT,iNaturalist research-grade observations,iNaturalist,Observations,http://creativecommons.org/licenses/by-nc/4.0/legalcode,Kazakhstan,Almaty,,inside,inside
Sorbus tianschanica,Sorbus_tianschanica.json,6131118509,https://www.inaturalist.org/observations/317629648,Sorbus tianschanica Rupr.,Sorbus tianschanica Rupr.,3012338,43.127087,76.968008,,WGS84,2025-09-27T17:02,2025,9,27,HUMAN_OBSERVATION,PRESENT,iNaturalist research-grade observations,iNaturalist,Observations,http://creativecommons.org/licenses/by-nc/4.0/legalcode,Kazakhstan,Almaty,,inside,inside
Sorbus tianschanica,Sorbus_tianschanica.json,6147484963,https://www.inaturalist.org/observations/315773976,Sorbus tianschanica Rupr.,Sorbus tianschanica Rupr.,3012338,42.994564,78.460213,1064,WGS84,2025-09-17,2025,9,17,HUMAN_OBSERVATION,PRESENT,iNaturalist research-grade observations,iNaturalist,Observations,http://creativecommons.org/licenses/by-nc/4.0/legalcode,Kazakhstan,Almaty,,inside,inside
Sorbus tianschanica,Sorbus_tianschanica.json,6399624577,https://www.inaturalist.org/observations/318143084,Sorbus tianschanica Rupr.,Sorbus tianschanica Rupr.,3012338,43.184535,77.11712,,WGS84,2025-09-28T15:56,2025,9,28,HUMAN_OBSERVATION,PRESENT,iNaturalist research-grade observations,iNaturalist,Observations,http://creativecommons.org/licenses/by/4.0/legalcode,Kazakhstan,Almaty,,inside,inside
Sorbus tianschanica,Sorbus_tianschanica.json,4852256077,https://www.inaturalist.org/observations/212152910,Sorbus tianschanica Rupr.,Sorbus tianschanica Rupr.,3012338,43.106358,76.924142,32,WGS84,29-Apr-24 14:12:57,2024,4,29,HUMAN_OBSERVATION,PRESENT,iNaturalist research-grade observations,iNaturalist,Observations,http://creativecommons.org/licenses/by-nc/4.0/legalcode,Kazakhstan,Almaty,,inside,inside
Sorbus tianschanica,Sorbus_tianschanica.json,4852381947,https://www.inaturalist.org/observations/212150310,Sorbus tianschanica Rupr.,Sorbus tianschanica Rupr.,3012338,43.10587,76.923805,6,WGS84,29-Apr-24 14:05:17,2024,4,29,HUMAN_OBSERVATION,PRESENT,iNaturalist research-grade observations,iNaturalist,Observations,http://creativecommons.org/licenses/by-nc/4.0/legalcode,Kazakhstan,Almaty,,inside,inside
Sorbus tianschanica,Sorbus_tianschanica.json,4852399896,https://www.inaturalist.org/observations/212154155,Sorbus tianschanica Rupr.,Sorbus tianschanica Rupr.,3012338,43.106322,76.924247,12,WGS84,29-Apr-24 14:15:11,2024,4,29,HUMAN_OBSERVATION,PRESENT,iNaturalist research-grade observations,iNaturalist,Observations,http://creativecommons.org/licenses/by-nc/4.0/legalcode,Kazakhstan,Almaty,,inside,inside
Sorbus tianschanica,Sorbus_tianschanica.json,4852437787,https://www.inaturalist.org/observations/212208959,Sorbus tianschanica Rupr.,Sorbus tianschanica Rupr.,3012338,43.151879,77.015791,1631,WGS84,2024-04-28T12:39,2024,4,28,HUMAN_OBSERVATION,PRESENT,iNaturalist research-grade observations,iNaturalist,Observations,http://creativecommons.org/licenses/by-nc/4.0/legalcode,Kazakhstan,Almaty,,inside,inside
Sorbus tianschanica,Sorbus_tianschanica.json,4852604756,https://www.inaturalist.org/observations/212154712,Sorbus tianschanica Rupr.,Sorbus tianschanica Rupr.,3012338,43.106292,76.924255,8,WGS84,29-Apr-24 14:16:12,2024,4,29,HUMAN_OBSERVATION,PRESENT,iNaturalist research-grade observations,iNaturalist,Observations,http://creativecommons.org/licenses/by-nc/4.0/legalcode,Kazakhstan,Almaty,,inside,inside
Sorbus tianschanica,Sorbus_tianschanica.json,4854994022,https://www.inaturalist.org/observations/212200507,Sorbus tianschanica Rupr.,Sorbus tianschanica Rupr.,3012338,43.104145,76.911163,64,WGS84,28-Apr-24 15:35:16,2024,4,28,HUMAN_OBSERVATION,PRESENT,iNaturalist research-grade observations,iNaturalist,Observations,http://creativecommons.org/licenses/by-nc/4.0/legalcode,Kazakhstan,Almaty,,inside,inside
Sorbus tianschanica,Sorbus_tianschanica.json,4855029312,https://www.inaturalist.org/observations/212845424,Sorbus tianschanica Rupr.,Sorbus tianschanica Rupr.,3012338,43.122297,76.897863,,WGS84,29-Apr-24 14:20:30,2024,4,29,HUMAN_OBSERVATION,PRESENT,iNaturalist research-grade observations,iNaturalist,Observations,http://creativecommons.org/licenses/by-nc/4.0/legalcode,Kazakhstan,Almaty,,inside,inside
Sorbus tianschanica,Sorbus_tianschanica.json,4863513959,https://www.inaturalist.org/observations/215087494,Sorbus tianschanica Rupr.,Sorbus tianschanica Rupr.,3012338,43.099921,76.906919,,WGS84,2024-05-09T15:24,2024,5,9,HUMAN_OBSERVATION,PRESENT,iNaturalist research-grade observations,iNaturalist,Observations,http://creativecommons.org/licenses/by-nc/4.0/legalcode,Kazakhstan,Almaty,,inside,inside
Sorbus tianschanica,Sorbus_tianschanica.json,4863677112,https://www.inaturalist.org/observations/214882006,Sorbus tianschanica Rupr.,Sorbus tianschanica Rupr.,3012338,43.085828,76.906197,,WGS84,2024-05-09T16:21,2024,5,9,HUMAN_OBSERVATION,PRESENT,iNaturalist research-grade observations,iNaturalist,Observations,http://creativecommons.org/licenses/by-nc/4.0/legalcode,Kazakhstan,Almaty,,inside,inside
Sorbus tianschanica,Sorbus_tianschanica.json,4892182732,https://www.inaturalist.org/observations/218920079,Sorbus tianschanica Rupr.,Sorbus tianschanica Rupr.,3012338,43.104167,76.911389,,WGS84,25-May-24 10:38:55,2024,5,25,HUMAN_OBSERVATION,PRESENT,iNaturalist research-grade observations,iNaturalist,Observations,http://creativecommons.org/licenses/by-nc/4.0/legalcode,Kazakhstan,Almaty,,inside,inside
Sorbus tianschanica,Sorbus_tianschanica.json,4875024272,https://www.inaturalist.org/observations/220013982,Sorbus tianschanica Rupr.,Sorbus tianschanica Rupr.,3012338,43.178529,77.119498,523,WGS84,2024-06-01T11:56,2024,6,1,HUMAN_OBSERVATION,PRESENT,iNaturalist research-grade observations,iNaturalist,Observations,http://creativecommons.org/licenses/by-nc/4.0/legalcode,Kazakhstan,Almaty,,inside,inside
Sorbus tianschanica,Sorbus_tianschanica.json,4875334524,https://www.inaturalist.org/observations/219794178,Sorbus tianschanica Rupr.,Sorbus tianschanica Rupr.,3012338,43.08965,76.908304,,WGS84,01-Jun-24 15:55:51,2024,6,1,HUMAN_OBSERVATION,PRESENT,iNaturalist research-grade observations,iNaturalist,Observations,http://creativecommons.org/licenses/by/4.0/legalcode,Kazakhstan,Almaty,,inside,inside
Sorbus tianschanica,Sorbus_tianschanica.json,4891917723,https://www.inaturalist.org/observations/220836566,Sorbus tianschanica Rupr.,Sorbus tianschanica Rupr.,3012338,43.109878,76.849114,122,WGS84,2024-06-02T11:31,2024,6,2,HUMAN_OBSERVATION,PRESENT,iNaturalist research-grade observations,iNaturalist,Observations,http://creativecommons.org/licenses/by/4.0/legalcode,Kazakhstan,Almaty,,inside,inside
Sorbus tianschanica,Sorbus_tianschanica.json,4892096582,https://www.inaturalist.org/observations/220918632,Sorbus tianschanica Rupr.,Sorbus tianschanica Rupr.,3012338,43.103611,77.075,,WGS84,05-Jun-24 11:02:43,2024,6,5,HUMAN_OBSERVATION,PRESENT,iNaturalist research-grade observations,iNaturalist,Observations,http://creativecommons.org/licenses/by-nc/4.0/legalcode,Kazakhstan,Almaty,,inside,inside
Sorbus tianschanica,Sorbus_tianschanica.json,5007057861,https://www.inaturalist.org/observations/223311015,Sorbus tianschanica Rupr.,Sorbus tianschanica Rupr.,3012338,42.988872,76.625559,488,WGS84,2024-06-16T12:04,2024,6,16,HUMAN_OBSERVATION,PRESENT,iNaturalist research-grade observations,iNaturalist,Observations,http://creativecommons.org/licenses/by/4.0/legalcode,Kazakhstan,Almaty,,inside,inside
Sorbus tianschanica,Sorbus_tianschanica.json,4919179019,https://www.inaturalist.org/observations/231888524,Sorbus tianschanica Rupr.,Sorbus tianschanica Rupr.,3012338,43.098506,76.947738,16,WGS84,26-Jul-24 16:01:52,2024,7,26,HUMAN_OBSERVATION,PRESENT,iNaturalist research-grade observations,iNaturalist,Observations,http://creativecommons.org/licenses/by-nc/4.0/legalcode,Kazakhstan,Almaty,,inside,inside
Sorbus tianschanica,Sorbus_tianschanica.json,4919410158,https://www.inaturalist.org/observations/230538097,Sorbus tianschanica Rupr.,Sorbus tianschanica Rupr.,3012338,43.110215,76.944595,,WGS84,2024-07-20T11:15,2024,7,20,HUMAN_OBSERVATION,PRESENT,iNaturalist research-grade observations,iNaturalist,Observations,http://creativecommons.org/licenses/by-nc/4.0/legalcode,Kazakhstan,Almaty,,inside,inside
Sorbus tianschanica,Sorbus_tianschanica.json,4923600688,https://www.inaturalist.org/observations/234888235,Sorbus tianschanica Rupr.,Sorbus tianschanica Rupr.,3012338,43.215487,77.751299,3117,WGS84,09-Aug-24 08:18:17,2024,8,9,HUMAN_OBSERVATION,PRESENT,iNaturalist research-grade observations,iNaturalist,Observations,http://creativecommons.org/licenses/by-nc/4.0/legalcode,Kazakhstan,Almaty,,inside,inside
Sorbus tianschanica,Sorbus_tianschanica.json,4987444780,https://www.inaturalist.org/observations/253098130,Sorbus tianschanica Rupr.,Sorbus tianschanica Rupr.,3012338,43.099603,76.952675,,WGS84,2024-08-30T18:16,2024,8,30,HUMAN_OBSERVATION,PRESENT,iNaturalist research-grade observations,iNaturalist,Observations,http://creativecommons.org/licenses/by-nc/4.0/legalcode,Kazakhstan,Almaty,,inside,inside
Sorbus tianschanica,Sorbus_tianschanica.json,4987670794,https://www.inaturalist.org/observations/253091903,Sorbus tianschanica Rupr.,Sorbus tianschanica Rupr.,3012338,43.107756,76.953228,,WGS84,2024-08-30T17:49,2024,8,30,HUMAN_OBSERVATION,PRESENT,iNaturalist research-grade observations,iNaturalist,Observations,http://creativecommons.org/licenses/by-nc/4.0/legalcode,Kazakhstan,Almaty,,inside,inside
Sorbus tianschanica,Sorbus_tianschanica.json,4987746092,https://www.inaturalist.org/observations/253204399,Sorbus tianschanica Rupr.,Sorbus tianschanica Rupr.,3012338,43.096352,76.95506,,WGS84,2024-08-30T18:35,2024,8,30,HUMAN_OBSERVATION,PRESENT,iNaturalist research-grade observations,iNaturalist,Observations,http://creativecommons.org/licenses/by-nc/4.0/legalcode,Kazakhstan,Almaty,,inside,inside
Sorbus tianschanica,Sorbus_tianschanica.json,6130034565,https://www.inaturalist.org/observations/240601150,Sorbus tianschanica Rupr.,Sorbus tianschanica Rupr.,3012338,43.111089,76.93288,,WGS84,2024-08-30T16:44,2024,8,30,HUMAN_OBSERVATION,PRESENT,iNaturalist research-grade observations,iNaturalist,Observations,http://creativecommons.org/licenses/by-nc/4.0/legalcode,Kazakhstan,Almaty,,inside,inside
Sorbus tianschanica,Sorbus_tianschanica.json,6130743648,https://www.inaturalist.org/observations/240201442,Sorbus tianschanica Rupr.,Sorbus tianschanica Rupr.,3012338,43.112164,76.931114,,WGS84,2024-08-30T16:39,2024,8,30,HUMAN_OBSERVATION,PRESENT,iNaturalist research-grade observations,iNaturalist,Observations,http://creativecommons.org/licenses/by-nc/4.0/legalcode,Kazakhstan,Almaty,,inside,inside
Sorbus tianschanica,Sorbus_tianschanica.json,6131104901,https://www.inaturalist.org/observations/237716128,Sorbus tianschanica Rupr.,Sorbus tianschanica Rupr.,3012338,43.23331,77.758478,,WGS84,2024-08-22T13:19,2024,8,22,HUMAN_OBSERVATION,PRESENT,iNaturalist research-grade observations,iNaturalist,Observations,http://creativecommons.org/licenses/by-nc/4.0/legalcode,Kazakhstan,Almaty,,inside,inside
Sorbus tianschanica,Sorbus_tianschanica.json,6131323721,https://www.inaturalist.org/observations/240601141,Sorbus tianschanica Rupr.,Sorbus tianschanica Rupr.,3012338,43.111089,76.93288,,WGS84,2024-08-30T16:44,2024,8,30,HUMAN_OBSERVATION,PRESENT,iNaturalist research-grade observations,iNaturalist,Observations,http://creativecommons.org/licenses/by-nc/4.0/legalcode,Kazakhstan,Almaty,,inside,inside
Sorbus tianschanica,Sorbus_tianschanica.json,4946561191,https://www.inaturalist.org/observations/239933339,Sorbus tianschanica Rupr.,Sorbus tianschanica Rupr.,3012338,43.135208,77.075158,,WGS84,05-Sep-24 14:01:16,2024,9,5,HUMAN_OBSERVATION,PRESENT,iNaturalist research-grade observations,iNaturalist,Observations,http://creativecommons.org/licenses/by/4.0/legalcode,Kazakhstan,Almaty,,inside,inside
Sorbus tianschanica,Sorbus_tianschanica.json,4949974914,https://www.inaturalist.org/observations/242684905,Sorbus tianschanica Rupr.,Sorbus tianschanica Rupr.,3012338,43.054814,76.985223,122,WGS84,2024-09-14T13:41,2024,9,14,HUMAN_OBSERVATION,PRESENT,iNaturalist research-grade observations,iNaturalist,Observations,http://creativecommons.org/licenses/by-nc/4.0/legalcode,Kazakhstan,Almaty,,inside,inside
Sorbus tianschanica,Sorbus_tianschanica.json,6130869634,https://www.inaturalist.org/observations/252529233,Sorbus tianschanica Rupr.,Sorbus tianschanica Rupr.,3012338,43.19656,77.126442,,WGS84,2024-09-20T18:24,2024,9,20,HUMAN_OBSERVATION,PRESENT,iNaturalist research-grade observations,iNaturalist,Observations,http://creativecommons.org/licenses/by-nc/4.0/legalcode,Kazakhstan,Almaty,,inside,inside
Sorbus tianschanica,Sorbus_tianschanica.json,6131665373,https://www.inaturalist.org/observations/252001817,Sorbus tianschanica Rupr.,Sorbus tianschanica Rupr.,3012338,43.073576,76.984559,,WGS84,2024-09-29T17:13,2024,9,29,HUMAN_OBSERVATION,PRESENT,iNaturalist research-grade observations,iNaturalist,Observations,http://creativecommons.org/licenses/by-nc/4.0/legalcode,Kazakhstan,Almaty,,inside,inside
Sorbus tianschanica,Sorbus_tianschanica.json,4987587401,https://www.inaturalist.org/observations/253034735,Sorbus tianschanica Rupr.,Sorbus tianschanica Rupr.,3012338,43.141609,77.065163,,WGS84,25-Nov-24 13:05:23,2024,11,25,HUMAN_OBSERVATION,PRESENT,iNaturalist research-grade observations,iNaturalist,Observations,http://creativecommons.org/licenses/by/4.0/legalcode,Kazakhstan,Almaty,,inside,inside
Sorbus tianschanica,Sorbus_tianschanica.json,6400619480,https://www.inaturalist.org/observations/252895800,Sorbus tianschanica Rupr.,Sorbus tianschanica Rupr.,3012338,43.162861,77.080688,,WGS84,24-Nov-24 11:31:24,2024,11,24,HUMAN_OBSERVATION,PRESENT,iNaturalist research-grade observations,iNaturalist,Observations,http://creativecommons.org/licenses/by/4.0/legalcode,Kazakhstan,Almaty,,inside,inside
Sorbus tianschanica,Sorbus_tianschanica.json,4120912060,https://www.inaturalist.org/observations/162252994,Sorbus tianschanica Rupr.,Sorbus tianschanica Rupr.,3012338,43.105911,76.941644,,WGS84,16-May-23 08:22:12,2023,5,16,HUMAN_OBSERVATION,PRESENT,iNaturalist research-grade observations,iNaturalist,Observations,http://creativecommons.org/licenses/by-nc/4.0/legalcode,Kazakhstan,Almaty,,inside,inside
Sorbus tianschanica,Sorbus_tianschanica.json,4133669627,https://www.inaturalist.org/observations/165745011,Sorbus tianschanica Rupr.,Sorbus tianschanica Rupr.,3012338,43.160327,77.029009,15,WGS84,2023-05-11T12:33,2023,5,11,HUMAN_OBSERVATION,PRESENT,iNaturalist research-grade observations,iNaturalist,Observations,http://creativecommons.org/licenses/by-nc/4.0/legalcode,Kazakhstan,Almaty,,inside,inside
Sorbus tianschanica,Sorbus_tianschanica.json,4458454838,https://www.inaturalist.org/observations/192898602,Sorbus tianschanica Rupr.,Sorbus tianschanica Rupr.,3012338,43.174858,77.103325,31,WGS84,2023-05-25T10:28,2023,5,25,HUMAN_OBSERVATION,PRESENT,iNaturalist research-grade observations,iNaturalist,Observations,http://creativecommons.org/licenses/by-nc/4.0/legalcode,Kazakhstan,Almaty,,inside,inside
Sorbus tianschanica,Sorbus_tianschanica.json,4458465771,https://www.inaturalist.org/observations/192900913,Sorbus tianschanica Rupr.,Sorbus tianschanica Rupr.,3012338,43.173631,77.104899,2,WGS84,2023-05-25T12:03,2023,5,25,HUMAN_OBSERVATION,PRESENT,iNaturalist research-grade observations,iNaturalist,Observations,http://creativecommons.org/licenses/by-nc/4.0/legalcode,Kazakhstan,Almaty,,inside,inside
Sorbus tianschanica,Sorbus_tianschanica.json,4133869610,https://www.inaturalist.org/observations/166058639,Sorbus tianschanica Rupr.,Sorbus tianschanica Rupr.,3012338,43.257267,77.491464,,WGS84,2023-06-01T11:37,2023,6,1,HUMAN_OBSERVATION,PRESENT,iNaturalist research-grade observations,iNaturalist,Observations,http://creativecommons.org/licenses/by/4.0/legalcode,Kazakhstan,Almaty,,inside,inside
Sorbus tianschanica,Sorbus_tianschanica.json,4137845561,https://www.inaturalist.org/observations/168358082,Sorbus tianschanica Rupr.,Sorbus tianschanica Rupr.,3012338,43.110277,76.91464,,WGS84,2023-06-17T17:41,2023,6,17,HUMAN_OBSERVATION,PRESENT,iNaturalist research-grade observations,iNaturalist,Observations,http://creativecommons.org/licenses/by-nc/4.0/legalcode,Kazakhstan,Almaty,,inside,inside
Sorbus tianschanica,Sorbus_tianschanica.json,4137964837,https://www.inaturalist.org/observations/167883877,Sorbus tianschanica Rupr.,Sorbus tianschanica Rupr.,3012338,44.306958,78.721622,1970,WGS84,06-Jun-23 11:53:23,2023,6,6,HUMAN_OBSERVATION,PRESENT,iNaturalist research-grade observations,iNaturalist,Observations,http://creativecommons.org/licenses/by/4.0/legalcode,Kazakhstan,Almaty,,inside,inside
Sorbus tianschanica,Sorbus_tianschanica.json,4138330105,https://www.inaturalist.org/observations/168620591,Sorbus tianschanica Rupr.,Sorbus tianschanica Rupr.,3012338,43.170564,77.084349,1278,WGS84,12-Jun-23 08:10:40,2023,6,12,HUMAN_OBSERVATION,PRESENT,iNaturalist research-grade observations,iNaturalist,Observations,http://creativecommons.org/licenses/by-nc/4.0/legalcode,Kazakhstan,Almaty,,inside,inside
Sorbus tianschanica,Sorbus_tianschanica.json,4500504218,https://www.inaturalist.org/observations/169153178,Sorbus tianschanica Rupr.,Sorbus tianschanica Rupr.,3012338,43.067329,76.90778,4,WGS84,19-Jun-23 11:35:31,2023,6,19,HUMAN_OBSERVATION,PRESENT,iNaturalist research-grade observations,iNaturalist,Observations,http://creativecommons.org/licenses/by-nc/4.0/legalcode,Kazakhstan,Almaty,,inside,inside
Sorbus tianschanica,Sorbus_tianschanica.json,4500658205,https://www.inaturalist.org/observations/169151738,Sorbus tianschanica Rupr.,Sorbus tianschanica Rupr.,3012338,43.073445,76.984479,4,WGS84,17-Jun-23 15:33:45,2023,6,17,HUMAN_OBSERVATION,PRESENT,iNaturalist research-grade observations,iNaturalist,Observations,http://creativecommons.org/licenses/by-nc/4.0/legalcode,Kazakhstan,Almaty,,inside,inside
Sorbus tianschanica,Sorbus_tianschanica.json,4500666201,https://www.inaturalist.org/observations/169142362,Sorbus tianschanica Rupr.,Sorbus tianschanica Rupr.,3012338,43.153566,77.017982,5,WGS84,12-Jun-23 10:20:36,2023,6,12,HUMAN_OBSERVATION,PRESENT,iNaturalist research-grade observations,iNaturalist,Observations,http://creativecommons.org/licenses/by-nc/4.0/legalcode,Kazakhstan,Almaty,,inside,inside
Sorbus tianschanica,Sorbus_tianschanica.json,4596775194,https://www.inaturalist.org/observations/169149493,Sorbus tianschanica Rupr.,Sorbus tianschanica Rupr.,3012338,43.112313,77.076056,4,WGS84,15-Jun-23 08:45:36,2023,6,15,HUMAN_OBSERVATION,PRESENT,iNaturalist research-grade observations,iNaturalist,Observations,http://creativecommons.org/licenses/by-nc/4.0/legalcode,Kazakhstan,Almaty,,inside,inside
Sorbus tianschanica,Sorbus_tianschanica.json,4145294272,https://www.inaturalist.org/observations/170986102,Sorbus tianschanica Rupr.,Sorbus tianschanica Rupr.,3012338,43.049003,76.909617,486,WGS84,2023-07-02T14:30,2023,7,2,HUMAN_OBSERVATION,PRESENT,iNaturalist research-grade observations,iNaturalist,Observations,http://creativecommons.org/licenses/by-nc/4.0/legalcode,Kazakhstan,Almaty,,inside,inside
Sorbus tianschanica,Sorbus_tianschanica.json,4153389265,https://www.inaturalist.org/observations/172132796,Sorbus tianschanica Rupr.,Sorbus tianschanica Rupr.,3012338,43.103191,76.775681,,WGS84,2023-07-09T17:57,2023,7,9,HUMAN_OBSERVATION,PRESENT,iNaturalist research-grade observations,iNaturalist,Observations,http://creativecommons.org/licenses/by/4.0/legalcode,Kazakhstan,Almaty,,inside,inside
Sorbus tianschanica,Sorbus_tianschanica.json,4400145941,https://www.inaturalist.org/observations/179165276,Sorbus tianschanica Rupr.,Sorbus tianschanica Rupr.,3012338,43.129567,76.957203,,WGS84,2023-08-05T09:48,2023,8,5,HUMAN_OBSERVATION,PRESENT,iNaturalist research-grade observations,iNaturalist,Observations,http://creativecommons.org/licenses/by-nc/4.0/legalcode,Kazakhstan,Almaty,,inside,inside
Sorbus tianschanica,Sorbus_tianschanica.json,4597531198,https://www.inaturalist.org/observations/202882943,Sorbus tianschanica Rupr.,Sorbus tianschanica Rupr.,3012338,43.15607,77.025109,,WGS84,2023-09-03T15:40,2023,9,3,HUMAN_OBSERVATION,PRESENT,iNaturalist research-grade observations,iNaturalist,Observations,http://creativecommons.org/licenses/by-nc/4.0/legalcode,Kazakhstan,Almaty,,inside,inside
Sorbus tianschanica,Sorbus_tianschanica.json,6400193963,https://www.inaturalist.org/observations/112841646,Sorbus tianschanica Rupr.,Sorbus tianschanica Rupr.,3012338,43.125558,77.080308,5,WGS84,2022-03-26T15:13,2022,3,26,HUMAN_OBSERVATION,PRESENT,iNaturalist research-grade observations,iNaturalist,Observations,http://creativecommons.org/licenses/by-nc/4.0/legalcode,Kazakhstan,Almaty,,inside,inside
Sorbus tianschanica,Sorbus_tianschanica.json,3764546244,https://www.inaturalist.org/observations/113208780,Sorbus tianschanica Rupr.,Sorbus tianschanica Rupr.,3012338,43.165056,77.054375,4,WGS84,28-Apr-22 16:20:16,2022,4,28,HUMAN_OBSERVATION,PRESENT,iNaturalist research-grade observations,iNaturalist,Observations,http://creativecommons.org/licenses/by-nc/4.0/legalcode,Kazakhstan,Almaty,,inside,inside
Sorbus tianschanica,Sorbus_tianschanica.json,4067195981,https://www.inaturalist.org/observations/151332252,Sorbus tianschanica Rupr.,Sorbus tianschanica Rupr.,3012338,42.930655,78.316087,,WGS84,2022-06-21T15:39,2022,6,21,HUMAN_OBSERVATION,PRESENT,iNaturalist research-grade observations,iNaturalist,Observations,http://creativecommons.org/licenses/by-nc/4.0/legalcode,Kazakhstan,Almaty,,inside,inside
Sorbus tianschanica,Sorbus_tianschanica.json,4112036050,https://www.inaturalist.org/observations/160614276,Sorbus tianschanica Rupr.,Sorbus tianschanica Rupr.,3012338,42.941932,78.32227,,WGS84,2022-06-17T17:49,2022,6,17,HUMAN_OBSERVATION,PRESENT,iNaturalist research-grade observations,iNaturalist,Observations,http://creativecommons.org/licenses/by-nc/4.0/legalcode,Kazakhstan,Almaty,,inside,inside
Sorbus tianschanica,Sorbus_tianschanica.json,4116149834,https://www.inaturalist.org/observations/161130109,Sorbus tianschanica Rupr.,Sorbus tianschanica Rupr.,3012338,42.930655,78.316087,,WGS84,2022-06-21T15:39,2022,6,21,HUMAN_OBSERVATION,PRESENT,iNaturalist research-grade observations,iNaturalist,Observations,http://creativecommons.org/licenses/by-nc/4.0/legalcode,Kazakhstan,Almaty,,inside,inside
Sorbus tianschanica,Sorbus_tianschanica.json,3988459243,https://www.inaturalist.org/observations/143715018,Sorbus tianschanica Rupr.,Sorbus tianschanica Rupr.,3012338,43.098278,76.943665,,WGS84,2022-09-09T12:26,2022,9,9,HUMAN_OBSERVATION,PRESENT,iNaturalist research-grade observations,iNaturalist,Observations,http://creativecommons.org/licenses/by/4.0/legalcode,Kazakhstan,Almaty,,inside,inside
Sorbus tianschanica,Sorbus_tianschanica.json,3947052874,https://www.inaturalist.org/observations/137255819,Sorbus tianschanica Rupr.,Sorbus tianschanica Rupr.,3012338,43.120603,77.079822,,WGS84,01-Oct-22 18:31:13,2022,10,1,HUMAN_OBSERVATION,PRESENT,iNaturalist research-grade observations,iNaturalist,Observations,http://creativecommons.org/licenses/by/4.0/legalcode,Kazakhstan,Almaty,,inside,inside
Sorbus tianschanica,Sorbus_tianschanica.json,3947234946,https://www.inaturalist.org/observations/137872714,Sorbus tianschanica Rupr.,Sorbus tianschanica Rupr.,3012338,43.136872,77.072722,,WGS84,07-Oct-22 14:34:44,2022,10,7,HUMAN_OBSERVATION,PRESENT,iNaturalist research-grade observations,iNaturalist,Observations,http://creativecommons.org/licenses/by-nc/4.0/legalcode,Kazakhstan,Almaty,,inside,inside
Sorbus tianschanica,Sorbus_tianschanica.json,6147427230,https://www.inaturalist.org/observations/212861465,Sorbus tianschanica Rupr.,Sorbus tianschanica Rupr.,3012338,43.106754,77.074684,,WGS84,2022-10-07T12:51,2022,10,7,HUMAN_OBSERVATION,PRESENT,iNaturalist research-grade observations,iNaturalist,Observations,http://creativecommons.org/licenses/by/4.0/legalcode,Kazakhstan,Almaty,,inside,inside
Sorbus tianschanica,Sorbus_tianschanica.json,6147433909,https://www.inaturalist.org/observations/86832159,Sorbus tianschanica Rupr.,Sorbus tianschanica Rupr.,3012338,43.133817,77.06005,10,WGS84,26-Jun-21 14:38:12,2021,6,26,HUMAN_OBSERVATION,PRESENT,iNaturalist research-grade observations,iNaturalist,Observations,http://creativecommons.org/licenses/by-nc/4.0/legalcode,Kazakhstan,Almaty,,inside,inside
Sorbus tianschanica,Sorbus_tianschanica.json,6147490486,https://www.inaturalist.org/observations/86429986,Sorbus tianschanica Rupr.,Sorbus tianschanica Rupr.,3012338,43.139339,77.064689,10,WGS84,26-Jun-21 14:05:21,2021,6,26,HUMAN_OBSERVATION,PRESENT,iNaturalist research-grade observations,iNaturalist,Observations,http://creativecommons.org/licenses/by-nc/4.0/legalcode,Kazakhstan,Almaty,,inside,inside
Sorbus tianschanica,Sorbus_tianschanica.json,6147564931,https://www.inaturalist.org/observations/86021528,Sorbus tianschanica Rupr.,Sorbus tianschanica Rupr.,3012338,43.152931,77.06202,5,WGS84,11-Jun-21 20:52:02,2021,6,11,HUMAN_OBSERVATION,PRESENT,iNaturalist research-grade observations,iNaturalist,Observations,http://creativecommons.org/licenses/by-nc/4.0/legalcode,Kazakhstan,Almaty,,inside,inside
Sorbus tianschanica,Sorbus_tianschanica.json,4062605989,https://www.inaturalist.org/observations/150806256,Sorbus tianschanica Rupr.,Sorbus tianschanica Rupr.,3012338,42.76293,79.889467,,WGS84,2021-09-08T13:50,2021,9,8,HUMAN_OBSERVATION,PRESENT,iNaturalist research-grade observations,iNaturalist,Observations,http://creativecommons.org/licenses/by-nc/4.0/legalcode,Kazakhstan,Almaty,,inside,inside
Sorbus tianschanica,Sorbus_tianschanica.json,4116662675,https://www.inaturalist.org/observations/161993983,Sorbus tianschanica Rupr.,Sorbus tianschanica Rupr.,3012338,42.762794,79.889819,4,WGS84,2021-09-08T13:59,2021,9,8,HUMAN_OBSERVATION,PRESENT,iNaturalist research-grade observations,iNaturalist,Observations,http://creativecommons.org/licenses/by-nc/4.0/legalcode,Kazakhstan,Almaty,,inside,inside
Sorbus tianschanica,Sorbus_tianschanica.json,6399282647,https://www.inaturalist.org/observations/150812071,Sorbus tianschanica Rupr.,Sorbus tianschanica Rupr.,3012338,43.097427,76.709143,,WGS84,2021-09-15T12:47,2021,9,15,HUMAN_OBSERVATION,PRESENT,iNaturalist research-grade observations,iNaturalist,Observations,http://creativecommons.org/licenses/by-nc/4.0/legalcode,Kazakhstan,Almaty,,inside,inside
Sorbus tianschanica,Sorbus_tianschanica.json,2574170606,https://www.inaturalist.org/observations/38459871,Sorbus tianschanica Rupr.,Sorbus tianschanica Rupr.,3012338,43.102341,77.075699,2,WGS84,2020-02-08T14:20,2020,2,8,HUMAN_OBSERVATION,PRESENT,iNaturalist research-grade observations,iNaturalist,Observations,http://creativecommons.org/licenses/by-nc/4.0/legalcode,Kazakhstan,Almaty,,inside,inside
Sorbus tianschanica,Sorbus_tianschanica.json,2626396873,https://www.inaturalist.org/observations/46249696,Sorbus tianschanica Rupr.,Sorbus tianschanica Rupr.,3012338,43.150924,76.913843,32,WGS84,01-May-20 15:10:05,2020,5,1,HUMAN_OBSERVATION,PRESENT,iNaturalist research-grade observations,iNaturalist,Observations,http://creativecommons.org/licenses/by-nc/4.0/legalcode,Kazakhstan,Almaty,,inside,inside
Sorbus tianschanica,Sorbus_tianschanica.json,4994644311,https://www.inaturalist.org/observations/254298440,Sorbus tianschanica Rupr.,Sorbus tianschanica Rupr.,3012338,43.29756,77.622456,2350,WGS84,2017-06-10T13:15,2017,6,10,HUMAN_OBSERVATION,PRESENT,iNaturalist research-grade observations,iNaturalist,Observations,http://creativecommons.org/licenses/by/4.0/legalcode,Kazakhstan,Almaty,,inside,inside
Sorbus tianschanica,Sorbus_tianschanica.json,3070324766,https://www.inaturalist.org/observations/38059144,Sorbus tianschanica Rupr.,Sorbus tianschanica Rupr.,3012338,43.246111,76.818611,,WGS84,2017-08-26T13:50,2017,8,26,HUMAN_OBSERVATION,PRESENT,iNaturalist research-grade observations,iNaturalist,Observations,http://creativecommons.org/licenses/by-nc/4.0/legalcode,Kazakhstan,Almaty,,inside,inside
Sorbus tianschanica,Sorbus_tianschanica.json,2382577799,https://brnu.jacq.org/BRNU653438,Sorbus tianschanica Rupr.,Sorbus tianschanica Rupr.,3012338,42.98056,76.63806,,WGS84,2014-07-09,2014,7,9,PRESERVED_SPECIMEN,PRESENT,,BRNU,Herbarium BRNU,http://creativecommons.org/licenses/by/4.0/legalcode,Kazakhstan,,"Kazakhstan, prov. Almaty, distr. Karasai. Tien Shan, Zailiskii Alatau, right side of the uppermost part of the Kaskelen river valley; 2589 m a. s. l. Subalpine tall-forb communities, rocks and screes. Coordinates: 425850 N & 763817 E",inside,inside
Sorbus tianschanica,Sorbus_tianschanica.json,2382579720,https://brnu.jacq.org/BRNU653438-a,Sorbus tianschanica Rupr.,Sorbus tianschanica Rupr.,3012338,42.98056,76.63806,,WGS84,2014-07-09,2014,7,9,PRESERVED_SPECIMEN,PRESENT,,BRNU,Herbarium BRNU,http://creativecommons.org/licenses/by/4.0/legalcode,Kazakhstan,,"Kazakhstan, prov. Almaty, distr. Karasai. Tien Shan, Zailiskii Alatau, right side of the uppermost part of the Kaskelen river valley; 2589 m a. s. l. Subalpine tall-forb communities, rocks and screes. Coordinates: 425850 N & 763817 E",inside,inside
Sorbus tianschanica,Sorbus_tianschanica.json,4034851998,https://www.inaturalist.org/observations/148755293,Sorbus tianschanica Rupr.,Sorbus tianschanica Rupr.,3012338,43.08258,76.97508,2000,WGS84,2013-06-09T18:05,2013,6,9,HUMAN_OBSERVATION,PRESENT,iNaturalist research-grade observations,iNaturalist,Observations,http://creativecommons.org/licenses/by-nc/4.0/legalcode,Kazakhstan,Almaty,,inside,inside
Sorbus tianschanica,Sorbus_tianschanica.json,4994218709,https://www.inaturalist.org/observations/254298398,Sorbus tianschanica Rupr.,Sorbus tianschanica Rupr.,3012338,43.139216,77.004219,244,WGS84,2012-08-26T00:20,2012,8,26,HUMAN_OBSERVATION,PRESENT,iNaturalist research-grade observations,iNaturalist,Observations,http://creativecommons.org/licenses/by/4.0/legalcode,Kazakhstan,Almaty,,inside,inside
Sorbus tianschanica,Sorbus_tianschanica.json,4034968927,https://www.inaturalist.org/observations/148731643,Sorbus tianschanica Rupr.,Sorbus tianschanica Rupr.,3012338,43.131013,77.056622,300,WGS84,2009-07-08T12:01,2009,7,8,HUMAN_OBSERVATION,PRESENT,iNaturalist research-grade observations,iNaturalist,Observations,http://creativecommons.org/publicdomain/zero/1.0/legalcode,Kazakhstan,Almaty,,inside,inside
Sorbus tianschanica,Sorbus_tianschanica.json,4039434460,https://www.inaturalist.org/observations/149338890,Sorbus tianschanica Rupr.,Sorbus tianschanica Rupr.,3012338,43.064058,76.989138,500,WGS84,2009-07-15T14:43,2009,7,15,HUMAN_OBSERVATION,PRESENT,iNaturalist research-grade observations,iNaturalist,Observations,http://creativecommons.org/publicdomain/zero/1.0/legalcode,Kazakhstan,Almaty,,inside,inside
Sorbus tianschanica,Sorbus_tianschanica.json,1799011076,MW0839377,Sorbus tianschanica Rupr.,Sorbus tianschanica Rupr.,3012338,43,76.916667,,WGS84,1988-09-03,1988,9,3,PRESERVED_SPECIMEN,PRESENT,Moscow Digital Herbarium,Moscow State University,MW,http://creativecommons.org/licenses/by/4.0/legalcode,Kazakhstan,,,inside,inside
Sorbus tianschanica,Sorbus_tianschanica.json,4875768667,QAR07957,Sorbus tianschanica Rupr.,Sorbus tianschanica Rupr.,3012338,42.93053,78.99592,5000,WGS84,1984-07-02,1984,7,2,PRESERVED_SPECIMEN,PRESENT,,,QAR,http://creativecommons.org/licenses/by/4.0/legalcode,Kazakhstan,Almaty Region,"Kungai Alatau Ridge, Kara-Bulak Gorge, Chirganak River floodplain",inside,inside
Sorbus tianschanica,Sorbus_tianschanica.json,6176588510,https://brnu.jacq.org/BRNU435521,Sorbus tianschanica Rupr.,Sorbus tianschanica Rupr.,3012338,44.67833,78.93389,1000,WGS84,1960-08-07,1960,8,7,PRESERVED_SPECIMEN,PRESENT,,BRNU,Herbarium BRNU,http://creativecommons.org/licenses/by/4.0/legalcode,Kazakhstan,,"Казахская ССР, западная часть Джунгарского Алатау, ущелье р. Коксу, вблизи сел. Коксу, в елово-березовом редколесье. – Kasachstania, pars occidentalis jugi Alatau Dshungarici, in angustiis fl. Koksu, prope pag. Koksu, in silva piceetino-betulina",inside,inside
Sorbus tianschanica,Sorbus_tianschanica.json,3477920151,,Sorbus tianschanica Rupr.,Sorbus tianschanica Rupr.,3012338,43.2529,77.4854,,WGS84,1959-07-04,1959,7,4,PRESERVED_SPECIMEN,PRESENT,,AMU,NHC-BOT,http://creativecommons.org/licenses/by/4.0/legalcode,Kazakhstan,,,inside,inside
Sorbus tianschanica,Sorbus_tianschanica.json,3477924167,,Sorbus tianschanica Rupr.,Sorbus tianschanica Rupr.,3012338,43.2529,77.4854,,WGS84,1959-07-04,1959,7,4,PRESERVED_SPECIMEN,PRESENT,,AMU,NHC-BOT,http://creativecommons.org/licenses/by/4.0/legalcode,Kazakhstan,,,inside,inside
Sorbus tianschanica,Sorbus_tianschanica.json,1799011129,MW0839409,Sorbus tianschanica Rupr.,Sorbus tianschanica Rupr.,3012338,44.168228,78.361358,,WGS84,1956-06-20,1956,6,20,PRESERVED_SPECIMEN,PRESENT,Moscow Digital Herbarium,Moscow State University,MW,http://creativecommons.org/licenses/by/4.0/legalcode,Kazakhstan,,,inside,inside
Sorbus tianschanica,Sorbus_tianschanica.json,1799011154,MW0839408,Sorbus tianschanica Rupr.,Sorbus tianschanica Rupr.,3012338,44.405273,78.948435,,WGS84,1956-06-26,1956,6,26,PRESERVED_SPECIMEN,PRESENT,Moscow Digital Herbarium,Moscow State University,MW,http://creativecommons.org/licenses/by/4.0/legalcode,Kazakhstan,,,inside,inside
Sorbus tianschanica,Sorbus_tianschanica.json,1799011114,MW0839394,Sorbus tianschanica Rupr.,Sorbus tianschanica Rupr.,3012338,43.160778,77.054079,,WGS84,1936-06-15,1936,6,15,PRESERVED_SPECIMEN,PRESENT,Moscow Digital Herbarium,Moscow State University,MW,http://creativecommons.org/licenses/by/4.0/legalcode,Kazakhstan,,,inside,inside
Sorbus tianschanica,Sorbus_tianschanica.json,1799011116,MW0839397,Sorbus tianschanica Rupr.,Sorbus tianschanica Rupr.,3012338,43.160778,77.054079,,WGS84,1936-06-15,1936,6,15,PRESERVED_SPECIMEN,PRESENT,Moscow Digital Herbarium,Moscow State University,MW,http://creativecommons.org/licenses/by/4.0/legalcode,Kazakhstan,,,inside,inside
Sorbus tianschanica,Sorbus_tianschanica.json,1799011145,MW0839398,Sorbus tianschanica Rupr.,Sorbus tianschanica Rupr.,3012338,43.293512,79.514236,,WGS84,1931-07-29,1931,7,29,PRESERVED_SPECIMEN,PRESENT,Moscow Digital Herbarium,Moscow State University,MW,http://creativecommons.org/licenses/by/4.0/legalcode,Kazakhstan,,,inside,inside
Sorbus tianschanica,Sorbus_tianschanica.json,1799011087,MW0839374,Sorbus tianschanica Rupr.,Sorbus tianschanica Rupr.,3012338,43.351521,79.738769,,WGS84,1931-09-10,1931,9,10,PRESERVED_SPECIMEN,PRESENT,Moscow Digital Herbarium,Moscow State University,MW,http://creativecommons.org/licenses/by/4.0/legalcode,Kazakhstan,,,inside,inside
Sorbus tianschanica,Sorbus_tianschanica.json,1799011133,MW0839407,Sorbus tianschanica Rupr.,Sorbus tianschanica Rupr.,3012338,45.712679,81.32286,,WGS84,1928-07-06,1928,7,6,PRESERVED_SPECIMEN,PRESENT,Moscow Digital Herbarium,Moscow State University,MW,http://creativecommons.org/licenses/by/4.0/legalcode,Kazakhstan,,,inside,inside
Sorbus tianschanica,Sorbus_tianschanica.json,1799011085,MW0839411,Sorbus tianschanica Rupr.,Sorbus tianschanica Rupr.,3012338,45.499782,80.631882,,WGS84,1928-09-22,1928,9,22,PRESERVED_SPECIMEN,PRESENT,Moscow Digital Herbarium,Moscow State University,MW,http://creativecommons.org/licenses/by/4.0/legalcode,Kazakhstan,,,inside,inside
Sorbus tianschanica,Sorbus_tianschanica.json,6176573537,https://brnu.jacq.org/BRNU095673,Sorbus tianschanica Rupr.,Sorbus tianschanica Rupr.,3012338,43.245,76.97,5000,WGS84,1907-06-15,1907,6,15,PRESERVED_SPECIMEN,PRESENT,,BRNU,Herbarium BRNU,http://creativecommons.org/licenses/by/4.0/legalcode,Kazakhstan,,"Семиреч. обл. Верненский округ, город Верный [= Алма-Ата, Almaty]",inside,inside
Sorbus tianschanica,Sorbus_tianschanica.json,6360117667,38699,Sorbus tianschanica Rupr.,Sorbus tianschanica Rupr.,3012338,43.030672,79.70241,50868,WGS84,,,,,MATERIAL_CITATION,PRESENT,,,,http://creativecommons.org/licenses/by/4.0/legalcode,Kazakhstan,,25a,inside,inside
Sorbus tianschanica,Sorbus_tianschanica.json,6360134601,38698,Sorbus tianschanica Rupr.,Sorbus tianschanica Rupr.,3012338,43.087285,76.399767,21452,WGS84,,,,,MATERIAL_CITATION,PRESENT,,,,http://creativecommons.org/licenses/by/4.0/legalcode,Kazakhstan,,25,inside,inside
Sorbus tianschanica,Sorbus_tianschanica.json,6360145113,38697,Sorbus tianschanica Rupr.,Sorbus tianschanica Rupr.,3012338,44.671289,79.053913,67752,WGS84,,,,,MATERIAL_CITATION,PRESENT,,,,http://creativecommons.org/licenses/by/4.0/legalcode,Kazakhstan,,24,inside,inside
Thermopsis turkestanica,Thermopsis_turkestanica.json,5282590342,https://www.inaturalist.org/observations/302523263,Thermopsis turkestanica Gand.,Thermopsis turkestanica Gand.,5360233,43.028917,79.983475,5,WGS84,28-Jul-25 08:27:47,2025,7,28,HUMAN_OBSERVATION,PRESENT,iNaturalist research-grade observations,iNaturalist,Observations,http://creativecommons.org/licenses/by-nc/4.0/legalcode,Kazakhstan,Almaty,,inside,inside
Thermopsis turkestanica,Thermopsis_turkestanica.json,6360148675,27852,Thermopsis turkestanica Gand.,Thermopsis turkestanica Gand.,5360233,43.087285,76.399767,21452,WGS84,,,,,MATERIAL_CITATION,PRESENT,,,,http://creativecommons.org/licenses/by/4.0/legalcode,Kazakhstan,,25,inside,inside
Thermopsis turkestanica,Thermopsis_turkestanica.json,6360149721,27853,Thermopsis turkestanica Gand.,Thermopsis turkestanica Gand.,5360233,43.030672,79.70241,50868,WGS84,,,,,MATERIAL_CITATION,PRESENT,,,,http://creativecommons.org/licenses/by/4.0/legalcode,Kazakhstan,,25a,inside,inside
Valeriana dubia,Valeriana_dubia.json,5188429648,https://www.inaturalist.org/observations/288248860,Valeriana dubia Bunge,Valeriana dubia Bunge,8414596,43.226362,77.167168,,WGS84,09-Jun-25 18:27:19,2025,6,9,HUMAN_OBSERVATION,PRESENT,iNaturalist research-grade observations,iNaturalist,Observations,http://creativecommons.org/licenses/by-nc/4.0/legalcode,Kazakhstan,Almaty,,inside,inside
Valeriana dubia,Valeriana_dubia.json,5007267050,https://www.inaturalist.org/observations/227467995,Valeriana dubia Bunge,Valeriana dubia Bunge,8414596,42.962541,76.254417,977,WGS84,2024-06-30T12:34,2024,6,30,HUMAN_OBSERVATION,PRESENT,iNaturalist research-grade observations,iNaturalist,Observations,http://creativecommons.org/licenses/by/4.0/legalcode,Kazakhstan,Almaty,,inside,inside
Valeriana dubia,Valeriana_dubia.json,4500724157,https://www.inaturalist.org/observations/166043623,Valeriana dubia Bunge,Valeriana dubia Bunge,8414596,42.984942,78.464086,,WGS84,2023-05-30T14:28,2023,5,30,HUMAN_OBSERVATION,PRESENT,iNaturalist research-grade observations,iNaturalist,Observations,http://creativecommons.org/licenses/by/4.0/legalcode,Kazakhstan,Almaty,,inside,inside
Valeriana dubia,Valeriana_dubia.json,4500500189,https://www.inaturalist.org/observations/169152888,Valeriana dubia Bunge,Valeriana dubia Bunge,8414596,43.048744,76.912604,15,WGS84,19-Jun-23 10:22:55,2023,6,19,HUMAN_OBSERVATION,PRESENT,iNaturalist research-grade observations,iNaturalist,Observations,http://creativecommons.org/licenses/by-nc/4.0/legalcode,Kazakhstan,Almaty,,inside,inside
Valeriana dubia,Valeriana_dubia.json,2557742112,https://www.inaturalist.org/observations/37452327,Valeriana dubia Bunge,Valeriana dubia Bunge,8414596,43.05639,76.978434,2,WGS84,2016-06-13T15:25,2016,6,13,HUMAN_OBSERVATION,PRESENT,iNaturalist research-grade observations,iNaturalist,Observations,http://creativecommons.org/licenses/by-nc/4.0/legalcode,Kazakhstan,Almaty,,inside,inside
Valeriana dubia,Valeriana_dubia.json,2382577993,https://brnu.jacq.org/BRNU654124,Valeriana dubia Bunge,Valeriana dubia Bunge,8414596,43.0155,76.6145,,WGS84,2014-07-08,2014,7,8,PRESERVED_SPECIMEN,PRESENT,,BRNU,Herbarium BRNU,http://creativecommons.org/licenses/by/4.0/legalcode,Kazakhstan,,"Kazakhstan, prov. Almaty, distr. Karasai. Tien-shan, upper part of the Kaskelen valley; 1863 m a. s. l. Mountain meadow (Arrhenatheretalia). Coordinates: 430055.8 N & 763652.2 E",inside,inside
Valeriana dubia,Valeriana_dubia.json,2382579494,https://brnu.jacq.org/BRNU654125,Valeriana dubia Bunge,Valeriana dubia Bunge,8414596,43.01711,76.61686,,WGS84,2014-07-08,2014,7,8,PRESERVED_SPECIMEN,PRESENT,,BRNU,Herbarium BRNU,http://creativecommons.org/licenses/by/4.0/legalcode,Kazakhstan,,"Kazakhstan, prov. Almaty, distr. Karasai. Tien-shan, upper part of the Kaskelen valley; 1869 m a. s. l. Meadow steppe. Coordinates: 430101.6 N & 763700.7 E",inside,inside
Valeriana dubia,Valeriana_dubia.json,1799052216,MW0880488,Valeriana dubia Bunge,Valeriana dubia Bunge,8414596,44.405273,78.948435,,WGS84,1956-06-26,1956,6,26,PRESERVED_SPECIMEN,PRESENT,Moscow Digital Herbarium,Moscow State University,MW,http://creativecommons.org/licenses/by/4.0/legalcode,Kazakhstan,,,inside,inside
Valeriana dubia,Valeriana_dubia.json,1799052096,MW0880375,Valeriana dubia Bunge,Valeriana dubia Bunge,8414596,43.160778,77.054079,,WGS84,1936-06-13,1936,6,13,PRESERVED_SPECIMEN,PRESENT,Moscow Digital Herbarium,Moscow State University,MW,http://creativecommons.org/licenses/by/4.0/legalcode,Kazakhstan,,,inside,inside
Valeriana dubia,Valeriana_dubia.json,1799052048,MW0880378,Valeriana dubia Bunge,Valeriana dubia Bunge,8414596,42.880618,79.608306,,WGS84,1932-06-16,1932,6,16,PRESERVED_SPECIMEN,PRESENT,Moscow Digital Herbarium,Moscow State University,MW,http://creativecommons.org/licenses/by/4.0/legalcode,Kazakhstan,,,inside,inside
Valeriana dubia,Valeriana_dubia.json,1799052131,MW0880384,Valeriana dubia Bunge,Valeriana dubia Bunge,8414596,44.574018,78.685806,,WGS84,1928-06-08,1928,6,8,PRESERVED_SPECIMEN,PRESENT,Moscow Digital Herbarium,Moscow State University,MW,http://creativecommons.org/licenses/by/4.0/legalcode,Kazakhstan,,,inside,inside
Valeriana dubia,Valeriana_dubia.json,1799052020,MW0880382,Valeriana dubia Bunge,Valeriana dubia Bunge,8414596,45.231321,81.919384,,WGS84,1928-07-25,1928,7,25,PRESERVED_SPECIMEN,PRESENT,Moscow Digital Herbarium,Moscow State University,MW,http://creativecommons.org/licenses/by/4.0/legalcode,Kazakhstan,,,inside,inside
Valeriana dubia,Valeriana_dubia.json,1799052087,MW0880381,Valeriana dubia Bunge,Valeriana dubia Bunge,8414596,45.233014,81.918525,,WGS84,1928-07-25,1928,7,25,PRESERVED_SPECIMEN,PRESENT,Moscow Digital Herbarium,Moscow State University,MW,http://creativecommons.org/licenses/by/4.0/legalcode,Kazakhstan,,,inside,inside
Valeriana dubia,Valeriana_dubia.json,1799052110,MW0880383,Valeriana dubia Bunge,Valeriana dubia Bunge,8414596,45.816597,81.081162,,WGS84,1928-07-02,1928,7,2,PRESERVED_SPECIMEN,PRESENT,Moscow Digital Herbarium,Moscow State University,MW,http://creativecommons.org/licenses/by/4.0/legalcode,Kazakhstan,,,inside,inside
Valeriana dubia,Valeriana_dubia.json,6360128941,22039,Valeriana dubia Bunge,Valeriana dubia Bunge,8414596,44.671289,79.053913,67752,WGS84,,,,,MATERIAL_CITATION,PRESENT,,,,http://creativecommons.org/licenses/by/4.0/legalcode,Kazakhstan,,24,inside,inside
Veratrum lobelianum,Veratrum_lobelianum.json,5231002118,https://www.inaturalist.org/observations/296439681,Veratrum lobelianum Bernh.,Veratrum lobelianum Bernh.,2742050,42.750553,79.168781,,WGS84,09-Jul-25 10:59:04,2025,7,9,HUMAN_OBSERVATION,PRESENT,iNaturalist research-grade observations,iNaturalist,Observations,http://creativecommons.org/licenses/by/4.0/legalcode,Kazakhstan,Almaty,,inside,inside
Veratrum lobelianum,Veratrum_lobelianum.json,5828039372,https://www.inaturalist.org/observations/311501670,Veratrum lobelianum Bernh.,Veratrum lobelianum Bernh.,2742050,42.885344,78.827131,1859,WGS84,2025-07-05T13:11,2025,7,5,HUMAN_OBSERVATION,PRESENT,iNaturalist research-grade observations,iNaturalist,Observations,http://creativecommons.org/licenses/by/4.0/legalcode,Kazakhstan,Almaty,,inside,inside
Veratrum lobelianum,Veratrum_lobelianum.json,1798984427,MW0812709,Veratrum lobelianum Bernh.,Veratrum lobelianum Bernh.,2742050,42.880618,79.608306,,WGS84,1932-06-16,1932,6,16,PRESERVED_SPECIMEN,PRESENT,Moscow Digital Herbarium,Moscow State University,MW,http://creativecommons.org/licenses/by/4.0/legalcode,Kazakhstan,,,inside,inside
Veratrum lobelianum,Veratrum_lobelianum.json,1798984482,MW0812710,Veratrum lobelianum Bernh.,Veratrum lobelianum Bernh.,2742050,42.880618,79.608306,,WGS84,1932-06-16,1932,6,16,PRESERVED_SPECIMEN,PRESENT,Moscow Digital Herbarium,Moscow State University,MW,http://creativecommons.org/licenses/by/4.0/legalcode,Kazakhstan,,,inside,inside
Veratrum lobelianum,Veratrum_lobelianum.json,1798984475,MW0812711,Veratrum lobelianum Bernh.,Veratrum lobelianum Bernh.,2742050,43.265768,79.516811,,WGS84,1931-08-15,1931,8,15,PRESERVED_SPECIMEN,PRESENT,Moscow Digital Herbarium,Moscow State University,MW,http://creativecommons.org/licenses/by/4.0/legalcode,Kazakhstan,,,inside,inside
Veratrum lobelianum,Veratrum_lobelianum.json,6360121495,31196,Veratrum lobelianum Bernh.,Veratrum lobelianum Bernh.,2742050,44.671289,79.053913,67752,WGS84,,,,,MATERIAL_CITATION,PRESENT,,,,http://creativecommons.org/licenses/by/4.0/legalcode,Kazakhstan,,24,inside,inside
Veratrum lobelianum,Veratrum_lobelianum.json,6360140401,31197,Veratrum lobelianum Bernh.,Veratrum lobelianum Bernh.,2742050,43.087285,76.399767,21452,WGS84,,,,,MATERIAL_CITATION,PRESENT,,,,http://creativecommons.org/licenses/by/4.0/legalcode,Kazakhstan,,25,inside,inside
Veratrum lobelianum,Veratrum_lobelianum.json,6360141342,31193,Veratrum lobelianum Bernh.,Veratrum lobelianum Bernh.,2742050,45.352413,76.169271,137861,WGS84,,,,,MATERIAL_CITATION,PRESENT,,,,http://creativecommons.org/licenses/by/4.0/legalcode,Kazakhstan,,18,inside,inside
Ziziphora clinopodioides,Ziziphora_clinopodioides.json,6252007248,https://www.inaturalist.org/observations/358208831,Ziziphora clinopodioides Lam.,Ziziphora clinopodioides Lam.,7308799,43.107433,76.938493,,WGS84,2026-04-26T11:24,2026,4,26,HUMAN_OBSERVATION,PRESENT,iNaturalist research-grade observations,iNaturalist,Observations,http://creativecommons.org/licenses/by/4.0/legalcode,Kazakhstan,Almaty,,inside,inside
Ziziphora clinopodioides,Ziziphora_clinopodioides.json,6273227447,https://www.inaturalist.org/observations/358726350,Ziziphora clinopodioides Lam.,Ziziphora clinopodioides Lam.,7308799,43.113635,76.914777,,WGS84,2026-04-25T13:34,2026,4,25,HUMAN_OBSERVATION,PRESENT,iNaturalist research-grade observations,iNaturalist,Observations,http://creativecommons.org/licenses/by-nc/4.0/legalcode,Kazakhstan,Almaty,,inside,inside
Ziziphora clinopodioides,Ziziphora_clinopodioides.json,6274336708,https://www.inaturalist.org/observations/360202076,Ziziphora clinopodioides Lam.,Ziziphora clinopodioides Lam.,7308799,43.081167,76.989722,12,WGS84,06-May-26 13:59:06,2026,5,6,HUMAN_OBSERVATION,PRESENT,iNaturalist research-grade observations,iNaturalist,Observations,http://creativecommons.org/licenses/by-nc/4.0/legalcode,Kazakhstan,Almaty,,inside,inside
Ziziphora clinopodioides,Ziziphora_clinopodioides.json,6334824426,https://www.inaturalist.org/observations/359721314,Ziziphora clinopodioides Lam.,Ziziphora clinopodioides Lam.,7308799,43.041206,78.842422,3,WGS84,09-May-26 08:21:08,2026,5,9,HUMAN_OBSERVATION,PRESENT,iNaturalist research-grade observations,iNaturalist,Observations,http://creativecommons.org/licenses/by-nc/4.0/legalcode,Kazakhstan,Almaty,,inside,inside
Ziziphora clinopodioides,Ziziphora_clinopodioides.json,6413068760,https://www.inaturalist.org/observations/373891944,Ziziphora clinopodioides Lam.,Ziziphora clinopodioides Lam.,7308799,43.097331,76.955067,,WGS84,21-Jun-26 10:37:28,2026,6,21,HUMAN_OBSERVATION,PRESENT,iNaturalist research-grade observations,iNaturalist,Observations,http://creativecommons.org/licenses/by-nc/4.0/legalcode,Kazakhstan,Almaty,,inside,inside
Ziziphora clinopodioides,Ziziphora_clinopodioides.json,6422679584,https://www.inaturalist.org/observations/376184872,Ziziphora clinopodioides Lam.,Ziziphora clinopodioides Lam.,7308799,43.282269,75.787842,2,WGS84,2026-06-27T11:23,2026,6,27,HUMAN_OBSERVATION,PRESENT,iNaturalist research-grade observations,iNaturalist,Observations,http://creativecommons.org/licenses/by-nc/4.0/legalcode,Kazakhstan,Almaty,,inside,inside
Ziziphora clinopodioides,Ziziphora_clinopodioides.json,6423088798,https://www.inaturalist.org/observations/376185065,Ziziphora clinopodioides Lam.,Ziziphora clinopodioides Lam.,7308799,43.282222,75.787597,4,WGS84,2026-06-27T11:28,2026,6,27,HUMAN_OBSERVATION,PRESENT,iNaturalist research-grade observations,iNaturalist,Observations,http://creativecommons.org/licenses/by-nc/4.0/legalcode,Kazakhstan,Almaty,,inside,inside
Ziziphora clinopodioides,Ziziphora_clinopodioides.json,6423091422,https://www.inaturalist.org/observations/376158652,Ziziphora clinopodioides Lam.,Ziziphora clinopodioides Lam.,7308799,43.282242,75.787865,,WGS84,2026-06-27T11:22,2026,6,27,HUMAN_OBSERVATION,PRESENT,iNaturalist research-grade observations,iNaturalist,Observations,http://creativecommons.org/licenses/by/4.0/legalcode,Kazakhstan,Almaty,,inside,inside
Ziziphora clinopodioides,Ziziphora_clinopodioides.json,6479357967,https://www.inaturalist.org/observations/377016489,Ziziphora clinopodioides Lam.,Ziziphora clinopodioides Lam.,7308799,45.397628,79.24018,8,WGS84,30-Jun-26 09:58:10,2026,6,30,HUMAN_OBSERVATION,PRESENT,iNaturalist research-grade observations,iNaturalist,Observations,http://creativecommons.org/licenses/by-nc/4.0/legalcode,Kazakhstan,Almaty,,inside,inside
Ziziphora clinopodioides,Ziziphora_clinopodioides.json,6431854923,https://www.inaturalist.org/observations/378816961,Ziziphora clinopodioides Lam.,Ziziphora clinopodioides Lam.,7308799,43.143533,77.004093,,WGS84,06-Jul-26 14:28:53,2026,7,6,HUMAN_OBSERVATION,PRESENT,iNaturalist research-grade observations,iNaturalist,Observations,http://creativecommons.org/licenses/by-nc/4.0/legalcode,Kazakhstan,Almaty,,inside,inside
Ziziphora clinopodioides,Ziziphora_clinopodioides.json,6441080754,https://www.inaturalist.org/observations/380989395,Ziziphora clinopodioides Lam.,Ziziphora clinopodioides Lam.,7308799,42.938766,79.293449,,WGS84,2026-07-11T12:59,2026,7,11,HUMAN_OBSERVATION,PRESENT,iNaturalist research-grade observations,iNaturalist,Observations,http://creativecommons.org/licenses/by/4.0/legalcode,Kazakhstan,Almaty,,inside,inside
Ziziphora clinopodioides,Ziziphora_clinopodioides.json,6441125324,https://www.inaturalist.org/observations/380998775,Ziziphora clinopodioides Lam.,Ziziphora clinopodioides Lam.,7308799,42.934177,79.314993,,WGS84,2026-07-11T16:32,2026,7,11,HUMAN_OBSERVATION,PRESENT,iNaturalist research-grade observations,iNaturalist,Observations,http://creativecommons.org/licenses/by/4.0/legalcode,Kazakhstan,Almaty,,inside,inside
Ziziphora clinopodioides,Ziziphora_clinopodioides.json,6441874128,https://www.inaturalist.org/observations/380985993,Ziziphora clinopodioides Lam.,Ziziphora clinopodioides Lam.,7308799,42.941051,79.286308,,WGS84,2026-07-11T11:32,2026,7,11,HUMAN_OBSERVATION,PRESENT,iNaturalist research-grade observations,iNaturalist,Observations,http://creativecommons.org/licenses/by/4.0/legalcode,Kazakhstan,Almaty,,inside,inside
Ziziphora clinopodioides,Ziziphora_clinopodioides.json,6451557953,https://www.inaturalist.org/observations/383013431,Ziziphora clinopodioides Lam.,Ziziphora clinopodioides Lam.,7308799,43.167842,77.098153,15,WGS84,19-Jul-26 12:07:25,2026,7,19,HUMAN_OBSERVATION,PRESENT,iNaturalist research-grade observations,iNaturalist,Observations,http://creativecommons.org/licenses/by-nc/4.0/legalcode,Kazakhstan,Almaty,,inside,inside
Ziziphora clinopodioides,Ziziphora_clinopodioides.json,6451579023,https://www.inaturalist.org/observations/378831666,Ziziphora clinopodioides Lam.,Ziziphora clinopodioides Lam.,7308799,43.144649,77.005848,,WGS84,06-Jul-26 13:30:24,2026,7,6,HUMAN_OBSERVATION,PRESENT,iNaturalist research-grade observations,iNaturalist,Observations,http://creativecommons.org/licenses/by-nc/4.0/legalcode,Kazakhstan,Almaty,,inside,inside
Ziziphora clinopodioides,Ziziphora_clinopodioides.json,6452592879,https://www.inaturalist.org/observations/382011444,Ziziphora clinopodioides Lam.,Ziziphora clinopodioides Lam.,7308799,42.93978,79.287969,,WGS84,11-Jul-26 11:44:54,2026,7,11,HUMAN_OBSERVATION,PRESENT,iNaturalist research-grade observations,iNaturalist,Observations,http://creativecommons.org/licenses/by-nc/4.0/legalcode,Kazakhstan,Almaty,,inside,inside
Ziziphora clinopodioides,Ziziphora_clinopodioides.json,6452686770,https://www.inaturalist.org/observations/378828823,Ziziphora clinopodioides Lam.,Ziziphora clinopodioides Lam.,7308799,43.143584,77.004073,,WGS84,06-Jul-26 13:43:51,2026,7,6,HUMAN_OBSERVATION,PRESENT,iNaturalist research-grade observations,iNaturalist,Observations,http://creativecommons.org/licenses/by-nc/4.0/legalcode,Kazakhstan,Almaty,,inside,inside
Ziziphora clinopodioides,Ziziphora_clinopodioides.json,6470397638,https://www.inaturalist.org/observations/379701881,Ziziphora clinopodioides Lam.,Ziziphora clinopodioides Lam.,7308799,43.0854,76.969528,,WGS84,08-Jul-26 04:41:51,2026,7,8,HUMAN_OBSERVATION,PRESENT,iNaturalist research-grade observations,iNaturalist,Observations,http://creativecommons.org/licenses/by-nc/4.0/legalcode,Kazakhstan,Almaty,,inside,inside
Ziziphora clinopodioides,Ziziphora_clinopodioides.json,6479392965,https://www.inaturalist.org/observations/378053457,Ziziphora clinopodioides Lam.,Ziziphora clinopodioides Lam.,7308799,43.038985,78.793435,,WGS84,04-Jul-26 10:34:23,2026,7,4,HUMAN_OBSERVATION,PRESENT,iNaturalist research-grade observations,iNaturalist,Observations,http://creativecommons.org/licenses/by-nc/4.0/legalcode,Kazakhstan,Almaty,,inside,inside
Ziziphora clinopodioides,Ziziphora_clinopodioides.json,6479784493,https://www.inaturalist.org/observations/380272811,Ziziphora clinopodioides Lam.,Ziziphora clinopodioides Lam.,7308799,43.147736,77.013406,2872,WGS84,10-Jul-26 14:49:49,2026,7,10,HUMAN_OBSERVATION,PRESENT,iNaturalist research-grade observations,iNaturalist,Observations,http://creativecommons.org/licenses/by-nc/4.0/legalcode,Kazakhstan,Almaty,,inside,inside
Ziziphora clinopodioides,Ziziphora_clinopodioides.json,6479884737,https://www.inaturalist.org/observations/389954718,Ziziphora clinopodioides Lam.,Ziziphora clinopodioides Lam.,7308799,43.116088,79.611123,,WGS84,2026-07-27T10:48,2026,7,27,HUMAN_OBSERVATION,PRESENT,iNaturalist research-grade observations,iNaturalist,Observations,http://creativecommons.org/licenses/by/4.0/legalcode,Kazakhstan,Almaty,,inside,inside
Ziziphora clinopodioides,Ziziphora_clinopodioides.json,6480169149,https://www.inaturalist.org/observations/378065081,Ziziphora clinopodioides Lam.,Ziziphora clinopodioides Lam.,7308799,42.947635,79.301537,,WGS84,04-Jul-26 14:55:59,2026,7,4,HUMAN_OBSERVATION,PRESENT,iNaturalist research-grade observations,iNaturalist,Observations,http://creativecommons.org/licenses/by-nc/4.0/legalcode,Kazakhstan,Almaty,,inside,inside
Ziziphora clinopodioides,Ziziphora_clinopodioides.json,6480960471,https://www.inaturalist.org/observations/386260799,Ziziphora clinopodioides Lam.,Ziziphora clinopodioides Lam.,7308799,43.108859,77.043732,27537,WGS84,2026-07-19T14:26,2026,7,19,HUMAN_OBSERVATION,PRESENT,iNaturalist research-grade observations,iNaturalist,Observations,http://creativecommons.org/licenses/by-nc/4.0/legalcode,Kazakhstan,Almaty,,inside,inside
Ziziphora clinopodioides,Ziziphora_clinopodioides.json,6479829893,https://www.inaturalist.org/observations/389973704,Ziziphora clinopodioides Lam.,Ziziphora clinopodioides Lam.,7308799,42.933089,79.302436,4,WGS84,2026-08-08T11:12,2026,8,8,HUMAN_OBSERVATION,PRESENT,iNaturalist research-grade observations,iNaturalist,Observations,http://creativecommons.org/licenses/by-nc/4.0/legalcode,Kazakhstan,Almaty,,inside,inside
Ziziphora clinopodioides,Ziziphora_clinopodioides.json,6498883340,https://www.inaturalist.org/observations/390256091,Ziziphora clinopodioides Lam.,Ziziphora clinopodioides Lam.,7308799,42.929875,79.408273,,WGS84,2026-08-09T08:40,2026,8,9,HUMAN_OBSERVATION,PRESENT,iNaturalist research-grade observations,iNaturalist,Observations,http://creativecommons.org/licenses/by/4.0/legalcode,Kazakhstan,Almaty,,inside,inside
Ziziphora clinopodioides,Ziziphora_clinopodioides.json,6499671988,https://www.inaturalist.org/observations/390250008,Ziziphora clinopodioides Lam.,Ziziphora clinopodioides Lam.,7308799,42.933907,79.300629,,WGS84,2026-08-08T12:25,2026,8,8,HUMAN_OBSERVATION,PRESENT,iNaturalist research-grade observations,iNaturalist,Observations,http://creativecommons.org/licenses/by/4.0/legalcode,Kazakhstan,Almaty,,inside,inside
Ziziphora clinopodioides,Ziziphora_clinopodioides.json,6499726454,https://www.inaturalist.org/observations/394059187,Ziziphora clinopodioides Lam.,Ziziphora clinopodioides Lam.,7308799,43.179522,78.041618,,WGS84,15-Aug-26 13:30:21,2026,8,15,HUMAN_OBSERVATION,PRESENT,iNaturalist research-grade observations,iNaturalist,Observations,http://creativecommons.org/licenses/by-nc/4.0/legalcode,Kazakhstan,Almaty,,inside,inside
Ziziphora clinopodioides,Ziziphora_clinopodioides.json,6499861837,https://www.inaturalist.org/observations/390250938,Ziziphora clinopodioides Lam.,Ziziphora clinopodioides Lam.,7308799,42.944425,79.290689,2,WGS84,2026-08-09T12:46,2026,8,9,HUMAN_OBSERVATION,PRESENT,iNaturalist research-grade observations,iNaturalist,Observations,http://creativecommons.org/licenses/by-nc/4.0/legalcode,Kazakhstan,Almaty,,inside,inside
Ziziphora clinopodioides,Ziziphora_clinopodioides.json,6499981303,https://www.inaturalist.org/observations/390904954,Ziziphora clinopodioides Lam.,Ziziphora clinopodioides Lam.,7308799,42.985975,78.322347,,WGS84,13-Aug-26 16:37:22,2026,8,13,HUMAN_OBSERVATION,PRESENT,iNaturalist research-grade observations,iNaturalist,Observations,http://creativecommons.org/licenses/by-nc/4.0/legalcode,Kazakhstan,Almaty,,inside,inside
Ziziphora clinopodioides,Ziziphora_clinopodioides.json,6518790356,https://www.inaturalist.org/observations/395992572,Ziziphora clinopodioides Lam.,Ziziphora clinopodioides Lam.,7308799,43.103504,76.950845,,WGS84,26-Aug-26 14:30:35,2026,8,26,HUMAN_OBSERVATION,PRESENT,iNaturalist research-grade observations,iNaturalist,Observations,http://creativecommons.org/licenses/by-nc/4.0/legalcode,Kazakhstan,Almaty,,inside,inside
Ziziphora clinopodioides,Ziziphora_clinopodioides.json,5134378713,https://www.inaturalist.org/observations/268956131,Ziziphora clinopodioides Lam.,Ziziphora clinopodioides Lam.,7308799,43.115105,76.928046,239,WGS84,06-Apr-25 13:45:01,2025,4,6,HUMAN_OBSERVATION,PRESENT,iNaturalist research-grade observations,iNaturalist,Observations,http://creativecommons.org/licenses/by-nc/4.0/legalcode,Kazakhstan,Almaty,,inside,inside
Ziziphora clinopodioides,Ziziphora_clinopodioides.json,5140071975,https://www.inaturalist.org/observations/272446400,Ziziphora clinopodioides Lam.,Ziziphora clinopodioides Lam.,7308799,43.106735,76.941927,9,WGS84,21-Apr-25 15:03:22,2025,4,21,HUMAN_OBSERVATION,PRESENT,iNaturalist research-grade observations,iNaturalist,Observations,http://creativecommons.org/licenses/by-nc/4.0/legalcode,Kazakhstan,Almaty,,inside,inside
Ziziphora clinopodioides,Ziziphora_clinopodioides.json,5140330424,https://www.inaturalist.org/observations/273510307,Ziziphora clinopodioides Lam.,Ziziphora clinopodioides Lam.,7308799,43.127613,76.912155,,WGS84,2025-04-25T12:06,2025,4,25,HUMAN_OBSERVATION,PRESENT,iNaturalist research-grade observations,iNaturalist,Observations,http://creativecommons.org/licenses/by/4.0/legalcode,Kazakhstan,Almaty,,inside,inside
Ziziphora clinopodioides,Ziziphora_clinopodioides.json,5140441507,https://www.inaturalist.org/observations/273515337,Ziziphora clinopodioides Lam.,Ziziphora clinopodioides Lam.,7308799,43.127616,76.912544,,WGS84,2025-04-25T12:26,2025,4,25,HUMAN_OBSERVATION,PRESENT,iNaturalist research-grade observations,iNaturalist,Observations,http://creativecommons.org/licenses/by/4.0/legalcode,Kazakhstan,Almaty,,inside,inside
Ziziphora clinopodioides,Ziziphora_clinopodioides.json,5154078223,https://www.inaturalist.org/observations/277324325,Ziziphora clinopodioides Lam.,Ziziphora clinopodioides Lam.,7308799,43.96858,77.654658,1478,WGS84,2025-04-26T12:42,2025,4,26,HUMAN_OBSERVATION,PRESENT,iNaturalist research-grade observations,iNaturalist,Observations,http://creativecommons.org/licenses/by/4.0/legalcode,Kazakhstan,Almaty,,inside,inside
Ziziphora clinopodioides,Ziziphora_clinopodioides.json,5154381536,https://www.inaturalist.org/observations/277324346,Ziziphora clinopodioides Lam.,Ziziphora clinopodioides Lam.,7308799,43.96858,77.654658,1478,WGS84,2025-04-26T12:42,2025,4,26,HUMAN_OBSERVATION,PRESENT,iNaturalist research-grade observations,iNaturalist,Observations,http://creativecommons.org/licenses/by/4.0/legalcode,Kazakhstan,Almaty,,inside,inside
Ziziphora clinopodioides,Ziziphora_clinopodioides.json,5154391207,https://www.inaturalist.org/observations/277324324,Ziziphora clinopodioides Lam.,Ziziphora clinopodioides Lam.,7308799,43.96858,77.654658,1478,WGS84,2025-04-26T12:42,2025,4,26,HUMAN_OBSERVATION,PRESENT,iNaturalist research-grade observations,iNaturalist,Observations,http://creativecommons.org/licenses/by/4.0/legalcode,Kazakhstan,Almaty,,inside,inside
Ziziphora clinopodioides,Ziziphora_clinopodioides.json,5154809223,https://www.inaturalist.org/observations/277324327,Ziziphora clinopodioides Lam.,Ziziphora clinopodioides Lam.,7308799,43.96858,77.654658,1478,WGS84,2025-04-26T12:42,2025,4,26,HUMAN_OBSERVATION,PRESENT,iNaturalist research-grade observations,iNaturalist,Observations,http://creativecommons.org/licenses/by/4.0/legalcode,Kazakhstan,Almaty,,inside,inside
Ziziphora clinopodioides,Ziziphora_clinopodioides.json,5167117071,https://www.inaturalist.org/observations/273510315,Ziziphora clinopodioides Lam.,Ziziphora clinopodioides Lam.,7308799,43.127613,76.912155,,WGS84,2025-04-25T12:07,2025,4,25,HUMAN_OBSERVATION,PRESENT,iNaturalist research-grade observations,iNaturalist,Observations,http://creativecommons.org/licenses/by/4.0/legalcode,Kazakhstan,Almaty,,inside,inside
Ziziphora clinopodioides,Ziziphora_clinopodioides.json,5827502789,https://www.inaturalist.org/observations/287013825,Ziziphora clinopodioides Lam.,Ziziphora clinopodioides Lam.,7308799,43.271927,75.785463,1118,WGS84,2025-04-04T12:24,2025,4,4,HUMAN_OBSERVATION,PRESENT,iNaturalist research-grade observations,iNaturalist,Observations,http://creativecommons.org/licenses/by/4.0/legalcode,Kazakhstan,Almaty,,inside,inside
Ziziphora clinopodioides,Ziziphora_clinopodioides.json,6147491406,https://www.inaturalist.org/observations/287013843,Ziziphora clinopodioides Lam.,Ziziphora clinopodioides Lam.,7308799,43.271927,75.785463,1118,WGS84,2025-04-04T12:36,2025,4,4,HUMAN_OBSERVATION,PRESENT,iNaturalist research-grade observations,iNaturalist,Observations,http://creativecommons.org/licenses/by/4.0/legalcode,Kazakhstan,Almaty,,inside,inside
Ziziphora clinopodioides,Ziziphora_clinopodioides.json,6159276602,https://www.inaturalist.org/observations/273126753,Ziziphora clinopodioides Lam.,Ziziphora clinopodioides Lam.,7308799,43.173608,77.07916,186,WGS84,25-Apr-25 14:47:21,2025,4,25,HUMAN_OBSERVATION,PRESENT,iNaturalist research-grade observations,iNaturalist,Observations,http://creativecommons.org/licenses/by/4.0/legalcode,Kazakhstan,Almaty,,inside,inside
Ziziphora clinopodioides,Ziziphora_clinopodioides.json,6159422412,https://www.inaturalist.org/observations/279654485,Ziziphora clinopodioides Lam.,Ziziphora clinopodioides Lam.,7308799,43.098364,76.954608,,WGS84,09-May-25 13:15:33,2025,5,9,HUMAN_OBSERVATION,PRESENT,iNaturalist research-grade observations,iNaturalist,Observations,http://creativecommons.org/licenses/by/4.0/legalcode,Kazakhstan,Almaty,,inside,inside
Ziziphora clinopodioides,Ziziphora_clinopodioides.json,5217249048,https://www.inaturalist.org/observations/294134827,Ziziphora clinopodioides Lam.,Ziziphora clinopodioides Lam.,7308799,43.162489,77.047447,,WGS84,26-Jun-25 17:46:40,2025,6,26,HUMAN_OBSERVATION,PRESENT,iNaturalist research-grade observations,iNaturalist,Observations,http://creativecommons.org/licenses/by-nc/4.0/legalcode,Kazakhstan,Almaty,,inside,inside
Ziziphora clinopodioides,Ziziphora_clinopodioides.json,5828746099,https://www.inaturalist.org/observations/295048062,Ziziphora clinopodioides Lam.,Ziziphora clinopodioides Lam.,7308799,43.107608,76.845557,1192,WGS84,2025-06-22T12:31,2025,6,22,HUMAN_OBSERVATION,PRESENT,iNaturalist research-grade observations,iNaturalist,Observations,http://creativecommons.org/licenses/by/4.0/legalcode,Kazakhstan,Almaty,,inside,inside
Ziziphora clinopodioides,Ziziphora_clinopodioides.json,5909292471,https://www.inaturalist.org/observations/291411381,Ziziphora clinopodioides Lam.,Ziziphora clinopodioides Lam.,7308799,43.098357,76.954411,,WGS84,21-Jun-25 08:16:51,2025,6,21,HUMAN_OBSERVATION,PRESENT,iNaturalist research-grade observations,iNaturalist,Observations,http://creativecommons.org/licenses/by-nc/4.0/legalcode,Kazakhstan,Almaty,,inside,inside
Ziziphora clinopodioides,Ziziphora_clinopodioides.json,5231459877,https://www.inaturalist.org/observations/294611937,Ziziphora clinopodioides Lam.,Ziziphora clinopodioides Lam.,7308799,43.162323,77.092441,,WGS84,02-Jul-25 17:35:01,2025,7,2,HUMAN_OBSERVATION,PRESENT,iNaturalist research-grade observations,iNaturalist,Observations,http://creativecommons.org/licenses/by-nc/4.0/legalcode,Kazakhstan,Almaty,,inside,inside
Ziziphora clinopodioides,Ziziphora_clinopodioides.json,5238322116,https://www.inaturalist.org/observations/300956345,Ziziphora clinopodioides Lam.,Ziziphora clinopodioides Lam.,7308799,43.144795,77.00588,374,WGS84,04-Jul-25 12:16:38,2025,7,4,HUMAN_OBSERVATION,PRESENT,iNaturalist research-grade observations,iNaturalist,Observations,http://creativecommons.org/licenses/by-nc/4.0/legalcode,Kazakhstan,Almaty,,inside,inside
Ziziphora clinopodioides,Ziziphora_clinopodioides.json,5281803619,https://www.inaturalist.org/observations/302520425,Ziziphora clinopodioides Lam.,Ziziphora clinopodioides Lam.,7308799,43.02937,79.982208,3,WGS84,28-Jul-25 05:21:57,2025,7,28,HUMAN_OBSERVATION,PRESENT,iNaturalist research-grade observations,iNaturalist,Observations,http://creativecommons.org/licenses/by-nc/4.0/legalcode,Kazakhstan,Almaty,,inside,inside
Ziziphora clinopodioides,Ziziphora_clinopodioides.json,5281910617,https://www.inaturalist.org/observations/302516378,Ziziphora clinopodioides Lam.,Ziziphora clinopodioides Lam.,7308799,42.94868,80.06655,3,WGS84,27-Jul-25 13:24:06,2025,7,27,HUMAN_OBSERVATION,PRESENT,iNaturalist research-grade observations,iNaturalist,Observations,http://creativecommons.org/licenses/by-nc/4.0/legalcode,Kazakhstan,Almaty,,inside,inside
Ziziphora clinopodioides,Ziziphora_clinopodioides.json,5828277611,https://www.inaturalist.org/observations/314037718,Ziziphora clinopodioides Lam.,Ziziphora clinopodioides Lam.,7308799,42.88796,78.682729,977,WGS84,2025-07-07T09:32,2025,7,7,HUMAN_OBSERVATION,PRESENT,iNaturalist research-grade observations,iNaturalist,Observations,http://creativecommons.org/licenses/by/4.0/legalcode,Kazakhstan,Almaty,,inside,inside
Ziziphora clinopodioides,Ziziphora_clinopodioides.json,5908785085,https://www.inaturalist.org/observations/297598757,Ziziphora clinopodioides Lam.,Ziziphora clinopodioides Lam.,7308799,43.235849,77.138698,,WGS84,13-Jul-25 14:57:23,2025,7,13,HUMAN_OBSERVATION,PRESENT,iNaturalist research-grade observations,iNaturalist,Observations,http://creativecommons.org/licenses/by-nc/4.0/legalcode,Kazakhstan,Almaty,,inside,inside
Ziziphora clinopodioides,Ziziphora_clinopodioides.json,6159159028,https://www.inaturalist.org/observations/300956691,Ziziphora clinopodioides Lam.,Ziziphora clinopodioides Lam.,7308799,43.143988,77.005398,455,WGS84,04-Jul-25 12:16:58,2025,7,4,HUMAN_OBSERVATION,PRESENT,iNaturalist research-grade observations,iNaturalist,Observations,http://creativecommons.org/licenses/by-nc/4.0/legalcode,Kazakhstan,Almaty,,inside,inside
Ziziphora clinopodioides,Ziziphora_clinopodioides.json,6481222182,https://www.inaturalist.org/observations/376657416,Ziziphora clinopodioides Lam.,Ziziphora clinopodioides Lam.,7308799,43.142575,80.074661,11,WGS84,25-Jul-25 10:27:02,2025,7,25,HUMAN_OBSERVATION,PRESENT,iNaturalist research-grade observations,iNaturalist,Observations,http://creativecommons.org/licenses/by-nc/4.0/legalcode,Kazakhstan,Almaty,,inside,inside
Ziziphora clinopodioides,Ziziphora_clinopodioides.json,6498306754,https://www.inaturalist.org/observations/391935489,Ziziphora clinopodioides Lam.,Ziziphora clinopodioides Lam.,7308799,43.142575,80.074661,11,WGS84,25-Jul-25 10:27:02,2025,7,25,HUMAN_OBSERVATION,PRESENT,iNaturalist research-grade observations,iNaturalist,Observations,http://creativecommons.org/licenses/by-nc/4.0/legalcode,Kazakhstan,Almaty,,inside,inside
Ziziphora clinopodioides,Ziziphora_clinopodioides.json,5760038726,https://www.inaturalist.org/observations/310496329,Ziziphora clinopodioides Lam.,Ziziphora clinopodioides Lam.,7308799,44.4446,79.690846,,WGS84,30-Aug-25 18:23:29,2025,8,30,HUMAN_OBSERVATION,PRESENT,iNaturalist research-grade observations,iNaturalist,Observations,http://creativecommons.org/licenses/by-nc/4.0/legalcode,Kazakhstan,Almaty,,inside,inside
Ziziphora clinopodioides,Ziziphora_clinopodioides.json,5760956117,https://www.inaturalist.org/observations/310713730,Ziziphora clinopodioides Lam.,Ziziphora clinopodioides Lam.,7308799,44.444275,79.690931,4,WGS84,30-Aug-25 15:22:56,2025,8,30,HUMAN_OBSERVATION,PRESENT,iNaturalist research-grade observations,iNaturalist,Observations,http://creativecommons.org/licenses/by-nc/4.0/legalcode,Kazakhstan,Almaty,,inside,inside
Ziziphora clinopodioides,Ziziphora_clinopodioides.json,5761156723,https://www.inaturalist.org/observations/307672875,Ziziphora clinopodioides Lam.,Ziziphora clinopodioides Lam.,7308799,43.097531,76.955338,14,WGS84,19-Aug-25 14:03:20,2025,8,19,HUMAN_OBSERVATION,PRESENT,iNaturalist research-grade observations,iNaturalist,Observations,http://creativecommons.org/licenses/by-nc/4.0/legalcode,Kazakhstan,Almaty,,inside,inside
Ziziphora clinopodioides,Ziziphora_clinopodioides.json,6133088398,https://www.inaturalist.org/observations/308226930,Ziziphora clinopodioides Lam.,Ziziphora clinopodioides Lam.,7308799,42.986641,78.462558,818,WGS84,15-Aug-25 11:30:56,2025,8,15,HUMAN_OBSERVATION,PRESENT,iNaturalist research-grade observations,iNaturalist,Observations,http://creativecommons.org/licenses/by-nc/4.0/legalcode,Kazakhstan,Almaty,,inside,inside
Ziziphora clinopodioides,Ziziphora_clinopodioides.json,6133118864,https://www.inaturalist.org/observations/317014880,Ziziphora clinopodioides Lam.,Ziziphora clinopodioides Lam.,7308799,43.0341,78.7467,,WGS84,2025-08-23T14:07,2025,8,23,HUMAN_OBSERVATION,PRESENT,iNaturalist research-grade observations,iNaturalist,Observations,http://creativecommons.org/licenses/by-nc/4.0/legalcode,Kazakhstan,Almaty,,inside,inside
Ziziphora clinopodioides,Ziziphora_clinopodioides.json,6133137659,https://www.inaturalist.org/observations/317314454,Ziziphora clinopodioides Lam.,Ziziphora clinopodioides Lam.,7308799,43.176167,79.205669,,WGS84,2025-08-23T17:16,2025,8,23,HUMAN_OBSERVATION,PRESENT,iNaturalist research-grade observations,iNaturalist,Observations,http://creativecommons.org/licenses/by-nc/4.0/legalcode,Kazakhstan,Almaty,,inside,inside
Ziziphora clinopodioides,Ziziphora_clinopodioides.json,6133160440,https://www.inaturalist.org/observations/317229346,Ziziphora clinopodioides Lam.,Ziziphora clinopodioides Lam.,7308799,43.034,78.7468,,WGS84,2025-08-23T14:11,2025,8,23,HUMAN_OBSERVATION,PRESENT,iNaturalist research-grade observations,iNaturalist,Observations,http://creativecommons.org/licenses/by-nc/4.0/legalcode,Kazakhstan,Almaty,,inside,inside
Ziziphora clinopodioides,Ziziphora_clinopodioides.json,6133549975,https://www.inaturalist.org/observations/317589730,Ziziphora clinopodioides Lam.,Ziziphora clinopodioides Lam.,7308799,43.176327,79.205338,,WGS84,2025-08-23T17:22,2025,8,23,HUMAN_OBSERVATION,PRESENT,iNaturalist research-grade observations,iNaturalist,Observations,http://creativecommons.org/licenses/by-nc/4.0/legalcode,Kazakhstan,Almaty,,inside,inside
Ziziphora clinopodioides,Ziziphora_clinopodioides.json,6133335409,https://www.inaturalist.org/observations/318130181,Ziziphora clinopodioides Lam.,Ziziphora clinopodioides Lam.,7308799,43.084964,79.213146,90,WGS84,28-Sep-25 13:20:20,2025,9,28,HUMAN_OBSERVATION,PRESENT,iNaturalist research-grade observations,iNaturalist,Observations,http://creativecommons.org/licenses/by/4.0/legalcode,Kazakhstan,Almaty,,inside,inside
Ziziphora clinopodioides,Ziziphora_clinopodioides.json,6159461192,https://www.inaturalist.org/observations/315509388,Ziziphora clinopodioides Lam.,Ziziphora clinopodioides Lam.,7308799,43.100769,76.951936,,WGS84,20-Sep-25 12:17:31,2025,9,20,HUMAN_OBSERVATION,PRESENT,iNaturalist research-grade observations,iNaturalist,Observations,http://creativecommons.org/licenses/by-nc/4.0/legalcode,Kazakhstan,Almaty,,inside,inside
Ziziphora clinopodioides,Ziziphora_clinopodioides.json,4606743960,https://www.inaturalist.org/observations/204271073,Ziziphora clinopodioides Lam.,Ziziphora clinopodioides Lam.,7308799,43.107514,76.951889,,WGS84,2024-03-25T15:58,2024,3,25,HUMAN_OBSERVATION,PRESENT,iNaturalist research-grade observations,iNaturalist,Observations,http://creativecommons.org/licenses/by-nc/4.0/legalcode,Kazakhstan,Almaty,,inside,inside
Ziziphora clinopodioides,Ziziphora_clinopodioides.json,4607273804,https://www.inaturalist.org/observations/204271018,Ziziphora clinopodioides Lam.,Ziziphora clinopodioides Lam.,7308799,43.115305,76.928577,,WGS84,2024-03-25T16:48,2024,3,25,HUMAN_OBSERVATION,PRESENT,iNaturalist research-grade observations,iNaturalist,Observations,http://creativecommons.org/licenses/by-nc/4.0/legalcode,Kazakhstan,Almaty,,inside,inside
Ziziphora clinopodioides,Ziziphora_clinopodioides.json,4852561216,https://www.inaturalist.org/observations/211762688,Ziziphora clinopodioides Lam.,Ziziphora clinopodioides Lam.,7308799,43.111011,76.918128,6,WGS84,29-Apr-24 13:03:14,2024,4,29,HUMAN_OBSERVATION,PRESENT,iNaturalist research-grade observations,iNaturalist,Observations,http://creativecommons.org/licenses/by-nc/4.0/legalcode,Kazakhstan,Almaty,,inside,inside
Ziziphora clinopodioides,Ziziphora_clinopodioides.json,4854839189,https://www.inaturalist.org/observations/210816209,Ziziphora clinopodioides Lam.,Ziziphora clinopodioides Lam.,7308799,43.103968,76.776067,,WGS84,2024-04-28T15:21,2024,4,28,HUMAN_OBSERVATION,PRESENT,iNaturalist research-grade observations,iNaturalist,Observations,http://creativecommons.org/licenses/by/4.0/legalcode,Kazakhstan,Almaty,,inside,inside
Ziziphora clinopodioides,Ziziphora_clinopodioides.json,4854957680,https://www.inaturalist.org/observations/210816236,Ziziphora clinopodioides Lam.,Ziziphora clinopodioides Lam.,7308799,43.103912,76.775986,,WGS84,2024-04-28T15:26,2024,4,28,HUMAN_OBSERVATION,PRESENT,iNaturalist research-grade observations,iNaturalist,Observations,http://creativecommons.org/licenses/by/4.0/legalcode,Kazakhstan,Almaty,,inside,inside
Ziziphora clinopodioides,Ziziphora_clinopodioides.json,4867896642,https://www.inaturalist.org/observations/216828283,Ziziphora clinopodioides Lam.,Ziziphora clinopodioides Lam.,7308799,43.143611,77.003889,,WGS84,19-May-24 11:03:33,2024,5,19,HUMAN_OBSERVATION,PRESENT,iNaturalist research-grade observations,iNaturalist,Observations,http://creativecommons.org/licenses/by-nc/4.0/legalcode,Kazakhstan,Almaty,,inside,inside
Ziziphora clinopodioides,Ziziphora_clinopodioides.json,4872328854,https://www.inaturalist.org/observations/218867284,Ziziphora clinopodioides Lam.,Ziziphora clinopodioides Lam.,7308799,43.929462,75.436661,,WGS84,2024-05-14T16:09,2024,5,14,HUMAN_OBSERVATION,PRESENT,iNaturalist research-grade observations,iNaturalist,Observations,http://creativecommons.org/licenses/by/4.0/legalcode,Kazakhstan,Almaty,,inside,inside
Ziziphora clinopodioides,Ziziphora_clinopodioides.json,4872495666,https://www.inaturalist.org/observations/218847524,Ziziphora clinopodioides Lam.,Ziziphora clinopodioides Lam.,7308799,43.94371,75.302444,,WGS84,2024-05-14T10:54,2024,5,14,HUMAN_OBSERVATION,PRESENT,iNaturalist research-grade observations,iNaturalist,Observations,http://creativecommons.org/licenses/by/4.0/legalcode,Kazakhstan,Zhambyl,,outside,inside
Ziziphora clinopodioides,Ziziphora_clinopodioides.json,4904322799,https://www.inaturalist.org/observations/218577595,Ziziphora clinopodioides Lam.,Ziziphora clinopodioides Lam.,7308799,43.103149,76.950356,,WGS84,2024-05-18T11:38,2024,5,18,HUMAN_OBSERVATION,PRESENT,iNaturalist research-grade observations,iNaturalist,Observations,http://creativecommons.org/licenses/by-nc/4.0/legalcode,Kazakhstan,Almaty,,inside,inside
Ziziphora clinopodioides,Ziziphora_clinopodioides.json,4903742608,https://www.inaturalist.org/observations/226397197,Ziziphora clinopodioides Lam.,Ziziphora clinopodioides Lam.,7308799,44.196968,78.512328,,WGS84,2024-06-30T15:27,2024,6,30,HUMAN_OBSERVATION,PRESENT,iNaturalist research-grade observations,iNaturalist,Observations,http://creativecommons.org/licenses/by-nc/4.0/legalcode,Kazakhstan,Almaty,,inside,inside
Ziziphora clinopodioides,Ziziphora_clinopodioides.json,4908384672,https://www.inaturalist.org/observations/226855142,Ziziphora clinopodioides Lam.,Ziziphora clinopodioides Lam.,7308799,43.085116,76.742719,1465,WGS84,2024-06-30T09:13,2024,6,30,HUMAN_OBSERVATION,PRESENT,iNaturalist research-grade observations,iNaturalist,Observations,http://creativecommons.org/licenses/by/4.0/legalcode,Kazakhstan,Almaty,,inside,inside
Ziziphora clinopodioides,Ziziphora_clinopodioides.json,4935857737,https://www.inaturalist.org/observations/238405531,Ziziphora clinopodioides Lam.,Ziziphora clinopodioides Lam.,7308799,44.101172,75.667453,,WGS84,2024-06-11T10:25,2024,6,11,HUMAN_OBSERVATION,PRESENT,iNaturalist research-grade observations,iNaturalist,Observations,http://creativecommons.org/licenses/by/4.0/legalcode,Kazakhstan,Almaty,,inside,inside
Ziziphora clinopodioides,Ziziphora_clinopodioides.json,4936070479,https://www.inaturalist.org/observations/238425104,Ziziphora clinopodioides Lam.,Ziziphora clinopodioides Lam.,7308799,43.917679,75.726143,,WGS84,2024-06-12T11:53,2024,6,12,HUMAN_OBSERVATION,PRESENT,iNaturalist research-grade observations,iNaturalist,Observations,http://creativecommons.org/licenses/by/4.0/legalcode,Kazakhstan,Almaty,,inside,inside
Ziziphora clinopodioides,Ziziphora_clinopodioides.json,4936167987,https://www.inaturalist.org/observations/238425123,Ziziphora clinopodioides Lam.,Ziziphora clinopodioides Lam.,7308799,43.917267,75.726028,,WGS84,2024-06-12T11:59,2024,6,12,HUMAN_OBSERVATION,PRESENT,iNaturalist research-grade observations,iNaturalist,Observations,http://creativecommons.org/licenses/by/4.0/legalcode,Kazakhstan,Almaty,,inside,inside
Ziziphora clinopodioides,Ziziphora_clinopodioides.json,5063250112,https://www.inaturalist.org/observations/259234518,Ziziphora clinopodioides Lam.,Ziziphora clinopodioides Lam.,7308799,44.006618,75.857262,,WGS84,2024-06-24T12:41,2024,6,24,HUMAN_OBSERVATION,PRESENT,iNaturalist research-grade observations,iNaturalist,Observations,http://creativecommons.org/licenses/by/4.0/legalcode,Kazakhstan,Almaty,,inside,inside
Ziziphora clinopodioides,Ziziphora_clinopodioides.json,5063350341,https://www.inaturalist.org/observations/259233182,Ziziphora clinopodioides Lam.,Ziziphora clinopodioides Lam.,7308799,44.007141,75.854919,,WGS84,2024-06-24T12:29,2024,6,24,HUMAN_OBSERVATION,PRESENT,iNaturalist research-grade observations,iNaturalist,Observations,http://creativecommons.org/licenses/by/4.0/legalcode,Kazakhstan,Almaty,,inside,inside
Ziziphora clinopodioides,Ziziphora_clinopodioides.json,4919271863,https://www.inaturalist.org/observations/230529554,Ziziphora clinopodioides Lam.,Ziziphora clinopodioides Lam.,7308799,43.099358,76.952628,,WGS84,2024-07-20T08:26,2024,7,20,HUMAN_OBSERVATION,PRESENT,iNaturalist research-grade observations,iNaturalist,Observations,http://creativecommons.org/licenses/by-nc/4.0/legalcode,Kazakhstan,Almaty,,inside,inside
Ziziphora clinopodioides,Ziziphora_clinopodioides.json,4919324962,https://www.inaturalist.org/observations/232660355,Ziziphora clinopodioides Lam.,Ziziphora clinopodioides Lam.,7308799,43.0965,79.345008,488,WGS84,2024-07-25T14:23,2024,7,25,HUMAN_OBSERVATION,PRESENT,iNaturalist research-grade observations,iNaturalist,Observations,http://creativecommons.org/licenses/by/4.0/legalcode,Kazakhstan,Almaty,,inside,inside
Ziziphora clinopodioides,Ziziphora_clinopodioides.json,4919544512,https://www.inaturalist.org/observations/230529551,Ziziphora clinopodioides Lam.,Ziziphora clinopodioides Lam.,7308799,43.09916,76.95282,,WGS84,2024-07-20T08:25,2024,7,20,HUMAN_OBSERVATION,PRESENT,iNaturalist research-grade observations,iNaturalist,Observations,http://creativecommons.org/licenses/by-nc/4.0/legalcode,Kazakhstan,Almaty,,inside,inside
Ziziphora clinopodioides,Ziziphora_clinopodioides.json,4919610910,https://www.inaturalist.org/observations/232660353,Ziziphora clinopodioides Lam.,Ziziphora clinopodioides Lam.,7308799,43.102038,79.342359,488,WGS84,2024-07-25T14:21,2024,7,25,HUMAN_OBSERVATION,PRESENT,iNaturalist research-grade observations,iNaturalist,Observations,http://creativecommons.org/licenses/by/4.0/legalcode,Kazakhstan,Almaty,,inside,inside
Ziziphora clinopodioides,Ziziphora_clinopodioides.json,4923613099,https://www.inaturalist.org/observations/233061359,Ziziphora clinopodioides Lam.,Ziziphora clinopodioides Lam.,7308799,43.151458,79.579801,3906,WGS84,2024-07-25T17:24,2024,7,25,HUMAN_OBSERVATION,PRESENT,iNaturalist research-grade observations,iNaturalist,Observations,http://creativecommons.org/licenses/by/4.0/legalcode,Kazakhstan,Almaty,,inside,inside
Ziziphora clinopodioides,Ziziphora_clinopodioides.json,6131357506,https://www.inaturalist.org/observations/289176455,Ziziphora clinopodioides Lam.,Ziziphora clinopodioides Lam.,7308799,43.099061,76.952995,5,WGS84,06-Jul-24 19:16:44,2024,7,6,HUMAN_OBSERVATION,PRESENT,iNaturalist research-grade observations,iNaturalist,Observations,http://creativecommons.org/licenses/by-nc/4.0/legalcode,Kazakhstan,Almaty,,inside,inside
Ziziphora clinopodioides,Ziziphora_clinopodioides.json,4936940036,https://www.inaturalist.org/observations/238934227,Ziziphora clinopodioides Lam.,Ziziphora clinopodioides Lam.,7308799,43.116448,76.91881,,WGS84,2024-08-30T14:58,2024,8,30,HUMAN_OBSERVATION,PRESENT,iNaturalist research-grade observations,iNaturalist,Observations,http://creativecommons.org/licenses/by-nc/4.0/legalcode,Kazakhstan,Almaty,,inside,inside
Ziziphora clinopodioides,Ziziphora_clinopodioides.json,4937091578,https://www.inaturalist.org/observations/239212336,Ziziphora clinopodioides Lam.,Ziziphora clinopodioides Lam.,7308799,43.116589,76.921887,,WGS84,2024-08-30T15:24,2024,8,30,HUMAN_OBSERVATION,PRESENT,iNaturalist research-grade observations,iNaturalist,Observations,http://creativecommons.org/licenses/by-nc/4.0/legalcode,Kazakhstan,Almaty,,inside,inside
Ziziphora clinopodioides,Ziziphora_clinopodioides.json,4952254404,https://www.inaturalist.org/observations/240028333,Ziziphora clinopodioides Lam.,Ziziphora clinopodioides Lam.,7308799,43.116031,76.926868,,WGS84,2024-08-30T16:15,2024,8,30,HUMAN_OBSERVATION,PRESENT,iNaturalist research-grade observations,iNaturalist,Observations,http://creativecommons.org/licenses/by-nc/4.0/legalcode,Kazakhstan,Almaty,,inside,inside
Ziziphora clinopodioides,Ziziphora_clinopodioides.json,4954388154,https://www.inaturalist.org/observations/246967578,Ziziphora clinopodioides Lam.,Ziziphora clinopodioides Lam.,7308799,43.254462,77.478932,,WGS84,2024-08-27T12:32,2024,8,27,HUMAN_OBSERVATION,PRESENT,iNaturalist research-grade observations,iNaturalist,Observations,http://creativecommons.org/licenses/by-nc/4.0/legalcode,Kazakhstan,Almaty,,inside,inside
Ziziphora clinopodioides,Ziziphora_clinopodioides.json,4987406713,https://www.inaturalist.org/observations/253095027,Ziziphora clinopodioides Lam.,Ziziphora clinopodioides Lam.,7308799,43.104272,76.951162,,WGS84,2024-08-30T18:01,2024,8,30,HUMAN_OBSERVATION,PRESENT,iNaturalist research-grade observations,iNaturalist,Observations,http://creativecommons.org/licenses/by-nc/4.0/legalcode,Kazakhstan,Almaty,,inside,inside
Ziziphora clinopodioides,Ziziphora_clinopodioides.json,4987525715,https://www.inaturalist.org/observations/253091881,Ziziphora clinopodioides Lam.,Ziziphora clinopodioides Lam.,7308799,43.107441,76.950418,,WGS84,2024-08-30T17:44,2024,8,30,HUMAN_OBSERVATION,PRESENT,iNaturalist research-grade observations,iNaturalist,Observations,http://creativecommons.org/licenses/by-nc/4.0/legalcode,Kazakhstan,Almaty,,inside,inside
Ziziphora clinopodioides,Ziziphora_clinopodioides.json,4945672511,https://www.inaturalist.org/observations/241490634,Ziziphora clinopodioides Lam.,Ziziphora clinopodioides Lam.,7308799,42.986328,78.322775,,WGS84,2024-09-04T10:24,2024,9,4,HUMAN_OBSERVATION,PRESENT,iNaturalist research-grade observations,iNaturalist,Observations,http://creativecommons.org/licenses/by-nc/4.0/legalcode,Kazakhstan,Almaty,,inside,inside
Ziziphora clinopodioides,Ziziphora_clinopodioides.json,4987615913,https://www.inaturalist.org/observations/252892309,Ziziphora clinopodioides Lam.,Ziziphora clinopodioides Lam.,7308799,43.1576,77.107635,,WGS84,24-Nov-24 13:33:22,2024,11,24,HUMAN_OBSERVATION,PRESENT,iNaturalist research-grade observations,iNaturalist,Observations,http://creativecommons.org/licenses/by/4.0/legalcode,Kazakhstan,Almaty,,inside,inside
Ziziphora clinopodioides,Ziziphora_clinopodioides.json,4112084678,https://www.inaturalist.org/observations/158628089,Ziziphora clinopodioides Lam.,Ziziphora clinopodioides Lam.,7308799,43.91087,77.747673,,WGS84,2023-04-22T11:46,2023,4,22,HUMAN_OBSERVATION,PRESENT,iNaturalist research-grade observations,iNaturalist,Observations,http://creativecommons.org/licenses/by/4.0/legalcode,Kazakhstan,Almaty,,inside,inside
Ziziphora clinopodioides,Ziziphora_clinopodioides.json,4127307293,https://www.inaturalist.org/observations/164441700,Ziziphora clinopodioides Lam.,Ziziphora clinopodioides Lam.,7308799,43.015636,79.982414,,WGS84,27-May-23 06:45:26,2023,5,27,HUMAN_OBSERVATION,PRESENT,iNaturalist research-grade observations,iNaturalist,Observations,http://creativecommons.org/licenses/by-nc/4.0/legalcode,Kazakhstan,Almaty,,inside,inside
Ziziphora clinopodioides,Ziziphora_clinopodioides.json,4528166891,https://www.inaturalist.org/observations/170127291,Ziziphora clinopodioides Lam.,Ziziphora clinopodioides Lam.,7308799,43.172463,79.179066,,WGS84,2023-06-21T12:28,2023,6,21,HUMAN_OBSERVATION,PRESENT,iNaturalist research-grade observations,iNaturalist,Observations,http://creativecommons.org/licenses/by-nc/4.0/legalcode,Kazakhstan,Almaty,,inside,inside
Ziziphora clinopodioides,Ziziphora_clinopodioides.json,4153699576,https://www.inaturalist.org/observations/172132768,Ziziphora clinopodioides Lam.,Ziziphora clinopodioides Lam.,7308799,43.103825,76.775943,,WGS84,2023-07-09T17:44,2023,7,9,HUMAN_OBSERVATION,PRESENT,iNaturalist research-grade observations,iNaturalist,Observations,http://creativecommons.org/licenses/by/4.0/legalcode,Kazakhstan,Almaty,,inside,inside
Ziziphora clinopodioides,Ziziphora_clinopodioides.json,4171303076,https://www.inaturalist.org/observations/171987539,Ziziphora clinopodioides Lam.,Ziziphora clinopodioides Lam.,7308799,43.141944,77.004722,,WGS84,08-Jul-23 10:40:21,2023,7,8,HUMAN_OBSERVATION,PRESENT,iNaturalist research-grade observations,iNaturalist,Observations,http://creativecommons.org/licenses/by-nc/4.0/legalcode,Kazakhstan,Almaty,,inside,inside
Ziziphora clinopodioides,Ziziphora_clinopodioides.json,4177441725,https://www.inaturalist.org/observations/177965067,Ziziphora clinopodioides Lam.,Ziziphora clinopodioides Lam.,7308799,43.024779,75.832574,244,WGS84,2023-07-24T15:31,2023,7,24,HUMAN_OBSERVATION,PRESENT,iNaturalist research-grade observations,iNaturalist,Observations,http://creativecommons.org/licenses/by-nc/4.0/legalcode,Kazakhstan,Almaty,,inside,inside
Ziziphora clinopodioides,Ziziphora_clinopodioides.json,4400204728,https://www.inaturalist.org/observations/172530689,Ziziphora clinopodioides Lam.,Ziziphora clinopodioides Lam.,7308799,43.451928,78.65257,,WGS84,2023-07-07T12:31,2023,7,7,HUMAN_OBSERVATION,PRESENT,iNaturalist research-grade observations,iNaturalist,Observations,http://creativecommons.org/licenses/by-nc/4.0/legalcode,Kazakhstan,Almaty,,inside,inside
Ziziphora clinopodioides,Ziziphora_clinopodioides.json,4400453655,https://www.inaturalist.org/observations/172530738,Ziziphora clinopodioides Lam.,Ziziphora clinopodioides Lam.,7308799,43.451834,78.653658,,WGS84,2023-07-07T12:40,2023,7,7,HUMAN_OBSERVATION,PRESENT,iNaturalist research-grade observations,iNaturalist,Observations,http://creativecommons.org/licenses/by-nc/4.0/legalcode,Kazakhstan,Almaty,,inside,inside
Ziziphora clinopodioides,Ziziphora_clinopodioides.json,4177333633,https://www.inaturalist.org/observations/177622365,Ziziphora clinopodioides Lam.,Ziziphora clinopodioides Lam.,7308799,43.004364,78.333228,2046,WGS84,10-Aug-23 08:55:28,2023,8,10,HUMAN_OBSERVATION,PRESENT,iNaturalist research-grade observations,iNaturalist,Observations,http://creativecommons.org/licenses/by-nc/4.0/legalcode,Kazakhstan,Almaty,,inside,inside
Ziziphora clinopodioides,Ziziphora_clinopodioides.json,4400042954,https://www.inaturalist.org/observations/178937398,Ziziphora clinopodioides Lam.,Ziziphora clinopodioides Lam.,7308799,43.317169,78.388594,,WGS84,16-Aug-23 18:06:58,2023,8,16,HUMAN_OBSERVATION,PRESENT,iNaturalist research-grade observations,iNaturalist,Observations,http://creativecommons.org/publicdomain/zero/1.0/legalcode,Kazakhstan,Almaty,,inside,inside
Ziziphora clinopodioides,Ziziphora_clinopodioides.json,4522619652,https://www.inaturalist.org/observations/198680215,Ziziphora clinopodioides Lam.,Ziziphora clinopodioides Lam.,7308799,43.05129,76.99149,25,WGS84,2023-08-30T10:55,2023,8,30,HUMAN_OBSERVATION,PRESENT,iNaturalist research-grade observations,iNaturalist,Observations,http://creativecommons.org/licenses/by/4.0/legalcode,Kazakhstan,Almaty,,inside,inside
Ziziphora clinopodioides,Ziziphora_clinopodioides.json,4522655542,https://www.inaturalist.org/observations/198680218,Ziziphora clinopodioides Lam.,Ziziphora clinopodioides Lam.,7308799,43.046976,76.991331,8,WGS84,2023-08-30T12:22,2023,8,30,HUMAN_OBSERVATION,PRESENT,iNaturalist research-grade observations,iNaturalist,Observations,http://creativecommons.org/licenses/by/4.0/legalcode,Kazakhstan,Almaty,,inside,inside
Ziziphora clinopodioides,Ziziphora_clinopodioides.json,4908997702,https://www.inaturalist.org/observations/227280596,Ziziphora clinopodioides Lam.,Ziziphora clinopodioides Lam.,7308799,43.127374,76.97263,,WGS84,2023-08-05T11:03,2023,8,5,HUMAN_OBSERVATION,PRESENT,iNaturalist research-grade observations,iNaturalist,Observations,http://creativecommons.org/licenses/by-nc/4.0/legalcode,Kazakhstan,Almaty,,inside,inside
Ziziphora clinopodioides,Ziziphora_clinopodioides.json,4420966317,https://www.inaturalist.org/observations/185896910,Ziziphora clinopodioides Lam.,Ziziphora clinopodioides Lam.,7308799,43.04946,78.828188,,WGS84,29-Sep-23 16:53:34,2023,9,29,HUMAN_OBSERVATION,PRESENT,iNaturalist research-grade observations,iNaturalist,Observations,http://creativecommons.org/licenses/by-nc/4.0/legalcode,Kazakhstan,Almaty,,inside,inside
Ziziphora clinopodioides,Ziziphora_clinopodioides.json,4430503464,https://www.inaturalist.org/observations/185750181,Ziziphora clinopodioides Lam.,Ziziphora clinopodioides Lam.,7308799,43.042567,78.820925,,WGS84,29-Sep-23 14:29:59,2023,9,29,HUMAN_OBSERVATION,PRESENT,iNaturalist research-grade observations,iNaturalist,Observations,http://creativecommons.org/licenses/by-nc/4.0/legalcode,Kazakhstan,Almaty,,inside,inside
Ziziphora clinopodioides,Ziziphora_clinopodioides.json,4430530431,https://www.inaturalist.org/observations/185868339,Ziziphora clinopodioides Lam.,Ziziphora clinopodioides Lam.,7308799,43.044395,78.816203,,WGS84,29-Sep-23 14:48:40,2023,9,29,HUMAN_OBSERVATION,PRESENT,iNaturalist research-grade observations,iNaturalist,Observations,http://creativecommons.org/licenses/by-nc/4.0/legalcode,Kazakhstan,Almaty,,inside,inside
Ziziphora clinopodioides,Ziziphora_clinopodioides.json,4430538434,https://www.inaturalist.org/observations/185896597,Ziziphora clinopodioides Lam.,Ziziphora clinopodioides Lam.,7308799,43.044107,78.800594,,WGS84,29-Sep-23 16:18:08,2023,9,29,HUMAN_OBSERVATION,PRESENT,iNaturalist research-grade observations,iNaturalist,Observations,http://creativecommons.org/licenses/by-nc/4.0/legalcode,Kazakhstan,Almaty,,inside,inside
Ziziphora clinopodioides,Ziziphora_clinopodioides.json,4430544415,https://www.inaturalist.org/observations/185885233,Ziziphora clinopodioides Lam.,Ziziphora clinopodioides Lam.,7308799,43.043246,78.792386,,WGS84,29-Sep-23 15:54:43,2023,9,29,HUMAN_OBSERVATION,PRESENT,iNaturalist research-grade observations,iNaturalist,Observations,http://creativecommons.org/licenses/by-nc/4.0/legalcode,Kazakhstan,Almaty,,inside,inside
Ziziphora clinopodioides,Ziziphora_clinopodioides.json,4430973445,https://www.inaturalist.org/observations/185876806,Ziziphora clinopodioides Lam.,Ziziphora clinopodioides Lam.,7308799,43.046692,78.799808,,WGS84,29-Sep-23 15:22:01,2023,9,29,HUMAN_OBSERVATION,PRESENT,iNaturalist research-grade observations,iNaturalist,Observations,http://creativecommons.org/licenses/by-nc/4.0/legalcode,Kazakhstan,Almaty,,inside,inside
Ziziphora clinopodioides,Ziziphora_clinopodioides.json,4431001402,https://www.inaturalist.org/observations/185868863,Ziziphora clinopodioides Lam.,Ziziphora clinopodioides Lam.,7308799,43.044602,78.804473,,WGS84,29-Sep-23 15:14:21,2023,9,29,HUMAN_OBSERVATION,PRESENT,iNaturalist research-grade observations,iNaturalist,Observations,http://creativecommons.org/licenses/by-nc/4.0/legalcode,Kazakhstan,Almaty,,inside,inside
Ziziphora clinopodioides,Ziziphora_clinopodioides.json,4431008401,https://www.inaturalist.org/observations/185750455,Ziziphora clinopodioides Lam.,Ziziphora clinopodioides Lam.,7308799,43.043454,78.819485,,WGS84,29-Sep-23 14:34:55,2023,9,29,HUMAN_OBSERVATION,PRESENT,iNaturalist research-grade observations,iNaturalist,Observations,http://creativecommons.org/licenses/by-nc/4.0/legalcode,Kazakhstan,Almaty,,inside,inside
Ziziphora clinopodioides,Ziziphora_clinopodioides.json,4458350218,https://www.inaturalist.org/observations/185749585,Ziziphora clinopodioides Lam.,Ziziphora clinopodioides Lam.,7308799,43.043724,78.821972,,WGS84,29-Sep-23 14:23:15,2023,9,29,HUMAN_OBSERVATION,PRESENT,iNaturalist research-grade observations,iNaturalist,Observations,http://creativecommons.org/licenses/by-nc/4.0/legalcode,Kazakhstan,Almaty,,inside,inside
Ziziphora clinopodioides,Ziziphora_clinopodioides.json,4458357193,https://www.inaturalist.org/observations/184991662,Ziziphora clinopodioides Lam.,Ziziphora clinopodioides Lam.,7308799,43.099274,76.945038,,WGS84,2023-09-26T11:00,2023,9,26,HUMAN_OBSERVATION,PRESENT,iNaturalist research-grade observations,iNaturalist,Observations,http://creativecommons.org/licenses/by-nc/4.0/legalcode,Kazakhstan,Almaty,,inside,inside
Ziziphora clinopodioides,Ziziphora_clinopodioides.json,4500749446,https://www.inaturalist.org/observations/183478344,Ziziphora clinopodioides Lam.,Ziziphora clinopodioides Lam.,7308799,42.986783,78.327772,4,WGS84,16-Sep-23 15:53:11,2023,9,16,HUMAN_OBSERVATION,PRESENT,iNaturalist research-grade observations,iNaturalist,Observations,http://creativecommons.org/licenses/by-nc/4.0/legalcode,Kazakhstan,Almaty,,inside,inside
Ziziphora clinopodioides,Ziziphora_clinopodioides.json,4465440197,https://www.inaturalist.org/observations/193375159,Ziziphora clinopodioides Lam.,Ziziphora clinopodioides Lam.,7308799,43.870892,75.58374,,WGS84,2023-12-06T12:27,2023,12,6,HUMAN_OBSERVATION,PRESENT,iNaturalist research-grade observations,iNaturalist,Observations,http://creativecommons.org/licenses/by/4.0/legalcode,Kazakhstan,Almaty,,inside,inside
Ziziphora clinopodioides,Ziziphora_clinopodioides.json,4067374041,https://www.inaturalist.org/observations/151333671,Ziziphora clinopodioides Lam.,Ziziphora clinopodioides Lam.,7308799,43.044915,78.254295,,WGS84,2022-06-23T10:24,2022,6,23,HUMAN_OBSERVATION,PRESENT,iNaturalist research-grade observations,iNaturalist,Observations,http://creativecommons.org/licenses/by-nc/4.0/legalcode,Kazakhstan,Almaty,,inside,inside
Ziziphora clinopodioides,Ziziphora_clinopodioides.json,4046234524,https://www.inaturalist.org/observations/126781177,Ziziphora clinopodioides Lam.,Ziziphora clinopodioides Lam.,7308799,43.115086,76.928795,8,WGS84,17-Jul-22 12:16:41,2022,7,17,HUMAN_OBSERVATION,PRESENT,iNaturalist research-grade observations,iNaturalist,Observations,http://creativecommons.org/licenses/by/4.0/legalcode,Kazakhstan,Almaty,,inside,inside
Ziziphora clinopodioides,Ziziphora_clinopodioides.json,4063106713,https://www.inaturalist.org/observations/150594081,Ziziphora clinopodioides Lam.,Ziziphora clinopodioides Lam.,7308799,45.392541,80.059031,,WGS84,2022-07-21T14:26,2022,7,21,HUMAN_OBSERVATION,PRESENT,iNaturalist research-grade observations,iNaturalist,Observations,http://creativecommons.org/licenses/by-nc/4.0/legalcode,Kazakhstan,Almaty,,inside,inside
Ziziphora clinopodioides,Ziziphora_clinopodioides.json,4075616258,https://www.inaturalist.org/observations/152047691,Ziziphora clinopodioides Lam.,Ziziphora clinopodioides Lam.,7308799,45.417447,80.559801,,WGS84,2022-07-23T11:48,2022,7,23,HUMAN_OBSERVATION,PRESENT,iNaturalist research-grade observations,iNaturalist,Observations,http://creativecommons.org/licenses/by-nc/4.0/legalcode,Kazakhstan,Almaty,,inside,inside
Ziziphora clinopodioides,Ziziphora_clinopodioides.json,3333154268,https://www.inaturalist.org/observations/88826026,Ziziphora clinopodioides Lam.,Ziziphora clinopodioides Lam.,7308799,43.254976,77.48381,,WGS84,2021-07-26T13:28,2021,7,26,HUMAN_OBSERVATION,PRESENT,iNaturalist research-grade observations,iNaturalist,Observations,http://creativecommons.org/licenses/by-nc/4.0/legalcode,Kazakhstan,Almaty,,inside,inside
Ziziphora clinopodioides,Ziziphora_clinopodioides.json,4062544006,https://www.inaturalist.org/observations/150844348,Ziziphora clinopodioides Lam.,Ziziphora clinopodioides Lam.,7308799,43.051817,78.410716,,WGS84,2021-07-07T20:09,2021,7,7,HUMAN_OBSERVATION,PRESENT,iNaturalist research-grade observations,iNaturalist,Observations,http://creativecommons.org/licenses/by-nc/4.0/legalcode,Kazakhstan,Almaty,,inside,inside
Ziziphora clinopodioides,Ziziphora_clinopodioides.json,4062549999,https://www.inaturalist.org/observations/150844356,Ziziphora clinopodioides Lam.,Ziziphora clinopodioides Lam.,7308799,43.049211,78.406524,,WGS84,2021-07-07T20:38,2021,7,7,HUMAN_OBSERVATION,PRESENT,iNaturalist research-grade observations,iNaturalist,Observations,http://creativecommons.org/licenses/by-nc/4.0/legalcode,Kazakhstan,Almaty,,inside,inside
Ziziphora clinopodioides,Ziziphora_clinopodioides.json,4063092965,https://www.inaturalist.org/observations/150837762,Ziziphora clinopodioides Lam.,Ziziphora clinopodioides Lam.,7308799,43.041867,78.570939,,WGS84,2021-07-06T14:28,2021,7,6,HUMAN_OBSERVATION,PRESENT,iNaturalist research-grade observations,iNaturalist,Observations,http://creativecommons.org/licenses/by-nc/4.0/legalcode,Kazakhstan,Almaty,,inside,inside
Ziziphora clinopodioides,Ziziphora_clinopodioides.json,4116288382,https://www.inaturalist.org/observations/161660772,Ziziphora clinopodioides Lam.,Ziziphora clinopodioides Lam.,7308799,43.051817,78.410716,,WGS84,2021-07-07T20:09,2021,7,7,HUMAN_OBSERVATION,PRESENT,iNaturalist research-grade observations,iNaturalist,Observations,http://creativecommons.org/licenses/by-nc/4.0/legalcode,Kazakhstan,Almaty,,inside,inside
Ziziphora clinopodioides,Ziziphora_clinopodioides.json,4528151235,https://www.inaturalist.org/observations/198720456,Ziziphora clinopodioides Lam.,Ziziphora clinopodioides Lam.,7308799,43.051817,78.410716,,WGS84,2021-07-07T20:09,2021,7,7,HUMAN_OBSERVATION,PRESENT,iNaturalist research-grade observations,iNaturalist,Observations,http://creativecommons.org/licenses/by-nc/4.0/legalcode,Kazakhstan,Almaty,,inside,inside
Ziziphora clinopodioides,Ziziphora_clinopodioides.json,6147605496,https://www.inaturalist.org/observations/150493039,Ziziphora clinopodioides Lam.,Ziziphora clinopodioides Lam.,7308799,44.788872,79.625369,,WGS84,2021-07-20T11:48,2021,7,20,HUMAN_OBSERVATION,PRESENT,iNaturalist research-grade observations,iNaturalist,Observations,http://creativecommons.org/licenses/by-nc/4.0/legalcode,Kazakhstan,Almaty,,inside,inside
Ziziphora clinopodioides,Ziziphora_clinopodioides.json,2573815529,https://www.inaturalist.org/observations/38095087,Ziziphora clinopodioides Lam.,Ziziphora clinopodioides Lam.,7308799,43.14456,77.005493,31,WGS84,25-Jan-20 13:46:06,2020,1,25,HUMAN_OBSERVATION,PRESENT,iNaturalist research-grade observations,iNaturalist,Observations,http://creativecommons.org/licenses/by-nc/4.0/legalcode,Kazakhstan,Almaty,,inside,inside
Ziziphora clinopodioides,Ziziphora_clinopodioides.json,2574132593,https://www.inaturalist.org/observations/38094781,Ziziphora clinopodioides Lam.,Ziziphora clinopodioides Lam.,7308799,43.14581,77.008121,16,WGS84,25-Jan-20 13:41:32,2020,1,25,HUMAN_OBSERVATION,PRESENT,iNaturalist research-grade observations,iNaturalist,Observations,http://creativecommons.org/licenses/by-nc/4.0/legalcode,Kazakhstan,Almaty,,inside,inside
Ziziphora clinopodioides,Ziziphora_clinopodioides.json,4527946733,https://www.inaturalist.org/observations/151480887,Ziziphora clinopodioides Lam.,Ziziphora clinopodioides Lam.,7308799,45.260965,79.408897,,WGS84,2020-07-11T10:14,2020,7,11,HUMAN_OBSERVATION,PRESENT,iNaturalist research-grade observations,iNaturalist,Observations,http://creativecommons.org/licenses/by-nc/4.0/legalcode,Kazakhstan,Almaty,,inside,inside
Ziziphora clinopodioides,Ziziphora_clinopodioides.json,4405223320,https://www.inaturalist.org/observations/28838337,Ziziphora clinopodioides Lam.,Ziziphora clinopodioides Lam.,7308799,45.949291,81.547035,,WGS84,10-Jul-19 10:50:03,2019,7,10,HUMAN_OBSERVATION,PRESENT,iNaturalist research-grade observations,iNaturalist,Observations,http://creativecommons.org/licenses/by-nc/4.0/legalcode,Kazakhstan,Almaty,,inside,inside
Ziziphora clinopodioides,Ziziphora_clinopodioides.json,2542909873,https://www.inaturalist.org/observations/34403369,Ziziphora clinopodioides Lam.,Ziziphora clinopodioides Lam.,7308799,43.195857,77.126471,,WGS84,2019-10-08T17:10,2019,10,8,HUMAN_OBSERVATION,PRESENT,iNaturalist research-grade observations,iNaturalist,Observations,http://creativecommons.org/licenses/by-nc/4.0/legalcode,Kazakhstan,Almaty,,inside,inside
Ziziphora clinopodioides,Ziziphora_clinopodioides.json,3325679466,https://www.inaturalist.org/observations/82257483,Ziziphora clinopodioides Lam.,Ziziphora clinopodioides Lam.,7308799,44.76395,79.3485,50,WGS84,2016-08-21T05:45,2016,8,21,HUMAN_OBSERVATION,PRESENT,iNaturalist research-grade observations,iNaturalist,Observations,http://creativecommons.org/licenses/by-nc/4.0/legalcode,Kazakhstan,Almaty,,inside,inside
Ziziphora clinopodioides,Ziziphora_clinopodioides.json,3325708479,https://www.inaturalist.org/observations/82136031,Ziziphora clinopodioides Lam.,Ziziphora clinopodioides Lam.,7308799,44.7524,79.49426,50,WGS84,2016-08-19T08:14,2016,8,19,HUMAN_OBSERVATION,PRESENT,iNaturalist research-grade observations,iNaturalist,Observations,http://creativecommons.org/licenses/by-nc/4.0/legalcode,Kazakhstan,Almaty,,inside,inside
Ziziphora clinopodioides,Ziziphora_clinopodioides.json,3325549432,https://www.inaturalist.org/observations/80519926,Ziziphora clinopodioides Lam.,Ziziphora clinopodioides Lam.,7308799,43.08671,76.99002,50,WGS84,2016-09-04T06:42,2016,9,4,HUMAN_OBSERVATION,PRESENT,iNaturalist research-grade observations,iNaturalist,Observations,http://creativecommons.org/licenses/by-nc/4.0/legalcode,Kazakhstan,Almaty,,inside,inside
Ziziphora clinopodioides,Ziziphora_clinopodioides.json,2382578251,https://brnu.jacq.org/BRNU653281,Ziziphora clinopodioides Lam.,Ziziphora clinopodioides Lam.,7308799,43.01711,76.61686,,WGS84,2014-07-08,2014,7,8,PRESERVED_SPECIMEN,PRESENT,,BRNU,Herbarium BRNU,http://creativecommons.org/licenses/by/4.0/legalcode,Kazakhstan,,"Kazakhstan, prov. Almaty, distr. Karasai. Tien Shan, upper part of the Kaskelen stream valley; 1869 m a. s. l. Meadow steppe. Coordinates: 430101.6 N & 763700.7 E",inside,inside
Ziziphora clinopodioides,Ziziphora_clinopodioides.json,2563600729,https://www.inaturalist.org/observations/37980388,Ziziphora clinopodioides Lam.,Ziziphora clinopodioides Lam.,7308799,43.00651,75.903814,15,WGS84,2014-07-01T10:07,2014,7,1,HUMAN_OBSERVATION,PRESENT,iNaturalist research-grade observations,iNaturalist,Observations,http://creativecommons.org/licenses/by-nc/4.0/legalcode,Kazakhstan,Almaty,,inside,inside
Ziziphora clinopodioides,Ziziphora_clinopodioides.json,1096657669,S:VascularPlants:S08-13091,Ziziphora clinopodioides Lam.,Ziziphora clinopodioides Lam.,7308799,43.829333,75.492083,,WGS84,2008-05-28,2008,5,28,PRESERVED_SPECIMEN,PRESENT,,S,VascularPlants,http://creativecommons.org/licenses/by/4.0/legalcode,Kazakhstan,,Kazakstan. Almaty. Anarahai mountains.,inside,inside
Ziziphora clinopodioides,Ziziphora_clinopodioides.json,3044640136,https://www.inaturalist.org/observations/69571298,Ziziphora clinopodioides Lam.,Ziziphora clinopodioides Lam.,7308799,42.563674,79.830596,31,WGS84,2004-08-06,2004,8,6,HUMAN_OBSERVATION,PRESENT,iNaturalist research-grade observations,iNaturalist,Observations,http://creativecommons.org/licenses/by-nc/4.0/legalcode,Kazakhstan,Almaty,,inside,inside
Ziziphora clinopodioides,Ziziphora_clinopodioides.json,4600170039,https://www.inaturalist.org/observations/203699432,Ziziphora clinopodioides Lam.,Ziziphora clinopodioides Lam.,7308799,44.531457,80.139658,1300,WGS84,1994-07-24,1994,7,24,HUMAN_OBSERVATION,PRESENT,iNaturalist research-grade observations,iNaturalist,Observations,http://creativecommons.org/publicdomain/zero/1.0/legalcode,Kazakhstan,Almaty,,inside,inside
Ziziphora clinopodioides,Ziziphora_clinopodioides.json,6352690517,https://www.inaturalist.org/observations/348240066,Ziziphora clinopodioides Lam.,Ziziphora clinopodioides Lam.,7308799,44.5053,80.064376,700,WGS84,1994-07-23,1994,7,23,HUMAN_OBSERVATION,PRESENT,iNaturalist research-grade observations,iNaturalist,Observations,http://creativecommons.org/publicdomain/zero/1.0/legalcode,Kazakhstan,Almaty,,inside,inside
Ziziphora clinopodioides,Ziziphora_clinopodioides.json,1799045445,MW0873734,Ziziphora clinopodioides Lam.,Ziziphora clinopodioides Lam.,7308799,43,76.916667,,WGS84,1988-09-03,1988,9,3,PRESERVED_SPECIMEN,PRESENT,Moscow Digital Herbarium,Moscow State University,MW,http://creativecommons.org/licenses/by/4.0/legalcode,Kazakhstan,,,inside,inside
Ziziphora clinopodioides,Ziziphora_clinopodioides.json,1799045344,MW0873665,Ziziphora clinopodioides Lam.,Ziziphora clinopodioides Lam.,7308799,45.682798,80.317611,,WGS84,1959-06-08,1959,6,8,PRESERVED_SPECIMEN,PRESENT,Moscow Digital Herbarium,Moscow State University,MW,http://creativecommons.org/licenses/by/4.0/legalcode,Kazakhstan,,,inside,inside
Ziziphora clinopodioides,Ziziphora_clinopodioides.json,3476790179,,Ziziphora clinopodioides Lam.,Ziziphora clinopodioides Lam.,7308799,43.1243,77.1512,,WGS84,1959-07-17,1959,7,17,PRESERVED_SPECIMEN,PRESENT,,AMU,NHC-BOT,http://creativecommons.org/licenses/by/4.0/legalcode,Kazakhstan,,,inside,inside
Ziziphora clinopodioides,Ziziphora_clinopodioides.json,1799045400,MW0873655,Ziziphora clinopodioides Lam.,Ziziphora clinopodioides Lam.,7308799,43.299322,79.194259,,WGS84,1958-07-13,1958,7,13,PRESERVED_SPECIMEN,PRESENT,Moscow Digital Herbarium,Moscow State University,MW,http://creativecommons.org/licenses/by/4.0/legalcode,Kazakhstan,,,inside,inside
Ziziphora clinopodioides,Ziziphora_clinopodioides.json,1799045395,MW0873729,Ziziphora clinopodioides Lam.,Ziziphora clinopodioides Lam.,7308799,43.154299,77.070937,,WGS84,1936-07-29,1936,7,29,PRESERVED_SPECIMEN,PRESENT,Moscow Digital Herbarium,Moscow State University,MW,http://creativecommons.org/licenses/by/4.0/legalcode,Kazakhstan,,,inside,inside
Ziziphora clinopodioides,Ziziphora_clinopodioides.json,1799045411,MW0873730,Ziziphora clinopodioides Lam.,Ziziphora clinopodioides Lam.,7308799,43.154299,77.070937,,WGS84,1936-07-29,1936,7,29,PRESERVED_SPECIMEN,PRESENT,Moscow Digital Herbarium,Moscow State University,MW,http://creativecommons.org/licenses/by/4.0/legalcode,Kazakhstan,,,inside,inside
Ziziphora clinopodioides,Ziziphora_clinopodioides.json,1799045455,MW0873727,Ziziphora clinopodioides Lam.,Ziziphora clinopodioides Lam.,7308799,43.154299,77.070937,,WGS84,1936-07-29,1936,7,29,PRESERVED_SPECIMEN,PRESENT,Moscow Digital Herbarium,Moscow State University,MW,http://creativecommons.org/licenses/by/4.0/legalcode,Kazakhstan,,,inside,inside
Ziziphora clinopodioides,Ziziphora_clinopodioides.json,1799045424,MW0873732,Ziziphora clinopodioides Lam.,Ziziphora clinopodioides Lam.,7308799,43.177517,77.054672,,WGS84,1936-08-31,1936,8,31,PRESERVED_SPECIMEN,PRESENT,Moscow Digital Herbarium,Moscow State University,MW,http://creativecommons.org/licenses/by/4.0/legalcode,Kazakhstan,,,inside,inside
Ziziphora clinopodioides,Ziziphora_clinopodioides.json,1799045436,MW0873731,Ziziphora clinopodioides Lam.,Ziziphora clinopodioides Lam.,7308799,43.177517,77.054672,,WGS84,1936-08-31,1936,8,31,PRESERVED_SPECIMEN,PRESENT,Moscow Digital Herbarium,Moscow State University,MW,http://creativecommons.org/licenses/by/4.0/legalcode,Kazakhstan,,,inside,inside
Ziziphora clinopodioides,Ziziphora_clinopodioides.json,1799045487,MW0873726,Ziziphora clinopodioides Lam.,Ziziphora clinopodioides Lam.,7308799,43.177517,77.054672,,WGS84,1936-08-31,1936,8,31,PRESERVED_SPECIMEN,PRESENT,Moscow Digital Herbarium,Moscow State University,MW,http://creativecommons.org/licenses/by/4.0/legalcode,Kazakhstan,,,inside,inside
