query_species,source_file,inat_id,uri,species_name,taxon_id,observed_on,observed_on_string,latitude,longitude,geoprivacy,taxon_geoprivacy,positional_accuracy_m,quality_grade,license_code,place_guess,user_login,candidate_boundary_status,sensitivity_10km_status,normalized_date,date_precision,date_normalization_reason,species_level_eligibility,species_level_eligibility_reason,source_row_retained
Abies sibirica,Abies_sibirica.json,27208407,https://www.inaturalist.org/observations/27208407,Abies sibirica,136310,2019-06-18,2019-06-18 5:19:03 PM GMT+06:00,43.2173042297,76.8999557495,,open,,research,cc-by-nc,"Кемеровская 19, Almaty, Kazakhstan",kastani,inside,inside,2019-06-18,day,iNaturalist observed_on parsed as calendar day,eligible,species-level iNaturalist query; no higher-rank query flag in source screening,True
Abies sibirica,Abies_sibirica.json,27208516,https://www.inaturalist.org/observations/27208516,Abies sibirica,136310,2019-06-18,2019-06-18 5:24:54 PM GMT+06:00,43.2173042297,76.8999557495,,open,,casual,cc-by-nc,"Кемеровская 19, Almaty, Kazakhstan",kastani,inside,inside,2019-06-18,day,iNaturalist observed_on parsed as calendar day,eligible,species-level iNaturalist query; no higher-rank query flag in source screening,True
Abies sibirica,Abies_sibirica.json,151484161,https://www.inaturalist.org/observations/151484161,Abies sibirica,136310,2020-07-14,2020/07/14 10:24,45.5445789722,80.701036,,open,,research,cc-by-nc,"Алакольский район, Казахстан",atamat,inside,inside,2020-07-14,day,iNaturalist observed_on parsed as calendar day,eligible,species-level iNaturalist query; no higher-rank query flag in source screening,True
Abies sibirica,Abies_sibirica.json,159669351,https://www.inaturalist.org/observations/159669351,Abies sibirica,136310,2020-07-18,2020/07/18 11:13,44.6986759722,79.004013,,open,,research,cc-by-nc,"Кербулакский район, Казахстан",atamat,inside,inside,2020-07-18,day,iNaturalist observed_on parsed as calendar day,eligible,species-level iNaturalist query; no higher-rank query flag in source screening,True
Abies sibirica,Abies_sibirica.json,150150055,https://www.inaturalist.org/observations/150150055,Abies sibirica,136310,2021-07-18,2021/07/18 12:39,44.745566,79.435043,,open,,research,cc-by-nc,"Кербулакский район, Казахстан",atamat,inside,inside,2021-07-18,day,iNaturalist observed_on parsed as calendar day,eligible,species-level iNaturalist query; no higher-rank query flag in source screening,True
Abies sibirica,Abies_sibirica.json,151109317,https://www.inaturalist.org/observations/151109317,Abies sibirica,136310,2021-07-18,2021/07/18 16:41,44.7506369722,79.4664329722,,open,,research,cc-by-nc,"Кербулакский район, Казахстан",atamat,inside,inside,2021-07-18,day,iNaturalist observed_on parsed as calendar day,eligible,species-level iNaturalist query; no higher-rank query flag in source screening,True
Abies sibirica,Abies_sibirica.json,151061410,https://www.inaturalist.org/observations/151061410,Abies sibirica,136310,2021-07-19,2021/07/19 15:59,44.771594,79.543921,,open,,research,cc-by-nc,"Кербулакский район, Казахстан",atamat,inside,inside,2021-07-19,day,iNaturalist observed_on parsed as calendar day,eligible,species-level iNaturalist query; no higher-rank query flag in source screening,True
Abies sibirica,Abies_sibirica.json,153596077,https://www.inaturalist.org/observations/153596077,Abies sibirica,136310,2021-07-21,2021/07/21 17:05,44.736697366,79.2884766236,,open,15339.0,research,cc-by-nc,"Кербулакский район, Казахстан",atamat,inside,inside,2021-07-21,day,iNaturalist observed_on parsed as calendar day,eligible,species-level iNaturalist query; no higher-rank query flag in source screening,True
Abies sibirica,Abies_sibirica.json,150600152,https://www.inaturalist.org/observations/150600152,Abies sibirica,136310,2022-07-24,2022/07/24 10:29,45.405972,80.407031,,open,,research,cc-by-nc,"Саркандский район, Казахстан",atamat,inside,inside,2022-07-24,day,iNaturalist observed_on parsed as calendar day,eligible,species-level iNaturalist query; no higher-rank query flag in source screening,True
Abies sibirica,Abies_sibirica.json,150292111,https://www.inaturalist.org/observations/150292111,Abies sibirica,136310,2022-07-24,2022/07/24 12:01,45.407336,80.4104969722,,open,,research,cc-by-nc,"Саркандский район, Казахстан",atamat,inside,inside,2022-07-24,day,iNaturalist observed_on parsed as calendar day,eligible,species-level iNaturalist query; no higher-rank query flag in source screening,True
Abies sibirica,Abies_sibirica.json,149635895,https://www.inaturalist.org/observations/149635895,Abies sibirica,136310,2022-08-26,2022/08/26 16:56,45.3923649722,80.4106429722,,open,,research,cc-by-nc,"Саркандский район, Казахстан",atamat,inside,inside,2022-08-26,day,iNaturalist observed_on parsed as calendar day,eligible,species-level iNaturalist query; no higher-rank query flag in source screening,True
Abies sibirica,Abies_sibirica.json,159723569,https://www.inaturalist.org/observations/159723569,Abies sibirica,136310,2023-04-21,2023/04/21 16:34,45.4059839722,80.4066389722,,open,,research,cc-by-nc,"Саркандский район, Казахстан",atamat,inside,inside,2023-04-21,day,iNaturalist observed_on parsed as calendar day,eligible,species-level iNaturalist query; no higher-rank query flag in source screening,True
Abies sibirica,Abies_sibirica.json,159723571,https://www.inaturalist.org/observations/159723571,Abies sibirica,136310,2023-04-21,2023/04/21 16:36,45.405984,80.406639,,open,,research,cc-by-nc,"Саркандский район, Казахстан",atamat,inside,inside,2023-04-21,day,iNaturalist observed_on parsed as calendar day,eligible,species-level iNaturalist query; no higher-rank query flag in source screening,True
Abies sibirica,Abies_sibirica.json,159723580,https://www.inaturalist.org/observations/159723580,Abies sibirica,136310,2023-04-21,2023/04/21 17:20,45.4059659722,80.406906,,open,,research,cc-by-nc,"Саркандский район, Казахстан",atamat,inside,inside,2023-04-21,day,iNaturalist observed_on parsed as calendar day,eligible,species-level iNaturalist query; no higher-rank query flag in source screening,True
Abies sibirica,Abies_sibirica.json,158583436,https://www.inaturalist.org/observations/158583436,Abies sibirica,136310,2023-05-01,Mon May 01 2023 17:29:21 GMT +0600 (GMT),43.2191772461,76.914932251,,open,4.0,research,,Алмаатинская область,yyzopp,inside,inside,2023-05-01,day,iNaturalist observed_on parsed as calendar day,eligible,species-level iNaturalist query; no higher-rank query flag in source screening,True
Aconitum apetalum,Aconitum_apetalum.json,151529404,https://www.inaturalist.org/observations/151529404,Aconitum apetalum,1179689,2021-07-17,2021/07/17 19:32,44.733214,79.339824,,,,needs_id,cc-by-nc,"Кербулакский район, Казахстан",atamat,inside,inside,2021-07-17,day,iNaturalist observed_on parsed as calendar day,eligible,species-level iNaturalist query; no higher-rank query flag in source screening,True
Aconitum apetalum,Aconitum_apetalum.json,150653838,https://www.inaturalist.org/observations/150653838,Aconitum apetalum,1179689,2022-07-04,2022/07/04 12:00,44.8361549722,78.979755,,,,research,cc-by-nc,"Ескельдинский район, Казахстан",atamat,inside,inside,2022-07-04,day,iNaturalist observed_on parsed as calendar day,eligible,species-level iNaturalist query; no higher-rank query flag in source screening,True
Aconitum apetalum,Aconitum_apetalum.json,150669945,https://www.inaturalist.org/observations/150669945,Aconitum apetalum,1179689,2022-07-04,2022/07/04 14:15,44.839508,78.978228,,,,needs_id,cc-by-nc,"Ескельдинский район, Казахстан",atamat,inside,inside,2022-07-04,day,iNaturalist observed_on parsed as calendar day,eligible,species-level iNaturalist query; no higher-rank query flag in source screening,True
Aconitum soongaricum,Aconitum_soongaricum.json,149643857,https://www.inaturalist.org/observations/149643857,Aconitum soongaricum,876344,2005-07-23,2005/07/23 14:32,43.1331001625,77.0119894427,,,8.0,research,cc-by-nc,"Talgarskiy, KZ-AA, KZ",mylabris,inside,inside,2005-07-23,day,iNaturalist observed_on parsed as calendar day,eligible,species-level iNaturalist query; no higher-rank query flag in source screening,True
Aconitum soongaricum,Aconitum_soongaricum.json,81483178,https://www.inaturalist.org/observations/81483178,Aconitum soongaricum,876344,2016-08-17,2016/08/17 3:23 PM MSK,44.7715,79.58538,,,50.0,research,cc-by-nc,"Кербулакский район, Казахстан",finn_from_nn,inside,inside,2016-08-17,day,iNaturalist observed_on parsed as calendar day,eligible,species-level iNaturalist query; no higher-rank query flag in source screening,True
Aconitum soongaricum,Aconitum_soongaricum.json,38033565,https://www.inaturalist.org/observations/38033565,Aconitum soongaricum,876344,2017-08-20,2017/08/20 1:24 PM SST,43.0626918415,76.7538374809,,,1000.0,research,cc-by-nc,"Kyrgauldy2, Казахстан",aleksandr_naumenko,inside,inside,2017-08-20,day,iNaturalist observed_on parsed as calendar day,eligible,species-level iNaturalist query; no higher-rank query flag in source screening,True
Aconitum soongaricum,Aconitum_soongaricum.json,254294913,https://www.inaturalist.org/observations/254294913,Aconitum soongaricum,876344,2018-08-02,2018/08/02 12:08,43.0795945601,77.0521058704,,,1860.0,research,cc-by,"Медеуский район, Алматы, Казахстан",elanaky,inside,inside,2018-08-02,day,iNaturalist observed_on parsed as calendar day,eligible,species-level iNaturalist query; no higher-rank query flag in source screening,True
Aconitum soongaricum,Aconitum_soongaricum.json,254294941,https://www.inaturalist.org/observations/254294941,Aconitum soongaricum,876344,2018-08-02,2018/08/02 13:59,43.0795945601,77.0521058704,,,1860.0,research,cc-by,"Медеуский район, Алматы, Казахстан",elanaky,inside,inside,2018-08-02,day,iNaturalist observed_on parsed as calendar day,eligible,species-level iNaturalist query; no higher-rank query flag in source screening,True
Aconitum soongaricum,Aconitum_soongaricum.json,173966084,https://www.inaturalist.org/observations/173966084,Aconitum soongaricum,876344,2018-08-15,2018/08/15 09:13,42.8596543732,79.2732873222,,,488.0,research,cc-by-nc,"Kegen District, Казахстан",atamat,inside,inside,2018-08-15,day,iNaturalist observed_on parsed as calendar day,eligible,species-level iNaturalist query; no higher-rank query flag in source screening,True
Aconitum soongaricum,Aconitum_soongaricum.json,151061405,https://www.inaturalist.org/observations/151061405,Aconitum soongaricum,876344,2021-07-19,2021/07/19 15:39,44.7703289722,79.5341029722,,,,research,cc-by-nc,"Кербулакский район, Казахстан",atamat,inside,inside,2021-07-19,day,iNaturalist observed_on parsed as calendar day,eligible,species-level iNaturalist query; no higher-rank query flag in source screening,True
Aconitum soongaricum,Aconitum_soongaricum.json,200896852,https://www.inaturalist.org/observations/200896852,Aconitum soongaricum,876344,2022-07-20,2022/07/20 15:37,45.1148840367,80.0636652008,,,2675.0,research,cc-by,"Аксуский район, Казахстан",elanaky,inside,inside,2022-07-20,day,iNaturalist observed_on parsed as calendar day,eligible,species-level iNaturalist query; no higher-rank query flag in source screening,True
Aconitum soongaricum,Aconitum_soongaricum.json,150057712,https://www.inaturalist.org/observations/150057712,Aconitum soongaricum,876344,2022-07-28,2022/07/28 11:24,45.115857,79.987532,,,,research,cc-by-nc,"Аксуский район, Казахстан",atamat,inside,inside,2022-07-28,day,iNaturalist observed_on parsed as calendar day,eligible,species-level iNaturalist query; no higher-rank query flag in source screening,True
Aconitum soongaricum,Aconitum_soongaricum.json,152053351,https://www.inaturalist.org/observations/152053351,Aconitum soongaricum,876344,2022-07-28,2022/07/28 12:43,45.1094819722,79.988766,,,,research,cc-by-nc,"Аксуский район, Казахстан",atamat,inside,inside,2022-07-28,day,iNaturalist observed_on parsed as calendar day,eligible,species-level iNaturalist query; no higher-rank query flag in source screening,True
Aconitum soongaricum,Aconitum_soongaricum.json,186657929,https://www.inaturalist.org/observations/186657929,Aconitum soongaricum,876344,2023-09-01,2023-09-01 08:56:34,43.11534642,77.1488204598,,,1117.0,research,cc-by-nc,"Талгарский район, Казахстан",svetlanasp,inside,inside,2023-09-01,day,iNaturalist observed_on parsed as calendar day,eligible,species-level iNaturalist query; no higher-rank query flag in source screening,True
Aconitum soongaricum,Aconitum_soongaricum.json,200110559,https://www.inaturalist.org/observations/200110559,Aconitum soongaricum,876344,2023-09-03,2023/09/03 17:00,43.13811,77.015193,,,,research,cc-by-nc,"Медеуский район, Алматы, Казахстан",atamat,inside,inside,2023-09-03,day,iNaturalist observed_on parsed as calendar day,eligible,species-level iNaturalist query; no higher-rank query flag in source screening,True
Aconitum soongaricum,Aconitum_soongaricum.json,200110536,https://www.inaturalist.org/observations/200110536,Aconitum soongaricum,876344,2023-09-03,2023/09/03 17:24,43.135908,77.020802,,,,research,cc-by-nc,"Медеуский район, Алматы, Казахстан",atamat,inside,inside,2023-09-03,day,iNaturalist observed_on parsed as calendar day,eligible,species-level iNaturalist query; no higher-rank query flag in source screening,True
Aconitum soongaricum,Aconitum_soongaricum.json,227467948,https://www.inaturalist.org/observations/227467948,Aconitum soongaricum,876344,2024-06-30,2024/06/30 11:08,42.9914478898,76.2657914861,,,3382.0,research,cc-by,"Жамбылский район, Казахстан",elanaky,inside,inside,2024-06-30,day,iNaturalist observed_on parsed as calendar day,eligible,species-level iNaturalist query; no higher-rank query flag in source screening,True
Aconitum soongaricum,Aconitum_soongaricum.json,227467956,https://www.inaturalist.org/observations/227467956,Aconitum soongaricum,876344,2024-06-30,2024/06/30 11:09,42.9911115495,76.2521181349,,,1927.0,research,cc-by,"Жамбылский район, Казахстан",elanaky,inside,inside,2024-06-30,day,iNaturalist observed_on parsed as calendar day,eligible,species-level iNaturalist query; no higher-rank query flag in source screening,True
Aconitum soongaricum,Aconitum_soongaricum.json,230983656,https://www.inaturalist.org/observations/230983656,Aconitum soongaricum,876344,2024-07-18,2024-07-18 17:29:08,42.4586111111,80.1319444444,,,,research,cc-by-nc,"Райымбекский район, Казахстан",svetlanasp,inside,inside,2024-07-18,day,iNaturalist observed_on parsed as calendar day,eligible,species-level iNaturalist query; no higher-rank query flag in source screening,True
Aconitum soongaricum,Aconitum_soongaricum.json,233131014,https://www.inaturalist.org/observations/233131014,Aconitum soongaricum,876344,2024-07-18,2024/07/18 18:29,42.4773060809,80.1258714889,,,244.0,research,cc-by-nc,"Райымбекский район, Казахстан",svetlanasp,inside,inside,2024-07-18,day,iNaturalist observed_on parsed as calendar day,eligible,species-level iNaturalist query; no higher-rank query flag in source screening,True
Aconitum soongaricum,Aconitum_soongaricum.json,230973502,https://www.inaturalist.org/observations/230973502,Aconitum soongaricum,876344,2024-07-19,2024-07-19 10:49:52,42.4822222222,80.1244444444,,,,research,cc-by-nc,"Райымбекский район, Казахстан",svetlanasp,inside,inside,2024-07-19,day,iNaturalist observed_on parsed as calendar day,eligible,species-level iNaturalist query; no higher-rank query flag in source screening,True
Aconitum soongaricum,Aconitum_soongaricum.json,233135747,https://www.inaturalist.org/observations/233135747,Aconitum soongaricum,876344,2024-07-19,2024/07/19 11:49,42.490188943,80.122806284,,,244.0,research,cc-by-nc,"Райымбекский район, Казахстан",svetlanasp,inside,inside,2024-07-19,day,iNaturalist observed_on parsed as calendar day,eligible,species-level iNaturalist query; no higher-rank query flag in source screening,True
Aconitum soongaricum,Aconitum_soongaricum.json,232660365,https://www.inaturalist.org/observations/232660365,Aconitum soongaricum,876344,2024-07-25,2024/07/25 15:56,43.0888966278,79.5187988798,,,977.0,research,cc-by,"Райымбекский район, Казахстан",elanaky,inside,inside,2024-07-25,day,iNaturalist observed_on parsed as calendar day,eligible,species-level iNaturalist query; no higher-rank query flag in source screening,True
Aconitum soongaricum,Aconitum_soongaricum.json,233260572,https://www.inaturalist.org/observations/233260572,Aconitum soongaricum,876344,2024-07-26,2024/07/26 12:48,42.6283183649,79.9969985967,,,977.0,research,cc-by,"Райымбекский район, Казахстан",elanaky,inside,inside,2024-07-26,day,iNaturalist observed_on parsed as calendar day,eligible,species-level iNaturalist query; no higher-rank query flag in source screening,True
Aconitum soongaricum,Aconitum_soongaricum.json,233260583,https://www.inaturalist.org/observations/233260583,Aconitum soongaricum,876344,2024-07-26,2024/07/26 13:11,42.4852846555,80.1185348516,,,1953.0,research,cc-by,"Райымбекский район, Казахстан",elanaky,inside,inside,2024-07-26,day,iNaturalist observed_on parsed as calendar day,eligible,species-level iNaturalist query; no higher-rank query flag in source screening,True
Aconitum soongaricum,Aconitum_soongaricum.json,233260584,https://www.inaturalist.org/observations/233260584,Aconitum soongaricum,876344,2024-07-26,2024/07/26 13:11,42.6112430369,80.0182846074,,,977.0,research,cc-by,"Райымбекский район, Казахстан",elanaky,inside,inside,2024-07-26,day,iNaturalist observed_on parsed as calendar day,eligible,species-level iNaturalist query; no higher-rank query flag in source screening,True
Aconitum soongaricum,Aconitum_soongaricum.json,233307316,https://www.inaturalist.org/observations/233307316,Aconitum soongaricum,876344,2024-07-26,2024/07/26 13:14,42.5830004755,80.0199971676,,,2890.0,research,cc-by,"Райымбекский район, Казахстан",elanaky,inside,inside,2024-07-26,day,iNaturalist observed_on parsed as calendar day,eligible,species-level iNaturalist query; no higher-rank query flag in source screening,True
Aconitum soongaricum,Aconitum_soongaricum.json,233674662,https://www.inaturalist.org/observations/233674662,Aconitum soongaricum,876344,2024-07-26,2024/07/26 13:53,42.4097546248,80.1444772916,,,751.0,research,cc-by,"Райымбекский район, Казахстан",elanaky,inside,inside,2024-07-26,day,iNaturalist observed_on parsed as calendar day,eligible,species-level iNaturalist query; no higher-rank query flag in source screening,True
Aconitum soongaricum,Aconitum_soongaricum.json,295048092,https://www.inaturalist.org/observations/295048092,Aconitum soongaricum,876344,2025-06-22,2025/06/22 13:10,43.1076075325,76.8455565487,,,1192.0,research,cc-by,"Карасайский район, Казахстан",elanaky,inside,inside,2025-06-22,day,iNaturalist observed_on parsed as calendar day,eligible,species-level iNaturalist query; no higher-rank query flag in source screening,True
Aconitum soongaricum,Aconitum_soongaricum.json,293504583,https://www.inaturalist.org/observations/293504583,Aconitum soongaricum,876344,2025-06-27,2025-06-27 13:49:58+05:00,43.1177,76.8380133333,,,3381.0,needs_id,cc-by-nc,"Almaty, KZ",kaliyma,inside,inside,2025-06-27,day,iNaturalist observed_on parsed as calendar day,eligible,species-level iNaturalist query; no higher-rank query flag in source screening,True
Aconitum soongaricum,Aconitum_soongaricum.json,297846273,https://www.inaturalist.org/observations/297846273,Aconitum soongaricum,876344,2025-07-13,2025-07-13 17:42:26,42.3886296603,80.1638718322,,,3699.0,research,cc-by-nc,"Raiymbek District, Kazakhstan",leasartking,inside,inside,2025-07-13,day,iNaturalist observed_on parsed as calendar day,eligible,species-level iNaturalist query; no higher-rank query flag in source screening,True
Aconitum soongaricum,Aconitum_soongaricum.json,299714384,https://www.inaturalist.org/observations/299714384,Aconitum soongaricum,876344,2025-07-19,2025-07-19 15:05:15,43.0731058,76.9079854997,,,,research,cc-by-nc,"Карасайский район, Казахстан",nkanunnikov,inside,inside,2025-07-19,day,iNaturalist observed_on parsed as calendar day,eligible,species-level iNaturalist query; no higher-rank query flag in source screening,True
Aconitum soongaricum,Aconitum_soongaricum.json,301984401,https://www.inaturalist.org/observations/301984401,Aconitum soongaricum,876344,2025-07-26,2025-07-26 17:35:52+05:00,42.5359333333,79.932755,,,4.0,research,cc-by-nc,"Almaty, KZ",spyingnaturalist,inside,inside,2025-07-26,day,iNaturalist observed_on parsed as calendar day,eligible,species-level iNaturalist query; no higher-rank query flag in source screening,True
Aconitum soongaricum,Aconitum_soongaricum.json,302568623,https://www.inaturalist.org/observations/302568623,Aconitum soongaricum,876344,2025-07-30,2025-07-30 11:58:52,43.1402694,77.0077617997,,,,research,cc-by-nc,"42R5+4C4 Көкжайлау Сарқырамасы, Алматы, Казахстан",svetlanasp,inside,inside,2025-07-30,day,iNaturalist observed_on parsed as calendar day,eligible,species-level iNaturalist query; no higher-rank query flag in source screening,True
Aconitum soongaricum,Aconitum_soongaricum.json,329531372,https://www.inaturalist.org/observations/329531372,Aconitum soongaricum,876344,2025-08-03,2025/08/03 17:06,42.60735,79.6225983333,,,,research,cc-by,"Райымбекский район, Казахстан",elanaky,inside,inside,2025-08-03,day,iNaturalist observed_on parsed as calendar day,eligible,species-level iNaturalist query; no higher-rank query flag in source screening,True
Aconitum soongaricum,Aconitum_soongaricum.json,331794900,https://www.inaturalist.org/observations/331794900,Aconitum soongaricum,876344,2025-08-04,2025/08/04 06:57,42.6078683333,79.6212883333,,,,research,cc-by,"Райымбекский район, Казахстан",elanaky,inside,inside,2025-08-04,day,iNaturalist observed_on parsed as calendar day,eligible,species-level iNaturalist query; no higher-rank query flag in source screening,True
Aconitum soongaricum,Aconitum_soongaricum.json,304982358,https://www.inaturalist.org/observations/304982358,Aconitum soongaricum,876344,2025-08-09,2025-08-09 15:13:14,43.0926638997,77.0783279,,,,research,cc-by-nc,"Медеуский район, Алматы, Казахстан",svetlanasp,inside,inside,2025-08-09,day,iNaturalist observed_on parsed as calendar day,eligible,species-level iNaturalist query; no higher-rank query flag in source screening,True
Aconitum soongaricum,Aconitum_soongaricum.json,380075588,https://www.inaturalist.org/observations/380075588,Aconitum soongaricum,876344,2026-07-10,2026-07-10 17:10:34+05:00,43.147975,77.01530555,,,3381.0,needs_id,cc-by-nc,"Almaty, KZ",kaliyma,inside,inside,2026-07-10,day,iNaturalist observed_on parsed as calendar day,eligible,species-level iNaturalist query; no higher-rank query flag in source screening,True
Aconitum soongaricum,Aconitum_soongaricum.json,380180724,https://www.inaturalist.org/observations/380180724,Aconitum soongaricum,876344,2026-07-10,2026-07-10 17:23:17+05:00,43.1487305,77.0148611167,,,3381.0,needs_id,cc-by-nc,"Almaty, KZ",kaliyma,inside,inside,2026-07-10,day,iNaturalist observed_on parsed as calendar day,eligible,species-level iNaturalist query; no higher-rank query flag in source screening,True
Aconitum soongaricum,Aconitum_soongaricum.json,388452374,https://www.inaturalist.org/observations/388452374,Aconitum soongaricum,876344,2026-07-26,2026/07/26 16:27,43.1136260975,79.6051873708,,,15.0,research,cc-by,"Райымбекский район, Казахстан",elanaky,inside,inside,2026-07-26,day,iNaturalist observed_on parsed as calendar day,eligible,species-level iNaturalist query; no higher-rank query flag in source screening,True
Aconitum soongaricum,Aconitum_soongaricum.json,389003413,https://www.inaturalist.org/observations/389003413,Aconitum soongaricum,876344,2026-07-27,2026/07/27 05:12,43.1142616667,79.60309,,,,research,cc-by,"Райымбекский район, Казахстан",elanaky,inside,inside,2026-07-27,day,iNaturalist observed_on parsed as calendar day,eligible,species-level iNaturalist query; no higher-rank query flag in source screening,True
Adonis tianschanica,Adonis_tianschanica.json,362554268,https://www.inaturalist.org/observations/362554268,Adonis tianschanica,960865,2026-04-28,2026/04/28 12:02,44.594299,79.131313,,,30.0,needs_id,cc-by-nc,"Кербулакский район, Казахстан",kirichok,inside,inside,2026-04-28,day,iNaturalist observed_on parsed as calendar day,eligible,species-level iNaturalist query; no higher-rank query flag in source screening,True
Allium obliquum,Allium_obliquum.json,37584492,https://www.inaturalist.org/observations/37584492,Allium obliquum,779403,2009-07-03,2009/07/03 7:09 PM SST,44.8609782666,78.8439620104,,,244.0,research,cc-by-nc,"Ескельдинский район, Казахстан",vladimir_epiktetov,inside,inside,2009-07-03,day,iNaturalist observed_on parsed as calendar day,eligible,species-level iNaturalist query; no higher-rank query flag in source screening,True
Allium obliquum,Allium_obliquum.json,150056507,https://www.inaturalist.org/observations/150056507,Allium obliquum,779403,2017-06-13,2017/06/13 13:37,42.884077706,79.7426549861,,,15.0,research,cc-by-nc,"Райымбекский район, Казахстан",mylabris,inside,inside,2017-06-13,day,iNaturalist observed_on parsed as calendar day,eligible,species-level iNaturalist query; no higher-rank query flag in source screening,True
Allium obliquum,Allium_obliquum.json,266220958,https://www.inaturalist.org/observations/266220958,Allium obliquum,779403,2024-07-30,2024/07/30 17:29,43.00723023,78.06244297,,,,research,cc-by-nc,"Kegen District, Казахстан",bektemirosmonali,inside,inside,2024-07-30,day,iNaturalist observed_on parsed as calendar day,eligible,species-level iNaturalist query; no higher-rank query flag in source screening,True
Codonopsis clematidea,Codonopsis_clematidea.json,348459142,https://www.inaturalist.org/observations/348459142,Codonopsis clematidea,506223,1994-07-24,1994/07/24,44.531946,80.139401,,,1200.0,research,cc0,"Kazakhstan, Taldykorgan Province, Zharkent District, Tyshkantau Massif, the Tyshkan River gorge right slope in its middle flow",oleg_kosterin,inside,inside,1994-07-24,day,iNaturalist observed_on parsed as calendar day,eligible,species-level iNaturalist query; no higher-rank query flag in source screening,True
Codonopsis clematidea,Codonopsis_clematidea.json,197074506,https://www.inaturalist.org/observations/197074506,Codonopsis clematidea,506223,2001-08-20,2001/08/20 15:32,44.8794932139,78.8572111686,,,61.0,research,cc-by-nc,"Ескельдинский район, Казахстан",skladnyuk,inside,inside,2001-08-20,day,iNaturalist observed_on parsed as calendar day,eligible,species-level iNaturalist query; no higher-rank query flag in source screening,True
Codonopsis clematidea,Codonopsis_clematidea.json,285258150,https://www.inaturalist.org/observations/285258150,Codonopsis clematidea,506223,2004-08-05,2004/08/05,42.56361548,79.7687958456,,,122.0,research,cc-by-nc,"District de Raiymbek, Kazakhstan",lougarou,inside,inside,2004-08-05,day,iNaturalist observed_on parsed as calendar day,eligible,species-level iNaturalist query; no higher-rank query flag in source screening,True
Codonopsis clematidea,Codonopsis_clematidea.json,285257885,https://www.inaturalist.org/observations/285257885,Codonopsis clematidea,506223,2004-08-06,2004/08/06,42.5626364268,79.8272295422,,,31.0,research,cc-by-nc,"District de Raiymbek, Kazakhstan",lougarou,inside,inside,2004-08-06,day,iNaturalist observed_on parsed as calendar day,eligible,species-level iNaturalist query; no higher-rank query flag in source screening,True
Codonopsis clematidea,Codonopsis_clematidea.json,47836301,https://www.inaturalist.org/observations/47836301,Codonopsis clematidea,506223,2008-07-13,2008/07/13 12:00 AM MST,43.1219759777,76.9015144718,,,261.0,research,cc-by-nc,"Bostandyk District, Almaty, Kazakhstan",viktoria_wagner,inside,inside,2008-07-13,day,iNaturalist observed_on parsed as calendar day,eligible,species-level iNaturalist query; no higher-rank query flag in source screening,True
Codonopsis clematidea,Codonopsis_clematidea.json,147989427,https://www.inaturalist.org/observations/147989427,Codonopsis clematidea,506223,2009-07-05,2009/07/05 12:27 PM,43.158744455,76.9807730963,,,100.0,research,cc0,"Kazakhstan, Almaty SE environs, 2.4 km SE of the observatory, a forested ridge",oleg_kosterin,inside,inside,2009-07-05,day,iNaturalist observed_on parsed as calendar day,eligible,species-level iNaturalist query; no higher-rank query flag in source screening,True
Codonopsis clematidea,Codonopsis_clematidea.json,148148833,https://www.inaturalist.org/observations/148148833,Codonopsis clematidea,506223,2009-07-05,2009/07/05 1:34 PM,43.1552726679,76.9880751455,,,300.0,research,cc0,"Kazakhstan, Almaty SE environs, 3 km SE of the observatory, a ridge with aspen forest",oleg_kosterin,inside,inside,2009-07-05,day,iNaturalist observed_on parsed as calendar day,eligible,species-level iNaturalist query; no higher-rank query flag in source screening,True
Codonopsis clematidea,Codonopsis_clematidea.json,270381620,https://www.inaturalist.org/observations/270381620,Codonopsis clematidea,506223,2013-07-01,2013/07/01 10:50,42.9888063131,78.3325412931,,,127.0,research,cc-by-nc,"Kegen District, Казахстан",komarov,inside,inside,2013-07-01,day,iNaturalist observed_on parsed as calendar day,eligible,species-level iNaturalist query; no higher-rank query flag in source screening,True
Codonopsis clematidea,Codonopsis_clematidea.json,261831757,https://www.inaturalist.org/observations/261831757,Codonopsis clematidea,506223,2013-07-05,2013/07/05 10:40,42.987565,78.330765,,,238.0,research,cc-by-nc,"Kegen District, Казахстан",komarov,inside,inside,2013-07-05,day,iNaturalist observed_on parsed as calendar day,eligible,species-level iNaturalist query; no higher-rank query flag in source screening,True
Codonopsis clematidea,Codonopsis_clematidea.json,66783502,https://www.inaturalist.org/observations/66783502,Codonopsis clematidea,506223,2014-07-01,2014/07/01 1:45 PM SST,43.0200570527,75.9473950407,,,3500.0,research,cc-by-nc,"Kastek, Казахстан",aleksandr_naumenko,inside,inside,2014-07-01,day,iNaturalist observed_on parsed as calendar day,eligible,species-level iNaturalist query; no higher-rank query flag in source screening,True
Codonopsis clematidea,Codonopsis_clematidea.json,37980412,https://www.inaturalist.org/observations/37980412,Codonopsis clematidea,506223,2014-07-01,2014/07/01 1:55 PM +0600,43.009377721,75.8973937508,,,31.0,research,cc-by-nc,"Жамбылский район, Казахстан",vladimir_epiktetov,inside,inside,2014-07-01,day,iNaturalist observed_on parsed as calendar day,eligible,species-level iNaturalist query; no higher-rank query flag in source screening,True
Codonopsis clematidea,Codonopsis_clematidea.json,80417070,https://www.inaturalist.org/observations/80417070,Codonopsis clematidea,506223,2016-09-01,2016/09/01 6:22 AM MSK,43.10276,77.16471,,,50.0,research,cc-by-nc,"Талгарский район, Казахстан",finn_from_nn,inside,inside,2016-09-01,day,iNaturalist observed_on parsed as calendar day,eligible,species-level iNaturalist query; no higher-rank query flag in source screening,True
Codonopsis clematidea,Codonopsis_clematidea.json,39272029,https://www.inaturalist.org/observations/39272029,Codonopsis clematidea,506223,2017-06-19,2017/06/19 10:22 AM +0700,43.2772222222,77.7125,,,,research,cc-by-nc,"District d'Enbekchikazakh, Kazakhstan",nomascus,inside,inside,2017-06-19,day,iNaturalist observed_on parsed as calendar day,eligible,species-level iNaturalist query; no higher-rank query flag in source screening,True
Codonopsis clematidea,Codonopsis_clematidea.json,100850076,https://www.inaturalist.org/observations/100850076,Codonopsis clematidea,506223,2017-07-05,2017/07/05 2:16 дня SST,42.7343492687,79.4543708006,,,541.0,research,cc-by-nc,"Райымбекский район, Казахстан",pg18,inside,inside,2017-07-05,day,iNaturalist observed_on parsed as calendar day,eligible,species-level iNaturalist query; no higher-rank query flag in source screening,True
Codonopsis clematidea,Codonopsis_clematidea.json,14437925,https://www.inaturalist.org/observations/14437925,Codonopsis clematidea,506223,2018-07-14,2018-07-14 4:11:21 PM GMT+06:00,43.055557251,76.9800033569,,,,research,cc-by-nc,"Bostandyk District, Almaty, Kazakhstan",gancw1,inside,inside,2018-07-14,day,iNaturalist observed_on parsed as calendar day,eligible,species-level iNaturalist query; no higher-rank query flag in source screening,True
Codonopsis clematidea,Codonopsis_clematidea.json,254294922,https://www.inaturalist.org/observations/254294922,Codonopsis clematidea,506223,2018-08-02,2018/08/02 12:16,43.0795945601,77.0521058704,,,1860.0,research,cc-by,"Медеуский район, Алматы, Казахстан",elanaky,inside,inside,2018-08-02,day,iNaturalist observed_on parsed as calendar day,eligible,species-level iNaturalist query; no higher-rank query flag in source screening,True
Codonopsis clematidea,Codonopsis_clematidea.json,16293977,https://www.inaturalist.org/observations/16293977,Codonopsis clematidea,506223,2018-08-26,2018/08/26 2:41 PM IDT,43.2312489437,77.7574792204,,,61.0,research,cc-by-nc,"Enbekshikazakh District, קזחסטן",ronf,inside,inside,2018-08-26,day,iNaturalist observed_on parsed as calendar day,eligible,species-level iNaturalist query; no higher-rank query flag in source screening,True
Codonopsis clematidea,Codonopsis_clematidea.json,28274971,https://www.inaturalist.org/observations/28274971,Codonopsis clematidea,506223,2019-07-06,Sat Jul 06 2019 11:00:40 GMT+0600 (GMT+6),43.0550127801,76.9788071954,,,8.0,research,,"Karasayskiy, KZ-AA, KZ",familycaravan,inside,inside,2019-07-06,day,iNaturalist observed_on parsed as calendar day,eligible,species-level iNaturalist query; no higher-rank query flag in source screening,True
Codonopsis clematidea,Codonopsis_clematidea.json,49613513,https://www.inaturalist.org/observations/49613513,Codonopsis clematidea,506223,2020-06-14,Sun Jun 14 2020 14:34:33 GMT+0600 (GMT+6),42.919039757,78.5805195993,,,223778.0,research,cc-by-nc,"Алмаатинская область, KZ",happy_seal,inside,inside,2020-06-14,day,iNaturalist observed_on parsed as calendar day,eligible,species-level iNaturalist query; no higher-rank query flag in source screening,True
Codonopsis clematidea,Codonopsis_clematidea.json,151484151,https://www.inaturalist.org/observations/151484151,Codonopsis clematidea,506223,2020-07-13,2020/07/13 18:58,45.519922,80.718703,,,,research,cc-by-nc,"Алакольский район, Казахстан",atamat,inside,inside,2020-07-13,day,iNaturalist observed_on parsed as calendar day,eligible,species-level iNaturalist query; no higher-rank query flag in source screening,True
Codonopsis clematidea,Codonopsis_clematidea.json,86012746,https://www.inaturalist.org/observations/86012746,Codonopsis clematidea,506223,2021-06-08,Tue Jun 08 2021 16:59:23 GMT+0600 (GMT+6),43.1015861667,76.9415883333,,,24.0,research,cc-by-nc,"P-22, Almaty, KZ",kastani,inside,inside,2021-06-08,day,iNaturalist observed_on parsed as calendar day,eligible,species-level iNaturalist query; no higher-rank query flag in source screening,True
Codonopsis clematidea,Codonopsis_clematidea.json,86013152,https://www.inaturalist.org/observations/86013152,Codonopsis clematidea,506223,2021-06-08,Tue Jun 08 2021 18:32:15 GMT+0600 (GMT+6),43.1172166667,76.9142616667,,,1433.0,research,cc-by-nc,"Almaty, KZ",kastani,inside,inside,2021-06-08,day,iNaturalist observed_on parsed as calendar day,eligible,species-level iNaturalist query; no higher-rank query flag in source screening,True
Codonopsis clematidea,Codonopsis_clematidea.json,86013184,https://www.inaturalist.org/observations/86013184,Codonopsis clematidea,506223,2021-06-08,Tue Jun 08 2021 18:32:23 GMT+0600 (GMT+6),43.1172166667,76.9142616667,,,1433.0,research,cc-by-nc,"Almaty, KZ",kastani,inside,inside,2021-06-08,day,iNaturalist observed_on parsed as calendar day,eligible,species-level iNaturalist query; no higher-rank query flag in source screening,True
Codonopsis clematidea,Codonopsis_clematidea.json,86323633,https://www.inaturalist.org/observations/86323633,Codonopsis clematidea,506223,2021-06-26,Sat Jun 26 2021 13:58:02 GMT+0600 (GMT+6),43.1392333333,77.0658555,,,10.0,research,cc-by-nc,"Almaty, KZ",kastani,inside,inside,2021-06-26,day,iNaturalist observed_on parsed as calendar day,eligible,species-level iNaturalist query; no higher-rank query flag in source screening,True
Codonopsis clematidea,Codonopsis_clematidea.json,86830248,https://www.inaturalist.org/observations/86830248,Codonopsis clematidea,506223,2021-06-26,Sat Jun 26 2021 14:22:00 GMT+0600 (GMT+6),43.1375916667,77.0631555,,,5.0,research,cc-by-nc,"Almaty, KZ",kastani,inside,inside,2021-06-26,day,iNaturalist observed_on parsed as calendar day,eligible,species-level iNaturalist query; no higher-rank query flag in source screening,True
Codonopsis clematidea,Codonopsis_clematidea.json,86830521,https://www.inaturalist.org/observations/86830521,Codonopsis clematidea,506223,2021-06-26,Sat Jun 26 2021 14:22:06 GMT+0600 (GMT+6),43.1376,77.0631416667,,,10.0,research,cc-by-nc,"Almaty, KZ",kastani,inside,inside,2021-06-26,day,iNaturalist observed_on parsed as calendar day,eligible,species-level iNaturalist query; no higher-rank query flag in source screening,True
Codonopsis clematidea,Codonopsis_clematidea.json,86831652,https://www.inaturalist.org/observations/86831652,Codonopsis clematidea,506223,2021-06-26,Sat Jun 26 2021 14:34:08 GMT+0600 (GMT+6),43.1344916667,77.0607695,,,10.0,research,cc-by-nc,"Almaty, KZ",kastani,inside,inside,2021-06-26,day,iNaturalist observed_on parsed as calendar day,eligible,species-level iNaturalist query; no higher-rank query flag in source screening,True
Codonopsis clematidea,Codonopsis_clematidea.json,86894019,https://www.inaturalist.org/observations/86894019,Codonopsis clematidea,506223,2021-06-26,Sat Jun 26 2021 18:31:47 GMT+0600 (GMT+6),43.1329528333,77.0593555,,,5.0,research,cc-by-nc,"Almaty, KZ",kastani,inside,inside,2021-06-26,day,iNaturalist observed_on parsed as calendar day,eligible,species-level iNaturalist query; no higher-rank query flag in source screening,True
Codonopsis clematidea,Codonopsis_clematidea.json,150150046,https://www.inaturalist.org/observations/150150046,Codonopsis clematidea,506223,2021-07-18,2021/07/18 11:33,44.746462,79.4333429722,,,,research,cc-by-nc,"Кербулакский район, Казахстан",atamat,inside,inside,2021-07-18,day,iNaturalist observed_on parsed as calendar day,eligible,species-level iNaturalist query; no higher-rank query flag in source screening,True
Codonopsis clematidea,Codonopsis_clematidea.json,151529414,https://www.inaturalist.org/observations/151529414,Codonopsis clematidea,506223,2021-07-18,2021/07/18 11:33,44.746462,79.4333429722,,,,research,cc-by-nc,"Кербулакский район, Казахстан",atamat,inside,inside,2021-07-18,day,iNaturalist observed_on parsed as calendar day,eligible,species-level iNaturalist query; no higher-rank query flag in source screening,True
Codonopsis clematidea,Codonopsis_clematidea.json,151109276,https://www.inaturalist.org/observations/151109276,Codonopsis clematidea,506223,2021-07-18,2021/07/18 12:56,44.745341,79.4354009722,,,,research,cc-by-nc,"Кербулакский район, Казахстан",atamat,inside,inside,2021-07-18,day,iNaturalist observed_on parsed as calendar day,eligible,species-level iNaturalist query; no higher-rank query flag in source screening,True
Codonopsis clematidea,Codonopsis_clematidea.json,151061396,https://www.inaturalist.org/observations/151061396,Codonopsis clematidea,506223,2021-07-19,2021/07/19 13:31,44.7482949444,79.484948,,,,research,cc-by-nc,"Кербулакский район, Казахстан",atamat,inside,inside,2021-07-19,day,iNaturalist observed_on parsed as calendar day,eligible,species-level iNaturalist query; no higher-rank query flag in source screening,True
Codonopsis clematidea,Codonopsis_clematidea.json,150802820,https://www.inaturalist.org/observations/150802820,Codonopsis clematidea,506223,2021-09-08,2021/09/08 13:23,42.7600519722,79.8890159722,,,,research,cc-by-nc,"Райымбекский район, Казахстан",atamat,inside,inside,2021-09-08,day,iNaturalist observed_on parsed as calendar day,eligible,species-level iNaturalist query; no higher-rank query flag in source screening,True
Codonopsis clematidea,Codonopsis_clematidea.json,150806237,https://www.inaturalist.org/observations/150806237,Codonopsis clematidea,506223,2021-09-08,2021/09/08 13:32,42.7589449722,79.888745,,,,research,cc-by-nc,"Райымбекский район, Казахстан",atamat,inside,inside,2021-09-08,day,iNaturalist observed_on parsed as calendar day,eligible,species-level iNaturalist query; no higher-rank query flag in source screening,True
Codonopsis clematidea,Codonopsis_clematidea.json,203128704,https://www.inaturalist.org/observations/203128704,Codonopsis clematidea,506223,2022-06-15,2022/06/15 14:48,43.2645281,76.9525699,,,20750.0,research,,"Медеуский район, Алматы, Казахстан",ai_miledi,inside,inside,2022-06-15,day,iNaturalist observed_on parsed as calendar day,eligible,species-level iNaturalist query; no higher-rank query flag in source screening,True
Codonopsis clematidea,Codonopsis_clematidea.json,151321070,https://www.inaturalist.org/observations/151321070,Codonopsis clematidea,506223,2022-06-20,2022/06/20 19:29,42.932265,78.335142,,,,research,cc-by-nc,"Райымбекский район, Казахстан",atamat,inside,inside,2022-06-20,day,iNaturalist observed_on parsed as calendar day,eligible,species-level iNaturalist query; no higher-rank query flag in source screening,True
Codonopsis clematidea,Codonopsis_clematidea.json,161130179,https://www.inaturalist.org/observations/161130179,Codonopsis clematidea,506223,2022-06-21,2022/06/21 14:38,42.9347219444,78.3208689444,,,,research,cc-by-nc,"Райымбекский район, Казахстан",atamat,inside,inside,2022-06-21,day,iNaturalist observed_on parsed as calendar day,eligible,species-level iNaturalist query; no higher-rank query flag in source screening,True
Codonopsis clematidea,Codonopsis_clematidea.json,151332231,https://www.inaturalist.org/observations/151332231,Codonopsis clematidea,506223,2022-06-21,2022/06/21 14:40,42.934438,78.320891,,,,research,cc-by-nc,"Райымбекский район, Казахстан",atamat,inside,inside,2022-06-21,day,iNaturalist observed_on parsed as calendar day,eligible,species-level iNaturalist query; no higher-rank query flag in source screening,True
Codonopsis clematidea,Codonopsis_clematidea.json,161130160,https://www.inaturalist.org/observations/161130160,Codonopsis clematidea,506223,2022-06-21,2022/06/21 14:40,42.934438,78.320891,,,,research,cc-by-nc,"Райымбекский район, Казахстан",atamat,inside,inside,2022-06-21,day,iNaturalist observed_on parsed as calendar day,eligible,species-level iNaturalist query; no higher-rank query flag in source screening,True
Codonopsis clematidea,Codonopsis_clematidea.json,161130105,https://www.inaturalist.org/observations/161130105,Codonopsis clematidea,506223,2022-06-21,2022/06/21 15:39,42.930639,78.316101,,,,research,cc-by-nc,"Райымбекский район, Казахстан",atamat,inside,inside,2022-06-21,day,iNaturalist observed_on parsed as calendar day,eligible,species-level iNaturalist query; no higher-rank query flag in source screening,True
Codonopsis clematidea,Codonopsis_clematidea.json,161130086,https://www.inaturalist.org/observations/161130086,Codonopsis clematidea,506223,2022-06-21,2022/06/21 15:45,42.93002,78.315384,,,,research,cc-by-nc,"Райымбекский район, Казахстан",atamat,inside,inside,2022-06-21,day,iNaturalist observed_on parsed as calendar day,eligible,species-level iNaturalist query; no higher-rank query flag in source screening,True
Codonopsis clematidea,Codonopsis_clematidea.json,162454640,https://www.inaturalist.org/observations/162454640,Codonopsis clematidea,506223,2022-06-24,2022/06/24 11:45,43.041515,78.57133,,,,research,cc-by-nc,"Райымбекский район, Казахстан",atamat,inside,inside,2022-06-24,day,iNaturalist observed_on parsed as calendar day,eligible,species-level iNaturalist query; no higher-rank query flag in source screening,True
Codonopsis clematidea,Codonopsis_clematidea.json,145658448,https://www.inaturalist.org/observations/145658448,Codonopsis clematidea,506223,2022-07-16,2022/07/16 18:53,43.1214683333,77.0995816667,,,,research,cc-by,"Talgar District, Kazakhstan",zerobias,inside,inside,2022-07-16,day,iNaturalist observed_on parsed as calendar day,eligible,species-level iNaturalist query; no higher-rank query flag in source screening,True
Codonopsis clematidea,Codonopsis_clematidea.json,228476781,https://www.inaturalist.org/observations/228476781,Codonopsis clematidea,506223,2022-08-07,2022/08/07 09:02,43.0851125,77.0777031,,,237.0,research,,"33PH+23W, Алматы, Казахстан",letovglazah,inside,inside,2022-08-07,day,iNaturalist observed_on parsed as calendar day,eligible,species-level iNaturalist query; no higher-rank query flag in source screening,True
Codonopsis clematidea,Codonopsis_clematidea.json,187910294,https://www.inaturalist.org/observations/187910294,Codonopsis clematidea,506223,2023-05-27,2023/05/27 21:41,43.1576305,77.048765,,,296.0,research,cc-by-nc,"Talgarskiy, KZ-AA, KZ",veronika_tuganova,inside,inside,2023-05-27,day,iNaturalist observed_on parsed as calendar day,eligible,species-level iNaturalist query; no higher-rank query flag in source screening,True
Codonopsis clematidea,Codonopsis_clematidea.json,166058697,https://www.inaturalist.org/observations/166058697,Codonopsis clematidea,506223,2023-06-01,2023/06/01 14:57,43.2758472222,77.7114472222,,,,research,cc-by,"Enbekshikazakh District, Kazakhstan",zerobias,inside,inside,2023-06-01,day,iNaturalist observed_on parsed as calendar day,eligible,species-level iNaturalist query; no higher-rank query flag in source screening,True
Codonopsis clematidea,Codonopsis_clematidea.json,169150517,https://www.inaturalist.org/observations/169150517,Codonopsis clematidea,506223,2023-06-16,2023-06-16 09:24:04,43.143602181,77.1535608337,,,16.0,research,cc-by-nc,"Talgarskiy, KZ-AA, KZ",aliaksandarmialik,inside,inside,2023-06-16,day,iNaturalist observed_on parsed as calendar day,eligible,species-level iNaturalist query; no higher-rank query flag in source screening,True
Codonopsis clematidea,Codonopsis_clematidea.json,167946126,https://www.inaturalist.org/observations/167946126,Codonopsis clematidea,506223,2023-06-17,2023/06/17 16:33,43.111445,76.914727,,,,research,cc-by-nc,"Бостандыкский район, Алматы, Казахстан",atamat,inside,inside,2023-06-17,day,iNaturalist observed_on parsed as calendar day,eligible,species-level iNaturalist query; no higher-rank query flag in source screening,True
Codonopsis clematidea,Codonopsis_clematidea.json,168139913,https://www.inaturalist.org/observations/168139913,Codonopsis clematidea,506223,2023-06-17,2023/06/17 16:57,43.109892,76.91356,,,,research,cc-by-nc,"Бостандыкский район, Алматы, Казахстан",atamat,inside,inside,2023-06-17,day,iNaturalist observed_on parsed as calendar day,eligible,species-level iNaturalist query; no higher-rank query flag in source screening,True
Codonopsis clematidea,Codonopsis_clematidea.json,168358085,https://www.inaturalist.org/observations/168358085,Codonopsis clematidea,506223,2023-06-17,2023/06/17 17:42,43.110301,76.914834,,,,research,cc-by-nc,"Бостандыкский район, Алматы, Казахстан",atamat,inside,inside,2023-06-17,day,iNaturalist observed_on parsed as calendar day,eligible,species-level iNaturalist query; no higher-rank query flag in source screening,True
Codonopsis clematidea,Codonopsis_clematidea.json,169536386,https://www.inaturalist.org/observations/169536386,Codonopsis clematidea,506223,2023-06-24,2023-06-24 14:36:51,43.0557142501,76.9735572115,,,1451.0,research,cc-by-nc,"Karasayskiy, KZ-AA, KZ",shtepbraiter,inside,inside,2023-06-24,day,iNaturalist observed_on parsed as calendar day,eligible,species-level iNaturalist query; no higher-rank query flag in source screening,True
Codonopsis clematidea,Codonopsis_clematidea.json,170128156,https://www.inaturalist.org/observations/170128156,Codonopsis clematidea,506223,2023-06-28,2023-06-28 16:30:11,43.2572527778,77.4913916667,,,,research,cc-by,"Енбекшиказахский район, Казахстан",naturalist16000,inside,inside,2023-06-28,day,iNaturalist observed_on parsed as calendar day,eligible,species-level iNaturalist query; no higher-rank query flag in source screening,True
Codonopsis clematidea,Codonopsis_clematidea.json,170082456,https://www.inaturalist.org/observations/170082456,Codonopsis clematidea,506223,2023-06-28,2023-06-28 17:32:59,43.2532555556,77.4758277778,,,,research,cc-by,"Енбекшиказахский район, Казахстан",naturalist16000,inside,inside,2023-06-28,day,iNaturalist observed_on parsed as calendar day,eligible,species-level iNaturalist query; no higher-rank query flag in source screening,True
Codonopsis clematidea,Codonopsis_clematidea.json,170073357,https://www.inaturalist.org/observations/170073357,Codonopsis clematidea,506223,2023-06-28,2023-06-28 18:26:21,43.2560694444,77.4861527778,,,,research,cc-by,"Енбекшиказахский район, Казахстан",naturalist16000,inside,inside,2023-06-28,day,iNaturalist observed_on parsed as calendar day,eligible,species-level iNaturalist query; no higher-rank query flag in source screening,True
Codonopsis clematidea,Codonopsis_clematidea.json,170567436,https://www.inaturalist.org/observations/170567436,Codonopsis clematidea,506223,2023-06-30,2023-06-30 15:24:39,43.0503518283,76.9801611453,,,1213.0,research,,"Бостандыкский район, Алматы, Казахстан",yaric1,inside,inside,2023-06-30,day,iNaturalist observed_on parsed as calendar day,eligible,species-level iNaturalist query; no higher-rank query flag in source screening,True
Codonopsis clematidea,Codonopsis_clematidea.json,170627719,https://www.inaturalist.org/observations/170627719,Codonopsis clematidea,506223,2023-07-02,2023-07-02 13:26:39,43.1946166667,76.9799694444,,,,research,cc-by,"5XRJ+XMQ, Алматы, Казахстан",naturalist16000,inside,inside,2023-07-02,day,iNaturalist observed_on parsed as calendar day,eligible,species-level iNaturalist query; no higher-rank query flag in source screening,True
Codonopsis clematidea,Codonopsis_clematidea.json,170619183,https://www.inaturalist.org/observations/170619183,Codonopsis clematidea,506223,2023-07-02,2023-07-02 13:27:34,43.194625,76.9800722222,,,,research,cc-by,"5XRJ+XMQ, Алматы, Казахстан",naturalist16000,inside,inside,2023-07-02,day,iNaturalist observed_on parsed as calendar day,eligible,species-level iNaturalist query; no higher-rank query flag in source screening,True
Codonopsis clematidea,Codonopsis_clematidea.json,171567838,https://www.inaturalist.org/observations/171567838,Codonopsis clematidea,506223,2023-07-02,2023-07-02 14:04:29,43.1455555556,77.1519444444,,,,research,cc-by-nc,"Талгарский район, Казахстан",svetlanasp,inside,inside,2023-07-02,day,iNaturalist observed_on parsed as calendar day,eligible,species-level iNaturalist query; no higher-rank query flag in source screening,True
Codonopsis clematidea,Codonopsis_clematidea.json,174101809,https://www.inaturalist.org/observations/174101809,Codonopsis clematidea,506223,2023-07-02,2023/07/02 14:33,43.1632861111,77.0664305556,,,,research,cc-by,"Медеуский район, Алматы, Казахстан",zerobias,inside,inside,2023-07-02,day,iNaturalist observed_on parsed as calendar day,eligible,species-level iNaturalist query; no higher-rank query flag in source screening,True
Codonopsis clematidea,Codonopsis_clematidea.json,172132811,https://www.inaturalist.org/observations/172132811,Codonopsis clematidea,506223,2023-07-09,2023/07/09 18:13,43.1053433,76.7778282997,,,,research,cc-by,"Карасайский район, Казахстан",alexanderdubynin,inside,inside,2023-07-09,day,iNaturalist observed_on parsed as calendar day,eligible,species-level iNaturalist query; no higher-rank query flag in source screening,True
Codonopsis clematidea,Codonopsis_clematidea.json,183226146,https://www.inaturalist.org/observations/183226146,Codonopsis clematidea,506223,2023-07-12,2023/07/12 17:19,43.1696785379,77.08142575,,,8.0,research,cc-by-sa,"Медеуский район, Алматы, Казахстан",amirekul,inside,inside,2023-07-12,day,iNaturalist observed_on parsed as calendar day,eligible,species-level iNaturalist query; no higher-rank query flag in source screening,True
Codonopsis clematidea,Codonopsis_clematidea.json,176587999,https://www.inaturalist.org/observations/176587999,Codonopsis clematidea,506223,2023-07-18,2023/07/18 1:44 PM,42.6797858,79.1954572,,,174.0,research,cc-by-nc,"Unnamed Road, M5HW+W58, Karkara, Kyrgyzstan",anneowen2000,inside,inside,2023-07-18,day,iNaturalist observed_on parsed as calendar day,eligible,species-level iNaturalist query; no higher-rank query flag in source screening,True
Codonopsis clematidea,Codonopsis_clematidea.json,176067902,https://www.inaturalist.org/observations/176067902,Codonopsis clematidea,506223,2023-07-27,2023-07-27 17:00:06+06:00,44.8483283333,78.8117216667,,,4.0,research,,"Талды-Курган, KZ",mmukh,inside,inside,2023-07-27,day,iNaturalist observed_on parsed as calendar day,eligible,species-level iNaturalist query; no higher-rank query flag in source screening,True
Codonopsis clematidea,Codonopsis_clematidea.json,176995240,https://www.inaturalist.org/observations/176995240,Codonopsis clematidea,506223,2023-08-01,2023/08/01 7:44 AM,43.0692108393,76.9986437693,,,224.0,research,cc-by-nc,"Medeu District, Almaty, Kazakhstan",iota,inside,inside,2023-08-01,day,iNaturalist observed_on parsed as calendar day,eligible,species-level iNaturalist query; no higher-rank query flag in source screening,True
Codonopsis clematidea,Codonopsis_clematidea.json,206304645,https://www.inaturalist.org/observations/206304645,Codonopsis clematidea,506223,2023-08-01,2023/08/01 14:33,43.108925,76.91193,,,,research,cc-by-nc,"Бостандыкский район, Алматы, Казахстан",atamat,inside,inside,2023-08-01,day,iNaturalist observed_on parsed as calendar day,eligible,species-level iNaturalist query; no higher-rank query flag in source screening,True
Codonopsis clematidea,Codonopsis_clematidea.json,179165282,https://www.inaturalist.org/observations/179165282,Codonopsis clematidea,506223,2023-08-05,2023/08/05 09:49,43.129524,76.957238,,,,research,cc-by-nc,"Бостандыкский район, Алматы, Казахстан",atamat,inside,inside,2023-08-05,day,iNaturalist observed_on parsed as calendar day,eligible,species-level iNaturalist query; no higher-rank query flag in source screening,True
Codonopsis clematidea,Codonopsis_clematidea.json,177003222,https://www.inaturalist.org/observations/177003222,Codonopsis clematidea,506223,2023-08-05,2023-08-05 14:57:48,43.1652777778,77.0980555556,,,,research,cc-by-nc,"Медеуский район, Алматы, Казахстан",svetlanasp,inside,inside,2023-08-05,day,iNaturalist observed_on parsed as calendar day,eligible,species-level iNaturalist query; no higher-rank query flag in source screening,True
Codonopsis clematidea,Codonopsis_clematidea.json,179089702,https://www.inaturalist.org/observations/179089702,Codonopsis clematidea,506223,2023-08-15,2023-08-15 12:48:28,42.991425,78.3267888889,,,,research,cc0,"Kegen District, Казахстан",dmitrylyskov,inside,inside,2023-08-15,day,iNaturalist observed_on parsed as calendar day,eligible,species-level iNaturalist query; no higher-rank query flag in source screening,True
Codonopsis clematidea,Codonopsis_clematidea.json,181330476,https://www.inaturalist.org/observations/181330476,Codonopsis clematidea,506223,2023-08-30,2023-08-30 17:33:20+06:00,42.9506092138,78.3220441775,,,1365.0,research,,"Almaty, KZ",scottjondavidson,inside,inside,2023-08-30,day,iNaturalist observed_on parsed as calendar day,eligible,species-level iNaturalist query; no higher-rank query flag in source screening,True
Codonopsis clematidea,Codonopsis_clematidea.json,222396549,https://www.inaturalist.org/observations/222396549,Codonopsis clematidea,506223,2024-06-12,2024-06-12 13:48:53,43.2530555556,77.4758333333,,,,research,cc-by-nc,"Талгарский район, Казахстан",svetlanasp,inside,inside,2024-06-12,day,iNaturalist observed_on parsed as calendar day,eligible,species-level iNaturalist query; no higher-rank query flag in source screening,True
Codonopsis clematidea,Codonopsis_clematidea.json,222897969,https://www.inaturalist.org/observations/222897969,Codonopsis clematidea,506223,2024-06-15,2024/06/15 14:01,43.247140849,77.238884414,,,1534.0,research,cc-by-nc,"Талгарский район, Казахстан",nkanunnikov,inside,inside,2024-06-15,day,iNaturalist observed_on parsed as calendar day,eligible,species-level iNaturalist query; no higher-rank query flag in source screening,True
Codonopsis clematidea,Codonopsis_clematidea.json,222900493,https://www.inaturalist.org/observations/222900493,Codonopsis clematidea,506223,2024-06-15,2024/06/15 14:01,43.2475354815,77.2324527264,,,1778.0,research,cc-by-nc,"Талгарский район, Казахстан",nkanunnikov,inside,inside,2024-06-15,day,iNaturalist observed_on parsed as calendar day,eligible,species-level iNaturalist query; no higher-rank query flag in source screening,True
Codonopsis clematidea,Codonopsis_clematidea.json,223310982,https://www.inaturalist.org/observations/223310982,Codonopsis clematidea,506223,2024-06-16,2024/06/16 10:36,43.0166068571,76.614521626,,,61.0,research,cc-by,"Карасайский район, Казахстан",elanaky,inside,inside,2024-06-16,day,iNaturalist observed_on parsed as calendar day,eligible,species-level iNaturalist query; no higher-rank query flag in source screening,True
Codonopsis clematidea,Codonopsis_clematidea.json,223945959,https://www.inaturalist.org/observations/223945959,Codonopsis clematidea,506223,2024-06-20,2024-06-20 14:07:54,43.241490883,77.7612130344,,,3031.0,research,cc-by-nc,"Енбекшиказахский район, Казахстан",liliyaabramova20,inside,inside,2024-06-20,day,iNaturalist observed_on parsed as calendar day,eligible,species-level iNaturalist query; no higher-rank query flag in source screening,True
Codonopsis clematidea,Codonopsis_clematidea.json,224378420,https://www.inaturalist.org/observations/224378420,Codonopsis clematidea,506223,2024-06-22,2024-06-22 11:34:38,43.1228333333,76.9092055556,,,,research,cc-by-nc,"4WC5+XGW, Алматы, Казахстан",liliyaabramova20,inside,inside,2024-06-22,day,iNaturalist observed_on parsed as calendar day,eligible,species-level iNaturalist query; no higher-rank query flag in source screening,True
Codonopsis clematidea,Codonopsis_clematidea.json,224602509,https://www.inaturalist.org/observations/224602509,Codonopsis clematidea,506223,2024-06-23,2024-06-23 15:18:48,43.1583283,76.9843965997,,,,research,,"Medeu District, Almaty, Kazakhstan",karen37551,inside,inside,2024-06-23,day,iNaturalist observed_on parsed as calendar day,eligible,species-level iNaturalist query; no higher-rank query flag in source screening,True
Codonopsis clematidea,Codonopsis_clematidea.json,225650981,https://www.inaturalist.org/observations/225650981,Codonopsis clematidea,506223,2024-06-24,Mon Jun 24 2024 12:51:20 GMT +0500 (GMT),42.6469841003,79.9609222412,,,,research,cc-by-nc,Алмаатинская область,kisology,inside,inside,2024-06-24,day,iNaturalist observed_on parsed as calendar day,eligible,species-level iNaturalist query; no higher-rank query flag in source screening,True
Codonopsis clematidea,Codonopsis_clematidea.json,230280790,https://www.inaturalist.org/observations/230280790,Codonopsis clematidea,506223,2024-06-25,2024-06-25 10:46:43+05:00,43.1392695,77.0659111667,,,4.0,research,cc-by-nc,"Алмаатинская область, KZ",rauana,inside,inside,2024-06-25,day,iNaturalist observed_on parsed as calendar day,eligible,species-level iNaturalist query; no higher-rank query flag in source screening,True
Codonopsis clematidea,Codonopsis_clematidea.json,225902475,https://www.inaturalist.org/observations/225902475,Codonopsis clematidea,506223,2024-06-29,2024-06-29,43.226430802,77.054357496,,,61.0,research,cc-by,"Талгарский район, Казахстан",elanaky,inside,inside,2024-06-29,day,iNaturalist observed_on parsed as calendar day,eligible,species-level iNaturalist query; no higher-rank query flag in source screening,True
Codonopsis clematidea,Codonopsis_clematidea.json,226000872,https://www.inaturalist.org/observations/226000872,Codonopsis clematidea,506223,2024-06-29,2024-06-29 10:37:48,43.2305555556,77.2594444444,,,,research,cc-by-nc,"Талгарский район, Казахстан",svetlanasp,inside,inside,2024-06-29,day,iNaturalist observed_on parsed as calendar day,eligible,species-level iNaturalist query; no higher-rank query flag in source screening,True
Codonopsis clematidea,Codonopsis_clematidea.json,226855159,https://www.inaturalist.org/observations/226855159,Codonopsis clematidea,506223,2024-06-30,2024/06/30 09:38,43.0619603108,76.73344975,,,488.0,research,cc-by,"Карасайский район, Казахстан",elanaky,inside,inside,2024-06-30,day,iNaturalist observed_on parsed as calendar day,eligible,species-level iNaturalist query; no higher-rank query flag in source screening,True
Codonopsis clematidea,Codonopsis_clematidea.json,227076047,https://www.inaturalist.org/observations/227076047,Codonopsis clematidea,506223,2024-07-04,2024-07-04 12:53:32,42.9961416667,78.4578361111,,,,research,,"Kegen District, Kazakhstan",daniel73983,inside,inside,2024-07-04,day,iNaturalist observed_on parsed as calendar day,eligible,species-level iNaturalist query; no higher-rank query flag in source screening,True
Codonopsis clematidea,Codonopsis_clematidea.json,227136785,https://www.inaturalist.org/observations/227136785,Codonopsis clematidea,506223,2024-07-04,2024-07-04 16:54:32Z,43.1266995684,76.9735617722,,,209.0,research,,"Алмаатинская область, KZ",mariya_zhivanich,inside,inside,2024-07-04,day,iNaturalist observed_on parsed as calendar day,eligible,species-level iNaturalist query; no higher-rank query flag in source screening,True
Codonopsis clematidea,Codonopsis_clematidea.json,227993325,https://www.inaturalist.org/observations/227993325,Codonopsis clematidea,506223,2024-07-07,2024/07/07 13:15,43.158101573,77.0343887061,,,177.0,research,cc-by-nc,"525M+HCH Каскад плотин, Алматы, Казахстан",svetlanasp,inside,inside,2024-07-07,day,iNaturalist observed_on parsed as calendar day,eligible,species-level iNaturalist query; no higher-rank query flag in source screening,True
Codonopsis clematidea,Codonopsis_clematidea.json,230103201,https://www.inaturalist.org/observations/230103201,Codonopsis clematidea,506223,2024-07-07,2024-07-07 13:39:56+05:00,43.1590055,77.0968083333,,,13.0,research,,"Almaty, KZ",scottjondavidson,inside,inside,2024-07-07,day,iNaturalist observed_on parsed as calendar day,eligible,species-level iNaturalist query; no higher-rank query flag in source screening,True
Codonopsis clematidea,Codonopsis_clematidea.json,227961369,https://www.inaturalist.org/observations/227961369,Codonopsis clematidea,506223,2024-07-07,2024-07-07 14:50:04+05:00,43.1617778333,77.0891416667,,,12.0,research,,"Ким-Асар - Бутаковский перевал, Almaty, KZ",keriann,inside,inside,2024-07-07,day,iNaturalist observed_on parsed as calendar day,eligible,species-level iNaturalist query; no higher-rank query flag in source screening,True
Codonopsis clematidea,Codonopsis_clematidea.json,228585040,https://www.inaturalist.org/observations/228585040,Codonopsis clematidea,506223,2024-07-07,2024-07-07 17:32:52,42.9832376023,78.3249620721,,,771.0,research,,"Kegen District, Казахстан",dinaabdullina,inside,inside,2024-07-07,day,iNaturalist observed_on parsed as calendar day,eligible,species-level iNaturalist query; no higher-rank query flag in source screening,True
Codonopsis clematidea,Codonopsis_clematidea.json,228420163,https://www.inaturalist.org/observations/228420163,Codonopsis clematidea,506223,2024-07-08,2024/07/08 16:07,43.0766649833,76.9124554988,,,488.0,research,cc-by,"Карасайский район, Казахстан",dina170,inside,inside,2024-07-08,day,iNaturalist observed_on parsed as calendar day,eligible,species-level iNaturalist query; no higher-rank query flag in source screening,True
Codonopsis clematidea,Codonopsis_clematidea.json,228996103,https://www.inaturalist.org/observations/228996103,Codonopsis clematidea,506223,2024-07-13,2024-07-13 12:09:01,43.1075,77.0725,,,,research,cc-by-nc,"434G+X7Q Мемориал Альпинистов, Алматы, Казахстан",svetlanasp,inside,inside,2024-07-13,day,iNaturalist observed_on parsed as calendar day,eligible,species-level iNaturalist query; no higher-rank query flag in source screening,True
Codonopsis clematidea,Codonopsis_clematidea.json,230284638,https://www.inaturalist.org/observations/230284638,Codonopsis clematidea,506223,2024-07-19,2024/07/19 10:05,43.0821383481,76.9066560362,,,244.0,research,cc-by,Алма-Арасан,kirinzi,inside,inside,2024-07-19,day,iNaturalist observed_on parsed as calendar day,eligible,species-level iNaturalist query; no higher-rank query flag in source screening,True
Codonopsis clematidea,Codonopsis_clematidea.json,230531089,https://www.inaturalist.org/observations/230531089,Codonopsis clematidea,506223,2024-07-20,2024/07/20 08:47,43.103615,76.95066,,,,research,cc-by-nc,"Медеуский район, Алматы, Казахстан",nkanunnikov,inside,inside,2024-07-20,day,iNaturalist observed_on parsed as calendar day,eligible,species-level iNaturalist query; no higher-rank query flag in source screening,True
Codonopsis clematidea,Codonopsis_clematidea.json,231879414,https://www.inaturalist.org/observations/231879414,Codonopsis clematidea,506223,2024-07-26,2024-07-26 11:07:48+05:00,43.0999221667,76.9473583333,,,96.0,research,cc-by-nc,"P-22, Almaty, KZ",kastani,inside,inside,2024-07-26,day,iNaturalist observed_on parsed as calendar day,eligible,species-level iNaturalist query; no higher-rank query flag in source screening,True
Codonopsis clematidea,Codonopsis_clematidea.json,231879441,https://www.inaturalist.org/observations/231879441,Codonopsis clematidea,506223,2024-07-26,2024-07-26 11:08:12+05:00,43.0996055,76.9470533333,,,48.0,research,cc-by-nc,"P-22, Almaty, KZ",kastani,inside,inside,2024-07-26,day,iNaturalist observed_on parsed as calendar day,eligible,species-level iNaturalist query; no higher-rank query flag in source screening,True
Codonopsis clematidea,Codonopsis_clematidea.json,234500431,https://www.inaturalist.org/observations/234500431,Codonopsis clematidea,506223,2024-07-27,2024/07/27 09:01,42.6039654264,79.9884031425,,,497.0,research,cc-by,"Raiymbekskiy, KZ-AA, KZ",elanaky,inside,inside,2024-07-27,day,iNaturalist observed_on parsed as calendar day,eligible,species-level iNaturalist query; no higher-rank query flag in source screening,True
Codonopsis clematidea,Codonopsis_clematidea.json,232204124,https://www.inaturalist.org/observations/232204124,Codonopsis clematidea,506223,2024-07-27,2024-07-27 16:01:01,42.6186783333,79.9351483333,,,1.0,research,cc-by,"Raiymbekskiy, KZ-AA, KZ",pavel_ozerski,inside,inside,2024-07-27,day,iNaturalist observed_on parsed as calendar day,eligible,species-level iNaturalist query; no higher-rank query flag in source screening,True
Codonopsis clematidea,Codonopsis_clematidea.json,234738325,https://www.inaturalist.org/observations/234738325,Codonopsis clematidea,506223,2024-08-06,2024-08-06 16:38:15+05:00,43.095875,76.94417,,,6.0,research,,"Треккинг на водопады в Аюсай, Алмаатинская область, KZ",tatakarata,inside,inside,2024-08-06,day,iNaturalist observed_on parsed as calendar day,eligible,species-level iNaturalist query; no higher-rank query flag in source screening,True
Codonopsis clematidea,Codonopsis_clematidea.json,234566982,https://www.inaturalist.org/observations/234566982,Codonopsis clematidea,506223,2024-08-07,2024/08/07 15:52,42.9804629389,78.2540495162,,,244.0,research,cc-by,"Kegen District, Казахстан",kirinzi,inside,inside,2024-08-07,day,iNaturalist observed_on parsed as calendar day,eligible,species-level iNaturalist query; no higher-rank query flag in source screening,True
Codonopsis clematidea,Codonopsis_clematidea.json,234842325,https://www.inaturalist.org/observations/234842325,Codonopsis clematidea,506223,2024-08-07,2024-08-07 16:14:49+05:00,42.93153,78.3379283333,,,10.0,research,,"Almaty, KZ",scottjondavidson,inside,inside,2024-08-07,day,iNaturalist observed_on parsed as calendar day,eligible,species-level iNaturalist query; no higher-rank query flag in source screening,True
Codonopsis clematidea,Codonopsis_clematidea.json,238040797,https://www.inaturalist.org/observations/238040797,Codonopsis clematidea,506223,2024-08-22,2024/08/22 15:46,43.1989493,77.7352644997,,,,research,cc-by-nc,"Енбекшиказахский район, Казахстан",svetlanakushkova,inside,inside,2024-08-22,day,iNaturalist observed_on parsed as calendar day,eligible,species-level iNaturalist query; no higher-rank query flag in source screening,True
Codonopsis clematidea,Codonopsis_clematidea.json,258848543,https://www.inaturalist.org/observations/258848543,Codonopsis clematidea,506223,2024-08-30,2024/08/30 12:35 AM,43.1719633051,77.1113694847,,,10.0,research,cc-by-nc,"Medeu District, Almaty, Kazakhstan",igor_yevdokimov,inside,inside,2024-08-30,day,iNaturalist observed_on parsed as calendar day,eligible,species-level iNaturalist query; no higher-rank query flag in source screening,True
Codonopsis clematidea,Codonopsis_clematidea.json,253095000,https://www.inaturalist.org/observations/253095000,Codonopsis clematidea,506223,2024-08-30,2024/08/30 17:53,43.107043,76.953784,,,,research,cc-by-nc,"Медеуский район, Алматы, Казахстан",atamat,inside,inside,2024-08-30,day,iNaturalist observed_on parsed as calendar day,eligible,species-level iNaturalist query; no higher-rank query flag in source screening,True
Codonopsis clematidea,Codonopsis_clematidea.json,253095044,https://www.inaturalist.org/observations/253095044,Codonopsis clematidea,506223,2024-08-30,2024/08/30 18:03,43.103689,76.950914,,,,research,cc-by-nc,"Медеуский район, Алматы, Казахстан",atamat,inside,inside,2024-08-30,day,iNaturalist observed_on parsed as calendar day,eligible,species-level iNaturalist query; no higher-rank query flag in source screening,True
Codonopsis clematidea,Codonopsis_clematidea.json,241800010,https://www.inaturalist.org/observations/241800010,Codonopsis clematidea,506223,2024-09-13,2024-09-13 09:01:48,43.12850075,76.96219445,,,9.0,research,cc-by-nc-nd,"Karasayskiy, KZ-AA, KZ",melampyrum,inside,inside,2024-09-13,day,iNaturalist observed_on parsed as calendar day,eligible,species-level iNaturalist query; no higher-rank query flag in source screening,True
Codonopsis clematidea,Codonopsis_clematidea.json,277806949,https://www.inaturalist.org/observations/277806949,Codonopsis clematidea,506223,2025-04-27,2025/04/27 15:05,43.110214,76.913664,,,,research,cc-by-nc,"Бостандыкский район, Алматы, Казахстан",atamat,inside,inside,2025-04-27,day,iNaturalist observed_on parsed as calendar day,eligible,species-level iNaturalist query; no higher-rank query flag in source screening,True
Codonopsis clematidea,Codonopsis_clematidea.json,286719901,https://www.inaturalist.org/observations/286719901,Codonopsis clematidea,506223,2025-06-04,2025-06-04 09:38:45,43.3458127,76.7334717,,,2036.0,research,,"8PXM+36F, Садовое общество Огонек, Казахстан",maomax,inside,inside,2025-06-04,day,iNaturalist observed_on parsed as calendar day,eligible,species-level iNaturalist query; no higher-rank query flag in source screening,True
Codonopsis clematidea,Codonopsis_clematidea.json,286790453,https://www.inaturalist.org/observations/286790453,Codonopsis clematidea,506223,2025-06-04,2025-06-04 18:33:14,43.1156333333,76.9131277778,,,,research,cc-by-nc,"4W86+H7, Алматы, Казахстан",islam_galymzhanov,inside,inside,2025-06-04,day,iNaturalist observed_on parsed as calendar day,eligible,species-level iNaturalist query; no higher-rank query flag in source screening,True
Codonopsis clematidea,Codonopsis_clematidea.json,300141271,https://www.inaturalist.org/observations/300141271,Codonopsis clematidea,506223,2025-06-06,2025/06/06 13:47,42.9960186705,75.8135152604,,,1002.0,research,,"Жамбылский район, Казахстан",letovglazah,inside,inside,2025-06-06,day,iNaturalist observed_on parsed as calendar day,eligible,species-level iNaturalist query; no higher-rank query flag in source screening,True
Codonopsis clematidea,Codonopsis_clematidea.json,306702725,https://www.inaturalist.org/observations/306702725,Codonopsis clematidea,506223,2025-06-06,2025-06-06 19:42:40,43.1610184997,77.0541077,,,,research,cc-by-nc,"Talgarskiy, KZ-AA, KZ",w4v,inside,inside,2025-06-06,day,iNaturalist observed_on parsed as calendar day,eligible,species-level iNaturalist query; no higher-rank query flag in source screening,True
Codonopsis clematidea,Codonopsis_clematidea.json,288794405,https://www.inaturalist.org/observations/288794405,Codonopsis clematidea,506223,2025-06-11,2025-06-11 12:20:41+05:00,42.9831583333,78.46353,,,8.0,research,,"Almaty, KZ",slam2033,inside,inside,2025-06-11,day,iNaturalist observed_on parsed as calendar day,eligible,species-level iNaturalist query; no higher-rank query flag in source screening,True
Codonopsis clematidea,Codonopsis_clematidea.json,288972558,https://www.inaturalist.org/observations/288972558,Codonopsis clematidea,506223,2025-06-12,2025-06-12 07:15:35,43.1845517,77.0883352997,,,,research,cc-by-nc,"53MP+FH8, Алматы, Казахстан",nkanunnikov,inside,inside,2025-06-12,day,iNaturalist observed_on parsed as calendar day,eligible,species-level iNaturalist query; no higher-rank query flag in source screening,True
Codonopsis clematidea,Codonopsis_clematidea.json,289276261,https://www.inaturalist.org/observations/289276261,Codonopsis clematidea,506223,2025-06-13,2025/06/13 06:41,43.0708950308,76.9874248481,,,767.0,research,cc-by-nc,"Bostandyk District, Almaty, Kazachstan",auk1967,inside,inside,2025-06-13,day,iNaturalist observed_on parsed as calendar day,eligible,species-level iNaturalist query; no higher-rank query flag in source screening,True
Codonopsis clematidea,Codonopsis_clematidea.json,291166092,https://www.inaturalist.org/observations/291166092,Codonopsis clematidea,506223,2025-06-15,2025-06-15 18:00:53,43.2531577,77.4758537,,,,research,cc-by-nc,"Талгарский район, Казахстан",dinabzh,inside,inside,2025-06-15,day,iNaturalist observed_on parsed as calendar day,eligible,species-level iNaturalist query; no higher-rank query flag in source screening,True
Codonopsis clematidea,Codonopsis_clematidea.json,290332500,https://www.inaturalist.org/observations/290332500,Codonopsis clematidea,506223,2025-06-16,2025-06-16 13:57:06,44.754705,79.189564,,,,research,,"Кербулакский район, Казахстан",tekelitown,inside,inside,2025-06-16,day,iNaturalist observed_on parsed as calendar day,eligible,species-level iNaturalist query; no higher-rank query flag in source screening,True
Codonopsis clematidea,Codonopsis_clematidea.json,296185229,https://www.inaturalist.org/observations/296185229,Codonopsis clematidea,506223,2025-06-18,2025/06/18 14:08,43.1596873,77.060197,,,,research,cc-by-nc,"Медеуский район, Алматы, Казахстан",svetlanakushkova,inside,inside,2025-06-18,day,iNaturalist observed_on parsed as calendar day,eligible,species-level iNaturalist query; no higher-rank query flag in source screening,True
Codonopsis clematidea,Codonopsis_clematidea.json,297218815,https://www.inaturalist.org/observations/297218815,Codonopsis clematidea,506223,2025-06-18,2025/06/18 14:09,43.1596457997,77.0602377997,,,,research,cc-by-nc,"Медеуский район, Алматы, Казахстан",svetlanakushkova,inside,inside,2025-06-18,day,iNaturalist observed_on parsed as calendar day,eligible,species-level iNaturalist query; no higher-rank query flag in source screening,True
Codonopsis clematidea,Codonopsis_clematidea.json,292894630,https://www.inaturalist.org/observations/292894630,Codonopsis clematidea,506223,2025-06-18,2025-06-18 16:00:44,42.9880619195,78.3278213069,,,313.0,research,cc-by-nc,"Kegen District, Казахстан",nix_anastasiya,inside,inside,2025-06-18,day,iNaturalist observed_on parsed as calendar day,eligible,species-level iNaturalist query; no higher-rank query flag in source screening,True
Codonopsis clematidea,Codonopsis_clematidea.json,292047406,https://www.inaturalist.org/observations/292047406,Codonopsis clematidea,506223,2025-06-18,2025-06-18 18:19:36,42.9886691631,78.3267873153,,,205.0,research,cc-by-nc,"Kegen District, Казахстан",nix_anastasiya,inside,inside,2025-06-18,day,iNaturalist observed_on parsed as calendar day,eligible,species-level iNaturalist query; no higher-rank query flag in source screening,True
Codonopsis clematidea,Codonopsis_clematidea.json,291766673,https://www.inaturalist.org/observations/291766673,Codonopsis clematidea,506223,2025-06-19,2025-06-19 11:20:43,42.9843101688,78.4640034288,,,142.0,research,cc-by-nc,"Kegen District, Казахстан",nix_anastasiya,inside,inside,2025-06-19,day,iNaturalist observed_on parsed as calendar day,eligible,species-level iNaturalist query; no higher-rank query flag in source screening,True
Codonopsis clematidea,Codonopsis_clematidea.json,291550576,https://www.inaturalist.org/observations/291550576,Codonopsis clematidea,506223,2025-06-21,2025-06-21 07:15:11+05:00,43.1504138333,77.0569083333,,,3381.0,research,cc-by-nc,"Almaty, KZ",kaliyma,inside,inside,2025-06-21,day,iNaturalist observed_on parsed as calendar day,eligible,species-level iNaturalist query; no higher-rank query flag in source screening,True
Codonopsis clematidea,Codonopsis_clematidea.json,291410246,https://www.inaturalist.org/observations/291410246,Codonopsis clematidea,506223,2025-06-21,2025-06-21 07:20:05,43.0951481997,76.9459193997,,,,research,cc-by-nc,"Бостандыкский район, Алматы, Казахстан",nkanunnikov,inside,inside,2025-06-21,day,iNaturalist observed_on parsed as calendar day,eligible,species-level iNaturalist query; no higher-rank query flag in source screening,True
Codonopsis clematidea,Codonopsis_clematidea.json,291390232,https://www.inaturalist.org/observations/291390232,Codonopsis clematidea,506223,2025-06-21,2025-06-21 09:49:01,42.9906783333,78.325305,,,6.0,research,,"Kegen District, Казахстан",olgaastafurova,inside,inside,2025-06-21,day,iNaturalist observed_on parsed as calendar day,eligible,species-level iNaturalist query; no higher-rank query flag in source screening,True
Codonopsis clematidea,Codonopsis_clematidea.json,291516576,https://www.inaturalist.org/observations/291516576,Codonopsis clematidea,506223,2025-06-21,2025-06-21 13:58:57,43.2751622019,77.7108223736,,,171.0,research,cc-by-nc,"Енбекшиказахский район, Казахстан",svetlanasp,inside,inside,2025-06-21,day,iNaturalist observed_on parsed as calendar day,eligible,species-level iNaturalist query; no higher-rank query flag in source screening,True
Codonopsis clematidea,Codonopsis_clematidea.json,292265038,https://www.inaturalist.org/observations/292265038,Codonopsis clematidea,506223,2025-06-22,2025-06-22 09:09:46,43.131458039,77.0554105192,,,887.0,research,cc-by-nc,"43H4+V47 Ущелье Горельник, Алматы, Казахстан",adilmurat,inside,inside,2025-06-22,day,iNaturalist observed_on parsed as calendar day,eligible,species-level iNaturalist query; no higher-rank query flag in source screening,True
Codonopsis clematidea,Codonopsis_clematidea.json,295048074,https://www.inaturalist.org/observations/295048074,Codonopsis clematidea,506223,2025-06-22,2025/06/22 12:43,43.1076075325,76.8455565487,,,1192.0,research,cc-by,"Карасайский район, Казахстан",elanaky,inside,inside,2025-06-22,day,iNaturalist observed_on parsed as calendar day,eligible,species-level iNaturalist query; no higher-rank query flag in source screening,True
Codonopsis clematidea,Codonopsis_clematidea.json,293981441,https://www.inaturalist.org/observations/293981441,Codonopsis clematidea,506223,2025-06-23,2025-06-23 11:20:48+05:00,43.055225,76.9814533333,,,3.0,research,cc-by-nc,"Алмаатинская область, KZ",irina_chupina,inside,inside,2025-06-23,day,iNaturalist observed_on parsed as calendar day,eligible,species-level iNaturalist query; no higher-rank query flag in source screening,True
Codonopsis clematidea,Codonopsis_clematidea.json,293116788,https://www.inaturalist.org/observations/293116788,Codonopsis clematidea,506223,2025-06-27,2025-06-27 10:36:45+05:00,43.1218639684,76.8624897031,,,52.0,research,cc-by-nc,"Karasayskiy, KZ-AA, KZ",kaliyma,inside,inside,2025-06-27,day,iNaturalist observed_on parsed as calendar day,eligible,species-level iNaturalist query; no higher-rank query flag in source screening,True
Codonopsis clematidea,Codonopsis_clematidea.json,293325699,https://www.inaturalist.org/observations/293325699,Codonopsis clematidea,506223,2025-06-28,2025-06-28 12:43:55,43.1674055556,77.0605277778,,,,research,cc0,"Медеуский район, Алматы, Казахстан",kseniya_zhilina,inside,inside,2025-06-28,day,iNaturalist observed_on parsed as calendar day,eligible,species-level iNaturalist query; no higher-rank query flag in source screening,True
Codonopsis clematidea,Codonopsis_clematidea.json,294306417,https://www.inaturalist.org/observations/294306417,Codonopsis clematidea,506223,2025-07-01,2025-07-01 14:03:45+05:00,43.1511111667,77.0147166667,,,3.0,research,cc-by-nc,"Almaty, KZ",selkinto,inside,inside,2025-07-01,day,iNaturalist observed_on parsed as calendar day,eligible,species-level iNaturalist query; no higher-rank query flag in source screening,True
Codonopsis clematidea,Codonopsis_clematidea.json,294888232,https://www.inaturalist.org/observations/294888232,Codonopsis clematidea,506223,2025-07-02,2025-07-02 11:56:24+05:00,42.9846116667,78.4641116667,,,4.0,research,,"Almaty, KZ",captivebybirds,inside,inside,2025-07-02,day,iNaturalist observed_on parsed as calendar day,eligible,species-level iNaturalist query; no higher-rank query flag in source screening,True
Codonopsis clematidea,Codonopsis_clematidea.json,303125884,https://www.inaturalist.org/observations/303125884,Codonopsis clematidea,506223,2025-07-09,2025/07/09 15:51,43.0468298095,76.9524358067,,,61.0,research,cc-by-nc,"Бостандыкский район, Алматы, Казахстан",gennadiy_dyakin,inside,inside,2025-07-09,day,iNaturalist observed_on parsed as calendar day,eligible,species-level iNaturalist query; no higher-rank query flag in source screening,True
Codonopsis clematidea,Codonopsis_clematidea.json,305465141,https://www.inaturalist.org/observations/305465141,Codonopsis clematidea,506223,2025-07-17,2025/07/17 09:54,43.0515730478,76.9650528126,,,76.0,research,cc-by,"Бостандыкский район, Алматы, Казахстан",kirinzi,inside,inside,2025-07-17,day,iNaturalist observed_on parsed as calendar day,eligible,species-level iNaturalist query; no higher-rank query flag in source screening,True
Codonopsis clematidea,Codonopsis_clematidea.json,298645521,https://www.inaturalist.org/observations/298645521,Codonopsis clematidea,506223,2025-07-17,2025-07-17 10:21:34,43.0544815,76.9673461667,,,,research,cc-by-nc,"Бостандыкский район, Алматы, Казахстан",natasha80326,inside,inside,2025-07-17,day,iNaturalist observed_on parsed as calendar day,eligible,species-level iNaturalist query; no higher-rank query flag in source screening,True
Codonopsis clematidea,Codonopsis_clematidea.json,299907119,https://www.inaturalist.org/observations/299907119,Codonopsis clematidea,506223,2025-07-20,2025/07/20 11:18,43.2337767778,77.7608525556,,,,research,cc-by-nc,"Енбекшиказахский район, Казахстан",svetlanakushkova,inside,inside,2025-07-20,day,iNaturalist observed_on parsed as calendar day,eligible,species-level iNaturalist query; no higher-rank query flag in source screening,True
Codonopsis clematidea,Codonopsis_clematidea.json,300605563,https://www.inaturalist.org/observations/300605563,Codonopsis clematidea,506223,2025-07-20,2025/07/20 11:32,43.2333951944,77.75857725,,,,research,cc-by-nc,"Енбекшиказахский район, Казахстан",svetlanakushkova,inside,inside,2025-07-20,day,iNaturalist observed_on parsed as calendar day,eligible,species-level iNaturalist query; no higher-rank query flag in source screening,True
Codonopsis clematidea,Codonopsis_clematidea.json,300705468,https://www.inaturalist.org/observations/300705468,Codonopsis clematidea,506223,2025-07-20,2025/07/20 15:02,43.2303023997,77.7546434,,,,research,cc-by-nc,"Енбекшиказахский район, Казахстан",svetlanakushkova,inside,inside,2025-07-20,day,iNaturalist observed_on parsed as calendar day,eligible,species-level iNaturalist query; no higher-rank query flag in source screening,True
Codonopsis clematidea,Codonopsis_clematidea.json,302564062,https://www.inaturalist.org/observations/302564062,Codonopsis clematidea,506223,2025-07-22,2025/07/22 13:07,43.0871327997,76.9454783997,,,,research,cc-by-nc,"Бостандыкский район, Алматы, Казахстан",svetlanakushkova,inside,inside,2025-07-22,day,iNaturalist observed_on parsed as calendar day,eligible,species-level iNaturalist query; no higher-rank query flag in source screening,True
Codonopsis clematidea,Codonopsis_clematidea.json,302826347,https://www.inaturalist.org/observations/302826347,Codonopsis clematidea,506223,2025-07-22,2025/07/22 15:24,43.0875458,76.9463247997,,,,research,cc-by-nc,"Бостандыкский район, Алматы, Казахстан",svetlanakushkova,inside,inside,2025-07-22,day,iNaturalist observed_on parsed as calendar day,eligible,species-level iNaturalist query; no higher-rank query flag in source screening,True
Codonopsis clematidea,Codonopsis_clematidea.json,300813806,https://www.inaturalist.org/observations/300813806,Codonopsis clematidea,506223,2025-07-24,2025-07-24 08:08:12+05:00,43.2344666667,77.7628783333,,,14.0,research,cc-by-nc,"Almaty, KZ",spyingnaturalist,inside,inside,2025-07-24,day,iNaturalist observed_on parsed as calendar day,eligible,species-level iNaturalist query; no higher-rank query flag in source screening,True
Codonopsis clematidea,Codonopsis_clematidea.json,301788622,https://www.inaturalist.org/observations/301788622,Codonopsis clematidea,506223,2025-07-26,2025-07-26 14:12:24+05:00,42.577775,79.9207083333,,,2.0,research,cc-by-nc,"Almaty, KZ",spyingnaturalist,inside,inside,2025-07-26,day,iNaturalist observed_on parsed as calendar day,eligible,species-level iNaturalist query; no higher-rank query flag in source screening,True
Codonopsis clematidea,Codonopsis_clematidea.json,301985171,https://www.inaturalist.org/observations/301985171,Codonopsis clematidea,506223,2025-07-27,2025-07-27 04:50:54+05:00,42.6100416667,79.841745,,,6.0,research,cc-by-nc,"Almaty, KZ",spyingnaturalist,inside,inside,2025-07-27,day,iNaturalist observed_on parsed as calendar day,eligible,species-level iNaturalist query; no higher-rank query flag in source screening,True
Codonopsis clematidea,Codonopsis_clematidea.json,303788915,https://www.inaturalist.org/observations/303788915,Codonopsis clematidea,506223,2025-07-27,2025/07/27 09:23,43.07949375,76.9058785556,,,,research,cc-by-nc,"Карасайский район, Казахстан",svetlanakushkova,inside,inside,2025-07-27,day,iNaturalist observed_on parsed as calendar day,eligible,species-level iNaturalist query; no higher-rank query flag in source screening,True
Codonopsis clematidea,Codonopsis_clematidea.json,301923089,https://www.inaturalist.org/observations/301923089,Codonopsis clematidea,506223,2025-07-28,2025-07-28 17:10:49+05:00,43.294645,77.3889533333,,,34.0,research,cc-by-nc,"Almaty, KZ",kastani,inside,inside,2025-07-28,day,iNaturalist observed_on parsed as calendar day,eligible,species-level iNaturalist query; no higher-rank query flag in source screening,True
Codonopsis clematidea,Codonopsis_clematidea.json,312944306,https://www.inaturalist.org/observations/312944306,Codonopsis clematidea,506223,2025-09-10,2025-09-10 12:54:39,43.16451054,77.05382627,,,8.0,research,cc-by-nc-nd,"Talgarskiy, KZ-AA, KZ",melampyrum,inside,inside,2025-09-10,day,iNaturalist observed_on parsed as calendar day,eligible,species-level iNaturalist query; no higher-rank query flag in source screening,True
Codonopsis clematidea,Codonopsis_clematidea.json,371174716,https://www.inaturalist.org/observations/371174716,Codonopsis clematidea,506223,2026-06-06,2026-06-06 09:20:21,43.1232460214,76.7992079258,,,118.0,research,cc-by-nc,"Koklaisay, Kazakhstan",trent_wildlife,inside,inside,2026-06-06,day,iNaturalist observed_on parsed as calendar day,eligible,species-level iNaturalist query; no higher-rank query flag in source screening,True
Codonopsis clematidea,Codonopsis_clematidea.json,369298634,https://www.inaturalist.org/observations/369298634,Codonopsis clematidea,506223,2026-06-07,2026-06-07 17:35:38,43.186816019,76.9923120551,,,1.0,research,cc-by-nc,"Медеуский район, Алматы, Казахстан",xbbt,inside,inside,2026-06-07,day,iNaturalist observed_on parsed as calendar day,eligible,species-level iNaturalist query; no higher-rank query flag in source screening,True
Codonopsis clematidea,Codonopsis_clematidea.json,370668239,https://www.inaturalist.org/observations/370668239,Codonopsis clematidea,506223,2026-06-11,2026/06/11 12:41 AM,42.984989,78.4659912,,,335.0,research,cc-by-nc,"XFM8+X9X, Каинды, Kazakhstan",photo_bug,inside,inside,2026-06-11,day,iNaturalist observed_on parsed as calendar day,eligible,species-level iNaturalist query; no higher-rank query flag in source screening,True
Codonopsis clematidea,Codonopsis_clematidea.json,373530760,https://www.inaturalist.org/observations/373530760,Codonopsis clematidea,506223,2026-06-17,2026-06-17 11:17:02,43.1599305,77.0127111167,,,4.0,research,cc-by-nc,"Almaty, KZ",redhawk567,inside,inside,2026-06-17,day,iNaturalist observed_on parsed as calendar day,eligible,species-level iNaturalist query; no higher-rank query flag in source screening,True
Codonopsis clematidea,Codonopsis_clematidea.json,378742872,https://www.inaturalist.org/observations/378742872,Codonopsis clematidea,506223,2026-06-19,2026/06/19 9:17 AM,43.1277256487,76.9691625963,,,775.0,research,cc-by-nc,"Medeu District, Almaty, Kazakhstan",aizhanium,inside,inside,2026-06-19,day,iNaturalist observed_on parsed as calendar day,eligible,species-level iNaturalist query; no higher-rank query flag in source screening,True
Codonopsis clematidea,Codonopsis_clematidea.json,374206732,https://www.inaturalist.org/observations/374206732,Codonopsis clematidea,506223,2026-06-20,2026-06-20 09:46:44,42.9844014084,78.4643212706,,,373.0,research,cc-by-nc,"Kegen District, Казахстан",aitolkyn1,inside,inside,2026-06-20,day,iNaturalist observed_on parsed as calendar day,eligible,species-level iNaturalist query; no higher-rank query flag in source screening,True
Codonopsis clematidea,Codonopsis_clematidea.json,373581786,https://www.inaturalist.org/observations/373581786,Codonopsis clematidea,506223,2026-06-20,2026-06-20 15:15:56,43.1946133333,76.9823916667,,,211.0,research,cc-by-nc,"Almaty, KZ",marknovakk7,inside,inside,2026-06-20,day,iNaturalist observed_on parsed as calendar day,eligible,species-level iNaturalist query; no higher-rank query flag in source screening,True
Codonopsis clematidea,Codonopsis_clematidea.json,373883420,https://www.inaturalist.org/observations/373883420,Codonopsis clematidea,506223,2026-06-21,2026-06-21 07:45:19,43.0946238,76.9472964997,,,,research,cc-by-nc,"Бостандыкский район, Алматы, Казахстан",nkanunnikov,inside,inside,2026-06-21,day,iNaturalist observed_on parsed as calendar day,eligible,species-level iNaturalist query; no higher-rank query flag in source screening,True
Codonopsis clematidea,Codonopsis_clematidea.json,374329868,https://www.inaturalist.org/observations/374329868,Codonopsis clematidea,506223,2026-06-22,2026-06-22 13:13:01,43.056099,76.9802403,,,,research,cc-by-nc,"3X4H+HJC, Alma-Ata, Kazachstan",drbal,inside,inside,2026-06-22,day,iNaturalist observed_on parsed as calendar day,eligible,species-level iNaturalist query; no higher-rank query flag in source screening,True
Codonopsis clematidea,Codonopsis_clematidea.json,376818701,https://www.inaturalist.org/observations/376818701,Codonopsis clematidea,506223,2026-06-27,2026-06-27 14:42:19,43.1592221667,77.0281221667,,,3.0,needs_id,cc-by-nc,"Almaty, KZ",roman_yorick,inside,inside,2026-06-27,day,iNaturalist observed_on parsed as calendar day,eligible,species-level iNaturalist query; no higher-rank query flag in source screening,True
Codonopsis clematidea,Codonopsis_clematidea.json,378825241,https://www.inaturalist.org/observations/378825241,Codonopsis clematidea,506223,2026-06-30,2026-06-30 15:17:48+05:00,43.1476945056,77.0088361167,,,27.0,research,cc-by-nc,"Almaty, KZ",inverseharpy,inside,inside,2026-06-30,day,iNaturalist observed_on parsed as calendar day,eligible,species-level iNaturalist query; no higher-rank query flag in source screening,True
Codonopsis clematidea,Codonopsis_clematidea.json,378058250,https://www.inaturalist.org/observations/378058250,Codonopsis clematidea,506223,2026-07-04,2026-07-04 12:09:29,42.9684679,78.8978929997,,,,research,cc-by-nc,"Kegen District, Казахстан",nkanunnikov,inside,inside,2026-07-04,day,iNaturalist observed_on parsed as calendar day,eligible,species-level iNaturalist query; no higher-rank query flag in source screening,True
Codonopsis clematidea,Codonopsis_clematidea.json,379419570,https://www.inaturalist.org/observations/379419570,Codonopsis clematidea,506223,2026-07-06,2026-07-06 15:20:59,43.1147083333,77.1558388333,,,4.0,research,,"Almaty, KZ",alisa_kuwabara,inside,inside,2026-07-06,day,iNaturalist observed_on parsed as calendar day,eligible,species-level iNaturalist query; no higher-rank query flag in source screening,True
Codonopsis clematidea,Codonopsis_clematidea.json,379344982,https://www.inaturalist.org/observations/379344982,Codonopsis clematidea,506223,2026-07-06,2026-07-06 17:45:10,43.0840611667,77.1632528333,,,6.0,needs_id,,"На пик Снежное Плато, Almaty, KZ",alisa_kuwabara,inside,inside,2026-07-06,day,iNaturalist observed_on parsed as calendar day,eligible,species-level iNaturalist query; no higher-rank query flag in source screening,True
Codonopsis clematidea,Codonopsis_clematidea.json,380272709,https://www.inaturalist.org/observations/380272709,Codonopsis clematidea,506223,2026-07-10,2026-07-10 14:57:14+05:00,43.1477361667,77.01340555,,,2872.0,needs_id,cc-by-nc,"Almaty, KZ",kaliyma,inside,inside,2026-07-10,day,iNaturalist observed_on parsed as calendar day,eligible,species-level iNaturalist query; no higher-rank query flag in source screening,True
Codonopsis clematidea,Codonopsis_clematidea.json,380306755,https://www.inaturalist.org/observations/380306755,Codonopsis clematidea,506223,2026-07-11,2026-07-11 13:40:53,43.1325764997,76.9467903,,,,research,cc-by-nc,"Бостандыкский район, Алматы, Казахстан",svetlanasp,inside,inside,2026-07-11,day,iNaturalist observed_on parsed as calendar day,eligible,species-level iNaturalist query; no higher-rank query flag in source screening,True
Codonopsis clematidea,Codonopsis_clematidea.json,380762247,https://www.inaturalist.org/observations/380762247,Codonopsis clematidea,506223,2026-07-12,2026/07/12 15:32,43.0952029319,76.9460107805,,,109.0,needs_id,cc-by-nc,"Бостандыкский район, Алматы, Казахстан",igor_ulitin,inside,inside,2026-07-12,day,iNaturalist observed_on parsed as calendar day,eligible,species-level iNaturalist query; no higher-rank query flag in source screening,True
Codonopsis clematidea,Codonopsis_clematidea.json,381724727,https://www.inaturalist.org/observations/381724727,Codonopsis clematidea,506223,2026-07-14,2026-07-14 13:58:05,43.1242098997,76.4820016,,,,needs_id,,"District de Karasaï, Kazakhstan",karen37551,inside,inside,2026-07-14,day,iNaturalist observed_on parsed as calendar day,eligible,species-level iNaturalist query; no higher-rank query flag in source screening,True
Codonopsis clematidea,Codonopsis_clematidea.json,399431256,https://www.inaturalist.org/observations/399431256,Codonopsis clematidea,506223,2026-07-17,2026/07/17 8:41 AM,42.9764991005,78.3204482468,,,5.0,research,cc-by,"Kegen District, Kazakhstan",suhassaya,inside,inside,2026-07-17,day,iNaturalist observed_on parsed as calendar day,eligible,species-level iNaturalist query; no higher-rank query flag in source screening,True
Codonopsis clematidea,Codonopsis_clematidea.json,385893787,https://www.inaturalist.org/observations/385893787,Codonopsis clematidea,506223,2026-07-27,2026-07-27 13:42:45,43.0557833333,76.9936472222,,,,research,cc-by-nc,"3X3R+JGM, Almaty, Kazakhstan",kasetkin,inside,inside,2026-07-27,day,iNaturalist observed_on parsed as calendar day,eligible,species-level iNaturalist query; no higher-rank query flag in source screening,True
Codonopsis clematidea,Codonopsis_clematidea.json,386839876,https://www.inaturalist.org/observations/386839876,Codonopsis clematidea,506223,2026-07-29,2026-07-29 15:33:05,43.1060211847,77.0754610375,,,181.0,needs_id,cc-by-nc,"434G+X34, Алматы, Казахстан",kseniia_r,inside,inside,2026-07-29,day,iNaturalist observed_on parsed as calendar day,eligible,species-level iNaturalist query; no higher-rank query flag in source screening,True
Codonopsis clematidea,Codonopsis_clematidea.json,386582861,https://www.inaturalist.org/observations/386582861,Codonopsis clematidea,506223,2026-07-30,2026-07-30 08:21:05,42.6358138889,79.2482972222,,,,needs_id,,"Tyup, Kyrgyzstan",dieder99,inside,inside,2026-07-30,day,iNaturalist observed_on parsed as calendar day,eligible,species-level iNaturalist query; no higher-rank query flag in source screening,True
Codonopsis clematidea,Codonopsis_clematidea.json,387838955,https://www.inaturalist.org/observations/387838955,Codonopsis clematidea,506223,2026-08-03,2026-08-03 15:37:37,43.1618972222,77.0580416667,,,,needs_id,cc-by-nc,"Медеу ауданы, Алматы, Қазақстан",islam_galymzhanov,inside,inside,2026-08-03,day,iNaturalist observed_on parsed as calendar day,eligible,species-level iNaturalist query; no higher-rank query flag in source screening,True
Codonopsis clematidea,Codonopsis_clematidea.json,388858113,https://www.inaturalist.org/observations/388858113,Codonopsis clematidea,506223,2026-08-06,2026-08-06 13:34:53,43.1174,77.1118695,,,5.0,research,cc-by-nc,"Панорама - Шымбұлақ, Almaty, KZ",luciababjakova,inside,inside,2026-08-06,day,iNaturalist observed_on parsed as calendar day,eligible,species-level iNaturalist query; no higher-rank query flag in source screening,True
Codonopsis clematidea,Codonopsis_clematidea.json,389597910,https://www.inaturalist.org/observations/389597910,Codonopsis clematidea,506223,2026-08-08,2026-08-08 11:17:25+05:00,43.0545778333,76.9668283333,,,2.0,research,cc-by-nc,"Алмаатинская область, KZ",vyacheslavluzanov,inside,inside,2026-08-08,day,iNaturalist observed_on parsed as calendar day,eligible,species-level iNaturalist query; no higher-rank query flag in source screening,True
Codonopsis clematidea,Codonopsis_clematidea.json,390788717,https://www.inaturalist.org/observations/390788717,Codonopsis clematidea,506223,2026-08-13,2026-08-13 12:51:23,43.0953277778,76.9461611111,,,,research,cc-by-nc,"Bostandyk District, Almaty, Kazakistan",guglielmo_p,inside,inside,2026-08-13,day,iNaturalist observed_on parsed as calendar day,eligible,species-level iNaturalist query; no higher-rank query flag in source screening,True
Codonopsis clematidea,Codonopsis_clematidea.json,391373085,https://www.inaturalist.org/observations/391373085,Codonopsis clematidea,506223,2026-08-15,2026-08-15 09:06:13,43.0553305556,76.9800333333,,,,research,cc-by-nc,"3X4H+HJC, Almaty, Kazakhstan",wildgifts,inside,inside,2026-08-15,day,iNaturalist observed_on parsed as calendar day,eligible,species-level iNaturalist query; no higher-rank query flag in source screening,True
Colchicum kesselringii,Colchicum_kesselringii.json,149297412,https://www.inaturalist.org/observations/149297412,Colchicum kesselringii,868266,2006-03-21,2006/03/21 12:35,43.7067114607,75.6813647376,,,122.0,research,cc-by-nc,"Жамбылский район, Казахстан",vladimir_epiktetov,inside,inside,2006-03-21,day,iNaturalist observed_on parsed as calendar day,eligible,species-level iNaturalist query; no higher-rank query flag in source screening,True
Colchicum kesselringii,Colchicum_kesselringii.json,149297411,https://www.inaturalist.org/observations/149297411,Colchicum kesselringii,868266,2012-03-23,2012/03/23 10:05,43.5496625796,77.4797354798,,,61.0,research,cc-by-nc,"Енбекшиказахский район, Казахстан",vladimir_epiktetov,inside,inside,2012-03-23,day,iNaturalist observed_on parsed as calendar day,eligible,species-level iNaturalist query; no higher-rank query flag in source screening,True
Colchicum kesselringii,Colchicum_kesselringii.json,199917786,https://www.inaturalist.org/observations/199917786,Colchicum kesselringii,868266,2019-03-09,2019-03-09,43.5551566667,77.48763,,,,research,cc-by-nc,"Енбекшиказахский район, Казахстан",polinavesselova,inside,inside,2019-03-09,day,iNaturalist observed_on parsed as calendar day,eligible,species-level iNaturalist query; no higher-rank query flag in source screening,True
Colchicum kesselringii,Colchicum_kesselringii.json,199979637,https://www.inaturalist.org/observations/199979637,Colchicum kesselringii,868266,2019-03-19,2019-03-19,43.4197066667,76.6598583333,,,,research,cc-by-nc,"Илийский район, Казахстан",polinavesselova,inside,inside,2019-03-19,day,iNaturalist observed_on parsed as calendar day,eligible,species-level iNaturalist query; no higher-rank query flag in source screening,True
Colchicum kesselringii,Colchicum_kesselringii.json,204013795,https://www.inaturalist.org/observations/204013795,Colchicum kesselringii,868266,2024-03-24,2024/03/24 12:22,43.5072469495,77.2471531906,,,293.0,research,cc-by-nc,"Енбекшиказахский район, Казахстан",nkanunnikov,inside,inside,2024-03-24,day,iNaturalist observed_on parsed as calendar day,eligible,species-level iNaturalist query; no higher-rank query flag in source screening,True
Colchicum kesselringii,Colchicum_kesselringii.json,218845046,https://www.inaturalist.org/observations/218845046,Colchicum kesselringii,868266,2024-05-14,2024/05/14 08:49,43.7068433,75.6807866,,,,research,cc-by,"Жамбылский район, Казахстан",alexanderdubynin,inside,inside,2024-05-14,day,iNaturalist observed_on parsed as calendar day,eligible,species-level iNaturalist query; no higher-rank query flag in source screening,True
Colchicum kesselringii,Colchicum_kesselringii.json,218845049,https://www.inaturalist.org/observations/218845049,Colchicum kesselringii,868266,2024-05-14,2024/05/14 08:51,43.7068433,75.6807866,,,,research,cc-by,"Жамбылский район, Казахстан",alexanderdubynin,inside,inside,2024-05-14,day,iNaturalist observed_on parsed as calendar day,eligible,species-level iNaturalist query; no higher-rank query flag in source screening,True
Colchicum kesselringii,Colchicum_kesselringii.json,343785655,https://www.inaturalist.org/observations/343785655,Colchicum kesselringii,868266,2026-03-19,2026-03-19 10:55:07,43.5483629,77.4791421997,,,,research,cc-by-nc,"Енбекшиказахский район, Казахстан",inessa_selyutina,inside,inside,2026-03-19,day,iNaturalist observed_on parsed as calendar day,eligible,species-level iNaturalist query; no higher-rank query flag in source screening,True
Colchicum kesselringii,Colchicum_kesselringii.json,343786399,https://www.inaturalist.org/observations/343786399,Colchicum kesselringii,868266,2026-03-19,2026-03-19 12:07:12,43.6176432,77.4670803,,,,research,cc-by-nc,"Енбекшиказахский район, Казахстан",inessa_selyutina,inside,inside,2026-03-19,day,iNaturalist observed_on parsed as calendar day,eligible,species-level iNaturalist query; no higher-rank query flag in source screening,True
Colchicum kesselringii,Colchicum_kesselringii.json,344149806,https://www.inaturalist.org/observations/344149806,Colchicum kesselringii,868266,2026-03-21,2026-03-21 10:49:32,43.5037274,77.2468460997,,,,research,cc-by-nc,"Енбекшиказахский район, Казахстан",nkanunnikov,inside,inside,2026-03-21,day,iNaturalist observed_on parsed as calendar day,eligible,species-level iNaturalist query; no higher-rank query flag in source screening,True
Colchicum kesselringii,Colchicum_kesselringii.json,344149923,https://www.inaturalist.org/observations/344149923,Colchicum kesselringii,868266,2026-03-21,2026-03-21 10:51:29,43.5036108997,77.2469219,,,,research,cc-by-nc,"Енбекшиказахский район, Казахстан",nkanunnikov,inside,inside,2026-03-21,day,iNaturalist observed_on parsed as calendar day,eligible,species-level iNaturalist query; no higher-rank query flag in source screening,True
Colchicum kesselringii,Colchicum_kesselringii.json,344150039,https://www.inaturalist.org/observations/344150039,Colchicum kesselringii,868266,2026-03-21,2026-03-21 10:54:47,43.5034259997,77.2463886,,,,research,cc-by-nc,"Енбекшиказахский район, Казахстан",nkanunnikov,inside,inside,2026-03-21,day,iNaturalist observed_on parsed as calendar day,eligible,species-level iNaturalist query; no higher-rank query flag in source screening,True
Colchicum kesselringii,Colchicum_kesselringii.json,344412052,https://www.inaturalist.org/observations/344412052,Colchicum kesselringii,868266,2026-03-22,2026-03-22 14:21:14,43.5012316667,77.2484283333,,,,research,cc-by-nc,"Енбекшиказахский район, Казахстан",shtepbraiter,inside,inside,2026-03-22,day,iNaturalist observed_on parsed as calendar day,eligible,species-level iNaturalist query; no higher-rank query flag in source screening,True
Colchicum kesselringii,Colchicum_kesselringii.json,344412191,https://www.inaturalist.org/observations/344412191,Colchicum kesselringii,868266,2026-03-22,2026-03-22 14:25:53,43.5012166667,77.2484366667,,,,research,cc-by-nc,"Енбекшиказахский район, Казахстан",shtepbraiter,inside,inside,2026-03-22,day,iNaturalist observed_on parsed as calendar day,eligible,species-level iNaturalist query; no higher-rank query flag in source screening,True
Colchicum kesselringii,Colchicum_kesselringii.json,344412267,https://www.inaturalist.org/observations/344412267,Colchicum kesselringii,868266,2026-03-22,2026-03-22 14:27:28,43.5012166667,77.2484366667,,,,research,cc-by-nc,"Енбекшиказахский район, Казахстан",shtepbraiter,inside,inside,2026-03-22,day,iNaturalist observed_on parsed as calendar day,eligible,species-level iNaturalist query; no higher-rank query flag in source screening,True
Colchicum kesselringii,Colchicum_kesselringii.json,344412307,https://www.inaturalist.org/observations/344412307,Colchicum kesselringii,868266,2026-03-22,2026-03-22 15:07:53,43.5014033333,77.248405,,,,research,cc-by-nc,"Енбекшиказахский район, Казахстан",shtepbraiter,inside,inside,2026-03-22,day,iNaturalist observed_on parsed as calendar day,eligible,species-level iNaturalist query; no higher-rank query flag in source screening,True
Delphinium semibarbatum,Delphinium_semibarbatum.json,232417312,https://www.inaturalist.org/observations/232417312,Delphinium semibarbatum,960321,2024-07-27,2024/07/27 07:34,43.2901681793,77.1165046054,,,867.0,research,cc-by-nc,"Талгарский район, Казахстан",nkanunnikov,inside,inside,2024-07-27,day,iNaturalist observed_on parsed as calendar day,eligible,species-level iNaturalist query; no higher-rank query flag in source screening,True
Delphinium semibarbatum,Delphinium_semibarbatum.json,232417313,https://www.inaturalist.org/observations/232417313,Delphinium semibarbatum,960321,2024-07-27,2024/07/27 07:35,43.2907498017,77.1152502903,,,800.0,research,cc-by-nc,"Талгарский район, Казахстан",nkanunnikov,inside,inside,2024-07-27,day,iNaturalist observed_on parsed as calendar day,eligible,species-level iNaturalist query; no higher-rank query flag in source screening,True
Delphinium semibarbatum,Delphinium_semibarbatum.json,289242137,https://www.inaturalist.org/observations/289242137,Delphinium semibarbatum,960321,2025-06-13,2025-06-13 06:04:16,43.5098527778,77.2480777778,,,,research,cc-by-nc,"Talgarskiy, KZ-AA, KZ",liliyaabramova20,inside,inside,2025-06-13,day,iNaturalist observed_on parsed as calendar day,eligible,species-level iNaturalist query; no higher-rank query flag in source screening,True
Gentianella turkestanorum,Gentianella_turkestanorum.json,149644486,https://www.inaturalist.org/observations/149644486,Gentianella turkestanorum,985139,2005-09-04,2005/09/04 14:23,43.1228442751,77.0261433732,,,8.0,research,cc-by-nc,"Медеуский район, Алматы, Казахстан",mylabris,inside,inside,2005-09-04,day,iNaturalist observed_on parsed as calendar day,eligible,species-level iNaturalist query; no higher-rank query flag in source screening,True
Gentianella turkestanorum,Gentianella_turkestanorum.json,38716136,https://www.inaturalist.org/observations/38716136,Gentianella turkestanorum,985139,2005-09-08,2005/09/08 5:47 AM CEST,43.5380781,79.4647633,,,2180.0,research,cc-by-nc,"Chundzha, Kazachstan",oudejans,inside,inside,2005-09-08,day,iNaturalist observed_on parsed as calendar day,eligible,species-level iNaturalist query; no higher-rank query flag in source screening,True
Gentianella turkestanorum,Gentianella_turkestanorum.json,38716186,https://www.inaturalist.org/observations/38716186,Gentianella turkestanorum,985139,2005-09-08,2005/09/08 5:50 AM CEST,43.5380781,79.4647633,,,2180.0,research,cc-by-nc,"Chundzha, Kazachstan",oudejans,inside,inside,2005-09-08,day,iNaturalist observed_on parsed as calendar day,eligible,species-level iNaturalist query; no higher-rank query flag in source screening,True
Gentianella turkestanorum,Gentianella_turkestanorum.json,37978000,https://www.inaturalist.org/observations/37978000,Gentianella turkestanorum,985139,2014-06-29,2014/06/29 11:00 AM +0600,43.1135925625,76.7498821208,,,15.0,research,cc-by-nc,"Карасайский район, Казахстан",vladimir_epiktetov,inside,inside,2014-06-29,day,iNaturalist observed_on parsed as calendar day,eligible,species-level iNaturalist query; no higher-rank query flag in source screening,True
Gentianella turkestanorum,Gentianella_turkestanorum.json,80378763,https://www.inaturalist.org/observations/80378763,Gentianella turkestanorum,985139,2016-08-30,2016/08/30 6:12 AM MSK,43.07926,77.07386,,,50.0,needs_id,cc-by-nc,"Медеуский район, Алматы, Казахстан",finn_from_nn,inside,inside,2016-08-30,day,iNaturalist observed_on parsed as calendar day,eligible,species-level iNaturalist query; no higher-rank query flag in source screening,True
Gentianella turkestanorum,Gentianella_turkestanorum.json,80494862,https://www.inaturalist.org/observations/80494862,Gentianella turkestanorum,985139,2016-09-01,2016/09/01 3:04 PM MSK,43.0404,77.15482,,,50.0,research,cc-by-nc,"Талгарский район, Казахстан",finn_from_nn,inside,inside,2016-09-01,day,iNaturalist observed_on parsed as calendar day,eligible,species-level iNaturalist query; no higher-rank query flag in source screening,True
Gentianella turkestanorum,Gentianella_turkestanorum.json,16319850,https://www.inaturalist.org/observations/16319850,Gentianella turkestanorum,985139,2018-08-25,2018/08/25 1:40 PM IDT,43.0768930345,77.0786710606,,,122.0,research,cc-by-nc,"Medeu District, Almaty, קזחסטן",ronf,inside,inside,2018-08-25,day,iNaturalist observed_on parsed as calendar day,eligible,species-level iNaturalist query; no higher-rank query flag in source screening,True
Gentianella turkestanorum,Gentianella_turkestanorum.json,16289361,https://www.inaturalist.org/observations/16289361,Gentianella turkestanorum,985139,2018-08-25,2018/08/25 1:53 PM IDT,43.0769254934,77.0756858854,,,61.0,research,cc-by-nc,"Medeu District, Almaty, קזחסטן",ronf,inside,inside,2018-08-25,day,iNaturalist observed_on parsed as calendar day,eligible,species-level iNaturalist query; no higher-rank query flag in source screening,True
Gentianella turkestanorum,Gentianella_turkestanorum.json,28275201,https://www.inaturalist.org/observations/28275201,Gentianella turkestanorum,985139,2019-07-06,Sat Jul 06 2019 11:03:52 GMT+0600 (GMT+6),43.054991036,76.9786362732,,,6.0,research,,"КВ-66, , Almaty, KZ",familycaravan,inside,inside,2019-07-06,day,iNaturalist observed_on parsed as calendar day,eligible,species-level iNaturalist query; no higher-rank query flag in source screening,True
Gentianella turkestanorum,Gentianella_turkestanorum.json,150493045,https://www.inaturalist.org/observations/150493045,Gentianella turkestanorum,985139,2021-07-20,2021/07/20 12:17,44.7754519722,79.576053,,,,needs_id,cc-by-nc,"Кербулакский район, Казахстан",atamat,inside,inside,2021-07-20,day,iNaturalist observed_on parsed as calendar day,eligible,species-level iNaturalist query; no higher-rank query flag in source screening,True
Gentianella turkestanorum,Gentianella_turkestanorum.json,150056652,https://www.inaturalist.org/observations/150056652,Gentianella turkestanorum,985139,2022-07-28,2022/07/28 11:13,45.1161159722,79.9875719722,,,,research,cc-by-nc,"Аксуский район, Казахстан",atamat,inside,inside,2022-07-28,day,iNaturalist observed_on parsed as calendar day,eligible,species-level iNaturalist query; no higher-rank query flag in source screening,True
Gentianella turkestanorum,Gentianella_turkestanorum.json,176937008,https://www.inaturalist.org/observations/176937008,Gentianella turkestanorum,985139,2023-08-05,2023-08-05 10:30:22,43.1230326313,77.1170399711,,,5130.0,research,cc-by-nc,"Talgarskiy, KZ-AA, KZ",shtepbraiter,inside,inside,2023-08-05,day,iNaturalist observed_on parsed as calendar day,eligible,species-level iNaturalist query; no higher-rank query flag in source screening,True
Gentianella turkestanorum,Gentianella_turkestanorum.json,266281166,https://www.inaturalist.org/observations/266281166,Gentianella turkestanorum,985139,2023-08-06,2023/08/06 12:30,43.110507,77.112945,,,100.0,research,cc-by-nc,"Медеуский район, Алматы, Казахстан",kirichok,inside,inside,2023-08-06,day,iNaturalist observed_on parsed as calendar day,eligible,species-level iNaturalist query; no higher-rank query flag in source screening,True
Gentianella turkestanorum,Gentianella_turkestanorum.json,180632843,https://www.inaturalist.org/observations/180632843,Gentianella turkestanorum,985139,2023-08-10,2023/08/10 14:31,43.0057268559,77.0131373303,,,488.0,research,cc-by-nc,"Карасайский район, Казахстан",atamat,inside,inside,2023-08-10,day,iNaturalist observed_on parsed as calendar day,eligible,species-level iNaturalist query; no higher-rank query flag in source screening,True
Gentianella turkestanorum,Gentianella_turkestanorum.json,179090837,https://www.inaturalist.org/observations/179090837,Gentianella turkestanorum,985139,2023-08-15,2023-08-15 12:31:51,42.9671777716,78.3194125816,,,1079.0,research,cc0,"Kegen District, Казахстан",dmitrylyskov,inside,inside,2023-08-15,day,iNaturalist observed_on parsed as calendar day,eligible,species-level iNaturalist query; no higher-rank query flag in source screening,True
Gentianella turkestanorum,Gentianella_turkestanorum.json,179484831,https://www.inaturalist.org/observations/179484831,Gentianella turkestanorum,985139,2023-08-19,2023-08-19 09:21:35,43.0424195431,76.9424067065,,,2290.0,research,cc-by-nc,"Karasayskiy, KZ-AA, KZ",shtepbraiter,inside,inside,2023-08-19,day,iNaturalist observed_on parsed as calendar day,eligible,species-level iNaturalist query; no higher-rank query flag in source screening,True
Gentianella turkestanorum,Gentianella_turkestanorum.json,200110534,https://www.inaturalist.org/observations/200110534,Gentianella turkestanorum,985139,2023-09-03,2023/09/03 17:28,43.135179,77.021501,,,,research,cc-by-nc,"Медеуский район, Алматы, Казахстан",atamat,inside,inside,2023-09-03,day,iNaturalist observed_on parsed as calendar day,eligible,species-level iNaturalist query; no higher-rank query flag in source screening,True
Gentianella turkestanorum,Gentianella_turkestanorum.json,232844737,https://www.inaturalist.org/observations/232844737,Gentianella turkestanorum,985139,2024-07-25,2024/07/25 16:55,43.1317076295,79.5553650676,,,244.0,research,cc-by,"Райымбекский район, Казахстан",elanaky,inside,inside,2024-07-25,day,iNaturalist observed_on parsed as calendar day,eligible,species-level iNaturalist query; no higher-rank query flag in source screening,True
Gentianella turkestanorum,Gentianella_turkestanorum.json,232844756,https://www.inaturalist.org/observations/232844756,Gentianella turkestanorum,985139,2024-07-25,2024/07/25 17:15,43.1296585114,79.5505746941,,,244.0,research,cc-by,"Райымбекский район, Казахстан",elanaky,inside,inside,2024-07-25,day,iNaturalist observed_on parsed as calendar day,eligible,species-level iNaturalist query; no higher-rank query flag in source screening,True
Gentianella turkestanorum,Gentianella_turkestanorum.json,234500420,https://www.inaturalist.org/observations/234500420,Gentianella turkestanorum,985139,2024-07-27,2024/07/27 06:58,42.6039654264,79.9884031425,,,497.0,research,cc-by,"Райымбекский район, Казахстан",elanaky,inside,inside,2024-07-27,day,iNaturalist observed_on parsed as calendar day,eligible,species-level iNaturalist query; no higher-rank query flag in source screening,True
Gentianella turkestanorum,Gentianella_turkestanorum.json,233648608,https://www.inaturalist.org/observations/233648608,Gentianella turkestanorum,985139,2024-08-03,2024/08/03 11:51,43.1128845,77.1099853333,,,,research,cc-by,"Медеуский район, Алматы, Казахстан",alexanderdubynin,inside,inside,2024-08-03,day,iNaturalist observed_on parsed as calendar day,eligible,species-level iNaturalist query; no higher-rank query flag in source screening,True
Gentianella turkestanorum,Gentianella_turkestanorum.json,233648622,https://www.inaturalist.org/observations/233648622,Gentianella turkestanorum,985139,2024-08-03,2024/08/03 11:54,43.1129504,77.1098815997,,,,research,cc-by,"Медеуский район, Алматы, Казахстан",alexanderdubynin,inside,inside,2024-08-03,day,iNaturalist observed_on parsed as calendar day,eligible,species-level iNaturalist query; no higher-rank query flag in source screening,True
Gentianella turkestanorum,Gentianella_turkestanorum.json,234902865,https://www.inaturalist.org/observations/234902865,Gentianella turkestanorum,985139,2024-08-10,2024-08-10 08:09:42,43.1890692059,77.7105236426,,,3261.0,research,cc-by-nc,"Енбекшиказахский район, Казахстан",liliyaabramova20,inside,inside,2024-08-10,day,iNaturalist observed_on parsed as calendar day,eligible,species-level iNaturalist query; no higher-rank query flag in source screening,True
Gentianella turkestanorum,Gentianella_turkestanorum.json,235268934,https://www.inaturalist.org/observations/235268934,Gentianella turkestanorum,985139,2024-08-11,2024/08/11 10:55,43.0789533333,77.0797116667,,,,research,cc-by-nc,"Karasayskiy, Almaty, Kazakhstan",nkanunnikov,inside,inside,2024-08-11,day,iNaturalist observed_on parsed as calendar day,eligible,species-level iNaturalist query; no higher-rank query flag in source screening,True
Gentianella turkestanorum,Gentianella_turkestanorum.json,235269504,https://www.inaturalist.org/observations/235269504,Gentianella turkestanorum,985139,2024-08-11,2024/08/11 11:12,43.0761266667,77.0777966667,,,,research,cc-by-nc,"Karasayskiy, Almaty, Kazakhstan",nkanunnikov,inside,inside,2024-08-11,day,iNaturalist observed_on parsed as calendar day,eligible,species-level iNaturalist query; no higher-rank query flag in source screening,True
Gentianella turkestanorum,Gentianella_turkestanorum.json,238017487,https://www.inaturalist.org/observations/238017487,Gentianella turkestanorum,985139,2024-08-22,2024/08/22 14:25,43.2174028889,77.7558071944,,,,research,cc-by-nc,"Енбекшиказахский район, Казахстан",svetlanakushkova,inside,inside,2024-08-22,day,iNaturalist observed_on parsed as calendar day,eligible,species-level iNaturalist query; no higher-rank query flag in source screening,True
Gentianella turkestanorum,Gentianella_turkestanorum.json,238056665,https://www.inaturalist.org/observations/238056665,Gentianella turkestanorum,985139,2024-08-22,2024/08/22 16:20,43.18896,77.7298559997,,,,research,cc-by-nc,"Енбекшиказахский район, Казахстан",svetlanakushkova,inside,inside,2024-08-22,day,iNaturalist observed_on parsed as calendar day,eligible,species-level iNaturalist query; no higher-rank query flag in source screening,True
Gentianella turkestanorum,Gentianella_turkestanorum.json,239998409,https://www.inaturalist.org/observations/239998409,Gentianella turkestanorum,985139,2024-08-27,2024/08/27 1:16 PM,43.11644,77.11146,,,8.0,needs_id,cc-by-nc,"Talgar District, Kazakhstan",igor_yevdokimov,inside,inside,2024-08-27,day,iNaturalist observed_on parsed as calendar day,eligible,species-level iNaturalist query; no higher-rank query flag in source screening,True
Gentianella turkestanorum,Gentianella_turkestanorum.json,239644136,https://www.inaturalist.org/observations/239644136,Gentianella turkestanorum,985139,2024-08-31,2024-08-31 15:50:36,43.289856,78.175567,,,,research,cc-by-nc,"Enbekshikazakh District, Kazakhstan",curlyjackson,inside,inside,2024-08-31,day,iNaturalist observed_on parsed as calendar day,eligible,species-level iNaturalist query; no higher-rank query flag in source screening,True
Gentianella turkestanorum,Gentianella_turkestanorum.json,291412349,https://www.inaturalist.org/observations/291412349,Gentianella turkestanorum,985139,2025-06-21,2025-06-21 09:43:05,43.1180639,76.921952,,,,research,cc-by-nc,"Медеуский район, Алматы, Казахстан",nkanunnikov,inside,inside,2025-06-21,day,iNaturalist observed_on parsed as calendar day,eligible,species-level iNaturalist query; no higher-rank query flag in source screening,True
Gentianella turkestanorum,Gentianella_turkestanorum.json,294773534,https://www.inaturalist.org/observations/294773534,Gentianella turkestanorum,985139,2025-06-22,2025/06/22 11:26,43.0978749383,76.7635556606,,,1680.0,research,cc-by,"Карасайский район, Казахстан",elanaky,inside,inside,2025-06-22,day,iNaturalist observed_on parsed as calendar day,eligible,species-level iNaturalist query; no higher-rank query flag in source screening,True
Gentianella turkestanorum,Gentianella_turkestanorum.json,297846149,https://www.inaturalist.org/observations/297846149,Gentianella turkestanorum,985139,2025-07-13,2025-07-13 16:30:02,42.3747649861,80.1741691679,,,1406.0,research,cc-by-nc,"Raiymbek District, Kazakhstan",leasartking,inside,inside,2025-07-13,day,iNaturalist observed_on parsed as calendar day,eligible,species-level iNaturalist query; no higher-rank query flag in source screening,True
Gentianella turkestanorum,Gentianella_turkestanorum.json,299713063,https://www.inaturalist.org/observations/299713063,Gentianella turkestanorum,985139,2025-07-19,2025-07-19 14:22:08,43.0812500997,76.9072227997,,,,research,cc-by-nc,"Водопад Девичьи слезы, Карасайкии район, Водопад девичьи, Алматы, Казахстан",nkanunnikov,inside,inside,2025-07-19,day,iNaturalist observed_on parsed as calendar day,eligible,species-level iNaturalist query; no higher-rank query flag in source screening,True
Gentianella turkestanorum,Gentianella_turkestanorum.json,299713189,https://www.inaturalist.org/observations/299713189,Gentianella turkestanorum,985139,2025-07-19,2025-07-19 14:22:40,43.0812661,76.907227,,,,research,cc-by-nc,"Водопад Девичьи слезы, Карасайкии район, Водопад девичьи, Алматы, Казахстан",nkanunnikov,inside,inside,2025-07-19,day,iNaturalist observed_on parsed as calendar day,eligible,species-level iNaturalist query; no higher-rank query flag in source screening,True
Gentianella turkestanorum,Gentianella_turkestanorum.json,299887251,https://www.inaturalist.org/observations/299887251,Gentianella turkestanorum,985139,2025-07-20,2025/07/20 11:12,43.2344924,77.7630475997,,,,research,cc-by-nc,"Енбекшиказахский район, Казахстан",svetlanakushkova,inside,inside,2025-07-20,day,iNaturalist observed_on parsed as calendar day,eligible,species-level iNaturalist query; no higher-rank query flag in source screening,True
Gentianella turkestanorum,Gentianella_turkestanorum.json,300449851,https://www.inaturalist.org/observations/300449851,Gentianella turkestanorum,985139,2025-07-20,2025/07/20 11:35,43.2328529997,77.7582957997,,,,research,cc-by-nc,"Енбекшиказахский район, Казахстан",svetlanakushkova,inside,inside,2025-07-20,day,iNaturalist observed_on parsed as calendar day,eligible,species-level iNaturalist query; no higher-rank query flag in source screening,True
Gentianella turkestanorum,Gentianella_turkestanorum.json,302235196,https://www.inaturalist.org/observations/302235196,Gentianella turkestanorum,985139,2025-07-27,2025-07-27 05:47:34+05:00,42.6098466667,79.8413866667,,,4.0,research,cc-by-nc,"Almaty, KZ",spyingnaturalist,inside,inside,2025-07-27,day,iNaturalist observed_on parsed as calendar day,eligible,species-level iNaturalist query; no higher-rank query flag in source screening,True
Gentianella turkestanorum,Gentianella_turkestanorum.json,302503931,https://www.inaturalist.org/observations/302503931,Gentianella turkestanorum,985139,2025-07-27,2025-07-27 09:57:07+05:00,42.7393116667,79.8692466667,,,3.0,research,cc-by-nc,"Almaty, KZ",spyingnaturalist,inside,inside,2025-07-27,day,iNaturalist observed_on parsed as calendar day,eligible,species-level iNaturalist query; no higher-rank query flag in source screening,True
Gentianella turkestanorum,Gentianella_turkestanorum.json,303432197,https://www.inaturalist.org/observations/303432197,Gentianella turkestanorum,985139,2025-08-03,2025-08-03 11:59:19,43.1144610997,77.0070994,,,,research,cc-by-nc,"Медеуский район, Алматы, Казахстан",nkanunnikov,inside,inside,2025-08-03,day,iNaturalist observed_on parsed as calendar day,eligible,species-level iNaturalist query; no higher-rank query flag in source screening,True
Gentianella turkestanorum,Gentianella_turkestanorum.json,327214286,https://www.inaturalist.org/observations/327214286,Gentianella turkestanorum,985139,2025-08-03,2025/08/03 13:26,42.77898,79.500875,,,,research,cc-by,"Райымбекский район, Казахстан",elanaky,inside,inside,2025-08-03,day,iNaturalist observed_on parsed as calendar day,eligible,species-level iNaturalist query; no higher-rank query flag in source screening,True
Gentianella turkestanorum,Gentianella_turkestanorum.json,327214308,https://www.inaturalist.org/observations/327214308,Gentianella turkestanorum,985139,2025-08-03,2025/08/03 14:15,42.709505,79.478005,,,,research,cc-by,"Райымбекский район, Казахстан",elanaky,inside,inside,2025-08-03,day,iNaturalist observed_on parsed as calendar day,eligible,species-level iNaturalist query; no higher-rank query flag in source screening,True
Gentianella turkestanorum,Gentianella_turkestanorum.json,328444722,https://www.inaturalist.org/observations/328444722,Gentianella turkestanorum,985139,2025-08-03,2025/08/03 15:07,42.6921950448,79.5298944246,,,75.0,research,cc-by,"Райымбекский район, Казахстан",elanaky,inside,inside,2025-08-03,day,iNaturalist observed_on parsed as calendar day,eligible,species-level iNaturalist query; no higher-rank query flag in source screening,True
Gentianella turkestanorum,Gentianella_turkestanorum.json,305181268,https://www.inaturalist.org/observations/305181268,Gentianella turkestanorum,985139,2025-08-08,2025-08-08 13:49:11,43.163875,77.6481305556,,,,research,cc-by-nc,"Енбекшиказахский район, Казахстан",liliyaabramova20,inside,inside,2025-08-08,day,iNaturalist observed_on parsed as calendar day,eligible,species-level iNaturalist query; no higher-rank query flag in source screening,True
Gentianella turkestanorum,Gentianella_turkestanorum.json,305280058,https://www.inaturalist.org/observations/305280058,Gentianella turkestanorum,985139,2025-08-10,2025-08-10 15:51:34+05:00,43.1116142079,77.1100430089,,,1827.0,research,cc-by-nc,"На ледник Богдановича, Алмаатинская область, KZ",carnivora,inside,inside,2025-08-10,day,iNaturalist observed_on parsed as calendar day,eligible,species-level iNaturalist query; no higher-rank query flag in source screening,True
Gentianella turkestanorum,Gentianella_turkestanorum.json,312113449,https://www.inaturalist.org/observations/312113449,Gentianella turkestanorum,985139,2025-08-14,2025-08-14 12:48:22,43.1173016535,77.1165860072,,,84.0,research,cc-by-nc,"Талгарский район, Казахстан",zalutskytim,inside,inside,2025-08-14,day,iNaturalist observed_on parsed as calendar day,eligible,species-level iNaturalist query; no higher-rank query flag in source screening,True
Gentianella turkestanorum,Gentianella_turkestanorum.json,307187527,https://www.inaturalist.org/observations/307187527,Gentianella turkestanorum,985139,2025-08-16,2025-08-16 10:28:19,42.8858322,78.6262700997,,,,research,cc-by-nc,"Kegen District, Казахстан",nkanunnikov,inside,inside,2025-08-16,day,iNaturalist observed_on parsed as calendar day,eligible,species-level iNaturalist query; no higher-rank query flag in source screening,True
Gentianella turkestanorum,Gentianella_turkestanorum.json,307792907,https://www.inaturalist.org/observations/307792907,Gentianella turkestanorum,985139,2025-08-19,2025-08-19 16:43:14+05:00,43.1200666667,77.0306166667,,,4.0,research,cc-by-nc,"3 брата - Кумбель, Алмаатинская область, KZ",ollya_naturelover,inside,inside,2025-08-19,day,iNaturalist observed_on parsed as calendar day,eligible,species-level iNaturalist query; no higher-rank query flag in source screening,True
Gentianella turkestanorum,Gentianella_turkestanorum.json,307925532,https://www.inaturalist.org/observations/307925532,Gentianella turkestanorum,985139,2025-08-21,2025-08-21 12:51:28+05:00,43.1166945,77.1130611667,,,3.0,research,cc-by-nc,"Алмаатинская область, KZ",renatgeo,inside,inside,2025-08-21,day,iNaturalist observed_on parsed as calendar day,eligible,species-level iNaturalist query; no higher-rank query flag in source screening,True
Gentianella turkestanorum,Gentianella_turkestanorum.json,380712950,https://www.inaturalist.org/observations/380712950,Gentianella turkestanorum,985139,2026-07-12,2026-07-12 11:31:31,43.0453539,76.9919792997,,,,research,cc-by-nc,"Бостандыкский район, Алматы, Казахстан",nkanunnikov,inside,inside,2026-07-12,day,iNaturalist observed_on parsed as calendar day,eligible,species-level iNaturalist query; no higher-rank query flag in source screening,True
Gentianella turkestanorum,Gentianella_turkestanorum.json,383885943,https://www.inaturalist.org/observations/383885943,Gentianella turkestanorum,985139,2026-07-20,2026/07/20 04:48,43.083648522,76.9768986337,,,4.0,research,cc-by-nc,"Бостандыкский район, Алматы, Казахстан",shtepbraiter,inside,inside,2026-07-20,day,iNaturalist observed_on parsed as calendar day,eligible,species-level iNaturalist query; no higher-rank query flag in source screening,True
Gentianella turkestanorum,Gentianella_turkestanorum.json,383885945,https://www.inaturalist.org/observations/383885945,Gentianella turkestanorum,985139,2026-07-20,2026/07/20 04:48,43.083648522,76.9768986337,,,4.0,research,cc-by-nc,"Бостандыкский район, Алматы, Казахстан",shtepbraiter,inside,inside,2026-07-20,day,iNaturalist observed_on parsed as calendar day,eligible,species-level iNaturalist query; no higher-rank query flag in source screening,True
Gentianella turkestanorum,Gentianella_turkestanorum.json,388695115,https://www.inaturalist.org/observations/388695115,Gentianella turkestanorum,985139,2026-07-26,2026/07/26 17:08,43.1136216667,79.6044083333,,,,research,cc-by,"Райымбекский район, Казахстан",elanaky,inside,inside,2026-07-26,day,iNaturalist observed_on parsed as calendar day,eligible,species-level iNaturalist query; no higher-rank query flag in source screening,True
Gentianella turkestanorum,Gentianella_turkestanorum.json,386816924,https://www.inaturalist.org/observations/386816924,Gentianella turkestanorum,985139,2026-07-29,2026-07-29 16:05:41,43.106029752,77.0754744485,,,181.0,research,cc-by-nc,"434G+X7Q Мемориал Альпинистов, Алматы, Казахстан",kseniia_r,inside,inside,2026-07-29,day,iNaturalist observed_on parsed as calendar day,eligible,species-level iNaturalist query; no higher-rank query flag in source screening,True
Gentianella turkestanorum,Gentianella_turkestanorum.json,392093414,https://www.inaturalist.org/observations/392093414,Gentianella turkestanorum,985139,2026-08-03,2026-08-03 09:05:46,43.0264626793,76.9162746146,,,872.0,research,cc-by-nc,"Карасайский район, Казахстан",svetlanasp,inside,inside,2026-08-03,day,iNaturalist observed_on parsed as calendar day,eligible,species-level iNaturalist query; no higher-rank query flag in source screening,True
Gentianella turkestanorum,Gentianella_turkestanorum.json,388857278,https://www.inaturalist.org/observations/388857278,Gentianella turkestanorum,985139,2026-08-06,2026-08-06 13:42:34,43.1184,77.1121528333,,,8.0,research,cc-by-nc,"Панорама - Шымбұлақ, Almaty, KZ",luciababjakova,inside,inside,2026-08-06,day,iNaturalist observed_on parsed as calendar day,eligible,species-level iNaturalist query; no higher-rank query flag in source screening,True
Gentianella turkestanorum,Gentianella_turkestanorum.json,389689563,https://www.inaturalist.org/observations/389689563,Gentianella turkestanorum,985139,2026-08-09,2026-08-09 07:43:54,43.0172214997,76.9138645997,,,,research,cc-by-nc,"Карасайский район, Казахстан",nkanunnikov,inside,inside,2026-08-09,day,iNaturalist observed_on parsed as calendar day,eligible,species-level iNaturalist query; no higher-rank query flag in source screening,True
Gentianella turkestanorum,Gentianella_turkestanorum.json,389690349,https://www.inaturalist.org/observations/389690349,Gentianella turkestanorum,985139,2026-08-09,2026-08-09 08:45:26,43.0210683,76.9077331997,,,,research,cc-by-nc,"Карасайский район, Казахстан",nkanunnikov,inside,inside,2026-08-09,day,iNaturalist observed_on parsed as calendar day,eligible,species-level iNaturalist query; no higher-rank query flag in source screening,True
Gentianella turkestanorum,Gentianella_turkestanorum.json,391283117,https://www.inaturalist.org/observations/391283117,Gentianella turkestanorum,985139,2026-08-14,2026-08-14 09:56:20,42.9860527778,78.4653972222,,,,research,cc-by-nc,"Kegen District, Kazakhstan",wildgifts,inside,inside,2026-08-14,day,iNaturalist observed_on parsed as calendar day,eligible,species-level iNaturalist query; no higher-rank query flag in source screening,True
Gentianella turkestanorum,Gentianella_turkestanorum.json,394060682,https://www.inaturalist.org/observations/394060682,Gentianella turkestanorum,985139,2026-08-15,2026-08-15 12:52:18,43.1794716667,78.03566,,,,research,cc-by-nc,"Kegen District, Казахстан",adilmurat,inside,inside,2026-08-15,day,iNaturalist observed_on parsed as calendar day,eligible,species-level iNaturalist query; no higher-rank query flag in source screening,True
Gentianella turkestanorum,Gentianella_turkestanorum.json,394057942,https://www.inaturalist.org/observations/394057942,Gentianella turkestanorum,985139,2026-08-15,2026-08-15 14:03:22,43.1809416667,78.0527,,,,research,cc-by-nc,"Kegen District, Казахстан",adilmurat,inside,inside,2026-08-15,day,iNaturalist observed_on parsed as calendar day,eligible,species-level iNaturalist query; no higher-rank query flag in source screening,True
Gentianella turkestanorum,Gentianella_turkestanorum.json,392649888,https://www.inaturalist.org/observations/392649888,Gentianella turkestanorum,985139,2026-08-19,2026-08-19 11:49:05+05:00,42.9416883333,78.3224716667,,,406.0,research,cc-by-nc,"Алмаатинская область, KZ",natalyakaporikova,inside,inside,2026-08-19,day,iNaturalist observed_on parsed as calendar day,eligible,species-level iNaturalist query; no higher-rank query flag in source screening,True
Gentianella turkestanorum,Gentianella_turkestanorum.json,396090085,https://www.inaturalist.org/observations/396090085,Gentianella turkestanorum,985139,2026-08-31,2026-08-31 14:37:44,43.1187977112,77.1121704206,,,7.0,research,,"Talgar District, Kazachstán",kirill57,inside,inside,2026-08-31,day,iNaturalist observed_on parsed as calendar day,eligible,species-level iNaturalist query; no higher-rank query flag in source screening,True
Malus sieversii,Malus_sieversii.json,149301919,https://www.inaturalist.org/observations/149301919,Malus sieversii,425883,2005-01-08,2005/01/08 02:34,43.1471506175,76.7882344791,,obscured,61.0,research,cc-by-nc,"Karasayskiy, KZ-AA, KZ",vladimir_epiktetov,inside,inside,2005-01-08,day,iNaturalist observed_on parsed as calendar day,eligible,species-level iNaturalist query; no higher-rank query flag in source screening,True
Malus sieversii,Malus_sieversii.json,254298451,https://www.inaturalist.org/observations/254298451,Malus sieversii,425883,2017-05-20,2017/05/20 16:20,43.1300003642,77.0118735568,,obscured,186.0,research,cc-by,"Talgarskiy, KZ-AA, KZ",elanaky,inside,inside,2017-05-20,day,iNaturalist observed_on parsed as calendar day,eligible,species-level iNaturalist query; no higher-rank query flag in source screening,True
Malus sieversii,Malus_sieversii.json,38081393,https://www.inaturalist.org/observations/38081393,Malus sieversii,425883,2017-09-16,2017/09/16 2:28 PM +0700,43.0461126012,76.8598360509,,obscured,,research,cc-by-nc,"Almaty, KZ",nomascus,inside,inside,2017-09-16,day,iNaturalist observed_on parsed as calendar day,eligible,species-level iNaturalist query; no higher-rank query flag in source screening,True
Malus sieversii,Malus_sieversii.json,34307718,https://www.inaturalist.org/observations/34307718,Malus sieversii,425883,2019-10-05,2019/10/05 2:52 PM +0700,43.228778186,77.4796935731,,obscured,,research,cc-by-nc,"Enbekshikazakhskiy, KZ-AA, KZ",alzov,inside,inside,2019-10-05,day,iNaturalist observed_on parsed as calendar day,eligible,species-level iNaturalist query; no higher-rank query flag in source screening,True
Malus sieversii,Malus_sieversii.json,151397920,https://www.inaturalist.org/observations/151397920,Malus sieversii,425883,2020-05-23,2020/05/23 16:55,43.0370367749,77.1388123957,,obscured,,research,cc-by-nc,"Almaty, KZ",atamat,inside,inside,2020-05-23,day,iNaturalist observed_on parsed as calendar day,eligible,species-level iNaturalist query; no higher-rank query flag in source screening,True
Malus sieversii,Malus_sieversii.json,151480914,https://www.inaturalist.org/observations/151480914,Malus sieversii,425883,2020-07-12,2020/07/12 20:09,45.5194768465,80.6658035899,,obscured,,research,cc-by-nc,"Alakolskiy, KZ-AA, KZ",atamat,inside,inside,2020-07-12,day,iNaturalist observed_on parsed as calendar day,eligible,species-level iNaturalist query; no higher-rank query flag in source screening,True
Malus sieversii,Malus_sieversii.json,151491478,https://www.inaturalist.org/observations/151491478,Malus sieversii,425883,2020-07-18,2020/07/18 14:55,44.7804951033,78.800155269,,obscured,,research,cc-by-nc,"Kerbulakskiy, KZ-AA, KZ",atamat,inside,inside,2020-07-18,day,iNaturalist observed_on parsed as calendar day,eligible,species-level iNaturalist query; no higher-rank query flag in source screening,True
Malus sieversii,Malus_sieversii.json,159669310,https://www.inaturalist.org/observations/159669310,Malus sieversii,425883,2020-07-18,2020/07/18 14:55,44.707492085,78.8061711725,,obscured,,research,cc-by-nc,"Kerbulakskiy, KZ-AA, KZ",atamat,inside,inside,2020-07-18,day,iNaturalist observed_on parsed as calendar day,eligible,species-level iNaturalist query; no higher-rank query flag in source screening,True
Malus sieversii,Malus_sieversii.json,153448365,https://www.inaturalist.org/observations/153448365,Malus sieversii,425883,2020-09-08,2020/09/08 17:14,43.0445749109,76.8335020623,,obscured,,research,cc-by-nc,"Almaty, KZ",atamat,inside,inside,2020-09-08,day,iNaturalist observed_on parsed as calendar day,eligible,species-level iNaturalist query; no higher-rank query flag in source screening,True
Malus sieversii,Malus_sieversii.json,261088029,https://www.inaturalist.org/observations/261088029,Malus sieversii,425883,2021-04-28,2021/04/28 18:35,43.2222748683,77.1089644138,,obscured,1058.0,research,cc-by,"Talgarskiy, KZ-AA, KZ",elanaky,inside,inside,2021-04-28,day,iNaturalist observed_on parsed as calendar day,eligible,species-level iNaturalist query; no higher-rank query flag in source screening,True
Malus sieversii,Malus_sieversii.json,153613206,https://www.inaturalist.org/observations/153613206,Malus sieversii,425883,2021-07-25,2021/07/25 16:42,44.7816332628,78.9153817236,,obscured,,research,cc-by-nc,"Kerbulakskiy, KZ-AA, KZ",atamat,inside,inside,2021-07-25,day,iNaturalist observed_on parsed as calendar day,eligible,species-level iNaturalist query; no higher-rank query flag in source screening,True
Malus sieversii,Malus_sieversii.json,150812048,https://www.inaturalist.org/observations/150812048,Malus sieversii,425883,2021-09-15,2021/09/15 10:24,43.0176060745,76.692718166,,obscured,,research,cc-by-nc,"Karasayskiy, KZ-AA, KZ",atamat,inside,inside,2021-09-15,day,iNaturalist observed_on parsed as calendar day,eligible,species-level iNaturalist query; no higher-rank query flag in source screening,True
Malus sieversii,Malus_sieversii.json,154748108,https://www.inaturalist.org/observations/154748108,Malus sieversii,425883,2022-04-13,2022/04/13 14:42,43.3406062939,76.9933553118,,obscured,,research,cc-by-nc,"Almaty, KZ",atamat,inside,inside,2022-04-13,day,iNaturalist observed_on parsed as calendar day,eligible,species-level iNaturalist query; no higher-rank query flag in source screening,True
Malus sieversii,Malus_sieversii.json,159884441,https://www.inaturalist.org/observations/159884441,Malus sieversii,425883,2022-04-19,2022/04/19 14:51,43.293664721,76.8340152579,,obscured,,research,cc-by-nc,"Almaty, KZ",atamat,inside,inside,2022-04-19,day,iNaturalist observed_on parsed as calendar day,eligible,species-level iNaturalist query; no higher-rank query flag in source screening,True
Malus sieversii,Malus_sieversii.json,152744630,https://www.inaturalist.org/observations/152744630,Malus sieversii,425883,2022-07-08,2022/07/08 13:35,45.5928749309,80.2694010049,,obscured,,research,cc-by-nc,"Sarkandskiy, KZ-AA, KZ",atamat,inside,inside,2022-07-08,day,iNaturalist observed_on parsed as calendar day,eligible,species-level iNaturalist query; no higher-rank query flag in source screening,True
Malus sieversii,Malus_sieversii.json,150594082,https://www.inaturalist.org/observations/150594082,Malus sieversii,425883,2022-07-21,2022/07/21 14:29,45.3976044387,80.1630059572,,obscured,,research,cc-by-nc,"Sarkandskiy, KZ-AA, KZ",atamat,inside,inside,2022-07-21,day,iNaturalist observed_on parsed as calendar day,eligible,species-level iNaturalist query; no higher-rank query flag in source screening,True
Malus sieversii,Malus_sieversii.json,152047694,https://www.inaturalist.org/observations/152047694,Malus sieversii,425883,2022-07-23,2022/07/23 12:40,45.52476656,80.5428031543,,obscured,,research,cc-by-nc,"Almaty, KZ",atamat,inside,inside,2022-07-23,day,iNaturalist observed_on parsed as calendar day,eligible,species-level iNaturalist query; no higher-rank query flag in source screening,True
Malus sieversii,Malus_sieversii.json,159170974,https://www.inaturalist.org/observations/159170974,Malus sieversii,425883,2022-07-24,2022/07/24 18:11,45.2064338113,80.56319345,,obscured,,research,cc-by-nc,"Sarkandskiy, KZ-AA, KZ",atamat,inside,inside,2022-07-24,day,iNaturalist observed_on parsed as calendar day,eligible,species-level iNaturalist query; no higher-rank query flag in source screening,True
Malus sieversii,Malus_sieversii.json,127981649,https://www.inaturalist.org/observations/127981649,Malus sieversii,425883,2022-07-26,2022-07-26 14:48:58,44.8394171215,78.8201003023,,obscured,4.0,research,cc-by-nc,"Taldyqorghan, KZ-AA, KZ",ludmilapozhidaeva,inside,inside,2022-07-26,day,iNaturalist observed_on parsed as calendar day,eligible,species-level iNaturalist query; no higher-rank query flag in source screening,True
Malus sieversii,Malus_sieversii.json,149721701,https://www.inaturalist.org/observations/149721701,Malus sieversii,425883,2022-08-26,2022/08/26 15:32,45.2941650304,80.4954403944,,obscured,,research,cc-by-nc,"Sarkandskiy, KZ-AA, KZ",atamat,inside,inside,2022-08-26,day,iNaturalist observed_on parsed as calendar day,eligible,species-level iNaturalist query; no higher-rank query flag in source screening,True
Malus sieversii,Malus_sieversii.json,143715002,https://www.inaturalist.org/observations/143715002,Malus sieversii,425883,2022-09-09,2022/09/09 10:34,43.0639371527,76.9734520254,,obscured,,needs_id,cc-by,"Almaty, KZ",alexanderdubynin,inside,inside,2022-09-09,day,iNaturalist observed_on parsed as calendar day,eligible,species-level iNaturalist query; no higher-rank query flag in source screening,True
Malus sieversii,Malus_sieversii.json,143715030,https://www.inaturalist.org/observations/143715030,Malus sieversii,425883,2022-09-09,2022/09/09 13:13,43.0809300089,76.9010323976,,obscured,,research,cc-by,"Almaty, KZ",alexanderdubynin,inside,inside,2022-09-09,day,iNaturalist observed_on parsed as calendar day,eligible,species-level iNaturalist query; no higher-rank query flag in source screening,True
Malus sieversii,Malus_sieversii.json,154604948,https://www.inaturalist.org/observations/154604948,Malus sieversii,425883,2023-04-12,2023-04-12 16:27:28,43.0639447822,76.5181566406,,obscured,,research,cc-by-nc,"Almaty, KZ",atamat,inside,inside,2023-04-12,day,iNaturalist observed_on parsed as calendar day,eligible,species-level iNaturalist query; no higher-rank query flag in source screening,True
Malus sieversii,Malus_sieversii.json,155433795,https://www.inaturalist.org/observations/155433795,Malus sieversii,425883,2023-04-16,2023/04/16 16:44,43.0134971157,76.6326926756,,obscured,,research,cc-by,"Karasayskiy, KZ-AA, KZ",alexanderdubynin,inside,inside,2023-04-16,day,iNaturalist observed_on parsed as calendar day,eligible,species-level iNaturalist query; no higher-rank query flag in source screening,True
Malus sieversii,Malus_sieversii.json,158247569,https://www.inaturalist.org/observations/158247569,Malus sieversii,425883,2023-04-20,2023/04/20 18:04,45.460170587,80.2225796917,,obscured,,research,cc-by-nc,"Sarkandskiy, KZ-AA, KZ",atamat,inside,inside,2023-04-20,day,iNaturalist observed_on parsed as calendar day,eligible,species-level iNaturalist query; no higher-rank query flag in source screening,True
Malus sieversii,Malus_sieversii.json,158801664,https://www.inaturalist.org/observations/158801664,Malus sieversii,425883,2023-04-21,2023/04/21 11:13,45.4415408741,80.50260841,,obscured,,research,cc-by-nc,"Sarkandskiy, KZ-AA, KZ",atamat,inside,inside,2023-04-21,day,iNaturalist observed_on parsed as calendar day,eligible,species-level iNaturalist query; no higher-rank query flag in source screening,True
Malus sieversii,Malus_sieversii.json,158789041,https://www.inaturalist.org/observations/158789041,Malus sieversii,425883,2023-04-21,2023/04/21 13:50,45.5360245217,80.4782158722,,obscured,,research,cc-by-nc,"Sarkandskiy, KZ-AA, KZ",atamat,inside,inside,2023-04-21,day,iNaturalist observed_on parsed as calendar day,eligible,species-level iNaturalist query; no higher-rank query flag in source screening,True
Malus sieversii,Malus_sieversii.json,159723541,https://www.inaturalist.org/observations/159723541,Malus sieversii,425883,2023-04-21,2023/04/21 14:03,45.4759380597,80.5697554466,,obscured,,research,cc-by-nc,"Sarkandskiy, KZ-AA, KZ",atamat,inside,inside,2023-04-21,day,iNaturalist observed_on parsed as calendar day,eligible,species-level iNaturalist query; no higher-rank query flag in source screening,True
Malus sieversii,Malus_sieversii.json,159723546,https://www.inaturalist.org/observations/159723546,Malus sieversii,425883,2023-04-21,2023/04/21 14:05,45.5982376021,80.5102224112,,obscured,,research,cc-by-nc,"Sarkandskiy, KZ-AA, KZ",atamat,inside,inside,2023-04-21,day,iNaturalist observed_on parsed as calendar day,eligible,species-level iNaturalist query; no higher-rank query flag in source screening,True
Malus sieversii,Malus_sieversii.json,159723547,https://www.inaturalist.org/observations/159723547,Malus sieversii,425883,2023-04-21,2023/04/21 14:17,45.5783332322,80.441742821,,obscured,,research,cc-by-nc,"Sarkandskiy, KZ-AA, KZ",atamat,inside,inside,2023-04-21,day,iNaturalist observed_on parsed as calendar day,eligible,species-level iNaturalist query; no higher-rank query flag in source screening,True
Malus sieversii,Malus_sieversii.json,159723562,https://www.inaturalist.org/observations/159723562,Malus sieversii,425883,2023-04-21,2023/04/21 16:02,45.4876575105,80.525405634,,obscured,,research,cc-by-nc,"Sarkandskiy, KZ-AA, KZ",atamat,inside,inside,2023-04-21,day,iNaturalist observed_on parsed as calendar day,eligible,species-level iNaturalist query; no higher-rank query flag in source screening,True
Malus sieversii,Malus_sieversii.json,159723579,https://www.inaturalist.org/observations/159723579,Malus sieversii,425883,2023-04-21,2023/04/21 17:22,45.5961389606,80.4704239269,,obscured,,research,cc-by-nc,"Sarkandskiy, KZ-AA, KZ",atamat,inside,inside,2023-04-21,day,iNaturalist observed_on parsed as calendar day,eligible,species-level iNaturalist query; no higher-rank query flag in source screening,True
Malus sieversii,Malus_sieversii.json,159725011,https://www.inaturalist.org/observations/159725011,Malus sieversii,425883,2023-04-22,2023/04/22 10:23,45.5325063584,80.2433180691,,obscured,,research,cc-by-nc,"Sarkandskiy, KZ-AA, KZ",atamat,inside,inside,2023-04-22,day,iNaturalist observed_on parsed as calendar day,eligible,species-level iNaturalist query; no higher-rank query flag in source screening,True
Malus sieversii,Malus_sieversii.json,158689591,https://www.inaturalist.org/observations/158689591,Malus sieversii,425883,2023-04-27,2023/04/27 15:54,43.0009536643,76.6157908464,,obscured,,needs_id,cc-by,"Karasayskiy, KZ-AA, KZ",alexanderdubynin,inside,inside,2023-04-27,day,iNaturalist observed_on parsed as calendar day,eligible,species-level iNaturalist query; no higher-rank query flag in source screening,True
Malus sieversii,Malus_sieversii.json,158689712,https://www.inaturalist.org/observations/158689712,Malus sieversii,425883,2023-04-27,2023/04/27 16:28,43.0118503409,76.7567370957,,obscured,,needs_id,cc-by,"Karasayskiy, KZ-AA, KZ",alexanderdubynin,inside,inside,2023-04-27,day,iNaturalist observed_on parsed as calendar day,eligible,species-level iNaturalist query; no higher-rank query flag in source screening,True
Malus sieversii,Malus_sieversii.json,158689715,https://www.inaturalist.org/observations/158689715,Malus sieversii,425883,2023-04-27,2023/04/27 16:42,43.0156264696,76.7146824015,,obscured,,research,cc-by,"Karasayskiy, KZ-AA, KZ",alexanderdubynin,inside,inside,2023-04-27,day,iNaturalist observed_on parsed as calendar day,eligible,species-level iNaturalist query; no higher-rank query flag in source screening,True
Malus sieversii,Malus_sieversii.json,192900383,https://www.inaturalist.org/observations/192900383,Malus sieversii,425883,2023-05-25,2023/05/25 11:03,43.0284644014,77.0986703802,,obscured,2.0,research,cc-by-nc,"Talgarskiy, KZ-AA, KZ",vladimir_epiktetov,inside,inside,2023-05-25,day,iNaturalist observed_on parsed as calendar day,eligible,species-level iNaturalist query; no higher-rank query flag in source screening,True
Malus sieversii,Malus_sieversii.json,168139905,https://www.inaturalist.org/observations/168139905,Malus sieversii,425883,2023-06-17,2023/06/17 17:02,43.1479269188,76.9695761881,,obscured,,research,cc-by-nc,"Almaty, KZ",atamat,inside,inside,2023-06-17,day,iNaturalist observed_on parsed as calendar day,eligible,species-level iNaturalist query; no higher-rank query flag in source screening,True
Malus sieversii,Malus_sieversii.json,168345585,https://www.inaturalist.org/observations/168345585,Malus sieversii,425883,2023-06-17,2023/06/17 17:03,43.1515608651,76.90928492,,obscured,,research,cc-by-nc,"Almaty, KZ",atamat,inside,inside,2023-06-17,day,iNaturalist observed_on parsed as calendar day,eligible,species-level iNaturalist query; no higher-rank query flag in source screening,True
Malus sieversii,Malus_sieversii.json,168345598,https://www.inaturalist.org/observations/168345598,Malus sieversii,425883,2023-06-17,2023/06/17 17:05,43.1656992257,76.9630988824,,obscured,,research,cc-by-nc,"Almaty, KZ",atamat,inside,inside,2023-06-17,day,iNaturalist observed_on parsed as calendar day,eligible,species-level iNaturalist query; no higher-rank query flag in source screening,True
Malus sieversii,Malus_sieversii.json,168345600,https://www.inaturalist.org/observations/168345600,Malus sieversii,425883,2023-06-17,2023/06/17 17:06,43.050442878,76.8601193364,,obscured,,research,cc-by-nc,"Almaty, KZ",atamat,inside,inside,2023-06-17,day,iNaturalist observed_on parsed as calendar day,eligible,species-level iNaturalist query; no higher-rank query flag in source screening,True
Malus sieversii,Malus_sieversii.json,168345606,https://www.inaturalist.org/observations/168345606,Malus sieversii,425883,2023-06-17,2023/06/17 17:08,43.1280405951,76.8846329042,,obscured,,research,cc-by-nc,"Almaty, KZ",atamat,inside,inside,2023-06-17,day,iNaturalist observed_on parsed as calendar day,eligible,species-level iNaturalist query; no higher-rank query flag in source screening,True
Malus sieversii,Malus_sieversii.json,168345611,https://www.inaturalist.org/observations/168345611,Malus sieversii,425883,2023-06-17,2023/06/17 17:09,43.1486393626,76.8249388962,,obscured,,research,cc-by-nc,"Almaty, KZ",atamat,inside,inside,2023-06-17,day,iNaturalist observed_on parsed as calendar day,eligible,species-level iNaturalist query; no higher-rank query flag in source screening,True
Malus sieversii,Malus_sieversii.json,168358055,https://www.inaturalist.org/observations/168358055,Malus sieversii,425883,2023-06-17,2023/06/17 17:32,43.1462676125,76.9162969216,,obscured,,research,cc-by-nc,"Almaty, KZ",atamat,inside,inside,2023-06-17,day,iNaturalist observed_on parsed as calendar day,eligible,species-level iNaturalist query; no higher-rank query flag in source screening,True
Malus sieversii,Malus_sieversii.json,168358060,https://www.inaturalist.org/observations/168358060,Malus sieversii,425883,2023-06-17,2023/06/17 17:33,43.1983456254,76.9609034583,,obscured,,research,cc-by-nc,"Almaty, KZ",atamat,inside,inside,2023-06-17,day,iNaturalist observed_on parsed as calendar day,eligible,species-level iNaturalist query; no higher-rank query flag in source screening,True
Malus sieversii,Malus_sieversii.json,176930288,https://www.inaturalist.org/observations/176930288,Malus sieversii,425883,2023-08-01,2023/08/01 09:07,43.1066625172,76.806487787,,obscured,,research,cc-by-nc,"Almaty, KZ",atamat,inside,inside,2023-08-01,day,iNaturalist observed_on parsed as calendar day,eligible,species-level iNaturalist query; no higher-rank query flag in source screening,True
Malus sieversii,Malus_sieversii.json,176930298,https://www.inaturalist.org/observations/176930298,Malus sieversii,425883,2023-08-01,2023/08/01 09:10,43.05129591,76.8333130254,,obscured,,research,cc-by-nc,"Almaty, KZ",atamat,inside,inside,2023-08-01,day,iNaturalist observed_on parsed as calendar day,eligible,species-level iNaturalist query; no higher-rank query flag in source screening,True
Malus sieversii,Malus_sieversii.json,176930313,https://www.inaturalist.org/observations/176930313,Malus sieversii,425883,2023-08-01,2023/08/01 09:29,43.099817883,76.8157563412,,obscured,,research,cc-by-nc,"Almaty, KZ",atamat,inside,inside,2023-08-01,day,iNaturalist observed_on parsed as calendar day,eligible,species-level iNaturalist query; no higher-rank query flag in source screening,True
Malus sieversii,Malus_sieversii.json,176930322,https://www.inaturalist.org/observations/176930322,Malus sieversii,425883,2023-08-01,2023/08/01 09:31,43.0173704987,76.8591916728,,obscured,,research,cc-by-nc,"Almaty, KZ",atamat,inside,inside,2023-08-01,day,iNaturalist observed_on parsed as calendar day,eligible,species-level iNaturalist query; no higher-rank query flag in source screening,True
Malus sieversii,Malus_sieversii.json,176930333,https://www.inaturalist.org/observations/176930333,Malus sieversii,425883,2023-08-01,2023/08/01 09:34,43.1333401543,76.9887098496,,obscured,,research,cc-by-nc,"Almaty, KZ",atamat,inside,inside,2023-08-01,day,iNaturalist observed_on parsed as calendar day,eligible,species-level iNaturalist query; no higher-rank query flag in source screening,True
Malus sieversii,Malus_sieversii.json,177958661,https://www.inaturalist.org/observations/177958661,Malus sieversii,425883,2023-08-01,2023/08/01 10:32,43.1014455345,76.8551253615,,obscured,,research,cc-by-nc,"Almaty, KZ",atamat,inside,inside,2023-08-01,day,iNaturalist observed_on parsed as calendar day,eligible,species-level iNaturalist query; no higher-rank query flag in source screening,True
Malus sieversii,Malus_sieversii.json,177958666,https://www.inaturalist.org/observations/177958666,Malus sieversii,425883,2023-08-01,2023/08/01 10:32,43.1136441689,76.96924429,,obscured,,research,cc-by-nc,"Almaty, KZ",atamat,inside,inside,2023-08-01,day,iNaturalist observed_on parsed as calendar day,eligible,species-level iNaturalist query; no higher-rank query flag in source screening,True
Malus sieversii,Malus_sieversii.json,177961210,https://www.inaturalist.org/observations/177961210,Malus sieversii,425883,2023-08-01,2023/08/01 10:49,43.0202705464,76.8054017529,,obscured,,research,cc-by-nc,"Almaty, KZ",atamat,inside,inside,2023-08-01,day,iNaturalist observed_on parsed as calendar day,eligible,species-level iNaturalist query; no higher-rank query flag in source screening,True
Malus sieversii,Malus_sieversii.json,177961216,https://www.inaturalist.org/observations/177961216,Malus sieversii,425883,2023-08-01,2023/08/01 10:51,43.1142524227,76.8423286774,,obscured,,research,cc-by-nc,"Almaty, KZ",atamat,inside,inside,2023-08-01,day,iNaturalist observed_on parsed as calendar day,eligible,species-level iNaturalist query; no higher-rank query flag in source screening,True
Malus sieversii,Malus_sieversii.json,183862156,https://www.inaturalist.org/observations/183862156,Malus sieversii,425883,2023-08-01,2023/08/01 11:11,43.1754289188,76.8292026576,,obscured,,research,cc-by-nc,"Almaty, KZ",atamat,inside,inside,2023-08-01,day,iNaturalist observed_on parsed as calendar day,eligible,species-level iNaturalist query; no higher-rank query flag in source screening,True
Malus sieversii,Malus_sieversii.json,183862227,https://www.inaturalist.org/observations/183862227,Malus sieversii,425883,2023-08-01,2023/08/01 11:19,43.0371554896,76.8153801896,,obscured,,research,cc-by-nc,"Almaty, KZ",atamat,inside,inside,2023-08-01,day,iNaturalist observed_on parsed as calendar day,eligible,species-level iNaturalist query; no higher-rank query flag in source screening,True
Malus sieversii,Malus_sieversii.json,183862304,https://www.inaturalist.org/observations/183862304,Malus sieversii,425883,2023-08-01,2023/08/01 11:35,43.0194021074,76.9420487767,,obscured,,research,cc-by-nc,"Almaty, KZ",atamat,inside,inside,2023-08-01,day,iNaturalist observed_on parsed as calendar day,eligible,species-level iNaturalist query; no higher-rank query flag in source screening,True
Malus sieversii,Malus_sieversii.json,203396754,https://www.inaturalist.org/observations/203396754,Malus sieversii,425883,2023-08-01,2023/08/01 11:51,43.1833910636,76.9777441664,,obscured,,research,cc-by-nc,"Almaty, KZ",atamat,inside,inside,2023-08-01,day,iNaturalist observed_on parsed as calendar day,eligible,species-level iNaturalist query; no higher-rank query flag in source screening,True
Malus sieversii,Malus_sieversii.json,203455288,https://www.inaturalist.org/observations/203455288,Malus sieversii,425883,2023-08-01,2023/08/01 11:51,43.159461738,76.8483044181,,obscured,,research,cc-by-nc,"Almaty, KZ",atamat,inside,inside,2023-08-01,day,iNaturalist observed_on parsed as calendar day,eligible,species-level iNaturalist query; no higher-rank query flag in source screening,True
Malus sieversii,Malus_sieversii.json,203396765,https://www.inaturalist.org/observations/203396765,Malus sieversii,425883,2023-08-01,2023/08/01 11:57,43.1464107281,76.9881345904,,obscured,,research,cc-by-nc,"Almaty, KZ",atamat,inside,inside,2023-08-01,day,iNaturalist observed_on parsed as calendar day,eligible,species-level iNaturalist query; no higher-rank query flag in source screening,True
Malus sieversii,Malus_sieversii.json,203396770,https://www.inaturalist.org/observations/203396770,Malus sieversii,425883,2023-08-01,2023/08/01 11:58,43.0171308987,76.9507035776,,obscured,,research,cc-by-nc,"Almaty, KZ",atamat,inside,inside,2023-08-01,day,iNaturalist observed_on parsed as calendar day,eligible,species-level iNaturalist query; no higher-rank query flag in source screening,True
Malus sieversii,Malus_sieversii.json,203396774,https://www.inaturalist.org/observations/203396774,Malus sieversii,425883,2023-08-01,2023/08/01 12:02,43.1070070088,76.8439096341,,obscured,,research,cc-by-nc,"Almaty, KZ",atamat,inside,inside,2023-08-01,day,iNaturalist observed_on parsed as calendar day,eligible,species-level iNaturalist query; no higher-rank query flag in source screening,True
Malus sieversii,Malus_sieversii.json,203455290,https://www.inaturalist.org/observations/203455290,Malus sieversii,425883,2023-08-01,2023/08/01 13:59,43.0920596031,76.8132565597,,obscured,,research,cc-by-nc,"Almaty, KZ",atamat,inside,inside,2023-08-01,day,iNaturalist observed_on parsed as calendar day,eligible,species-level iNaturalist query; no higher-rank query flag in source screening,True
Malus sieversii,Malus_sieversii.json,203455297,https://www.inaturalist.org/observations/203455297,Malus sieversii,425883,2023-08-01,2023/08/01 14:00,43.1999188545,76.8207351915,,obscured,,research,cc-by-nc,"Almaty, KZ",atamat,inside,inside,2023-08-01,day,iNaturalist observed_on parsed as calendar day,eligible,species-level iNaturalist query; no higher-rank query flag in source screening,True
Malus sieversii,Malus_sieversii.json,203455301,https://www.inaturalist.org/observations/203455301,Malus sieversii,425883,2023-08-01,2023/08/01 14:08,43.1599001743,76.8436831973,,obscured,,research,cc-by-nc,"Almaty, KZ",atamat,inside,inside,2023-08-01,day,iNaturalist observed_on parsed as calendar day,eligible,species-level iNaturalist query; no higher-rank query flag in source screening,True
Malus sieversii,Malus_sieversii.json,203455307,https://www.inaturalist.org/observations/203455307,Malus sieversii,425883,2023-08-01,2023/08/01 14:19,43.1228684358,76.8552529522,,obscured,,research,cc-by-nc,"Almaty, KZ",atamat,inside,inside,2023-08-01,day,iNaturalist observed_on parsed as calendar day,eligible,species-level iNaturalist query; no higher-rank query flag in source screening,True
Malus sieversii,Malus_sieversii.json,206304589,https://www.inaturalist.org/observations/206304589,Malus sieversii,425883,2023-08-01,2023/08/01 14:23,43.0928545202,76.8292033762,,obscured,,research,cc-by-nc,"Almaty, KZ",atamat,inside,inside,2023-08-01,day,iNaturalist observed_on parsed as calendar day,eligible,species-level iNaturalist query; no higher-rank query flag in source screening,True
Malus sieversii,Malus_sieversii.json,206304628,https://www.inaturalist.org/observations/206304628,Malus sieversii,425883,2023-08-01,2023/08/01 14:30,43.0627370084,76.9758200797,,obscured,,research,cc-by-nc,"Almaty, KZ",atamat,inside,inside,2023-08-01,day,iNaturalist observed_on parsed as calendar day,eligible,species-level iNaturalist query; no higher-rank query flag in source screening,True
Malus sieversii,Malus_sieversii.json,206304637,https://www.inaturalist.org/observations/206304637,Malus sieversii,425883,2023-08-01,2023/08/01 14:30,43.1931197291,76.965215492,,obscured,,needs_id,cc-by-nc,"Almaty, KZ",atamat,inside,inside,2023-08-01,day,iNaturalist observed_on parsed as calendar day,eligible,species-level iNaturalist query; no higher-rank query flag in source screening,True
Malus sieversii,Malus_sieversii.json,206304687,https://www.inaturalist.org/observations/206304687,Malus sieversii,425883,2023-08-01,2023/08/01 14:42,43.0991658207,76.8412257748,,obscured,,research,cc-by-nc,"Almaty, KZ",atamat,inside,inside,2023-08-01,day,iNaturalist observed_on parsed as calendar day,eligible,species-level iNaturalist query; no higher-rank query flag in source screening,True
Malus sieversii,Malus_sieversii.json,206304697,https://www.inaturalist.org/observations/206304697,Malus sieversii,425883,2023-08-01,2023/08/01 14:44,43.133973691,76.9539185213,,obscured,,research,cc-by-nc,"Almaty, KZ",atamat,inside,inside,2023-08-01,day,iNaturalist observed_on parsed as calendar day,eligible,species-level iNaturalist query; no higher-rank query flag in source screening,True
Malus sieversii,Malus_sieversii.json,206304710,https://www.inaturalist.org/observations/206304710,Malus sieversii,425883,2023-08-01,2023/08/01 14:51,43.0306903975,76.9171434413,,obscured,,research,cc-by-nc,"Almaty, KZ",atamat,inside,inside,2023-08-01,day,iNaturalist observed_on parsed as calendar day,eligible,species-level iNaturalist query; no higher-rank query flag in source screening,True
Malus sieversii,Malus_sieversii.json,206304716,https://www.inaturalist.org/observations/206304716,Malus sieversii,425883,2023-08-01,2023/08/01 14:52,43.0082870343,76.8641774105,,obscured,,research,cc-by-nc,"Almaty, KZ",atamat,inside,inside,2023-08-01,day,iNaturalist observed_on parsed as calendar day,eligible,species-level iNaturalist query; no higher-rank query flag in source screening,True
Malus sieversii,Malus_sieversii.json,206314097,https://www.inaturalist.org/observations/206314097,Malus sieversii,425883,2023-08-01,2023/08/01 15:37,43.1694973643,76.948571218,,obscured,,research,cc-by-nc,"Almaty, KZ",atamat,inside,inside,2023-08-01,day,iNaturalist observed_on parsed as calendar day,eligible,species-level iNaturalist query; no higher-rank query flag in source screening,True
Malus sieversii,Malus_sieversii.json,199035327,https://www.inaturalist.org/observations/199035327,Malus sieversii,425883,2023-08-01,2023/08/01 16:00,43.1173556668,76.836472561,,obscured,,research,cc-by-nc,"Almaty, KZ",atamat,inside,inside,2023-08-01,day,iNaturalist observed_on parsed as calendar day,eligible,species-level iNaturalist query; no higher-rank query flag in source screening,True
Malus sieversii,Malus_sieversii.json,199035296,https://www.inaturalist.org/observations/199035296,Malus sieversii,425883,2023-08-01,2023/08/01 16:11,43.1209028605,76.956035587,,obscured,,research,cc-by-nc,"Almaty, KZ",atamat,inside,inside,2023-08-01,day,iNaturalist observed_on parsed as calendar day,eligible,species-level iNaturalist query; no higher-rank query flag in source screening,True
Malus sieversii,Malus_sieversii.json,179165267,https://www.inaturalist.org/observations/179165267,Malus sieversii,425883,2023-08-05,2023/08/05 09:47,43.1126177851,76.8396705646,,obscured,,research,cc-by-nc,"Almaty, KZ",atamat,inside,inside,2023-08-05,day,iNaturalist observed_on parsed as calendar day,eligible,species-level iNaturalist query; no higher-rank query flag in source screening,True
Malus sieversii,Malus_sieversii.json,198980929,https://www.inaturalist.org/observations/198980929,Malus sieversii,425883,2023-08-05,2023/08/05 10:27,43.1867784492,76.9401723277,,obscured,,research,cc-by-nc,"Almaty, KZ",atamat,inside,inside,2023-08-05,day,iNaturalist observed_on parsed as calendar day,eligible,species-level iNaturalist query; no higher-rank query flag in source screening,True
Malus sieversii,Malus_sieversii.json,198980937,https://www.inaturalist.org/observations/198980937,Malus sieversii,425883,2023-08-05,2023/08/05 10:28,43.1599310431,76.8340044213,,obscured,,research,cc-by-nc,"Almaty, KZ",atamat,inside,inside,2023-08-05,day,iNaturalist observed_on parsed as calendar day,eligible,species-level iNaturalist query; no higher-rank query flag in source screening,True
Malus sieversii,Malus_sieversii.json,202882814,https://www.inaturalist.org/observations/202882814,Malus sieversii,425883,2023-09-03,2023/09/03 15:02,43.1526420156,77.1826867826,,obscured,,research,cc-by-nc,"Talgarskiy, KZ-AA, KZ",atamat,inside,inside,2023-09-03,day,iNaturalist observed_on parsed as calendar day,eligible,species-level iNaturalist query; no higher-rank query flag in source screening,True
Malus sieversii,Malus_sieversii.json,202882927,https://www.inaturalist.org/observations/202882927,Malus sieversii,425883,2023-09-03,2023/09/03 15:31,43.0707353653,77.1143576034,,obscured,,research,cc-by-nc,"Talgarskiy, KZ-AA, KZ",atamat,inside,inside,2023-09-03,day,iNaturalist observed_on parsed as calendar day,eligible,species-level iNaturalist query; no higher-rank query flag in source screening,True
Malus sieversii,Malus_sieversii.json,183479101,https://www.inaturalist.org/observations/183479101,Malus sieversii,425883,2023-09-16,2023-09-16 11:49:29,43.172801636,76.9397808346,,obscured,30.0,needs_id,cc-by,"Almaty, KZ",elvira_haliulina,inside,inside,2023-09-16,day,iNaturalist observed_on parsed as calendar day,eligible,species-level iNaturalist query; no higher-rank query flag in source screening,True
Malus sieversii,Malus_sieversii.json,204181965,https://www.inaturalist.org/observations/204181965,Malus sieversii,425883,2024-03-25,2024/03/25 14:42,43.1190560525,76.8892089624,,obscured,,research,cc-by-nc,"Almaty, KZ",atamat,inside,inside,2024-03-25,day,iNaturalist observed_on parsed as calendar day,eligible,species-level iNaturalist query; no higher-rank query flag in source screening,True
Malus sieversii,Malus_sieversii.json,204271074,https://www.inaturalist.org/observations/204271074,Malus sieversii,425883,2024-03-25,2024/03/25 15:51,43.1149666977,76.8648571076,,obscured,,research,cc-by-nc,"Almaty, KZ",atamat,inside,inside,2024-03-25,day,iNaturalist observed_on parsed as calendar day,eligible,species-level iNaturalist query; no higher-rank query flag in source screening,True
Malus sieversii,Malus_sieversii.json,204271060,https://www.inaturalist.org/observations/204271060,Malus sieversii,425883,2024-03-25,2024/03/25 16:06,43.084690201,76.9883428176,,obscured,,research,cc-by-nc,"Almaty, KZ",atamat,inside,inside,2024-03-25,day,iNaturalist observed_on parsed as calendar day,eligible,species-level iNaturalist query; no higher-rank query flag in source screening,True
Malus sieversii,Malus_sieversii.json,204271054,https://www.inaturalist.org/observations/204271054,Malus sieversii,425883,2024-03-25,2024/03/25 16:09,43.1252121508,76.9098225327,,obscured,,research,cc-by-nc,"Almaty, KZ",atamat,inside,inside,2024-03-25,day,iNaturalist observed_on parsed as calendar day,eligible,species-level iNaturalist query; no higher-rank query flag in source screening,True
Malus sieversii,Malus_sieversii.json,204271048,https://www.inaturalist.org/observations/204271048,Malus sieversii,425883,2024-03-25,2024/03/25 16:16,43.0333790939,76.9597657013,,obscured,,research,cc-by-nc,"Almaty, KZ",atamat,inside,inside,2024-03-25,day,iNaturalist observed_on parsed as calendar day,eligible,species-level iNaturalist query; no higher-rank query flag in source screening,True
Malus sieversii,Malus_sieversii.json,204271042,https://www.inaturalist.org/observations/204271042,Malus sieversii,425883,2024-03-25,2024/03/25 16:20,43.097381117,76.8483823904,,obscured,,research,cc-by-nc,"Almaty, KZ",atamat,inside,inside,2024-03-25,day,iNaturalist observed_on parsed as calendar day,eligible,species-level iNaturalist query; no higher-rank query flag in source screening,True
Malus sieversii,Malus_sieversii.json,204271034,https://www.inaturalist.org/observations/204271034,Malus sieversii,425883,2024-03-25,2024/03/25 16:24,43.0918498381,76.9892803759,,obscured,,research,cc-by-nc,"Almaty, KZ",atamat,inside,inside,2024-03-25,day,iNaturalist observed_on parsed as calendar day,eligible,species-level iNaturalist query; no higher-rank query flag in source screening,True
Malus sieversii,Malus_sieversii.json,204271030,https://www.inaturalist.org/observations/204271030,Malus sieversii,425883,2024-03-25,2024/03/25 16:39,43.1582076904,76.8062630525,,obscured,,research,cc-by-nc,"Almaty, KZ",atamat,inside,inside,2024-03-25,day,iNaturalist observed_on parsed as calendar day,eligible,species-level iNaturalist query; no higher-rank query flag in source screening,True
Malus sieversii,Malus_sieversii.json,204271023,https://www.inaturalist.org/observations/204271023,Malus sieversii,425883,2024-03-25,2024/03/25 16:45,43.1349064057,76.9107506129,,obscured,,research,cc-by-nc,"Almaty, KZ",atamat,inside,inside,2024-03-25,day,iNaturalist observed_on parsed as calendar day,eligible,species-level iNaturalist query; no higher-rank query flag in source screening,True
Malus sieversii,Malus_sieversii.json,204271020,https://www.inaturalist.org/observations/204271020,Malus sieversii,425883,2024-03-25,2024/03/25 16:50,43.1123034738,76.91682385,,obscured,,research,cc-by-nc,"Almaty, KZ",atamat,inside,inside,2024-03-25,day,iNaturalist observed_on parsed as calendar day,eligible,species-level iNaturalist query; no higher-rank query flag in source screening,True
Malus sieversii,Malus_sieversii.json,206150927,https://www.inaturalist.org/observations/206150927,Malus sieversii,425883,2024-04-08,2024/04/08 16:11,43.331549241,76.953675881,,obscured,,research,cc-by-nc,"Almaty, KZ",atamat,inside,inside,2024-04-08,day,iNaturalist observed_on parsed as calendar day,eligible,species-level iNaturalist query; no higher-rank query flag in source screening,True
Malus sieversii,Malus_sieversii.json,211668433,https://www.inaturalist.org/observations/211668433,Malus sieversii,425883,2024-04-28,2024-04-28 14:45:23+05:00,43.2211209893,77.042846531,,obscured,20.0,research,,"Talgarskiy, KZ-AA, KZ",natalia18007,inside,inside,2024-04-28,day,iNaturalist observed_on parsed as calendar day,eligible,species-level iNaturalist query; no higher-rank query flag in source screening,True
Malus sieversii,Malus_sieversii.json,212202365,https://www.inaturalist.org/observations/212202365,Malus sieversii,425883,2024-04-28,2024-04-28 15:07:44+05:00,43.1436841107,76.9489384143,,obscured,6.0,research,cc-by-nc,"Almaty, KZ",anar15,inside,inside,2024-04-28,day,iNaturalist observed_on parsed as calendar day,eligible,species-level iNaturalist query; no higher-rank query flag in source screening,True
Malus sieversii,Malus_sieversii.json,212985231,https://www.inaturalist.org/observations/212985231,Malus sieversii,425883,2024-04-29,2024/04/29 10:01,43.1911754834,76.8840823816,,obscured,,needs_id,cc-by-nc,"Almaty, KZ",atamat,inside,inside,2024-04-29,day,iNaturalist observed_on parsed as calendar day,eligible,species-level iNaturalist query; no higher-rank query flag in source screening,True
Malus sieversii,Malus_sieversii.json,212985305,https://www.inaturalist.org/observations/212985305,Malus sieversii,425883,2024-04-29,2024/04/29 10:01,43.040668627,76.8220366945,,obscured,,needs_id,cc-by-nc,"Almaty, KZ",atamat,inside,inside,2024-04-29,day,iNaturalist observed_on parsed as calendar day,eligible,species-level iNaturalist query; no higher-rank query flag in source screening,True
Malus sieversii,Malus_sieversii.json,212985390,https://www.inaturalist.org/observations/212985390,Malus sieversii,425883,2024-04-29,2024/04/29 10:01,43.0290570561,76.8284122298,,obscured,,research,cc-by-nc,"Almaty, KZ",atamat,inside,inside,2024-04-29,day,iNaturalist observed_on parsed as calendar day,eligible,species-level iNaturalist query; no higher-rank query flag in source screening,True
Malus sieversii,Malus_sieversii.json,212985398,https://www.inaturalist.org/observations/212985398,Malus sieversii,425883,2024-04-29,2024/04/29 10:01,43.1383004554,76.9110878648,,obscured,,research,cc-by-nc,"Almaty, KZ",atamat,inside,inside,2024-04-29,day,iNaturalist observed_on parsed as calendar day,eligible,species-level iNaturalist query; no higher-rank query flag in source screening,True
Malus sieversii,Malus_sieversii.json,212985399,https://www.inaturalist.org/observations/212985399,Malus sieversii,425883,2024-04-29,2024/04/29 10:01,43.068242276,76.9161296067,,obscured,,research,cc-by-nc,"Almaty, KZ",atamat,inside,inside,2024-04-29,day,iNaturalist observed_on parsed as calendar day,eligible,species-level iNaturalist query; no higher-rank query flag in source screening,True
Malus sieversii,Malus_sieversii.json,212985403,https://www.inaturalist.org/observations/212985403,Malus sieversii,425883,2024-04-29,2024/04/29 10:01,43.0257419941,76.9922836516,,obscured,,research,cc-by-nc,"Almaty, KZ",atamat,inside,inside,2024-04-29,day,iNaturalist observed_on parsed as calendar day,eligible,species-level iNaturalist query; no higher-rank query flag in source screening,True
Malus sieversii,Malus_sieversii.json,212985416,https://www.inaturalist.org/observations/212985416,Malus sieversii,425883,2024-04-29,2024/04/29 10:01,43.1826387557,76.86078938,,obscured,,research,cc-by-nc,"Almaty, KZ",atamat,inside,inside,2024-04-29,day,iNaturalist observed_on parsed as calendar day,eligible,species-level iNaturalist query; no higher-rank query flag in source screening,True
Malus sieversii,Malus_sieversii.json,212985447,https://www.inaturalist.org/observations/212985447,Malus sieversii,425883,2024-04-29,2024/04/29 10:01,43.0511659814,76.8379709526,,obscured,,research,cc-by-nc,"Almaty, KZ",atamat,inside,inside,2024-04-29,day,iNaturalist observed_on parsed as calendar day,eligible,species-level iNaturalist query; no higher-rank query flag in source screening,True
Malus sieversii,Malus_sieversii.json,211591318,https://www.inaturalist.org/observations/211591318,Malus sieversii,425883,2024-04-29,2024-04-29 12:05:53+05:00,43.0719931598,76.9990477579,,obscured,16.0,needs_id,cc-by-nc,"Almaty, KZ",kastani,inside,inside,2024-04-29,day,iNaturalist observed_on parsed as calendar day,eligible,species-level iNaturalist query; no higher-rank query flag in source screening,True
Malus sieversii,Malus_sieversii.json,212233879,https://www.inaturalist.org/observations/212233879,Malus sieversii,425883,2024-04-29,2024/04/29 13:28,43.2430214571,77.0851573076,,obscured,,research,cc-by-nc,"Talgarskiy, KZ-AA, KZ",nkanunnikov,inside,inside,2024-04-29,day,iNaturalist observed_on parsed as calendar day,eligible,species-level iNaturalist query; no higher-rank query flag in source screening,True
Malus sieversii,Malus_sieversii.json,212241795,https://www.inaturalist.org/observations/212241795,Malus sieversii,425883,2024-04-29,2024/04/29 13:48,43.3923717621,77.0332711657,,obscured,,research,cc-by-nc,"Talgarskiy, KZ-AA, KZ",nkanunnikov,inside,inside,2024-04-29,day,iNaturalist observed_on parsed as calendar day,eligible,species-level iNaturalist query; no higher-rank query flag in source screening,True
Malus sieversii,Malus_sieversii.json,213029426,https://www.inaturalist.org/observations/213029426,Malus sieversii,425883,2024-04-29,2024/04/29 14:41,43.2673929894,77.0695518717,,obscured,33.0,research,cc-by,"Almaty, KZ",elanaky,inside,inside,2024-04-29,day,iNaturalist observed_on parsed as calendar day,eligible,species-level iNaturalist query; no higher-rank query flag in source screening,True
Malus sieversii,Malus_sieversii.json,211681435,https://www.inaturalist.org/observations/211681435,Malus sieversii,425883,2024-04-29,2024/04/29 16:11,43.1140526378,76.629344325,,obscured,,research,cc-by,"Karasayskiy, KZ-AA, KZ",alexanderdubynin,inside,inside,2024-04-29,day,iNaturalist observed_on parsed as calendar day,eligible,species-level iNaturalist query; no higher-rank query flag in source screening,True
Malus sieversii,Malus_sieversii.json,212842418,https://www.inaturalist.org/observations/212842418,Malus sieversii,425883,2024-04-29,2024-04-29 17:43:16,43.1015074432,76.9251495033,,obscured,,research,cc-by-nc,"Almaty, KZ",ksu57,inside,inside,2024-04-29,day,iNaturalist observed_on parsed as calendar day,eligible,species-level iNaturalist query; no higher-rank query flag in source screening,True
Malus sieversii,Malus_sieversii.json,214877814,https://www.inaturalist.org/observations/214877814,Malus sieversii,425883,2024-05-09,2024/05/09 14:08,43.0676660544,76.8249314893,,obscured,,research,cc-by-nc,"Almaty, KZ",atamat,inside,inside,2024-05-09,day,iNaturalist observed_on parsed as calendar day,eligible,species-level iNaturalist query; no higher-rank query flag in source screening,True
Malus sieversii,Malus_sieversii.json,214877880,https://www.inaturalist.org/observations/214877880,Malus sieversii,425883,2024-05-09,2024/05/09 14:16,43.1837582122,76.805607846,,obscured,,research,cc-by-nc,"Almaty, KZ",atamat,inside,inside,2024-05-09,day,iNaturalist observed_on parsed as calendar day,eligible,species-level iNaturalist query; no higher-rank query flag in source screening,True
Malus sieversii,Malus_sieversii.json,214877941,https://www.inaturalist.org/observations/214877941,Malus sieversii,425883,2024-05-09,2024/05/09 14:23,43.1879479582,76.9217375434,,obscured,,research,cc-by-nc,"Almaty, KZ",atamat,inside,inside,2024-05-09,day,iNaturalist observed_on parsed as calendar day,eligible,species-level iNaturalist query; no higher-rank query flag in source screening,True
Malus sieversii,Malus_sieversii.json,214878028,https://www.inaturalist.org/observations/214878028,Malus sieversii,425883,2024-05-09,2024/05/09 14:36,43.0481988606,76.9735559629,,obscured,,research,cc-by-nc,"Almaty, KZ",atamat,inside,inside,2024-05-09,day,iNaturalist observed_on parsed as calendar day,eligible,species-level iNaturalist query; no higher-rank query flag in source screening,True
Malus sieversii,Malus_sieversii.json,214878074,https://www.inaturalist.org/observations/214878074,Malus sieversii,425883,2024-05-09,2024/05/09 14:41,43.0237208354,76.8877295242,,obscured,,research,cc-by-nc,"Almaty, KZ",atamat,inside,inside,2024-05-09,day,iNaturalist observed_on parsed as calendar day,eligible,species-level iNaturalist query; no higher-rank query flag in source screening,True
Malus sieversii,Malus_sieversii.json,215087573,https://www.inaturalist.org/observations/215087573,Malus sieversii,425883,2024-05-09,2024/05/09 15:36,43.0565844143,76.9622762066,,obscured,,research,cc-by-nc,"Almaty, KZ",atamat,inside,inside,2024-05-09,day,iNaturalist observed_on parsed as calendar day,eligible,species-level iNaturalist query; no higher-rank query flag in source screening,True
Malus sieversii,Malus_sieversii.json,215087599,https://www.inaturalist.org/observations/215087599,Malus sieversii,425883,2024-05-09,2024/05/09 15:40,43.1558484268,76.9186646839,,obscured,,research,cc-by-nc,"Almaty, KZ",atamat,inside,inside,2024-05-09,day,iNaturalist observed_on parsed as calendar day,eligible,species-level iNaturalist query; no higher-rank query flag in source screening,True
Malus sieversii,Malus_sieversii.json,215087615,https://www.inaturalist.org/observations/215087615,Malus sieversii,425883,2024-05-09,2024/05/09 15:44,43.0240262074,76.9572068277,,obscured,,research,cc-by-nc,"Almaty, KZ",atamat,inside,inside,2024-05-09,day,iNaturalist observed_on parsed as calendar day,eligible,species-level iNaturalist query; no higher-rank query flag in source screening,True
Malus sieversii,Malus_sieversii.json,215087627,https://www.inaturalist.org/observations/215087627,Malus sieversii,425883,2024-05-09,2024/05/09 15:46,43.166276993,76.8866737366,,obscured,,research,cc-by-nc,"Almaty, KZ",atamat,inside,inside,2024-05-09,day,iNaturalist observed_on parsed as calendar day,eligible,species-level iNaturalist query; no higher-rank query flag in source screening,True
Malus sieversii,Malus_sieversii.json,215287583,https://www.inaturalist.org/observations/215287583,Malus sieversii,425883,2024-05-09,2024/05/09 17:47,43.1095793155,76.846432062,,obscured,,research,cc-by-nc,"Almaty, KZ",atamat,inside,inside,2024-05-09,day,iNaturalist observed_on parsed as calendar day,eligible,species-level iNaturalist query; no higher-rank query flag in source screening,True
Malus sieversii,Malus_sieversii.json,223507294,https://www.inaturalist.org/observations/223507294,Malus sieversii,425883,2024-05-16,2024-05-16 13:04:02,43.1179864595,77.1841142193,,obscured,,needs_id,cc-by-nc,"Talgarskiy, KZ-AA, KZ",liliyaabramova20,inside,inside,2024-05-16,day,iNaturalist observed_on parsed as calendar day,eligible,species-level iNaturalist query; no higher-rank query flag in source screening,True
Malus sieversii,Malus_sieversii.json,218577577,https://www.inaturalist.org/observations/218577577,Malus sieversii,425883,2024-05-18,2024/05/18 10:21,43.1460312056,76.8977079334,,obscured,,needs_id,cc-by-nc,"Almaty, KZ",agniia,inside,inside,2024-05-18,day,iNaturalist observed_on parsed as calendar day,eligible,species-level iNaturalist query; no higher-rank query flag in source screening,True
Malus sieversii,Malus_sieversii.json,216473601,https://www.inaturalist.org/observations/216473601,Malus sieversii,425883,2024-05-18,2024-05-18 10:31:15,43.1140575374,76.9762987432,,obscured,,research,cc-by-nc,"Almaty, KZ",veronika_tuganova,inside,inside,2024-05-18,day,iNaturalist observed_on parsed as calendar day,eligible,species-level iNaturalist query; no higher-rank query flag in source screening,True
Malus sieversii,Malus_sieversii.json,216473409,https://www.inaturalist.org/observations/216473409,Malus sieversii,425883,2024-05-18,2024-05-18 12:03:52,43.052663793,76.8493026274,,obscured,,needs_id,cc-by-nc,"Almaty, KZ",veronika_tuganova,inside,inside,2024-05-18,day,iNaturalist observed_on parsed as calendar day,eligible,species-level iNaturalist query; no higher-rank query flag in source screening,True
Malus sieversii,Malus_sieversii.json,222196578,https://www.inaturalist.org/observations/222196578,Malus sieversii,425883,2024-05-18,2024/05/18 1:33 PM,43.2090181536,77.1833371909,,obscured,,research,cc-by-nc,"Talgarskiy, KZ-AA, KZ",emanon,inside,inside,2024-05-18,day,iNaturalist observed_on parsed as calendar day,eligible,species-level iNaturalist query; no higher-rank query flag in source screening,True
Malus sieversii,Malus_sieversii.json,217061031,https://www.inaturalist.org/observations/217061031,Malus sieversii,425883,2024-05-19,2024-05-19 09:49:27,43.0811454443,77.1731139977,,obscured,,research,cc-by-nc,"Talgarskiy, KZ-AA, KZ",svetlanasp,inside,inside,2024-05-19,day,iNaturalist observed_on parsed as calendar day,eligible,species-level iNaturalist query; no higher-rank query flag in source screening,True
Malus sieversii,Malus_sieversii.json,218923916,https://www.inaturalist.org/observations/218923916,Malus sieversii,425883,2024-05-25,2024-05-25 14:08:49,43.1469397705,76.9947502374,,obscured,,research,cc-by-nc,"Almaty, KZ",svetlanasp,inside,inside,2024-05-25,day,iNaturalist observed_on parsed as calendar day,eligible,species-level iNaturalist query; no higher-rank query flag in source screening,True
Malus sieversii,Malus_sieversii.json,261559831,https://www.inaturalist.org/observations/261559831,Malus sieversii,425883,2024-05-30,2024/05/30 15:52,43.3230720741,76.9827543946,,obscured,,casual,cc-by-nc,"Almaty, KZ",atamat,inside,inside,2024-05-30,day,iNaturalist observed_on parsed as calendar day,eligible,species-level iNaturalist query; no higher-rank query flag in source screening,True
Malus sieversii,Malus_sieversii.json,220014012,https://www.inaturalist.org/observations/220014012,Malus sieversii,425883,2024-06-01,2024/06/01 18:17,43.1912623182,77.1121999652,,obscured,,needs_id,cc-by-nc,"Talgarskiy, KZ-AA, KZ",nkanunnikov,inside,inside,2024-06-01,day,iNaturalist observed_on parsed as calendar day,eligible,species-level iNaturalist query; no higher-rank query flag in source screening,True
Malus sieversii,Malus_sieversii.json,259991719,https://www.inaturalist.org/observations/259991719,Malus sieversii,425883,2024-06-04,2024/06/04 16:14,43.3097832316,76.927705725,,obscured,,research,cc-by-nc,"Almaty, KZ",atamat,inside,inside,2024-06-04,day,iNaturalist observed_on parsed as calendar day,eligible,species-level iNaturalist query; no higher-rank query flag in source screening,True
Malus sieversii,Malus_sieversii.json,259991724,https://www.inaturalist.org/observations/259991724,Malus sieversii,425883,2024-06-04,2024/06/04 16:15,43.2451362452,76.9489168111,,obscured,,research,cc-by-nc,"Almaty, KZ",atamat,inside,inside,2024-06-04,day,iNaturalist observed_on parsed as calendar day,eligible,species-level iNaturalist query; no higher-rank query flag in source screening,True
Malus sieversii,Malus_sieversii.json,259991728,https://www.inaturalist.org/observations/259991728,Malus sieversii,425883,2024-06-04,2024/06/04 16:16,43.2987997228,76.8174566212,,obscured,,research,cc-by-nc,"Almaty, KZ",atamat,inside,inside,2024-06-04,day,iNaturalist observed_on parsed as calendar day,eligible,species-level iNaturalist query; no higher-rank query flag in source screening,True
Malus sieversii,Malus_sieversii.json,259991729,https://www.inaturalist.org/observations/259991729,Malus sieversii,425883,2024-06-04,2024/06/04 16:16,43.2222772494,76.8951472071,,obscured,,research,cc-by-nc,"Almaty, KZ",atamat,inside,inside,2024-06-04,day,iNaturalist observed_on parsed as calendar day,eligible,species-level iNaturalist query; no higher-rank query flag in source screening,True
Malus sieversii,Malus_sieversii.json,259991735,https://www.inaturalist.org/observations/259991735,Malus sieversii,425883,2024-06-04,2024/06/04 16:18,43.3487636333,76.9394754921,,obscured,,research,cc-by-nc,"Almaty, KZ",atamat,inside,inside,2024-06-04,day,iNaturalist observed_on parsed as calendar day,eligible,species-level iNaturalist query; no higher-rank query flag in source screening,True
Malus sieversii,Malus_sieversii.json,259991779,https://www.inaturalist.org/observations/259991779,Malus sieversii,425883,2024-06-04,2024/06/04 16:30,43.3485755236,76.8417919499,,obscured,,research,cc-by-nc,"Almaty, KZ",atamat,inside,inside,2024-06-04,day,iNaturalist observed_on parsed as calendar day,eligible,species-level iNaturalist query; no higher-rank query flag in source screening,True
Malus sieversii,Malus_sieversii.json,225902414,https://www.inaturalist.org/observations/225902414,Malus sieversii,425883,2024-06-29,2024-06-29 14:55:00,43.3062495186,77.1887662688,,obscured,235.0,research,cc-by,"Talgarskiy, KZ-AA, KZ",elanaky,inside,inside,2024-06-29,day,iNaturalist observed_on parsed as calendar day,eligible,species-level iNaturalist query; no higher-rank query flag in source screening,True
Malus sieversii,Malus_sieversii.json,225902402,https://www.inaturalist.org/observations/225902402,Malus sieversii,425883,2024-06-29,2024-06-29 15:37:00,43.3719074045,77.1845912522,,obscured,61.0,research,cc-by,"Talgarskiy, KZ-AA, KZ",elanaky,inside,inside,2024-06-29,day,iNaturalist observed_on parsed as calendar day,eligible,species-level iNaturalist query; no higher-rank query flag in source screening,True
Malus sieversii,Malus_sieversii.json,235298498,https://www.inaturalist.org/observations/235298498,Malus sieversii,425883,2024-08-01,2024/08/01 10:59,43.2795545686,77.0781662611,,obscured,488.0,research,cc-by,"Talgarskiy, KZ-AA, KZ",elanaky,inside,inside,2024-08-01,day,iNaturalist observed_on parsed as calendar day,eligible,species-level iNaturalist query; no higher-rank query flag in source screening,True
Malus sieversii,Malus_sieversii.json,233894777,https://www.inaturalist.org/observations/233894777,Malus sieversii,425883,2024-08-02,2024-08-02 13:28:49+05:00,45.6937904613,80.7893288718,,obscured,16.0,needs_id,cc-by-nc,"Alakolskiy, KZ-AA, KZ",kastani,inside,inside,2024-08-02,day,iNaturalist observed_on parsed as calendar day,eligible,species-level iNaturalist query; no higher-rank query flag in source screening,True
Malus sieversii,Malus_sieversii.json,233899300,https://www.inaturalist.org/observations/233899300,Malus sieversii,425883,2024-08-02,2024-08-02 13:58:11+05:00,45.8294271457,80.9568331799,,obscured,16.0,needs_id,cc-by-nc,"Alakolskiy, KZ-AA, KZ",kastani,inside,inside,2024-08-02,day,iNaturalist observed_on parsed as calendar day,eligible,species-level iNaturalist query; no higher-rank query flag in source screening,True
Malus sieversii,Malus_sieversii.json,233903350,https://www.inaturalist.org/observations/233903350,Malus sieversii,425883,2024-08-02,2024-08-02 14:16:37+05:00,45.7238750198,80.8118505258,,obscured,4.0,research,cc-by-nc,"Alakolskiy, KZ-AA, KZ",kastani,inside,inside,2024-08-02,day,iNaturalist observed_on parsed as calendar day,eligible,species-level iNaturalist query; no higher-rank query flag in source screening,True
Malus sieversii,Malus_sieversii.json,233903607,https://www.inaturalist.org/observations/233903607,Malus sieversii,425883,2024-08-02,2024-08-02 14:16:41+05:00,45.744702801,80.8800146686,,obscured,4.0,needs_id,cc-by-nc,"Alakolskiy, KZ-AA, KZ",kastani,inside,inside,2024-08-02,day,iNaturalist observed_on parsed as calendar day,eligible,species-level iNaturalist query; no higher-rank query flag in source screening,True
Malus sieversii,Malus_sieversii.json,235486025,https://www.inaturalist.org/observations/235486025,Malus sieversii,425883,2024-08-04,2024-08-04 11:31:52+05:00,45.9750704513,81.0122550114,,obscured,4.0,needs_id,cc-by-nc,"Alakolskiy, KZ-AA, KZ",kastani,inside,inside,2024-08-04,day,iNaturalist observed_on parsed as calendar day,eligible,species-level iNaturalist query; no higher-rank query flag in source screening,True
Malus sieversii,Malus_sieversii.json,235486226,https://www.inaturalist.org/observations/235486226,Malus sieversii,425883,2024-08-04,2024-08-04 11:33:57+05:00,45.81163666,81.1769148528,,obscured,4.0,needs_id,cc-by-nc,"Alakolskiy, KZ-AA, KZ",kastani,inside,inside,2024-08-04,day,iNaturalist observed_on parsed as calendar day,eligible,species-level iNaturalist query; no higher-rank query flag in source screening,True
Malus sieversii,Malus_sieversii.json,235495286,https://www.inaturalist.org/observations/235495286,Malus sieversii,425883,2024-08-04,2024-08-04 11:52:29+05:00,45.9661559876,81.1801090133,,obscured,4.0,needs_id,cc-by-nc,"Alakolskiy, KZ-AA, KZ",kastani,inside,inside,2024-08-04,day,iNaturalist observed_on parsed as calendar day,eligible,species-level iNaturalist query; no higher-rank query flag in source screening,True
Malus sieversii,Malus_sieversii.json,235496779,https://www.inaturalist.org/observations/235496779,Malus sieversii,425883,2024-08-04,2024-08-04 12:14:18+05:00,45.9912985322,81.0493435304,,obscured,2.0,needs_id,cc-by-nc,"Alakolskiy, KZ-AA, KZ",kastani,inside,inside,2024-08-04,day,iNaturalist observed_on parsed as calendar day,eligible,species-level iNaturalist query; no higher-rank query flag in source screening,True
Malus sieversii,Malus_sieversii.json,235507523,https://www.inaturalist.org/observations/235507523,Malus sieversii,425883,2024-08-04,2024-08-04 12:20:16+05:00,45.8571295707,81.193307723,,obscured,4.0,needs_id,cc-by-nc,"Alakolskiy, KZ-AA, KZ",kastani,inside,inside,2024-08-04,day,iNaturalist observed_on parsed as calendar day,eligible,species-level iNaturalist query; no higher-rank query flag in source screening,True
Malus sieversii,Malus_sieversii.json,235507877,https://www.inaturalist.org/observations/235507877,Malus sieversii,425883,2024-08-04,2024-08-04 12:22:29+05:00,45.8395929606,81.0529737765,,obscured,4.0,needs_id,cc-by-nc,"Alakolskiy, KZ-AA, KZ",kastani,inside,inside,2024-08-04,day,iNaturalist observed_on parsed as calendar day,eligible,species-level iNaturalist query; no higher-rank query flag in source screening,True
Malus sieversii,Malus_sieversii.json,234303283,https://www.inaturalist.org/observations/234303283,Malus sieversii,425883,2024-08-07,2024-08-07 11:20:10+05:00,45.6613927746,81.5037947743,,obscured,4.0,research,cc-by-nc,"Alakolskiy, KZ-AA, KZ",naturalyona,inside,inside,2024-08-07,day,iNaturalist observed_on parsed as calendar day,eligible,species-level iNaturalist query; no higher-rank query flag in source screening,True
Malus sieversii,Malus_sieversii.json,234303042,https://www.inaturalist.org/observations/234303042,Malus sieversii,425883,2024-08-07,2024-08-07 11:37:12+05:00,45.7516923434,81.3656995576,,obscured,3.0,research,cc-by-nc,"Alakolskiy, KZ-AA, KZ",naturalyona,inside,inside,2024-08-07,day,iNaturalist observed_on parsed as calendar day,eligible,species-level iNaturalist query; no higher-rank query flag in source screening,True
Malus sieversii,Malus_sieversii.json,246986243,https://www.inaturalist.org/observations/246986243,Malus sieversii,425883,2024-08-27,2024/08/27 13:57,43.3448200813,77.4273358116,,obscured,,research,cc-by-nc,"Talgarskiy, KZ-AA, KZ",svetlanakushkova,inside,inside,2024-08-27,day,iNaturalist observed_on parsed as calendar day,eligible,species-level iNaturalist query; no higher-rank query flag in source screening,True
Malus sieversii,Malus_sieversii.json,239665817,https://www.inaturalist.org/observations/239665817,Malus sieversii,425883,2024-08-28,2024/08/28 14:21,43.0387450247,76.9709819548,,obscured,,needs_id,cc-by-nc,"Almaty, KZ",svetlanakushkova,inside,inside,2024-08-28,day,iNaturalist observed_on parsed as calendar day,eligible,species-level iNaturalist query; no higher-rank query flag in source screening,True
Malus sieversii,Malus_sieversii.json,238564638,https://www.inaturalist.org/observations/238564638,Malus sieversii,425883,2024-08-29,2024-08-29 13:39:45,43.1899328084,77.1681882678,,obscured,48.0,research,cc-by-nc,"Talgarskiy, KZ-AA, KZ",e-h,inside,inside,2024-08-29,day,iNaturalist observed_on parsed as calendar day,eligible,species-level iNaturalist query; no higher-rank query flag in source screening,True
Malus sieversii,Malus_sieversii.json,238566444,https://www.inaturalist.org/observations/238566444,Malus sieversii,425883,2024-08-29,2024-08-29 14:12:12,43.0984900002,77.1274439457,,obscured,2.0,needs_id,cc-by-nc,"Talgarskiy, KZ-AA, KZ",e-h,inside,inside,2024-08-29,day,iNaturalist observed_on parsed as calendar day,eligible,species-level iNaturalist query; no higher-rank query flag in source screening,True
Malus sieversii,Malus_sieversii.json,238838390,https://www.inaturalist.org/observations/238838390,Malus sieversii,425883,2024-08-30,2024/08/30 14:36,43.0185227563,76.9913443878,,obscured,,needs_id,cc-by-nc,"Almaty, KZ",atamat,inside,inside,2024-08-30,day,iNaturalist observed_on parsed as calendar day,eligible,species-level iNaturalist query; no higher-rank query flag in source screening,True
Malus sieversii,Malus_sieversii.json,238838395,https://www.inaturalist.org/observations/238838395,Malus sieversii,425883,2024-08-30,2024/08/30 14:37,43.042362573,76.8353377831,,obscured,,needs_id,cc-by-nc,"Almaty, KZ",atamat,inside,inside,2024-08-30,day,iNaturalist observed_on parsed as calendar day,eligible,species-level iNaturalist query; no higher-rank query flag in source screening,True
Malus sieversii,Malus_sieversii.json,238838400,https://www.inaturalist.org/observations/238838400,Malus sieversii,425883,2024-08-30,2024/08/30 14:38,43.1490045567,76.9001493959,,obscured,,needs_id,cc-by-nc,"Almaty, KZ",atamat,inside,inside,2024-08-30,day,iNaturalist observed_on parsed as calendar day,eligible,species-level iNaturalist query; no higher-rank query flag in source screening,True
Malus sieversii,Malus_sieversii.json,238838415,https://www.inaturalist.org/observations/238838415,Malus sieversii,425883,2024-08-30,2024/08/30 14:41,43.135135262,76.9958929589,,obscured,,needs_id,cc-by-nc,"Almaty, KZ",atamat,inside,inside,2024-08-30,day,iNaturalist observed_on parsed as calendar day,eligible,species-level iNaturalist query; no higher-rank query flag in source screening,True
Malus sieversii,Malus_sieversii.json,238934217,https://www.inaturalist.org/observations/238934217,Malus sieversii,425883,2024-08-30,2024/08/30 14:54,43.1422397478,76.9441050099,,obscured,,needs_id,cc-by-nc,"Almaty, KZ",atamat,inside,inside,2024-08-30,day,iNaturalist observed_on parsed as calendar day,eligible,species-level iNaturalist query; no higher-rank query flag in source screening,True
Malus sieversii,Malus_sieversii.json,252639798,https://www.inaturalist.org/observations/252639798,Malus sieversii,425883,2024-08-30,2024/08/30 15:08,43.0858505538,76.8073635827,,obscured,,needs_id,cc-by-nc,"Almaty, KZ",atamat,inside,inside,2024-08-30,day,iNaturalist observed_on parsed as calendar day,eligible,species-level iNaturalist query; no higher-rank query flag in source screening,True
Malus sieversii,Malus_sieversii.json,252639799,https://www.inaturalist.org/observations/252639799,Malus sieversii,425883,2024-08-30,2024/08/30 15:08,43.1707894383,76.8089639919,,obscured,,needs_id,cc-by-nc,"Almaty, KZ",atamat,inside,inside,2024-08-30,day,iNaturalist observed_on parsed as calendar day,eligible,species-level iNaturalist query; no higher-rank query flag in source screening,True
Malus sieversii,Malus_sieversii.json,239212352,https://www.inaturalist.org/observations/239212352,Malus sieversii,425883,2024-08-30,2024/08/30 15:26,43.0040413016,76.9853758914,,obscured,,needs_id,cc-by-nc,"Almaty, KZ",atamat,inside,inside,2024-08-30,day,iNaturalist observed_on parsed as calendar day,eligible,species-level iNaturalist query; no higher-rank query flag in source screening,True
Malus sieversii,Malus_sieversii.json,239212381,https://www.inaturalist.org/observations/239212381,Malus sieversii,425883,2024-08-30,2024/08/30 15:30,43.0047153464,76.9877044581,,obscured,,needs_id,cc-by-nc,"Almaty, KZ",atamat,inside,inside,2024-08-30,day,iNaturalist observed_on parsed as calendar day,eligible,species-level iNaturalist query; no higher-rank query flag in source screening,True
Malus sieversii,Malus_sieversii.json,239212404,https://www.inaturalist.org/observations/239212404,Malus sieversii,425883,2024-08-30,2024/08/30 15:32,43.0135214095,76.8006278982,,obscured,,research,cc-by-nc,"Almaty, KZ",atamat,inside,inside,2024-08-30,day,iNaturalist observed_on parsed as calendar day,eligible,species-level iNaturalist query; no higher-rank query flag in source screening,True
Malus sieversii,Malus_sieversii.json,239685892,https://www.inaturalist.org/observations/239685892,Malus sieversii,425883,2024-08-30,2024/08/30 15:39,43.1821695431,76.8432601211,,obscured,,needs_id,cc-by-nc,"Almaty, KZ",atamat,inside,inside,2024-08-30,day,iNaturalist observed_on parsed as calendar day,eligible,species-level iNaturalist query; no higher-rank query flag in source screening,True
Malus sieversii,Malus_sieversii.json,239685895,https://www.inaturalist.org/observations/239685895,Malus sieversii,425883,2024-08-30,2024/08/30 15:41,43.1590090565,76.9783356777,,obscured,,needs_id,cc-by-nc,"Almaty, KZ",atamat,inside,inside,2024-08-30,day,iNaturalist observed_on parsed as calendar day,eligible,species-level iNaturalist query; no higher-rank query flag in source screening,True
Malus sieversii,Malus_sieversii.json,239586822,https://www.inaturalist.org/observations/239586822,Malus sieversii,425883,2024-08-30,2024/08/30 15:46,43.1419896054,76.9076921953,,obscured,,needs_id,cc-by-nc,"Almaty, KZ",atamat,inside,inside,2024-08-30,day,iNaturalist observed_on parsed as calendar day,eligible,species-level iNaturalist query; no higher-rank query flag in source screening,True
Malus sieversii,Malus_sieversii.json,239768483,https://www.inaturalist.org/observations/239768483,Malus sieversii,425883,2024-08-30,2024/08/30 15:54,43.1624537134,76.870058127,,obscured,,needs_id,cc-by-nc,"Almaty, KZ",atamat,inside,inside,2024-08-30,day,iNaturalist observed_on parsed as calendar day,eligible,species-level iNaturalist query; no higher-rank query flag in source screening,True
Malus sieversii,Malus_sieversii.json,239768489,https://www.inaturalist.org/observations/239768489,Malus sieversii,425883,2024-08-30,2024/08/30 15:56,43.0068114731,76.8604941771,,obscured,,needs_id,cc-by-nc,"Almaty, KZ",atamat,inside,inside,2024-08-30,day,iNaturalist observed_on parsed as calendar day,eligible,species-level iNaturalist query; no higher-rank query flag in source screening,True
Malus sieversii,Malus_sieversii.json,239768498,https://www.inaturalist.org/observations/239768498,Malus sieversii,425883,2024-08-30,2024/08/30 16:08,43.1558140505,76.9697617294,,obscured,,needs_id,cc-by-nc,"Almaty, KZ",atamat,inside,inside,2024-08-30,day,iNaturalist observed_on parsed as calendar day,eligible,species-level iNaturalist query; no higher-rank query flag in source screening,True
Malus sieversii,Malus_sieversii.json,239768507,https://www.inaturalist.org/observations/239768507,Malus sieversii,425883,2024-08-30,2024/08/30 16:10,43.0735918002,76.8748016703,,obscured,,needs_id,cc-by-nc,"Almaty, KZ",atamat,inside,inside,2024-08-30,day,iNaturalist observed_on parsed as calendar day,eligible,species-level iNaturalist query; no higher-rank query flag in source screening,True
Malus sieversii,Malus_sieversii.json,239768529,https://www.inaturalist.org/observations/239768529,Malus sieversii,425883,2024-08-30,2024/08/30 16:11,43.0398304086,76.9228011912,,obscured,,needs_id,cc-by-nc,"Almaty, KZ",atamat,inside,inside,2024-08-30,day,iNaturalist observed_on parsed as calendar day,eligible,species-level iNaturalist query; no higher-rank query flag in source screening,True
Malus sieversii,Malus_sieversii.json,240028319,https://www.inaturalist.org/observations/240028319,Malus sieversii,425883,2024-08-30,2024/08/30 16:14,43.1382558479,76.9081236622,,obscured,,needs_id,cc-by-nc,"Almaty, KZ",atamat,inside,inside,2024-08-30,day,iNaturalist observed_on parsed as calendar day,eligible,species-level iNaturalist query; no higher-rank query flag in source screening,True
Malus sieversii,Malus_sieversii.json,240201342,https://www.inaturalist.org/observations/240201342,Malus sieversii,425883,2024-08-30,2024/08/30 16:30,43.0440613926,76.96064435,,obscured,,needs_id,cc-by-nc,"Almaty, KZ",atamat,inside,inside,2024-08-30,day,iNaturalist observed_on parsed as calendar day,eligible,species-level iNaturalist query; no higher-rank query flag in source screening,True
Malus sieversii,Malus_sieversii.json,240201347,https://www.inaturalist.org/observations/240201347,Malus sieversii,425883,2024-08-30,2024/08/30 16:30,43.1774035146,76.951749332,,obscured,,needs_id,cc-by-nc,"Almaty, KZ",atamat,inside,inside,2024-08-30,day,iNaturalist observed_on parsed as calendar day,eligible,species-level iNaturalist query; no higher-rank query flag in source screening,True
Malus sieversii,Malus_sieversii.json,240201351,https://www.inaturalist.org/observations/240201351,Malus sieversii,425883,2024-08-30,2024/08/30 16:31,43.1987938159,76.9548751883,,obscured,,needs_id,cc-by-nc,"Almaty, KZ",atamat,inside,inside,2024-08-30,day,iNaturalist observed_on parsed as calendar day,eligible,species-level iNaturalist query; no higher-rank query flag in source screening,True
Malus sieversii,Malus_sieversii.json,240201415,https://www.inaturalist.org/observations/240201415,Malus sieversii,425883,2024-08-30,2024/08/30 16:36,43.0558737531,76.8080326509,,obscured,,needs_id,cc-by-nc,"Almaty, KZ",atamat,inside,inside,2024-08-30,day,iNaturalist observed_on parsed as calendar day,eligible,species-level iNaturalist query; no higher-rank query flag in source screening,True
Malus sieversii,Malus_sieversii.json,240201425,https://www.inaturalist.org/observations/240201425,Malus sieversii,425883,2024-08-30,2024/08/30 16:38,43.1921397511,76.8744846188,,obscured,,needs_id,cc-by-nc,"Almaty, KZ",atamat,inside,inside,2024-08-30,day,iNaturalist observed_on parsed as calendar day,eligible,species-level iNaturalist query; no higher-rank query flag in source screening,True
Malus sieversii,Malus_sieversii.json,240201440,https://www.inaturalist.org/observations/240201440,Malus sieversii,425883,2024-08-30,2024/08/30 16:38,43.1348933307,76.8877121785,,obscured,,needs_id,cc-by-nc,"Almaty, KZ",atamat,inside,inside,2024-08-30,day,iNaturalist observed_on parsed as calendar day,eligible,species-level iNaturalist query; no higher-rank query flag in source screening,True
Malus sieversii,Malus_sieversii.json,240201441,https://www.inaturalist.org/observations/240201441,Malus sieversii,425883,2024-08-30,2024/08/30 16:38,43.0279705841,76.9734249656,,obscured,,needs_id,cc-by-nc,"Almaty, KZ",atamat,inside,inside,2024-08-30,day,iNaturalist observed_on parsed as calendar day,eligible,species-level iNaturalist query; no higher-rank query flag in source screening,True
Malus sieversii,Malus_sieversii.json,240601122,https://www.inaturalist.org/observations/240601122,Malus sieversii,425883,2024-08-30,2024/08/30 16:39,43.0479289116,76.9018409201,,obscured,,needs_id,cc-by-nc,"Almaty, KZ",atamat,inside,inside,2024-08-30,day,iNaturalist observed_on parsed as calendar day,eligible,species-level iNaturalist query; no higher-rank query flag in source screening,True
Malus sieversii,Malus_sieversii.json,240601125,https://www.inaturalist.org/observations/240601125,Malus sieversii,425883,2024-08-30,2024/08/30 16:39,43.0631896066,76.9216583736,,obscured,,needs_id,cc-by-nc,"Almaty, KZ",atamat,inside,inside,2024-08-30,day,iNaturalist observed_on parsed as calendar day,eligible,species-level iNaturalist query; no higher-rank query flag in source screening,True
Malus sieversii,Malus_sieversii.json,240601129,https://www.inaturalist.org/observations/240601129,Malus sieversii,425883,2024-08-30,2024/08/30 16:41,43.0436008326,76.870956493,,obscured,,needs_id,cc-by-nc,"Almaty, KZ",atamat,inside,inside,2024-08-30,day,iNaturalist observed_on parsed as calendar day,eligible,species-level iNaturalist query; no higher-rank query flag in source screening,True
Malus sieversii,Malus_sieversii.json,240601132,https://www.inaturalist.org/observations/240601132,Malus sieversii,425883,2024-08-30,2024/08/30 16:41,43.1325586217,76.8106604341,,obscured,,needs_id,cc-by-nc,"Almaty, KZ",atamat,inside,inside,2024-08-30,day,iNaturalist observed_on parsed as calendar day,eligible,species-level iNaturalist query; no higher-rank query flag in source screening,True
Malus sieversii,Malus_sieversii.json,240601145,https://www.inaturalist.org/observations/240601145,Malus sieversii,425883,2024-08-30,2024/08/30 16:44,43.1523267784,76.9272465073,,obscured,,needs_id,cc-by-nc,"Almaty, KZ",atamat,inside,inside,2024-08-30,day,iNaturalist observed_on parsed as calendar day,eligible,species-level iNaturalist query; no higher-rank query flag in source screening,True
Malus sieversii,Malus_sieversii.json,240601157,https://www.inaturalist.org/observations/240601157,Malus sieversii,425883,2024-08-30,2024/08/30 16:45,43.1000483475,76.8994473795,,obscured,,needs_id,cc-by-nc,"Almaty, KZ",atamat,inside,inside,2024-08-30,day,iNaturalist observed_on parsed as calendar day,eligible,species-level iNaturalist query; no higher-rank query flag in source screening,True
Malus sieversii,Malus_sieversii.json,240612992,https://www.inaturalist.org/observations/240612992,Malus sieversii,425883,2024-08-30,2024/08/30 16:50,43.1945123886,76.8034293654,,obscured,,needs_id,cc-by-nc,"Almaty, KZ",atamat,inside,inside,2024-08-30,day,iNaturalist observed_on parsed as calendar day,eligible,species-level iNaturalist query; no higher-rank query flag in source screening,True
Malus sieversii,Malus_sieversii.json,240613009,https://www.inaturalist.org/observations/240613009,Malus sieversii,425883,2024-08-30,2024/08/30 16:56,43.0823510534,76.9220496365,,obscured,,needs_id,cc-by-nc,"Almaty, KZ",atamat,inside,inside,2024-08-30,day,iNaturalist observed_on parsed as calendar day,eligible,species-level iNaturalist query; no higher-rank query flag in source screening,True
Malus sieversii,Malus_sieversii.json,240613049,https://www.inaturalist.org/observations/240613049,Malus sieversii,425883,2024-08-30,2024/08/30 17:05,43.1174096246,76.8073948121,,obscured,,needs_id,cc-by-nc,"Almaty, KZ",atamat,inside,inside,2024-08-30,day,iNaturalist observed_on parsed as calendar day,eligible,species-level iNaturalist query; no higher-rank query flag in source screening,True
Malus sieversii,Malus_sieversii.json,240613050,https://www.inaturalist.org/observations/240613050,Malus sieversii,425883,2024-08-30,2024/08/30 17:06,43.0403250722,76.9725265669,,obscured,,needs_id,cc-by-nc,"Almaty, KZ",atamat,inside,inside,2024-08-30,day,iNaturalist observed_on parsed as calendar day,eligible,species-level iNaturalist query; no higher-rank query flag in source screening,True
Malus sieversii,Malus_sieversii.json,240613062,https://www.inaturalist.org/observations/240613062,Malus sieversii,425883,2024-08-30,2024/08/30 17:06,43.1149278218,76.8680179235,,obscured,,research,cc-by-nc,"Almaty, KZ",atamat,inside,inside,2024-08-30,day,iNaturalist observed_on parsed as calendar day,eligible,species-level iNaturalist query; no higher-rank query flag in source screening,True
Malus sieversii,Malus_sieversii.json,252891912,https://www.inaturalist.org/observations/252891912,Malus sieversii,425883,2024-08-30,2024/08/30 17:20,43.0672628823,76.9896703536,,obscured,,needs_id,cc-by-nc,"Almaty, KZ",atamat,inside,inside,2024-08-30,day,iNaturalist observed_on parsed as calendar day,eligible,species-level iNaturalist query; no higher-rank query flag in source screening,True
Malus sieversii,Malus_sieversii.json,253091784,https://www.inaturalist.org/observations/253091784,Malus sieversii,425883,2024-08-30,2024/08/30 17:30,43.0569129019,76.8640766661,,obscured,,needs_id,cc-by-nc,"Almaty, KZ",atamat,inside,inside,2024-08-30,day,iNaturalist observed_on parsed as calendar day,eligible,species-level iNaturalist query; no higher-rank query flag in source screening,True
Malus sieversii,Malus_sieversii.json,253091815,https://www.inaturalist.org/observations/253091815,Malus sieversii,425883,2024-08-30,2024/08/30 17:35,43.0563488339,76.8641440436,,obscured,,needs_id,cc-by-nc,"Almaty, KZ",atamat,inside,inside,2024-08-30,day,iNaturalist observed_on parsed as calendar day,eligible,species-level iNaturalist query; no higher-rank query flag in source screening,True
Malus sieversii,Malus_sieversii.json,253091876,https://www.inaturalist.org/observations/253091876,Malus sieversii,425883,2024-08-30,2024/08/30 17:44,43.1810468445,76.8143116036,,obscured,,needs_id,cc-by-nc,"Almaty, KZ",atamat,inside,inside,2024-08-30,day,iNaturalist observed_on parsed as calendar day,eligible,species-level iNaturalist query; no higher-rank query flag in source screening,True
Paeonia intermedia,Paeonia_intermedia.json,149548520,https://www.inaturalist.org/observations/149548520,Paeonia intermedia,520913,2006-05-13,2006/05/13 09:55,43.1323940068,76.9102147605,,,8.0,research,cc-by-nc,"Бостандыкский район, Алматы, Казахстан",mylabris,inside,inside,2006-05-13,day,iNaturalist observed_on parsed as calendar day,eligible,species-level iNaturalist query; no higher-rank query flag in source screening,True
Paeonia intermedia,Paeonia_intermedia.json,47802512,https://www.inaturalist.org/observations/47802512,Paeonia intermedia,520913,2010-06-05,2010/06/05 12:00 AM MST,43.1628730289,77.030754356,,,724.0,research,cc-by-nc,"Medeu District, Almaty, Kazakhstan",viktoria_wagner,inside,inside,2010-06-05,day,iNaturalist observed_on parsed as calendar day,eligible,species-level iNaturalist query; no higher-rank query flag in source screening,True
Paeonia intermedia,Paeonia_intermedia.json,309460680,https://www.inaturalist.org/observations/309460680,Paeonia intermedia,520913,2013-04-21,2013/04/21 13:52,43.12776144,76.9029543923,,,8.0,research,cc-by-nc,"Бостандыкский район, Алматы, Казахстан",gennadiy_dyakin,inside,inside,2013-04-21,day,iNaturalist observed_on parsed as calendar day,eligible,species-level iNaturalist query; no higher-rank query flag in source screening,True
Paeonia intermedia,Paeonia_intermedia.json,304905371,https://www.inaturalist.org/observations/304905371,Paeonia intermedia,520913,2015-05-15,2015/05/15 8:33 AM,43.0685833333,76.6021083333,,,10.0,research,cc-by-nc,"Karasay District, Kazakhstan",morkvonork,inside,inside,2015-05-15,day,iNaturalist observed_on parsed as calendar day,eligible,species-level iNaturalist query; no higher-rank query flag in source screening,True
Paeonia intermedia,Paeonia_intermedia.json,254298408,https://www.inaturalist.org/observations/254298408,Paeonia intermedia,520913,2017-04-23,2017/04/23 14:33,43.1625506487,77.0743704145,,,186.0,research,cc-by,"Талгарский район, Казахстан",elanaky,inside,inside,2017-04-23,day,iNaturalist observed_on parsed as calendar day,eligible,species-level iNaturalist query; no higher-rank query flag in source screening,True
Paeonia intermedia,Paeonia_intermedia.json,27911014,https://www.inaturalist.org/observations/27911014,Paeonia intermedia,520913,2019-05-18,2019-05-18,43.1320880872,77.0549069345,,,263.0,research,,"Медеуский район, Алматы, Казахстан",murator,inside,inside,2019-05-18,day,iNaturalist observed_on parsed as calendar day,eligible,species-level iNaturalist query; no higher-rank query flag in source screening,True
Paeonia intermedia,Paeonia_intermedia.json,261080900,https://www.inaturalist.org/observations/261080900,Paeonia intermedia,520913,2020-03-22,2020/03/22 16:37,43.2222437196,77.016331336,,,459.0,research,cc-by,"Медеуский район, Алматы, Казахстан",elanaky,inside,inside,2020-03-22,day,iNaturalist observed_on parsed as calendar day,eligible,species-level iNaturalist query; no higher-rank query flag in source screening,True
Paeonia intermedia,Paeonia_intermedia.json,81163804,https://www.inaturalist.org/observations/81163804,Paeonia intermedia,520913,2021-05-30,2021/05/30 6:13 PM +0600,43.1665189791,77.0750545785,,,61.0,needs_id,cc-by-sa,"Медеуский район, Алматы, Казахстан",amirekul,inside,inside,2021-05-30,day,iNaturalist observed_on parsed as calendar day,eligible,species-level iNaturalist query; no higher-rank query flag in source screening,True
Paeonia intermedia,Paeonia_intermedia.json,152245275,https://www.inaturalist.org/observations/152245275,Paeonia intermedia,520913,2023-03-25,2023-03-25 11:42:28,43.2242680984,77.1485586092,,,199.0,research,cc-by-nc,Горный курорт-отель «Ой-Карагай»,shtepbraiter,inside,inside,2023-03-25,day,iNaturalist observed_on parsed as calendar day,eligible,species-level iNaturalist query; no higher-rank query flag in source screening,True
Paeonia intermedia,Paeonia_intermedia.json,154714005,https://www.inaturalist.org/observations/154714005,Paeonia intermedia,520913,2023-03-29,2023-03-29 13:25:08,43.1527169,76.7219142997,,,,research,cc-by,"Карасайский район, Казахстан",iskander5,inside,inside,2023-03-29,day,iNaturalist observed_on parsed as calendar day,eligible,species-level iNaturalist query; no higher-rank query flag in source screening,True
Paeonia intermedia,Paeonia_intermedia.json,155433119,https://www.inaturalist.org/observations/155433119,Paeonia intermedia,520913,2023-04-16,2023/04/16 15:22,43.1546282997,76.7938316,,,,research,cc-by,"Карасайский район, Казахстан",alexanderdubynin,inside,inside,2023-04-16,day,iNaturalist observed_on parsed as calendar day,eligible,species-level iNaturalist query; no higher-rank query flag in source screening,True
Paeonia intermedia,Paeonia_intermedia.json,155433121,https://www.inaturalist.org/observations/155433121,Paeonia intermedia,520913,2023-04-16,2023/04/16 15:22,43.15462,76.7938632997,,,,research,cc-by,"Карасайский район, Казахстан",alexanderdubynin,inside,inside,2023-04-16,day,iNaturalist observed_on parsed as calendar day,eligible,species-level iNaturalist query; no higher-rank query flag in source screening,True
Paeonia intermedia,Paeonia_intermedia.json,155433122,https://www.inaturalist.org/observations/155433122,Paeonia intermedia,520913,2023-04-16,2023/04/16 15:27,43.1544837778,76.7939453056,,,,research,cc-by,"Карасайский район, Казахстан",alexanderdubynin,inside,inside,2023-04-16,day,iNaturalist observed_on parsed as calendar day,eligible,species-level iNaturalist query; no higher-rank query flag in source screening,True
Paeonia intermedia,Paeonia_intermedia.json,155433125,https://www.inaturalist.org/observations/155433125,Paeonia intermedia,520913,2023-04-16,2023/04/16 15:29,43.15426,76.79419,,,,research,cc-by,"Карасайский район, Казахстан",alexanderdubynin,inside,inside,2023-04-16,day,iNaturalist observed_on parsed as calendar day,eligible,species-level iNaturalist query; no higher-rank query flag in source screening,True
Paeonia intermedia,Paeonia_intermedia.json,155433133,https://www.inaturalist.org/observations/155433133,Paeonia intermedia,520913,2023-04-16,2023/04/16 15:51,43.15438,76.7937533,,,,research,cc-by,"Карасайский район, Казахстан",alexanderdubynin,inside,inside,2023-04-16,day,iNaturalist observed_on parsed as calendar day,eligible,species-level iNaturalist query; no higher-rank query flag in source screening,True
Paeonia intermedia,Paeonia_intermedia.json,155573885,https://www.inaturalist.org/observations/155573885,Paeonia intermedia,520913,2023-04-16,2023-04-16 15:58:02,43.2611875686,77.1118666604,,,1645.0,research,cc-by-nc,"Талгарский район, Казахстан",shtepbraiter,inside,inside,2023-04-16,day,iNaturalist observed_on parsed as calendar day,eligible,species-level iNaturalist query; no higher-rank query flag in source screening,True
Paeonia intermedia,Paeonia_intermedia.json,252385046,https://www.inaturalist.org/observations/252385046,Paeonia intermedia,520913,2023-04-16,2023-04-16 15:58:43,43.1956687427,77.1270633861,,,523.0,research,cc-by-nc,"Медеуский район, Алматы, Казахстан",shtepbraiter,inside,inside,2023-04-16,day,iNaturalist observed_on parsed as calendar day,eligible,species-level iNaturalist query; no higher-rank query flag in source screening,True
Paeonia intermedia,Paeonia_intermedia.json,252385017,https://www.inaturalist.org/observations/252385017,Paeonia intermedia,520913,2023-04-16,2023-04-16 15:59:14,43.2347609801,77.0906188712,,,941.0,research,cc-by-nc,"Талгарский район, Казахстан",shtepbraiter,inside,inside,2023-04-16,day,iNaturalist observed_on parsed as calendar day,eligible,species-level iNaturalist query; no higher-rank query flag in source screening,True
Paeonia intermedia,Paeonia_intermedia.json,165879781,https://www.inaturalist.org/observations/165879781,Paeonia intermedia,520913,2023-04-16,2023/04/16 16:32,43.15186,76.79419,,,,research,cc-by-nc,"Каратальский район, Казахстан",inessa_selyutina,inside,inside,2023-04-16,day,iNaturalist observed_on parsed as calendar day,eligible,species-level iNaturalist query; no higher-rank query flag in source screening,True
Paeonia intermedia,Paeonia_intermedia.json,158689579,https://www.inaturalist.org/observations/158689579,Paeonia intermedia,520913,2023-04-27,2023/04/27 15:45,43.1542243889,76.7931594722,,,,research,cc-by,"Karasayskiy, Almaty, Kazakhstan",alexanderdubynin,inside,inside,2023-04-27,day,iNaturalist observed_on parsed as calendar day,eligible,species-level iNaturalist query; no higher-rank query flag in source screening,True
Paeonia intermedia,Paeonia_intermedia.json,158689581,https://www.inaturalist.org/observations/158689581,Paeonia intermedia,520913,2023-04-27,2023/04/27 15:46,43.1546325556,76.7940063333,,,,research,cc-by,"Karasayskiy, Almaty, Kazakhstan",alexanderdubynin,inside,inside,2023-04-27,day,iNaturalist observed_on parsed as calendar day,eligible,species-level iNaturalist query; no higher-rank query flag in source screening,True
Paeonia intermedia,Paeonia_intermedia.json,158689583,https://www.inaturalist.org/observations/158689583,Paeonia intermedia,520913,2023-04-27,2023/04/27 15:50,43.1546478056,76.794075,,,,research,cc-by,"Карасайский район, Казахстан",alexanderdubynin,inside,inside,2023-04-27,day,iNaturalist observed_on parsed as calendar day,eligible,species-level iNaturalist query; no higher-rank query flag in source screening,True
Paeonia intermedia,Paeonia_intermedia.json,158689588,https://www.inaturalist.org/observations/158689588,Paeonia intermedia,520913,2023-04-27,2023/04/27 15:52,43.154335,76.7940521111,,,,research,cc-by,"Karasayskiy, Almaty, Kazakhstan",alexanderdubynin,inside,inside,2023-04-27,day,iNaturalist observed_on parsed as calendar day,eligible,species-level iNaturalist query; no higher-rank query flag in source screening,True
Paeonia intermedia,Paeonia_intermedia.json,158689612,https://www.inaturalist.org/observations/158689612,Paeonia intermedia,520913,2023-04-27,2023/04/27 15:58,43.1538047778,76.7942275833,,,,research,cc-by,"Karasayskiy, Almaty, Kazakhstan",alexanderdubynin,inside,inside,2023-04-27,day,iNaturalist observed_on parsed as calendar day,eligible,species-level iNaturalist query; no higher-rank query flag in source screening,True
Paeonia intermedia,Paeonia_intermedia.json,158689629,https://www.inaturalist.org/observations/158689629,Paeonia intermedia,520913,2023-04-27,2023/04/27 16:00,43.1525878889,76.7951278611,,,,research,cc-by,"Карасайский район, Казахстан",alexanderdubynin,inside,inside,2023-04-27,day,iNaturalist observed_on parsed as calendar day,eligible,species-level iNaturalist query; no higher-rank query flag in source screening,True
Paeonia intermedia,Paeonia_intermedia.json,158689631,https://www.inaturalist.org/observations/158689631,Paeonia intermedia,520913,2023-04-27,2023/04/27 16:00,43.1525878889,76.7951278611,,,,research,cc-by,"Karasayskiy, Almaty, Kazakhstan",alexanderdubynin,inside,inside,2023-04-27,day,iNaturalist observed_on parsed as calendar day,eligible,species-level iNaturalist query; no higher-rank query flag in source screening,True
Paeonia intermedia,Paeonia_intermedia.json,158689638,https://www.inaturalist.org/observations/158689638,Paeonia intermedia,520913,2023-04-27,2023/04/27 16:00,43.1525878889,76.7951278611,,,,research,cc-by,"Karasayskiy, Almaty, Kazakhstan",alexanderdubynin,inside,inside,2023-04-27,day,iNaturalist observed_on parsed as calendar day,eligible,species-level iNaturalist query; no higher-rank query flag in source screening,True
Paeonia intermedia,Paeonia_intermedia.json,158689642,https://www.inaturalist.org/observations/158689642,Paeonia intermedia,520913,2023-04-27,2023/04/27 16:00,43.1530733,76.7942266,,,,research,cc-by,"Karasayskiy, Almaty, Kazakhstan",alexanderdubynin,inside,inside,2023-04-27,day,iNaturalist observed_on parsed as calendar day,eligible,species-level iNaturalist query; no higher-rank query flag in source screening,True
Paeonia intermedia,Paeonia_intermedia.json,158689680,https://www.inaturalist.org/observations/158689680,Paeonia intermedia,520913,2023-04-27,2023/04/27 16:16,43.1498565556,76.7941894444,,,,research,cc-by,"Карасайский район, Казахстан",alexanderdubynin,inside,inside,2023-04-27,day,iNaturalist observed_on parsed as calendar day,eligible,species-level iNaturalist query; no higher-rank query flag in source screening,True
Paeonia intermedia,Paeonia_intermedia.json,159436011,https://www.inaturalist.org/observations/159436011,Paeonia intermedia,520913,2023-05-03,2023-05-03 16:29:00,43.1797222222,76.9980555556,,,,research,cc-by-nc,"Медеуский район, Алматы, Казахстан",svetlanasp,inside,inside,2023-05-03,day,iNaturalist observed_on parsed as calendar day,eligible,species-level iNaturalist query; no higher-rank query flag in source screening,True
Paeonia intermedia,Paeonia_intermedia.json,161985935,https://www.inaturalist.org/observations/161985935,Paeonia intermedia,520913,2023-05-12,2023/05/12 16:49,43.142118,76.7820289717,,,,research,cc-by-nc,"Karasayskiy, Almaty, Kazakhstan",alzov,inside,inside,2023-05-12,day,iNaturalist observed_on parsed as calendar day,eligible,species-level iNaturalist query; no higher-rank query flag in source screening,True
Paeonia intermedia,Paeonia_intermedia.json,161990381,https://www.inaturalist.org/observations/161990381,Paeonia intermedia,520913,2023-05-12,2023/05/12 16:55,43.1420329717,76.782836,,,,research,cc-by-nc,"Карасайский район, Казахстан",alzov,inside,inside,2023-05-12,day,iNaturalist observed_on parsed as calendar day,eligible,species-level iNaturalist query; no higher-rank query flag in source screening,True
Paeonia intermedia,Paeonia_intermedia.json,196211227,https://www.inaturalist.org/observations/196211227,Paeonia intermedia,520913,2023-05-16,2023/05/16 17:17,43.1169149997,76.7495483,,,,research,cc-by-nc,"Карасайский район, Казахстан",aleksandrebel,inside,inside,2023-05-16,day,iNaturalist observed_on parsed as calendar day,eligible,species-level iNaturalist query; no higher-rank query flag in source screening,True
Paeonia intermedia,Paeonia_intermedia.json,162667857,https://www.inaturalist.org/observations/162667857,Paeonia intermedia,520913,2023-05-20,2023-05-20 12:40:30+06:00,43.1666555,77.082375,,,3.0,research,,"Алмаатинская область, KZ",anastasiamarkieva,inside,inside,2023-05-20,day,iNaturalist observed_on parsed as calendar day,eligible,species-level iNaturalist query; no higher-rank query flag in source screening,True
Paeonia intermedia,Paeonia_intermedia.json,192900932,https://www.inaturalist.org/observations/192900932,Paeonia intermedia,520913,2023-05-25,2023/05/25 13:08,43.1726694525,77.1093401668,,,8.0,research,cc-by-nc,"Медеуский район, Алматы, Казахстан",vladimir_epiktetov,inside,inside,2023-05-25,day,iNaturalist observed_on parsed as calendar day,eligible,species-level iNaturalist query; no higher-rank query flag in source screening,True
Paeonia intermedia,Paeonia_intermedia.json,229651863,https://www.inaturalist.org/observations/229651863,Paeonia intermedia,520913,2023-06-01,2023/06/01 18:37,43.1427215,77.0037925,,,185.0,research,,"Кок-Жайляу, Алматы, Казахстан",letovglazah,inside,inside,2023-06-01,day,iNaturalist observed_on parsed as calendar day,eligible,species-level iNaturalist query; no higher-rank query flag in source screening,True
Paeonia intermedia,Paeonia_intermedia.json,207164727,https://www.inaturalist.org/observations/207164727,Paeonia intermedia,520913,2024-04-14,2024/04/14 11:44,43.3305886139,77.3020828268,,,1074.0,research,cc-by-nc,"Енбекшиказахский район, Казахстан",nkanunnikov,inside,inside,2024-04-14,day,iNaturalist observed_on parsed as calendar day,eligible,species-level iNaturalist query; no higher-rank query flag in source screening,True
Paeonia intermedia,Paeonia_intermedia.json,207377680,https://www.inaturalist.org/observations/207377680,Paeonia intermedia,520913,2024-04-14,2024/04/14 12:13,43.2376005119,77.0321383327,,,673.0,research,cc-by,"Медеуский район, Алматы, Казахстан",elanaky,inside,inside,2024-04-14,day,iNaturalist observed_on parsed as calendar day,eligible,species-level iNaturalist query; no higher-rank query flag in source screening,True
Paeonia intermedia,Paeonia_intermedia.json,214635489,https://www.inaturalist.org/observations/214635489,Paeonia intermedia,520913,2024-04-24,2024-04-24 09:40:57,43.1381095522,76.9371559471,,,922.0,research,cc-by-nc,"Бостандыкский район, Алматы, Казахстан",elenasyutkina,inside,inside,2024-04-24,day,iNaturalist observed_on parsed as calendar day,eligible,species-level iNaturalist query; no higher-rank query flag in source screening,True
Paeonia intermedia,Paeonia_intermedia.json,210098815,https://www.inaturalist.org/observations/210098815,Paeonia intermedia,520913,2024-04-27,2024/04/27 12:10,43.1572732997,76.7922999997,,,,research,cc-by,"Karasayskiy, Almaty, Kazakhstan",alexanderdubynin,inside,inside,2024-04-27,day,iNaturalist observed_on parsed as calendar day,eligible,species-level iNaturalist query; no higher-rank query flag in source screening,True
Paeonia intermedia,Paeonia_intermedia.json,210122525,https://www.inaturalist.org/observations/210122525,Paeonia intermedia,520913,2024-04-27,2024/04/27 12:35,43.1545982222,76.7938461111,,,,research,cc-by,"Карасайский район, Казахстан",alexanderdubynin,inside,inside,2024-04-27,day,iNaturalist observed_on parsed as calendar day,eligible,species-level iNaturalist query; no higher-rank query flag in source screening,True
Paeonia intermedia,Paeonia_intermedia.json,210122533,https://www.inaturalist.org/observations/210122533,Paeonia intermedia,520913,2024-04-27,2024/04/27 12:35,43.1545982222,76.7938995278,,,,research,cc-by,"Карасайский район, Казахстан",alexanderdubynin,inside,inside,2024-04-27,day,iNaturalist observed_on parsed as calendar day,eligible,species-level iNaturalist query; no higher-rank query flag in source screening,True
Paeonia intermedia,Paeonia_intermedia.json,210122549,https://www.inaturalist.org/observations/210122549,Paeonia intermedia,520913,2024-04-27,2024/04/27 12:36,43.15462875,76.7940368611,,,,research,cc-by,"Карасайский район, Казахстан",alexanderdubynin,inside,inside,2024-04-27,day,iNaturalist observed_on parsed as calendar day,eligible,species-level iNaturalist query; no higher-rank query flag in source screening,True
Paeonia intermedia,Paeonia_intermedia.json,210122562,https://www.inaturalist.org/observations/210122562,Paeonia intermedia,520913,2024-04-27,2024/04/27 12:37,43.1545676944,76.79405975,,,,research,cc-by,"Карасайский район, Казахстан",alexanderdubynin,inside,inside,2024-04-27,day,iNaturalist observed_on parsed as calendar day,eligible,species-level iNaturalist query; no higher-rank query flag in source screening,True
Paeonia intermedia,Paeonia_intermedia.json,210122584,https://www.inaturalist.org/observations/210122584,Paeonia intermedia,520913,2024-04-27,2024/04/27 13:11,43.1545535997,76.7938431997,,,,research,cc-by,"Карасайский район, Казахстан",alexanderdubynin,inside,inside,2024-04-27,day,iNaturalist observed_on parsed as calendar day,eligible,species-level iNaturalist query; no higher-rank query flag in source screening,True
Paeonia intermedia,Paeonia_intermedia.json,210122595,https://www.inaturalist.org/observations/210122595,Paeonia intermedia,520913,2024-04-27,2024/04/27 13:12,43.1545219167,76.7938003333,,,,research,cc-by,"Карасайский район, Казахстан",alexanderdubynin,inside,inside,2024-04-27,day,iNaturalist observed_on parsed as calendar day,eligible,species-level iNaturalist query; no higher-rank query flag in source screening,True
Paeonia intermedia,Paeonia_intermedia.json,210122619,https://www.inaturalist.org/observations/210122619,Paeonia intermedia,520913,2024-04-27,2024/04/27 13:13,43.1544875833,76.7937316667,,,,research,cc-by,"Карасайский район, Казахстан",alexanderdubynin,inside,inside,2024-04-27,day,iNaturalist observed_on parsed as calendar day,eligible,species-level iNaturalist query; no higher-rank query flag in source screening,True
Paeonia intermedia,Paeonia_intermedia.json,210122506,https://www.inaturalist.org/observations/210122506,Paeonia intermedia,520913,2024-04-27,2024/04/27 13:34,43.1545753333,76.7938003333,,,,research,cc-by,"Karasayskiy, Almaty, Kazakhstan",alexanderdubynin,inside,inside,2024-04-27,day,iNaturalist observed_on parsed as calendar day,eligible,species-level iNaturalist query; no higher-rank query flag in source screening,True
Paeonia intermedia,Paeonia_intermedia.json,210122517,https://www.inaturalist.org/observations/210122517,Paeonia intermedia,520913,2024-04-27,2024/04/27 13:35,43.1545715278,76.7937927222,,,,research,cc-by,"Karasayskiy, Almaty, Kazakhstan",alexanderdubynin,inside,inside,2024-04-27,day,iNaturalist observed_on parsed as calendar day,eligible,species-level iNaturalist query; no higher-rank query flag in source screening,True
Paeonia intermedia,Paeonia_intermedia.json,210955624,https://www.inaturalist.org/observations/210955624,Paeonia intermedia,520913,2024-04-28,2024-04-28 14:16:00+05:00,43.2604568774,77.0351046524,,,58.0,research,,"Almaty, KZ",natalia18007,inside,inside,2024-04-28,day,iNaturalist observed_on parsed as calendar day,eligible,species-level iNaturalist query; no higher-rank query flag in source screening,True
Paeonia intermedia,Paeonia_intermedia.json,210815969,https://www.inaturalist.org/observations/210815969,Paeonia intermedia,520913,2024-04-28,2024/04/28 14:32,43.1054932997,76.7782866,,,,research,cc-by,"Карасайский район, Казахстан",alexanderdubynin,inside,inside,2024-04-28,day,iNaturalist observed_on parsed as calendar day,eligible,species-level iNaturalist query; no higher-rank query flag in source screening,True
Paeonia intermedia,Paeonia_intermedia.json,210815976,https://www.inaturalist.org/observations/210815976,Paeonia intermedia,520913,2024-04-28,2024/04/28 14:33,43.1054076944,76.77822875,,,,research,cc-by,"Карасайский район, Казахстан",alexanderdubynin,inside,inside,2024-04-28,day,iNaturalist observed_on parsed as calendar day,eligible,species-level iNaturalist query; no higher-rank query flag in source screening,True
Paeonia intermedia,Paeonia_intermedia.json,210815986,https://www.inaturalist.org/observations/210815986,Paeonia intermedia,520913,2024-04-28,2024/04/28 14:33,43.1054076944,76.77822875,,,,research,cc-by,"Карасайский район, Казахстан",alexanderdubynin,inside,inside,2024-04-28,day,iNaturalist observed_on parsed as calendar day,eligible,species-level iNaturalist query; no higher-rank query flag in source screening,True
Paeonia intermedia,Paeonia_intermedia.json,210796031,https://www.inaturalist.org/observations/210796031,Paeonia intermedia,520913,2024-04-28,2024-04-28 15:33:59,43.2406406793,77.0298893005,,,182.0,research,cc-by,"Медеуский район, Алматы, Казахстан",elanaky,inside,inside,2024-04-28,day,iNaturalist observed_on parsed as calendar day,eligible,species-level iNaturalist query; no higher-rank query flag in source screening,True
Paeonia intermedia,Paeonia_intermedia.json,210798419,https://www.inaturalist.org/observations/210798419,Paeonia intermedia,520913,2024-04-28,2024-04-28 15:39:18,43.2110703441,76.9857615978,,,11572.0,research,cc-by,"Медеуский район, Алматы, Казахстан",elanaky,inside,inside,2024-04-28,day,iNaturalist observed_on parsed as calendar day,eligible,species-level iNaturalist query; no higher-rank query flag in source screening,True
Paeonia intermedia,Paeonia_intermedia.json,210804139,https://www.inaturalist.org/observations/210804139,Paeonia intermedia,520913,2024-04-28,2024-04-28 15:41:19,43.23123025,77.02818878,,,1262.0,research,cc-by,"Медеуский район, Алматы, Казахстан",elanaky,inside,inside,2024-04-28,day,iNaturalist observed_on parsed as calendar day,eligible,species-level iNaturalist query; no higher-rank query flag in source screening,True
Paeonia intermedia,Paeonia_intermedia.json,210806469,https://www.inaturalist.org/observations/210806469,Paeonia intermedia,520913,2024-04-28,2024-04-28 15:44:35,43.2325659619,77.0341459662,,,826.0,research,cc-by,"Медеуский район, Алматы, Казахстан",elanaky,inside,inside,2024-04-28,day,iNaturalist observed_on parsed as calendar day,eligible,species-level iNaturalist query; no higher-rank query flag in source screening,True
Paeonia intermedia,Paeonia_intermedia.json,212233871,https://www.inaturalist.org/observations/212233871,Paeonia intermedia,520913,2024-04-29,2024/04/29 13:26,43.29153,77.1108016667,,,,research,cc-by-nc,"Талгарский район, Казахстан",nkanunnikov,inside,inside,2024-04-29,day,iNaturalist observed_on parsed as calendar day,eligible,species-level iNaturalist query; no higher-rank query flag in source screening,True
Paeonia intermedia,Paeonia_intermedia.json,211587627,https://www.inaturalist.org/observations/211587627,Paeonia intermedia,520913,2024-04-29,2024/04/29 13:48,43.1567153889,76.7834701389,,,,research,cc-by,"Карасайский район, Казахстан",alexanderdubynin,inside,inside,2024-04-29,day,iNaturalist observed_on parsed as calendar day,eligible,species-level iNaturalist query; no higher-rank query flag in source screening,True
Paeonia intermedia,Paeonia_intermedia.json,211587630,https://www.inaturalist.org/observations/211587630,Paeonia intermedia,520913,2024-04-29,2024/04/29 13:48,43.1567153889,76.7834701389,,,,research,cc-by,"Карасайский район, Казахстан",alexanderdubynin,inside,inside,2024-04-29,day,iNaturalist observed_on parsed as calendar day,eligible,species-level iNaturalist query; no higher-rank query flag in source screening,True
Paeonia intermedia,Paeonia_intermedia.json,211587773,https://www.inaturalist.org/observations/211587773,Paeonia intermedia,520913,2024-04-29,2024/04/29 14:05,43.1560683,76.7842449997,,,,research,cc-by,"Карасайский район, Казахстан",alexanderdubynin,inside,inside,2024-04-29,day,iNaturalist observed_on parsed as calendar day,eligible,species-level iNaturalist query; no higher-rank query flag in source screening,True
Paeonia intermedia,Paeonia_intermedia.json,211587775,https://www.inaturalist.org/observations/211587775,Paeonia intermedia,520913,2024-04-29,2024/04/29 14:06,43.1560733,76.7842533,,,,research,cc-by,"Карасайский район, Казахстан",alexanderdubynin,inside,inside,2024-04-29,day,iNaturalist observed_on parsed as calendar day,eligible,species-level iNaturalist query; no higher-rank query flag in source screening,True
Paeonia intermedia,Paeonia_intermedia.json,211587795,https://www.inaturalist.org/observations/211587795,Paeonia intermedia,520913,2024-04-29,2024/04/29 14:09,43.1559833,76.78443,,,,research,cc-by,"Карасайский район, Казахстан",alexanderdubynin,inside,inside,2024-04-29,day,iNaturalist observed_on parsed as calendar day,eligible,species-level iNaturalist query; no higher-rank query flag in source screening,True
Paeonia intermedia,Paeonia_intermedia.json,211680982,https://www.inaturalist.org/observations/211680982,Paeonia intermedia,520913,2024-04-29,2024/04/29 15:12,43.1556548889,76.7866744722,,,,research,cc-by,"Карасайский район, Казахстан",alexanderdubynin,inside,inside,2024-04-29,day,iNaturalist observed_on parsed as calendar day,eligible,species-level iNaturalist query; no higher-rank query flag in source screening,True
Paeonia intermedia,Paeonia_intermedia.json,211680988,https://www.inaturalist.org/observations/211680988,Paeonia intermedia,520913,2024-04-29,2024/04/29 15:13,43.1555747778,76.7868423333,,,,research,cc-by,"Карасайский район, Казахстан",alexanderdubynin,inside,inside,2024-04-29,day,iNaturalist observed_on parsed as calendar day,eligible,species-level iNaturalist query; no higher-rank query flag in source screening,True
Paeonia intermedia,Paeonia_intermedia.json,211681014,https://www.inaturalist.org/observations/211681014,Paeonia intermedia,520913,2024-04-29,2024/04/29 15:15,43.1555480833,76.7870254444,,,,research,cc-by,"Карасайский район, Казахстан",alexanderdubynin,inside,inside,2024-04-29,day,iNaturalist observed_on parsed as calendar day,eligible,species-level iNaturalist query; no higher-rank query flag in source screening,True
Paeonia intermedia,Paeonia_intermedia.json,215487633,https://www.inaturalist.org/observations/215487633,Paeonia intermedia,520913,2024-04-29,2024-04-29 15:15:14+05:00,43.1658278333,77.0466916667,,,20.0,research,,"Алмаатинская область, KZ",anastasiamarkieva,inside,inside,2024-04-29,day,iNaturalist observed_on parsed as calendar day,eligible,species-level iNaturalist query; no higher-rank query flag in source screening,True
Paeonia intermedia,Paeonia_intermedia.json,211681032,https://www.inaturalist.org/observations/211681032,Paeonia intermedia,520913,2024-04-29,2024/04/29 15:16,43.1555565997,76.7871216,,,,research,cc-by,"Карасайский район, Казахстан",alexanderdubynin,inside,inside,2024-04-29,day,iNaturalist observed_on parsed as calendar day,eligible,species-level iNaturalist query; no higher-rank query flag in source screening,True
Paeonia intermedia,Paeonia_intermedia.json,211681043,https://www.inaturalist.org/observations/211681043,Paeonia intermedia,520913,2024-04-29,2024/04/29 15:16,43.1555115997,76.7871516,,,,research,cc-by,"Карасайский район, Казахстан",alexanderdubynin,inside,inside,2024-04-29,day,iNaturalist observed_on parsed as calendar day,eligible,species-level iNaturalist query; no higher-rank query flag in source screening,True
Paeonia intermedia,Paeonia_intermedia.json,211681051,https://www.inaturalist.org/observations/211681051,Paeonia intermedia,520913,2024-04-29,2024/04/29 15:17,43.1554749,76.787205,,,,research,cc-by,"Карасайский район, Казахстан",alexanderdubynin,inside,inside,2024-04-29,day,iNaturalist observed_on parsed as calendar day,eligible,species-level iNaturalist query; no higher-rank query flag in source screening,True
Paeonia intermedia,Paeonia_intermedia.json,211681080,https://www.inaturalist.org/observations/211681080,Paeonia intermedia,520913,2024-04-29,2024/04/29 15:19,43.1553191944,76.7874679444,,,,research,cc-by,"Карасайский район, Казахстан",alexanderdubynin,inside,inside,2024-04-29,day,iNaturalist observed_on parsed as calendar day,eligible,species-level iNaturalist query; no higher-rank query flag in source screening,True
Paeonia intermedia,Paeonia_intermedia.json,211681079,https://www.inaturalist.org/observations/211681079,Paeonia intermedia,520913,2024-04-29,2024/04/29 15:26,43.1540221944,76.7874450556,,,,research,cc-by,"Карасайский район, Казахстан",alexanderdubynin,inside,inside,2024-04-29,day,iNaturalist observed_on parsed as calendar day,eligible,species-level iNaturalist query; no higher-rank query flag in source screening,True
Paeonia intermedia,Paeonia_intermedia.json,211681113,https://www.inaturalist.org/observations/211681113,Paeonia intermedia,520913,2024-04-29,2024/04/29 15:31,43.1539649722,76.7873458611,,,,research,cc-by,"Карасайский район, Казахстан",alexanderdubynin,inside,inside,2024-04-29,day,iNaturalist observed_on parsed as calendar day,eligible,species-level iNaturalist query; no higher-rank query flag in source screening,True
Paeonia intermedia,Paeonia_intermedia.json,211681128,https://www.inaturalist.org/observations/211681128,Paeonia intermedia,520913,2024-04-29,2024/04/29 15:32,43.1539535278,76.7873458611,,,,research,cc-by,"Карасайский район, Казахстан",alexanderdubynin,inside,inside,2024-04-29,day,iNaturalist observed_on parsed as calendar day,eligible,species-level iNaturalist query; no higher-rank query flag in source screening,True
Paeonia intermedia,Paeonia_intermedia.json,211681151,https://www.inaturalist.org/observations/211681151,Paeonia intermedia,520913,2024-04-29,2024/04/29 15:32,43.1539215997,76.7872916,,,,research,cc-by,"Карасайский район, Казахстан",alexanderdubynin,inside,inside,2024-04-29,day,iNaturalist observed_on parsed as calendar day,eligible,species-level iNaturalist query; no higher-rank query flag in source screening,True
Paeonia intermedia,Paeonia_intermedia.json,211681165,https://www.inaturalist.org/observations/211681165,Paeonia intermedia,520913,2024-04-29,2024/04/29 15:34,43.1537399997,76.7871432997,,,,research,cc-by,"Карасайский район, Казахстан",alexanderdubynin,inside,inside,2024-04-29,day,iNaturalist observed_on parsed as calendar day,eligible,species-level iNaturalist query; no higher-rank query flag in source screening,True
Paeonia intermedia,Paeonia_intermedia.json,212248277,https://www.inaturalist.org/observations/212248277,Paeonia intermedia,520913,2024-04-29,2024/04/29 15:35,43.2543360642,77.1210721132,,,303.0,research,cc-by-nc,"Талгарский район, Казахстан",nkanunnikov,inside,inside,2024-04-29,day,iNaturalist observed_on parsed as calendar day,eligible,species-level iNaturalist query; no higher-rank query flag in source screening,True
Paeonia intermedia,Paeonia_intermedia.json,211681183,https://www.inaturalist.org/observations/211681183,Paeonia intermedia,520913,2024-04-29,2024/04/29 15:41,43.1534995833,76.7872695833,,,,research,cc-by,"Карасайский район, Казахстан",alexanderdubynin,inside,inside,2024-04-29,day,iNaturalist observed_on parsed as calendar day,eligible,species-level iNaturalist query; no higher-rank query flag in source screening,True
Paeonia intermedia,Paeonia_intermedia.json,211681196,https://www.inaturalist.org/observations/211681196,Paeonia intermedia,520913,2024-04-29,2024/04/29 15:43,43.1534614444,76.7873916389,,,,research,cc-by,"Карасайский район, Казахстан",alexanderdubynin,inside,inside,2024-04-29,day,iNaturalist observed_on parsed as calendar day,eligible,species-level iNaturalist query; no higher-rank query flag in source screening,True
Paeonia intermedia,Paeonia_intermedia.json,211681218,https://www.inaturalist.org/observations/211681218,Paeonia intermedia,520913,2024-04-29,2024/04/29 15:44,43.1538009444,76.7873763889,,,,research,cc-by,"Карасайский район, Казахстан",alexanderdubynin,inside,inside,2024-04-29,day,iNaturalist observed_on parsed as calendar day,eligible,species-level iNaturalist query; no higher-rank query flag in source screening,True
Paeonia intermedia,Paeonia_intermedia.json,211681227,https://www.inaturalist.org/observations/211681227,Paeonia intermedia,520913,2024-04-29,2024/04/29 15:45,43.1538467222,76.7873763889,,,,research,cc-by,"Карасайский район, Казахстан",alexanderdubynin,inside,inside,2024-04-29,day,iNaturalist observed_on parsed as calendar day,eligible,species-level iNaturalist query; no higher-rank query flag in source screening,True
Paeonia intermedia,Paeonia_intermedia.json,211681237,https://www.inaturalist.org/observations/211681237,Paeonia intermedia,520913,2024-04-29,2024/04/29 15:46,43.1541213889,76.7873992778,,,,research,cc-by,"Карасайский район, Казахстан",alexanderdubynin,inside,inside,2024-04-29,day,iNaturalist observed_on parsed as calendar day,eligible,species-level iNaturalist query; no higher-rank query flag in source screening,True
Paeonia intermedia,Paeonia_intermedia.json,211680967,https://www.inaturalist.org/observations/211680967,Paeonia intermedia,520913,2024-04-29,2024/04/29 16:11,43.1556625278,76.7865066389,,,,research,cc-by,"Karasayskiy, Almaty, Kazakhstan",alexanderdubynin,inside,inside,2024-04-29,day,iNaturalist observed_on parsed as calendar day,eligible,species-level iNaturalist query; no higher-rank query flag in source screening,True
Paeonia intermedia,Paeonia_intermedia.json,212248303,https://www.inaturalist.org/observations/212248303,Paeonia intermedia,520913,2024-04-29,2024/04/29 16:28,43.2396893153,77.1293656058,,,607.0,research,cc-by-nc,"Талгарский район, Казахстан",nkanunnikov,inside,inside,2024-04-29,day,iNaturalist observed_on parsed as calendar day,eligible,species-level iNaturalist query; no higher-rank query flag in source screening,True
Paeonia intermedia,Paeonia_intermedia.json,212706677,https://www.inaturalist.org/observations/212706677,Paeonia intermedia,520913,2024-04-30,2024/04/30 23:16,44.7969112573,78.9074993184,,,199.0,research,cc-by-nc,"Текели, Казахстан",kirichok,inside,inside,2024-04-30,day,iNaturalist observed_on parsed as calendar day,eligible,species-level iNaturalist query; no higher-rank query flag in source screening,True
Paeonia intermedia,Paeonia_intermedia.json,212627806,https://www.inaturalist.org/observations/212627806,Paeonia intermedia,520913,2024-05-01,2024-05-01 10:06:58,43.3247222222,77.3119444444,,,,research,cc-by-nc,"Талгарский район, Казахстан",svetlanasp,inside,inside,2024-05-01,day,iNaturalist observed_on parsed as calendar day,eligible,species-level iNaturalist query; no higher-rank query flag in source screening,True
Paeonia intermedia,Paeonia_intermedia.json,212591018,https://www.inaturalist.org/observations/212591018,Paeonia intermedia,520913,2024-05-01,2024-05-01 13:02:24,43.3386111111,77.2738888889,,,,research,cc-by-nc,"Енбекшиказахский район, Казахстан",svetlanasp,inside,inside,2024-05-01,day,iNaturalist observed_on parsed as calendar day,eligible,species-level iNaturalist query; no higher-rank query flag in source screening,True
Paeonia intermedia,Paeonia_intermedia.json,331922496,https://www.inaturalist.org/observations/331922496,Paeonia intermedia,520913,2024-05-01,Wed May 01 2024 14:05:50 GMT +0500 (GMT),43.234588623,77.0357131958,,,,research,cc-by-nc,Алмаатинская область,anesnee,inside,inside,2024-05-01,day,iNaturalist observed_on parsed as calendar day,eligible,species-level iNaturalist query; no higher-rank query flag in source screening,True
Paeonia intermedia,Paeonia_intermedia.json,214564724,https://www.inaturalist.org/observations/214564724,Paeonia intermedia,520913,2024-05-08,2024-05-08 13:09:03,43.3386111111,77.2744444444,,,,research,cc-by-nc,"Енбекшиказахский район, Казахстан",svetlanasp,inside,inside,2024-05-08,day,iNaturalist observed_on parsed as calendar day,eligible,species-level iNaturalist query; no higher-rank query flag in source screening,True
Paeonia intermedia,Paeonia_intermedia.json,217446492,https://www.inaturalist.org/observations/217446492,Paeonia intermedia,520913,2024-05-09,2024/05/09 11:18,43.1623855804,77.0994029203,,,61.0,research,,"Медеуский район, Алматы, Казахстан",ekaterina54,inside,inside,2024-05-09,day,iNaturalist observed_on parsed as calendar day,eligible,species-level iNaturalist query; no higher-rank query flag in source screening,True
Paeonia intermedia,Paeonia_intermedia.json,214863147,https://www.inaturalist.org/observations/214863147,Paeonia intermedia,520913,2024-05-09,2024/05/09 13:40,43.135946,76.902511,,,,research,cc-by-nc,"Бостандыкский район, Алматы, Казахстан",atamat,inside,inside,2024-05-09,day,iNaturalist observed_on parsed as calendar day,eligible,species-level iNaturalist query; no higher-rank query flag in source screening,True
Paeonia intermedia,Paeonia_intermedia.json,223507835,https://www.inaturalist.org/observations/223507835,Paeonia intermedia,520913,2024-05-12,2024-05-12 14:10:53,43.1088777778,76.4364027778,,,,research,cc-by-nc,"Жамбылский район, Казахстан",liliyaabramova20,inside,inside,2024-05-12,day,iNaturalist observed_on parsed as calendar day,eligible,species-level iNaturalist query; no higher-rank query flag in source screening,True
Paeonia intermedia,Paeonia_intermedia.json,262676628,https://www.inaturalist.org/observations/262676628,Paeonia intermedia,520913,2024-05-14,2024/05/14 4:52 PM,43.0263367105,76.5666840838,,,15.0,research,cc-by-nc,"Karasay District, Kazakhstan",kenny_well,inside,inside,2024-05-14,day,iNaturalist observed_on parsed as calendar day,eligible,species-level iNaturalist query; no higher-rank query flag in source screening,True
Paeonia intermedia,Paeonia_intermedia.json,216083446,https://www.inaturalist.org/observations/216083446,Paeonia intermedia,520913,2024-05-16,2024-05-16 07:41:30+05:00,43.1370636225,76.9503541439,,,225.0,research,,"Алмаатинская область, KZ",ivan_epinin,inside,inside,2024-05-16,day,iNaturalist observed_on parsed as calendar day,eligible,species-level iNaturalist query; no higher-rank query flag in source screening,True
Paeonia intermedia,Paeonia_intermedia.json,219799316,https://www.inaturalist.org/observations/219799316,Paeonia intermedia,520913,2024-05-18,2024/05/18 10:38,43.251969405,77.0153493226,,,4.0,research,cc-by,"Медеуский район, Алматы, Казахстан",elanaky,inside,inside,2024-05-18,day,iNaturalist observed_on parsed as calendar day,eligible,species-level iNaturalist query; no higher-rank query flag in source screening,True
Paeonia intermedia,Paeonia_intermedia.json,216754234,https://www.inaturalist.org/observations/216754234,Paeonia intermedia,520913,2024-05-19,2024-05-19 13:04:45+05:00,43.1298111667,76.8622133333,,,4.0,research,cc-by-nc,"Almaty, KZ",selkinto,inside,inside,2024-05-19,day,iNaturalist observed_on parsed as calendar day,eligible,species-level iNaturalist query; no higher-rank query flag in source screening,True
Paeonia intermedia,Paeonia_intermedia.json,217238506,https://www.inaturalist.org/observations/217238506,Paeonia intermedia,520913,2024-05-19,2024-05-19 14:34:24+05:00,43.1163721667,76.8603366667,,,4.0,research,,"Almatinskaya oblast', KZ",olympus_herald,inside,inside,2024-05-19,day,iNaturalist observed_on parsed as calendar day,eligible,species-level iNaturalist query; no higher-rank query flag in source screening,True
Paeonia intermedia,Paeonia_intermedia.json,222429602,https://www.inaturalist.org/observations/222429602,Paeonia intermedia,520913,2024-05-24,2024/05/24 5:51 PM,43.0929396,76.8833303833,,,,research,cc-by-nc,"Karasay District, Kazakhstan",emanon,inside,inside,2024-05-24,day,iNaturalist observed_on parsed as calendar day,eligible,species-level iNaturalist query; no higher-rank query flag in source screening,True
Paeonia intermedia,Paeonia_intermedia.json,222429621,https://www.inaturalist.org/observations/222429621,Paeonia intermedia,520913,2024-05-24,2024/05/24 6:03 PM,43.0895753667,76.8841972833,,,,research,cc-by-nc,"Karasay District, Kazakhstan",emanon,inside,inside,2024-05-24,day,iNaturalist observed_on parsed as calendar day,eligible,species-level iNaturalist query; no higher-rank query flag in source screening,True
Paeonia intermedia,Paeonia_intermedia.json,220003043,https://www.inaturalist.org/observations/220003043,Paeonia intermedia,520913,2024-06-01,2024/06/01 10:31,43.1784452051,77.1091065081,,,771.0,research,cc-by-nc,"Талгарский район, Казахстан",nkanunnikov,inside,inside,2024-06-01,day,iNaturalist observed_on parsed as calendar day,eligible,species-level iNaturalist query; no higher-rank query flag in source screening,True
Paeonia intermedia,Paeonia_intermedia.json,220192418,https://www.inaturalist.org/observations/220192418,Paeonia intermedia,520913,2024-06-01,2024/06/01 12:05,43.2339079807,77.0664809737,,,294.0,research,cc-by,"Талгарский район, Казахстан",elanaky,inside,inside,2024-06-01,day,iNaturalist observed_on parsed as calendar day,eligible,species-level iNaturalist query; no higher-rank query flag in source screening,True
Paeonia intermedia,Paeonia_intermedia.json,221883222,https://www.inaturalist.org/observations/221883222,Paeonia intermedia,520913,2024-06-01,2024/06/01 12:40 PM,43.1761111516,77.1048944031,,,31.0,research,cc-by-nc,"Talgar District, Kazakhstan",gerderina,inside,inside,2024-06-01,day,iNaturalist observed_on parsed as calendar day,eligible,species-level iNaturalist query; no higher-rank query flag in source screening,True
Paeonia intermedia,Paeonia_intermedia.json,221494885,https://www.inaturalist.org/observations/221494885,Paeonia intermedia,520913,2024-06-01,2024-06-01 12:43:45,43.135918885,76.8655449897,,,4.0,research,cc-by-nc,"4VM8+VPP, Алматы, Казахстан",ksu57,inside,inside,2024-06-01,day,iNaturalist observed_on parsed as calendar day,eligible,species-level iNaturalist query; no higher-rank query flag in source screening,True
Paeonia intermedia,Paeonia_intermedia.json,220836596,https://www.inaturalist.org/observations/220836596,Paeonia intermedia,520913,2024-06-02,2024/06/02 12:25,43.0747421343,76.8365222388,,,244.0,research,cc-by,"Карасайский район, Казахстан",elanaky,inside,inside,2024-06-02,day,iNaturalist observed_on parsed as calendar day,eligible,species-level iNaturalist query; no higher-rank query flag in source screening,True
Paeonia intermedia,Paeonia_intermedia.json,247273996,https://www.inaturalist.org/observations/247273996,Paeonia intermedia,520913,2024-10-13,2024/10/13 12:10,42.9719529936,75.8746199417,,,571.0,research,cc-by-nc,"Жамбылский район, Казахстан",nkanunnikov,inside,inside,2024-10-13,day,iNaturalist observed_on parsed as calendar day,eligible,species-level iNaturalist query; no higher-rank query flag in source screening,True
Paeonia intermedia,Paeonia_intermedia.json,269933090,https://www.inaturalist.org/observations/269933090,Paeonia intermedia,520913,2025-04-12,2025-04-12 09:38:39,43.2827333333,77.1164666667,,,,research,cc-by-nc,"Талгарский район, Казахстан",nkanunnikov,inside,inside,2025-04-12,day,iNaturalist observed_on parsed as calendar day,eligible,species-level iNaturalist query; no higher-rank query flag in source screening,True
Paeonia intermedia,Paeonia_intermedia.json,269975663,https://www.inaturalist.org/observations/269975663,Paeonia intermedia,520913,2025-04-12,2025/04/12 16:25,43.153435,76.7857999997,,,,research,cc-by,"Карасайский район, Казахстан",alexanderdubynin,inside,inside,2025-04-12,day,iNaturalist observed_on parsed as calendar day,eligible,species-level iNaturalist query; no higher-rank query flag in source screening,True
Paeonia intermedia,Paeonia_intermedia.json,279659356,https://www.inaturalist.org/observations/279659356,Paeonia intermedia,520913,2025-04-12,2025-04-12 16:25:49,43.1534556,76.7858492997,,,,research,cc-by-nc,"Карасайский район, Казахстан",inessa_selyutina,inside,inside,2025-04-12,day,iNaturalist observed_on parsed as calendar day,eligible,species-level iNaturalist query; no higher-rank query flag in source screening,True
Paeonia intermedia,Paeonia_intermedia.json,324987833,https://www.inaturalist.org/observations/324987833,Paeonia intermedia,520913,2025-04-13,2025/04/13 11:08,43.233715438,77.0396191009,,,114.0,research,cc-by,"Медеуский район, Алматы, Казахстан",elanaky,inside,inside,2025-04-13,day,iNaturalist observed_on parsed as calendar day,eligible,species-level iNaturalist query; no higher-rank query flag in source screening,True
Paeonia intermedia,Paeonia_intermedia.json,324987837,https://www.inaturalist.org/observations/324987837,Paeonia intermedia,520913,2025-04-13,2025/04/13 11:10,43.233715438,77.0396191009,,,114.0,research,cc-by,"Медеуский район, Алматы, Казахстан",elanaky,inside,inside,2025-04-13,day,iNaturalist observed_on parsed as calendar day,eligible,species-level iNaturalist query; no higher-rank query flag in source screening,True
Paeonia intermedia,Paeonia_intermedia.json,324987878,https://www.inaturalist.org/observations/324987878,Paeonia intermedia,520913,2025-04-13,2025/04/13 11:11,43.2285767676,77.0502800136,,,335.0,research,cc-by,"Талгарский район, Казахстан",elanaky,inside,inside,2025-04-13,day,iNaturalist observed_on parsed as calendar day,eligible,species-level iNaturalist query; no higher-rank query flag in source screening,True
Paeonia intermedia,Paeonia_intermedia.json,324987839,https://www.inaturalist.org/observations/324987839,Paeonia intermedia,520913,2025-04-13,2025/04/13 11:12,43.233715438,77.0396191009,,,114.0,research,cc-by,"Медеуский район, Алматы, Казахстан",elanaky,inside,inside,2025-04-13,day,iNaturalist observed_on parsed as calendar day,eligible,species-level iNaturalist query; no higher-rank query flag in source screening,True
Paeonia intermedia,Paeonia_intermedia.json,324987840,https://www.inaturalist.org/observations/324987840,Paeonia intermedia,520913,2025-04-13,2025/04/13 11:12,43.233715438,77.0396191009,,,114.0,research,cc-by,"Медеуский район, Алматы, Казахстан",elanaky,inside,inside,2025-04-13,day,iNaturalist observed_on parsed as calendar day,eligible,species-level iNaturalist query; no higher-rank query flag in source screening,True
Paeonia intermedia,Paeonia_intermedia.json,324987841,https://www.inaturalist.org/observations/324987841,Paeonia intermedia,520913,2025-04-13,2025/04/13 11:13,43.233715438,77.0396191009,,,114.0,research,cc-by,"Медеуский район, Алматы, Казахстан",elanaky,inside,inside,2025-04-13,day,iNaturalist observed_on parsed as calendar day,eligible,species-level iNaturalist query; no higher-rank query flag in source screening,True
Paeonia intermedia,Paeonia_intermedia.json,324987843,https://www.inaturalist.org/observations/324987843,Paeonia intermedia,520913,2025-04-13,2025/04/13 11:14,43.233715438,77.0396191009,,,114.0,research,cc-by,"Медеуский район, Алматы, Казахстан",elanaky,inside,inside,2025-04-13,day,iNaturalist observed_on parsed as calendar day,eligible,species-level iNaturalist query; no higher-rank query flag in source screening,True
Paeonia intermedia,Paeonia_intermedia.json,324987861,https://www.inaturalist.org/observations/324987861,Paeonia intermedia,520913,2025-04-13,2025/04/13 11:48,43.2352677952,77.050334973,,,478.0,research,cc-by,"Талгарский район, Казахстан",elanaky,inside,inside,2025-04-13,day,iNaturalist observed_on parsed as calendar day,eligible,species-level iNaturalist query; no higher-rank query flag in source screening,True
Paeonia intermedia,Paeonia_intermedia.json,324987862,https://www.inaturalist.org/observations/324987862,Paeonia intermedia,520913,2025-04-13,2025/04/13 11:50,43.2352677952,77.050334973,,,478.0,research,cc-by,"Талгарский район, Казахстан",elanaky,inside,inside,2025-04-13,day,iNaturalist observed_on parsed as calendar day,eligible,species-level iNaturalist query; no higher-rank query flag in source screening,True
Paeonia intermedia,Paeonia_intermedia.json,324987874,https://www.inaturalist.org/observations/324987874,Paeonia intermedia,520913,2025-04-13,2025/04/13 12:30,43.2285767676,77.0502800136,,,335.0,research,cc-by,"Талгарский район, Казахстан",elanaky,inside,inside,2025-04-13,day,iNaturalist observed_on parsed as calendar day,eligible,species-level iNaturalist query; no higher-rank query flag in source screening,True
Paeonia intermedia,Paeonia_intermedia.json,272872467,https://www.inaturalist.org/observations/272872467,Paeonia intermedia,520913,2025-04-23,2025-04-23 11:39:35,43.2379111111,77.0248694444,,,,needs_id,,"Medeu District, Almaty, Kazakhstan",madina_mykty,inside,inside,2025-04-23,day,iNaturalist observed_on parsed as calendar day,eligible,species-level iNaturalist query; no higher-rank query flag in source screening,True
Paeonia intermedia,Paeonia_intermedia.json,273113373,https://www.inaturalist.org/observations/273113373,Paeonia intermedia,520913,2025-04-25,2025-04-25 15:09:07,43.1713909878,77.068554014,,,813.0,research,cc-by,"Медеу, Алматы, Казахстан",elanaky,inside,inside,2025-04-25,day,iNaturalist observed_on parsed as calendar day,eligible,species-level iNaturalist query; no higher-rank query flag in source screening,True
Paeonia intermedia,Paeonia_intermedia.json,278095431,https://www.inaturalist.org/observations/278095431,Paeonia intermedia,520913,2025-04-25,2025/04/25 15:29,43.173608,77.07916,,,1370.0,research,cc-by,"53FH+CM Серкебай, Алматы, Казахстан",elanaky,inside,inside,2025-04-25,day,iNaturalist observed_on parsed as calendar day,eligible,species-level iNaturalist query; no higher-rank query flag in source screening,True
Paeonia intermedia,Paeonia_intermedia.json,278095441,https://www.inaturalist.org/observations/278095441,Paeonia intermedia,520913,2025-04-25,2025/04/25 15:36,43.173608,77.07916,,,1370.0,research,cc-by,"53FH+CM Серкебай, Алматы, Казахстан",elanaky,inside,inside,2025-04-25,day,iNaturalist observed_on parsed as calendar day,eligible,species-level iNaturalist query; no higher-rank query flag in source screening,True
Paeonia intermedia,Paeonia_intermedia.json,278095442,https://www.inaturalist.org/observations/278095442,Paeonia intermedia,520913,2025-04-25,2025/04/25 15:36,43.173608,77.07916,,,1370.0,research,cc-by,"53FH+CM Серкебай, Алматы, Казахстан",elanaky,inside,inside,2025-04-25,day,iNaturalist observed_on parsed as calendar day,eligible,species-level iNaturalist query; no higher-rank query flag in source screening,True
Paeonia intermedia,Paeonia_intermedia.json,278095449,https://www.inaturalist.org/observations/278095449,Paeonia intermedia,520913,2025-04-25,2025/04/25 15:53,43.173608,77.07916,,,1370.0,research,cc-by,"53FH+CM Серкебай, Алматы, Казахстан",elanaky,inside,inside,2025-04-25,day,iNaturalist observed_on parsed as calendar day,eligible,species-level iNaturalist query; no higher-rank query flag in source screening,True
Paeonia intermedia,Paeonia_intermedia.json,275564627,https://www.inaturalist.org/observations/275564627,Paeonia intermedia,520913,2025-04-26,2025-04-26 10:41:51,43.2871328847,77.1128258854,,,270.0,research,,"Талгарский район, Казахстан",rizoma_v_postmodernizme,inside,inside,2025-04-26,day,iNaturalist observed_on parsed as calendar day,eligible,species-level iNaturalist query; no higher-rank query flag in source screening,True
Paeonia intermedia,Paeonia_intermedia.json,273851398,https://www.inaturalist.org/observations/273851398,Paeonia intermedia,520913,2025-04-26,2025-04-26 10:47:35,43.2380583333,77.0294527778,,,,research,,"Medeu District, Almaty, Kazakhstan",madina_mykty,inside,inside,2025-04-26,day,iNaturalist observed_on parsed as calendar day,eligible,species-level iNaturalist query; no higher-rank query flag in source screening,True
Paeonia intermedia,Paeonia_intermedia.json,277722172,https://www.inaturalist.org/observations/277722172,Paeonia intermedia,520913,2025-04-27,2025/04/27 16:58,43.2379761,76.8828618,,,29449.0,research,cc-by,"Алматы, Казахстан",elanaky,inside,inside,2025-04-27,day,iNaturalist observed_on parsed as calendar day,eligible,species-level iNaturalist query; no higher-rank query flag in source screening,True
Paeonia intermedia,Paeonia_intermedia.json,276539229,https://www.inaturalist.org/observations/276539229,Paeonia intermedia,520913,2025-04-28,2025/04/28 11:39,43.153219,76.793955,,,200.0,research,cc-by-nc,"Карасайский район, Казахстан",kirichok,inside,inside,2025-04-28,day,iNaturalist observed_on parsed as calendar day,eligible,species-level iNaturalist query; no higher-rank query flag in source screening,True
Paeonia intermedia,Paeonia_intermedia.json,276594454,https://www.inaturalist.org/observations/276594454,Paeonia intermedia,520913,2025-04-28,2025/04/28 12:40,43.1538352778,76.7931060556,,,,research,cc-by,"Карасайский район, Казахстан",alexanderdubynin,inside,inside,2025-04-28,day,iNaturalist observed_on parsed as calendar day,eligible,species-level iNaturalist query; no higher-rank query flag in source screening,True
Paeonia intermedia,Paeonia_intermedia.json,276602279,https://www.inaturalist.org/observations/276602279,Paeonia intermedia,520913,2025-04-28,2025/04/28 13:29,43.1527023056,76.7934036111,,,,research,cc-by,"Карасайский район, Казахстан",alexanderdubynin,inside,inside,2025-04-28,day,iNaturalist observed_on parsed as calendar day,eligible,species-level iNaturalist query; no higher-rank query flag in source screening,True
Paeonia intermedia,Paeonia_intermedia.json,276602281,https://www.inaturalist.org/observations/276602281,Paeonia intermedia,520913,2025-04-28,2025/04/28 13:29,43.1527251944,76.7934493889,,,,research,cc-by,"Карасайский район, Казахстан",alexanderdubynin,inside,inside,2025-04-28,day,iNaturalist observed_on parsed as calendar day,eligible,species-level iNaturalist query; no higher-rank query flag in source screening,True
Paeonia intermedia,Paeonia_intermedia.json,276602288,https://www.inaturalist.org/observations/276602288,Paeonia intermedia,520913,2025-04-28,2025/04/28 13:29,43.1527251944,76.79344175,,,,research,cc-by,"Карасайский район, Казахстан",alexanderdubynin,inside,inside,2025-04-28,day,iNaturalist observed_on parsed as calendar day,eligible,species-level iNaturalist query; no higher-rank query flag in source screening,True
Paeonia intermedia,Paeonia_intermedia.json,276602289,https://www.inaturalist.org/observations/276602289,Paeonia intermedia,520913,2025-04-28,2025/04/28 13:29,43.1527251944,76.79344175,,,,research,cc-by,"Карасайский район, Казахстан",alexanderdubynin,inside,inside,2025-04-28,day,iNaturalist observed_on parsed as calendar day,eligible,species-level iNaturalist query; no higher-rank query flag in source screening,True
Paeonia intermedia,Paeonia_intermedia.json,276602290,https://www.inaturalist.org/observations/276602290,Paeonia intermedia,520913,2025-04-28,2025/04/28 13:30,43.1527251944,76.7934493889,,,,research,cc-by,"Карасайский район, Казахстан",alexanderdubynin,inside,inside,2025-04-28,day,iNaturalist observed_on parsed as calendar day,eligible,species-level iNaturalist query; no higher-rank query flag in source screening,True
Paeonia intermedia,Paeonia_intermedia.json,276602297,https://www.inaturalist.org/observations/276602297,Paeonia intermedia,520913,2025-04-28,2025/04/28 13:30,43.1527251944,76.7934493889,,,,research,cc-by,"Карасайский район, Казахстан",alexanderdubynin,inside,inside,2025-04-28,day,iNaturalist observed_on parsed as calendar day,eligible,species-level iNaturalist query; no higher-rank query flag in source screening,True
Paeonia intermedia,Paeonia_intermedia.json,276602309,https://www.inaturalist.org/observations/276602309,Paeonia intermedia,520913,2025-04-28,2025/04/28 13:32,43.1528666,76.7934883,,,,research,cc-by,"Карасайский район, Казахстан",alexanderdubynin,inside,inside,2025-04-28,day,iNaturalist observed_on parsed as calendar day,eligible,species-level iNaturalist query; no higher-rank query flag in source screening,True
Paeonia intermedia,Paeonia_intermedia.json,276602320,https://www.inaturalist.org/observations/276602320,Paeonia intermedia,520913,2025-04-28,2025/04/28 13:32,43.1528672,76.7934848,,,,research,cc-by,"Карасайский район, Казахстан",alexanderdubynin,inside,inside,2025-04-28,day,iNaturalist observed_on parsed as calendar day,eligible,species-level iNaturalist query; no higher-rank query flag in source screening,True
Paeonia intermedia,Paeonia_intermedia.json,276602333,https://www.inaturalist.org/observations/276602333,Paeonia intermedia,520913,2025-04-28,2025/04/28 13:34,43.1529426389,76.7935714722,,,,research,cc-by,"Карасайский район, Казахстан",alexanderdubynin,inside,inside,2025-04-28,day,iNaturalist observed_on parsed as calendar day,eligible,species-level iNaturalist query; no higher-rank query flag in source screening,True
Paeonia intermedia,Paeonia_intermedia.json,276602334,https://www.inaturalist.org/observations/276602334,Paeonia intermedia,520913,2025-04-28,2025/04/28 13:35,43.1529439997,76.7935999997,,,,research,cc-by,"Карасайский район, Казахстан",alexanderdubynin,inside,inside,2025-04-28,day,iNaturalist observed_on parsed as calendar day,eligible,species-level iNaturalist query; no higher-rank query flag in source screening,True
Paeonia intermedia,Paeonia_intermedia.json,276602338,https://www.inaturalist.org/observations/276602338,Paeonia intermedia,520913,2025-04-28,2025/04/28 13:35,43.1529769722,76.7935867222,,,,research,cc-by,"Карасайский район, Казахстан",alexanderdubynin,inside,inside,2025-04-28,day,iNaturalist observed_on parsed as calendar day,eligible,species-level iNaturalist query; no higher-rank query flag in source screening,True
Paeonia intermedia,Paeonia_intermedia.json,276602354,https://www.inaturalist.org/observations/276602354,Paeonia intermedia,520913,2025-04-28,2025/04/28 13:39,43.1531295556,76.7936706389,,,,research,cc-by,"Карасайский район, Казахстан",alexanderdubynin,inside,inside,2025-04-28,day,iNaturalist observed_on parsed as calendar day,eligible,species-level iNaturalist query; no higher-rank query flag in source screening,True
Paeonia intermedia,Paeonia_intermedia.json,276602365,https://www.inaturalist.org/observations/276602365,Paeonia intermedia,520913,2025-04-28,2025/04/28 13:41,43.1532064,76.793824,,,,research,cc-by,"Карасайский район, Казахстан",alexanderdubynin,inside,inside,2025-04-28,day,iNaturalist observed_on parsed as calendar day,eligible,species-level iNaturalist query; no higher-rank query flag in source screening,True
Paeonia intermedia,Paeonia_intermedia.json,276625864,https://www.inaturalist.org/observations/276625864,Paeonia intermedia,520913,2025-04-28,2025/04/28 14:03,43.1533546389,76.7947540278,,,,research,cc-by,"Карасайский район, Казахстан",alexanderdubynin,inside,inside,2025-04-28,day,iNaturalist observed_on parsed as calendar day,eligible,species-level iNaturalist query; no higher-rank query flag in source screening,True
Paeonia intermedia,Paeonia_intermedia.json,276625885,https://www.inaturalist.org/observations/276625885,Paeonia intermedia,520913,2025-04-28,2025/04/28 14:25,43.1538079997,76.794464,,,,research,cc-by,"Карасайский район, Казахстан",alexanderdubynin,inside,inside,2025-04-28,day,iNaturalist observed_on parsed as calendar day,eligible,species-level iNaturalist query; no higher-rank query flag in source screening,True
Paeonia intermedia,Paeonia_intermedia.json,276625937,https://www.inaturalist.org/observations/276625937,Paeonia intermedia,520913,2025-04-28,2025/04/28 14:35,43.1544303889,76.7937545556,,,,research,cc-by,"Карасайский район, Казахстан",alexanderdubynin,inside,inside,2025-04-28,day,iNaturalist observed_on parsed as calendar day,eligible,species-level iNaturalist query; no higher-rank query flag in source screening,True
Paeonia intermedia,Paeonia_intermedia.json,277042557,https://www.inaturalist.org/observations/277042557,Paeonia intermedia,520913,2025-04-30,2025-04-30 10:53:37+05:00,45.4465533333,80.3665466667,,,3.0,needs_id,cc-by-nc,"Taldy Kurgan, KZ",woistsymbat,inside,inside,2025-04-30,day,iNaturalist observed_on parsed as calendar day,eligible,species-level iNaturalist query; no higher-rank query flag in source screening,True
Paeonia intermedia,Paeonia_intermedia.json,277405322,https://www.inaturalist.org/observations/277405322,Paeonia intermedia,520913,2025-05-01,2025-05-01 09:41:26,43.2942361111,77.10915,,,,research,cc-by-nc,"Талгарский район, Казахстан",nkanunnikov,inside,inside,2025-05-01,day,iNaturalist observed_on parsed as calendar day,eligible,species-level iNaturalist query; no higher-rank query flag in source screening,True
Paeonia intermedia,Paeonia_intermedia.json,277984863,https://www.inaturalist.org/observations/277984863,Paeonia intermedia,520913,2025-05-01,2025-05-01 10:12:21,43.3433177523,77.2963637486,,,186.0,research,cc-by-nc,"Енбекшиказахский район, Казахстан",svetlanasp,inside,inside,2025-05-01,day,iNaturalist observed_on parsed as calendar day,eligible,species-level iNaturalist query; no higher-rank query flag in source screening,True
Paeonia intermedia,Paeonia_intermedia.json,277977239,https://www.inaturalist.org/observations/277977239,Paeonia intermedia,520913,2025-05-01,2025-05-01 10:57:23,43.310661545,77.2986685853,obscured,,186.0,research,cc-by-nc,"Talgarskiy, KZ-AA, KZ",svetlanasp,inside,inside,2025-05-01,day,iNaturalist observed_on parsed as calendar day,eligible,species-level iNaturalist query; no higher-rank query flag in source screening,True
Paeonia intermedia,Paeonia_intermedia.json,277408376,https://www.inaturalist.org/observations/277408376,Paeonia intermedia,520913,2025-05-01,2025-05-01 11:41:12,43.2647861111,77.1258444444,,,,research,cc-by-nc,"Талгарский район, Казахстан",nkanunnikov,inside,inside,2025-05-01,day,iNaturalist observed_on parsed as calendar day,eligible,species-level iNaturalist query; no higher-rank query flag in source screening,True
Paeonia intermedia,Paeonia_intermedia.json,277392351,https://www.inaturalist.org/observations/277392351,Paeonia intermedia,520913,2025-05-01,2025-05-01 12:45:10,43.316424189,77.299168815,obscured,,186.0,research,cc-by-nc,"Talgarskiy, KZ-AA, KZ",svetlanasp,inside,inside,2025-05-01,day,iNaturalist observed_on parsed as calendar day,eligible,species-level iNaturalist query; no higher-rank query flag in source screening,True
Paeonia intermedia,Paeonia_intermedia.json,277386901,https://www.inaturalist.org/observations/277386901,Paeonia intermedia,520913,2025-05-01,2025-05-01 13:07:21,43.2593787342,77.2127591864,obscured,,186.0,research,cc-by-nc,"Talgarskiy, KZ-AA, KZ",svetlanasp,inside,inside,2025-05-01,day,iNaturalist observed_on parsed as calendar day,eligible,species-level iNaturalist query; no higher-rank query flag in source screening,True
Paeonia intermedia,Paeonia_intermedia.json,277385248,https://www.inaturalist.org/observations/277385248,Paeonia intermedia,520913,2025-05-01,2025-05-01 13:17:24,43.3016314799,77.3266766452,obscured,,186.0,research,cc-by-nc,"Talgarskiy, KZ-AA, KZ",svetlanasp,inside,inside,2025-05-01,day,iNaturalist observed_on parsed as calendar day,eligible,species-level iNaturalist query; no higher-rank query flag in source screening,True
Paeonia intermedia,Paeonia_intermedia.json,277381489,https://www.inaturalist.org/observations/277381489,Paeonia intermedia,520913,2025-05-01,2025-05-01 13:22:09,43.2084696647,77.2346189754,obscured,,397.0,research,cc-by-nc,"Talgarskiy, KZ-AA, KZ",svetlanasp,inside,inside,2025-05-01,day,iNaturalist observed_on parsed as calendar day,eligible,species-level iNaturalist query; no higher-rank query flag in source screening,True
Paeonia intermedia,Paeonia_intermedia.json,277380341,https://www.inaturalist.org/observations/277380341,Paeonia intermedia,520913,2025-05-01,2025-05-01 13:22:54,43.2452374598,77.2945251927,obscured,,647.0,research,cc-by-nc,"Talgarskiy, KZ-AA, KZ",svetlanasp,inside,inside,2025-05-01,day,iNaturalist observed_on parsed as calendar day,eligible,species-level iNaturalist query; no higher-rank query flag in source screening,True
Paeonia intermedia,Paeonia_intermedia.json,277990232,https://www.inaturalist.org/observations/277990232,Paeonia intermedia,520913,2025-05-03,2025/05/03 11:40,43.1625054957,77.0569054444,,,691.0,research,cc-by-nc,"Медеуский район, Алматы, Казахстан",dmitry_kopylov,inside,inside,2025-05-03,day,iNaturalist observed_on parsed as calendar day,eligible,species-level iNaturalist query; no higher-rank query flag in source screening,True
Paeonia intermedia,Paeonia_intermedia.json,278697211,https://www.inaturalist.org/observations/278697211,Paeonia intermedia,520913,2025-05-05,2025-05-05 14:28:58,43.1635142,77.0542856997,,,,needs_id,cc-by-nc,"5372+8V6 Тропа здоровья ""Nobel"", Алматы, Казахстан",sedachov,inside,inside,2025-05-05,day,iNaturalist observed_on parsed as calendar day,eligible,species-level iNaturalist query; no higher-rank query flag in source screening,True
Paeonia intermedia,Paeonia_intermedia.json,279908925,https://www.inaturalist.org/observations/279908925,Paeonia intermedia,520913,2025-05-07,2025/05/07 17:12,43.082784,75.9855098,,,1264.0,research,,"Кастек, Казахстан",letovglazah,inside,inside,2025-05-07,day,iNaturalist observed_on parsed as calendar day,eligible,species-level iNaturalist query; no higher-rank query flag in source screening,True
Paeonia intermedia,Paeonia_intermedia.json,280949043,https://www.inaturalist.org/observations/280949043,Paeonia intermedia,520913,2025-05-12,2025-05-12 10:11:19,43.1645215359,77.0538498089,,,221.0,research,cc-by-nc,"Медеу, Алматы, Казахстан",svetlanasp,inside,inside,2025-05-12,day,iNaturalist observed_on parsed as calendar day,eligible,species-level iNaturalist query; no higher-rank query flag in source screening,True
Paeonia intermedia,Paeonia_intermedia.json,280704874,https://www.inaturalist.org/observations/280704874,Paeonia intermedia,520913,2025-05-12,2025-05-12 10:31:05,43.1673465,77.0603942997,,,,research,cc-by-nc,"Медеуский район, Алматы, Казахстан",svetlanasp,inside,inside,2025-05-12,day,iNaturalist observed_on parsed as calendar day,eligible,species-level iNaturalist query; no higher-rank query flag in source screening,True
Paeonia intermedia,Paeonia_intermedia.json,280703674,https://www.inaturalist.org/observations/280703674,Paeonia intermedia,520913,2025-05-12,2025-05-12 10:50:05,43.1671612997,77.0645848,,,,research,cc-by-nc,"Медеуский район, Алматы, Казахстан",svetlanasp,inside,inside,2025-05-12,day,iNaturalist observed_on parsed as calendar day,eligible,species-level iNaturalist query; no higher-rank query flag in source screening,True
Paeonia intermedia,Paeonia_intermedia.json,281271290,https://www.inaturalist.org/observations/281271290,Paeonia intermedia,520913,2025-05-15,2025-05-15 10:23:33,43.1206023403,76.6366677723,,,15229.0,research,cc-by-nc,"Almaty, KZ",machielvalkenburg,inside,inside,2025-05-15,day,iNaturalist observed_on parsed as calendar day,eligible,species-level iNaturalist query; no higher-rank query flag in source screening,True
Paeonia intermedia,Paeonia_intermedia.json,321785767,https://www.inaturalist.org/observations/321785767,Paeonia intermedia,520913,2025-05-15,2025/05/15 11:55 AM,43.1018782994,76.6230409935,,,977.0,needs_id,cc-by-nc,"Karasay District, Kazakhstan",carolynstewart,inside,inside,2025-05-15,day,iNaturalist observed_on parsed as calendar day,eligible,species-level iNaturalist query; no higher-rank query flag in source screening,True
Paeonia intermedia,Paeonia_intermedia.json,305998314,https://www.inaturalist.org/observations/305998314,Paeonia intermedia,520913,2025-05-18,2025/05/18 09:44,43.12745,76.51205,,,,research,cc-by-nc,"Карасайский район, Казахстан",bektemirosmonali,inside,inside,2025-05-18,day,iNaturalist observed_on parsed as calendar day,eligible,species-level iNaturalist query; no higher-rank query flag in source screening,True
Paeonia intermedia,Paeonia_intermedia.json,300141278,https://www.inaturalist.org/observations/300141278,Paeonia intermedia,520913,2025-06-06,2025/06/06 14:09,42.9960186705,75.8135152604,,,1002.0,research,,"Жамбылский район, Казахстан",letovglazah,inside,inside,2025-06-06,day,iNaturalist observed_on parsed as calendar day,eligible,species-level iNaturalist query; no higher-rank query flag in source screening,True
Paeonia intermedia,Paeonia_intermedia.json,297600783,https://www.inaturalist.org/observations/297600783,Paeonia intermedia,520913,2025-07-13,2025-07-13 15:04:15,43.2373134997,77.1398997997,,,,research,cc-by-nc,"Талгарский район, Казахстан",nkanunnikov,inside,inside,2025-07-13,day,iNaturalist observed_on parsed as calendar day,eligible,species-level iNaturalist query; no higher-rank query flag in source screening,True
Paeonia intermedia,Paeonia_intermedia.json,312944188,https://www.inaturalist.org/observations/312944188,Paeonia intermedia,520913,2025-09-10,2025-09-10 12:08:11,43.16415674,77.0540255,,,7.0,research,cc-by-nc-nd,"Talgarskiy, KZ-AA, KZ",melampyrum,inside,inside,2025-09-10,day,iNaturalist observed_on parsed as calendar day,eligible,species-level iNaturalist query; no higher-rank query flag in source screening,True
Paeonia intermedia,Paeonia_intermedia.json,346535919,https://www.inaturalist.org/observations/346535919,Paeonia intermedia,520913,2026-03-29,2026-03-29 14:52:37,43.287075,76.4492583333,,,,research,cc-by-nc,"Жамбылский район село Мынбаево, 7CQX+3F2, Алматы 040622, Казахстан",adilmurat,inside,inside,2026-03-29,day,iNaturalist observed_on parsed as calendar day,eligible,species-level iNaturalist query; no higher-rank query flag in source screening,True
Paeonia intermedia,Paeonia_intermedia.json,369180378,https://www.inaturalist.org/observations/369180378,Paeonia intermedia,520913,2026-04-11,2026/04/11 10:20 AM,43.27490365,77.06098725,,,,research,cc-by-nc,"Talgarskiy, Almaty, Kazakhstan",emanon,inside,inside,2026-04-11,day,iNaturalist observed_on parsed as calendar day,eligible,species-level iNaturalist query; no higher-rank query flag in source screening,True
Paeonia intermedia,Paeonia_intermedia.json,369180391,https://www.inaturalist.org/observations/369180391,Paeonia intermedia,520913,2026-04-11,2026/04/11 10:21 AM,43.27470155,77.0610992333,,,,research,cc-by-nc,"Talgarskiy, Almaty, Kazakhstan",emanon,inside,inside,2026-04-11,day,iNaturalist observed_on parsed as calendar day,eligible,species-level iNaturalist query; no higher-rank query flag in source screening,True
Paeonia intermedia,Paeonia_intermedia.json,369180402,https://www.inaturalist.org/observations/369180402,Paeonia intermedia,520913,2026-04-11,2026/04/11 10:25 AM,43.2736156167,77.061433,,,,research,cc-by-nc,"Talgarskiy, Almaty, Kazakhstan",emanon,inside,inside,2026-04-11,day,iNaturalist observed_on parsed as calendar day,eligible,species-level iNaturalist query; no higher-rank query flag in source screening,True
Paeonia intermedia,Paeonia_intermedia.json,369180439,https://www.inaturalist.org/observations/369180439,Paeonia intermedia,520913,2026-04-11,2026/04/11 11:14 AM,43.2605107,77.06686575,,,,research,cc-by-nc,"Talgarskiy, Almaty, Kazakhstan",emanon,inside,inside,2026-04-11,day,iNaturalist observed_on parsed as calendar day,eligible,species-level iNaturalist query; no higher-rank query flag in source screening,True
Paeonia intermedia,Paeonia_intermedia.json,369180482,https://www.inaturalist.org/observations/369180482,Paeonia intermedia,520913,2026-04-11,2026/04/11 11:46 AM,43.2542713,77.0654161833,,,,research,cc-by-nc,"Talgarskiy, Almaty, Kazakhstan",emanon,inside,inside,2026-04-11,day,iNaturalist observed_on parsed as calendar day,eligible,species-level iNaturalist query; no higher-rank query flag in source screening,True
Paeonia intermedia,Paeonia_intermedia.json,350326855,https://www.inaturalist.org/observations/350326855,Paeonia intermedia,520913,2026-04-12,2026-04-12 09:49:10,43.1742860401,76.9757502526,,,593.0,research,cc-by-nc,"5XCF+P23, Алматы, Казахстан",svetlanasp,inside,inside,2026-04-12,day,iNaturalist observed_on parsed as calendar day,eligible,species-level iNaturalist query; no higher-rank query flag in source screening,True
Paeonia intermedia,Paeonia_intermedia.json,349255108,https://www.inaturalist.org/observations/349255108,Paeonia intermedia,520913,2026-04-12,2026-04-12 11:44:06,43.2864374997,77.1105491997,,,,research,cc-by-nc,"Талгарский район, Казахстан",nkanunnikov,inside,inside,2026-04-12,day,iNaturalist observed_on parsed as calendar day,eligible,species-level iNaturalist query; no higher-rank query flag in source screening,True
Paeonia intermedia,Paeonia_intermedia.json,378769311,https://www.inaturalist.org/observations/378769311,Paeonia intermedia,520913,2026-04-12,2026-04-12 14:38:58,43.23278,77.0342028333,,,4.0,research,cc-by-nc,"Almaty, KZ",nastasya_nee,inside,inside,2026-04-12,day,iNaturalist observed_on parsed as calendar day,eligible,species-level iNaturalist query; no higher-rank query flag in source screening,True
Paeonia intermedia,Paeonia_intermedia.json,351157411,https://www.inaturalist.org/observations/351157411,Paeonia intermedia,520913,2026-04-19,2026-04-19 12:04:47+05:00,43.2367283333,77.1387166667,,,5.0,research,cc-by-nc,"Almaty, KZ",erikjansen91,inside,inside,2026-04-19,day,iNaturalist observed_on parsed as calendar day,eligible,species-level iNaturalist query; no higher-rank query flag in source screening,True
Paeonia intermedia,Paeonia_intermedia.json,351654143,https://www.inaturalist.org/observations/351654143,Paeonia intermedia,520913,2026-04-20,2026-04-20 09:33:56,43.1848071,76.9645651,,,98.0,research,,"Michurines St, Almaty, Kazakhstan",karen37551,inside,inside,2026-04-20,day,iNaturalist observed_on parsed as calendar day,eligible,species-level iNaturalist query; no higher-rank query flag in source screening,True
Paeonia intermedia,Paeonia_intermedia.json,351643354,https://www.inaturalist.org/observations/351643354,Paeonia intermedia,520913,2026-04-20,2026-04-20 16:07:14,43.2289338,77.0625725997,,,,research,,"Талгарский район, Казахстан",ashkolikov,inside,inside,2026-04-20,day,iNaturalist observed_on parsed as calendar day,eligible,species-level iNaturalist query; no higher-rank query flag in source screening,True
Paeonia intermedia,Paeonia_intermedia.json,351643723,https://www.inaturalist.org/observations/351643723,Paeonia intermedia,520913,2026-04-20,2026-04-20 18:08:41,43.2039794,77.0523266,,,,research,,"Медеуский район, Алматы, Казахстан",ashkolikov,inside,inside,2026-04-20,day,iNaturalist observed_on parsed as calendar day,eligible,species-level iNaturalist query; no higher-rank query flag in source screening,True
Paeonia intermedia,Paeonia_intermedia.json,357638545,https://www.inaturalist.org/observations/357638545,Paeonia intermedia,520913,2026-04-24,2026/04/24 15:15,43.135981,76.90235,,,,research,cc-by-nc,"Бостандыкский район, Алматы, Казахстан",atamat,inside,inside,2026-04-24,day,iNaturalist observed_on parsed as calendar day,eligible,species-level iNaturalist query; no higher-rank query flag in source screening,True
Paeonia intermedia,Paeonia_intermedia.json,353763330,https://www.inaturalist.org/observations/353763330,Paeonia intermedia,520913,2026-04-25,2026-04-25 09:22:59,43.2813671997,77.1198358,,,,research,cc-by-nc,"Талгарский район, Казахстан",nkanunnikov,inside,inside,2026-04-25,day,iNaturalist observed_on parsed as calendar day,eligible,species-level iNaturalist query; no higher-rank query flag in source screening,True
Paeonia intermedia,Paeonia_intermedia.json,358875307,https://www.inaturalist.org/observations/358875307,Paeonia intermedia,520913,2026-04-25,2026/04/25 09:52,43.2382683333,77.0298883333,,,,research,cc-by,"Медеуский район, Алматы, Казахстан",elanaky,inside,inside,2026-04-25,day,iNaturalist observed_on parsed as calendar day,eligible,species-level iNaturalist query; no higher-rank query flag in source screening,True
Paeonia intermedia,Paeonia_intermedia.json,358889879,https://www.inaturalist.org/observations/358889879,Paeonia intermedia,520913,2026-04-25,2026/04/25 10:17,43.2346084635,77.0382200388,,,61.0,research,cc-by,"Медеуский район, Алматы, Казахстан",elanaky,inside,inside,2026-04-25,day,iNaturalist observed_on parsed as calendar day,eligible,species-level iNaturalist query; no higher-rank query flag in source screening,True
Paeonia intermedia,Paeonia_intermedia.json,358875318,https://www.inaturalist.org/observations/358875318,Paeonia intermedia,520913,2026-04-25,2026/04/25 10:32,43.233905,77.03986,,,,research,cc-by,"Talgarskiy, Almaty, Kazakhstan",elanaky,inside,inside,2026-04-25,day,iNaturalist observed_on parsed as calendar day,eligible,species-level iNaturalist query; no higher-rank query flag in source screening,True
Paeonia intermedia,Paeonia_intermedia.json,358875324,https://www.inaturalist.org/observations/358875324,Paeonia intermedia,520913,2026-04-25,2026/04/25 10:33,43.2338866667,77.039955,,,,research,cc-by,"Медеуский район, Алматы, Казахстан",elanaky,inside,inside,2026-04-25,day,iNaturalist observed_on parsed as calendar day,eligible,species-level iNaturalist query; no higher-rank query flag in source screening,True
Paeonia intermedia,Paeonia_intermedia.json,358875328,https://www.inaturalist.org/observations/358875328,Paeonia intermedia,520913,2026-04-25,2026/04/25 10:34,43.2338633333,77.0399983333,,,,research,cc-by,"Talgarskiy, Almaty, Kazakhstan",elanaky,inside,inside,2026-04-25,day,iNaturalist observed_on parsed as calendar day,eligible,species-level iNaturalist query; no higher-rank query flag in source screening,True
Paeonia intermedia,Paeonia_intermedia.json,358875335,https://www.inaturalist.org/observations/358875335,Paeonia intermedia,520913,2026-04-25,2026/04/25 10:37,43.2339066667,77.039715,,,,research,cc-by,"Медеуский район, Алматы, Казахстан",elanaky,inside,inside,2026-04-25,day,iNaturalist observed_on parsed as calendar day,eligible,species-level iNaturalist query; no higher-rank query flag in source screening,True
Paeonia intermedia,Paeonia_intermedia.json,358875336,https://www.inaturalist.org/observations/358875336,Paeonia intermedia,520913,2026-04-25,2026/04/25 10:37,43.2339116667,77.03962,,,,research,cc-by,"Медеуский район, Алматы, Казахстан",elanaky,inside,inside,2026-04-25,day,iNaturalist observed_on parsed as calendar day,eligible,species-level iNaturalist query; no higher-rank query flag in source screening,True
Paeonia intermedia,Paeonia_intermedia.json,358889898,https://www.inaturalist.org/observations/358889898,Paeonia intermedia,520913,2026-04-25,2026/04/25 10:50,43.2346084635,77.0382200388,,,61.0,research,cc-by,"Медеуский район, Алматы, Казахстан",elanaky,inside,inside,2026-04-25,day,iNaturalist observed_on parsed as calendar day,eligible,species-level iNaturalist query; no higher-rank query flag in source screening,True
Paeonia intermedia,Paeonia_intermedia.json,354084319,https://www.inaturalist.org/observations/354084319,Paeonia intermedia,520913,2026-04-25,2026/04/25 12:30,43.1563328,76.7906559997,,,,research,cc-by,"Карасайский район, Казахстан",alexanderdubynin,inside,inside,2026-04-25,day,iNaturalist observed_on parsed as calendar day,eligible,species-level iNaturalist query; no higher-rank query flag in source screening,True
Paeonia intermedia,Paeonia_intermedia.json,354084326,https://www.inaturalist.org/observations/354084326,Paeonia intermedia,520913,2026-04-25,2026/04/25 12:32,43.1562533,76.7907282997,,,,research,cc-by,"Карасайский район, Казахстан",alexanderdubynin,inside,inside,2026-04-25,day,iNaturalist observed_on parsed as calendar day,eligible,species-level iNaturalist query; no higher-rank query flag in source screening,True
Paeonia intermedia,Paeonia_intermedia.json,354084327,https://www.inaturalist.org/observations/354084327,Paeonia intermedia,520913,2026-04-25,2026/04/25 12:33,43.1562118333,76.7907104444,,,,research,cc-by,"Карасайский район, Казахстан",alexanderdubynin,inside,inside,2026-04-25,day,iNaturalist observed_on parsed as calendar day,eligible,species-level iNaturalist query; no higher-rank query flag in source screening,True
Paeonia intermedia,Paeonia_intermedia.json,354084336,https://www.inaturalist.org/observations/354084336,Paeonia intermedia,520913,2026-04-25,2026/04/25 12:34,43.1562042222,76.7907104444,,,,research,cc-by,"Карасайский район, Казахстан",alexanderdubynin,inside,inside,2026-04-25,day,iNaturalist observed_on parsed as calendar day,eligible,species-level iNaturalist query; no higher-rank query flag in source screening,True
Paeonia intermedia,Paeonia_intermedia.json,354084337,https://www.inaturalist.org/observations/354084337,Paeonia intermedia,520913,2026-04-25,2026/04/25 12:34,43.1561665997,76.7907,,,,research,cc-by,"Карасайский район, Казахстан",alexanderdubynin,inside,inside,2026-04-25,day,iNaturalist observed_on parsed as calendar day,eligible,species-level iNaturalist query; no higher-rank query flag in source screening,True
Paeonia intermedia,Paeonia_intermedia.json,355414266,https://www.inaturalist.org/observations/355414266,Paeonia intermedia,520913,2026-04-25,2026-04-25 13:33:58+05:00,43.3386916667,77.274545,,,3.0,research,cc-by-nc,"Алмаатинская область, KZ",anna_seliutina,inside,inside,2026-04-25,day,iNaturalist observed_on parsed as calendar day,eligible,species-level iNaturalist query; no higher-rank query flag in source screening,True
Paeonia intermedia,Paeonia_intermedia.json,354105205,https://www.inaturalist.org/observations/354105205,Paeonia intermedia,520913,2026-04-25,2026/04/25 13:37,43.1546516389,76.7937698333,,,,research,cc-by,"Карасайский район, Казахстан",alexanderdubynin,inside,inside,2026-04-25,day,iNaturalist observed_on parsed as calendar day,eligible,species-level iNaturalist query; no higher-rank query flag in source screening,True
Rhodiola linearifolia,Rhodiola_linearifolia.json,204241259,https://www.inaturalist.org/observations/204241259,Rhodiola kirilowii,960381,1993-06-19,1993/06/19,44.95975,79.262281,,,1000.0,research,cc0," Kazakhstan, Taldykorgan Province, the North Dzhungarian Alatau Mts, the Kora River upper part, a steep southern slope",oleg_kosterin,inside,inside,1993-06-19,day,iNaturalist observed_on parsed as calendar day,eligible,species-level iNaturalist query; no higher-rank query flag in source screening,True
Rhodiola linearifolia,Rhodiola_linearifolia.json,353430402,https://www.inaturalist.org/observations/353430402,Rhodiola kirilowii,960381,1993-06-21,1993/06/21,45.026437,79.199514,,,400.0,needs_id,cc0,"Kazakhstan, Taldykorgan Province, the North Dzhungarian Alatau Mts, the gorge of a right tributary  of the Kora River middle flow, the next downstream of the Burkhan-Bulak stream, under the Semenov-Tian-Shanskiy Pass, alpine meadow dominated by Kobresia",oleg_kosterin,inside,inside,1993-06-21,day,iNaturalist observed_on parsed as calendar day,eligible,species-level iNaturalist query; no higher-rank query flag in source screening,True
Rhodiola linearifolia,Rhodiola_linearifolia.json,286204513,https://www.inaturalist.org/observations/286204513,Rhodiola kirilowii,960381,2004-08-06,2004/08/06,42.5653507605,79.8025434387,,,61.0,research,cc-by-nc,"District de Raiymbek, Kazakhstan",lougarou,inside,inside,2004-08-06,day,iNaturalist observed_on parsed as calendar day,eligible,species-level iNaturalist query; no higher-rank query flag in source screening,True
Rhodiola linearifolia,Rhodiola_linearifolia.json,149628020,https://www.inaturalist.org/observations/149628020,Rhodiola kirilowii,960381,2006-05-28,2006/05/28 12:03,43.1305719762,77.0164171039,,,8.0,research,cc-by-nc,"Медеуский район, Алматы, Казахстан",mylabris,inside,inside,2006-05-28,day,iNaturalist observed_on parsed as calendar day,eligible,species-level iNaturalist query; no higher-rank query flag in source screening,True
Rhodiola linearifolia,Rhodiola_linearifolia.json,148773202,https://www.inaturalist.org/observations/148773202,Rhodiola kirilowii,960381,2009-07-08,2009/07/08 4:03 PM,43.1191229197,77.0495803356,,,150.0,research,cc0,"Kazakhstan, Almaty SE environs, the Gorel'nik River valley right board just upstream of the waterfall",oleg_kosterin,inside,inside,2009-07-08,day,iNaturalist observed_on parsed as calendar day,eligible,species-level iNaturalist query; no higher-rank query flag in source screening,True
Rhodiola linearifolia,Rhodiola_linearifolia.json,148774262,https://www.inaturalist.org/observations/148774262,Rhodiola kirilowii,960381,2009-07-08,2009/07/08 4:27 PM,43.1161782634,77.0444304943,,,150.0,research,cc0,"Kazakhstan, Almaty SE environs, a right tributary of the Gorel'nik River",oleg_kosterin,inside,inside,2009-07-08,day,iNaturalist observed_on parsed as calendar day,eligible,species-level iNaturalist query; no higher-rank query flag in source screening,True
Rhodiola linearifolia,Rhodiola_linearifolia.json,148797825,https://www.inaturalist.org/observations/148797825,Rhodiola kirilowii,960381,2009-07-08,2009/07/08 5:36 PM,43.113561557,77.0423469356,,,300.0,research,cc0,"Kazakhstan, Almaty SE environs, the Gorel'nik River upper valley",oleg_kosterin,inside,inside,2009-07-08,day,iNaturalist observed_on parsed as calendar day,eligible,species-level iNaturalist query; no higher-rank query flag in source screening,True
Rhodiola linearifolia,Rhodiola_linearifolia.json,190510724,https://www.inaturalist.org/observations/190510724,Rhodiola kirilowii,960381,2009-07-09,2009/07/09 2:59 PM,43.052007,76.961679,,,,research,cc-by-nc,"Bostandyk District, Almaty, Kazakhstan",panayotikelaidis,inside,inside,2009-07-09,day,iNaturalist observed_on parsed as calendar day,eligible,species-level iNaturalist query; no higher-rank query flag in source screening,True
Rhodiola linearifolia,Rhodiola_linearifolia.json,190510727,https://www.inaturalist.org/observations/190510727,Rhodiola kirilowii,960381,2009-07-09,2009/07/09 2:59 PM,43.0520007755,76.9616803516,,,2.0,research,cc-by-nc,"Bostandyk District, Almaty, Kazakhstan",panayotikelaidis,inside,inside,2009-07-09,day,iNaturalist observed_on parsed as calendar day,eligible,species-level iNaturalist query; no higher-rank query flag in source screening,True
Rhodiola linearifolia,Rhodiola_linearifolia.json,190510728,https://www.inaturalist.org/observations/190510728,Rhodiola kirilowii,960381,2009-07-09,2009/07/09 2:59 PM,43.0520121909,76.9616602455,,,2.0,research,cc-by-nc,"Bostandyk District, Almaty, Kazakhstan",panayotikelaidis,inside,inside,2009-07-09,day,iNaturalist observed_on parsed as calendar day,eligible,species-level iNaturalist query; no higher-rank query flag in source screening,True
Rhodiola linearifolia,Rhodiola_linearifolia.json,149246481,https://www.inaturalist.org/observations/149246481,Rhodiola kirilowii,960381,2009-07-13,2009/07/13 2:36 PM,43.1198323977,77.0995546365,,,300.0,research,cc0,"Kazakhstan, Almaty SE environs, Zailiyakiy Alatau Mt. Range, Shymbulak Valley",oleg_kosterin,inside,inside,2009-07-13,day,iNaturalist observed_on parsed as calendar day,eligible,species-level iNaturalist query; no higher-rank query flag in source screening,True
Rhodiola linearifolia,Rhodiola_linearifolia.json,254740134,https://www.inaturalist.org/observations/254740134,Rhodiola kirilowii,960381,2013-05-25,2013/05/25 10:35 AM,43.0554417335,76.9679727939,,,1037.0,research,cc-by-nc,"Bostandyk District, Almaty, Kazakhstan",xoabird,inside,inside,2013-05-25,day,iNaturalist observed_on parsed as calendar day,eligible,species-level iNaturalist query; no higher-rank query flag in source screening,True
Rhodiola linearifolia,Rhodiola_linearifolia.json,148594098,https://www.inaturalist.org/observations/148594098,Rhodiola kirilowii,960381,2013-06-09,2013/06/09 16:03,43.04856,76.95356,,,1500.0,research,cc-by-nc,"Бостандыкский район, Алматы, Казахстан",aleksandrebel,inside,inside,2013-06-09,day,iNaturalist observed_on parsed as calendar day,eligible,species-level iNaturalist query; no higher-rank query flag in source screening,True
Rhodiola linearifolia,Rhodiola_linearifolia.json,149654338,https://www.inaturalist.org/observations/149654338,Rhodiola kirilowii,960381,2013-06-15,2013/06/15 15:48,43.1334617609,77.01195174,,,4.0,research,cc-by-nc,"Медеуский район, Алматы, Казахстан",mylabris,inside,inside,2013-06-15,day,iNaturalist observed_on parsed as calendar day,eligible,species-level iNaturalist query; no higher-rank query flag in source screening,True
Rhodiola linearifolia,Rhodiola_linearifolia.json,255898641,https://www.inaturalist.org/observations/255898641,Rhodiola kirilowii,960381,2014-06-10,2014/06/10 6:42 PM,43.0414378674,76.8909493956,,,7813.0,research,cc-by-nc,"Karasay District, Kazakhstan",pmaaskant,inside,inside,2014-06-10,day,iNaturalist observed_on parsed as calendar day,eligible,species-level iNaturalist query; no higher-rank query flag in source screening,True
Rhodiola linearifolia,Rhodiola_linearifolia.json,37980390,https://www.inaturalist.org/observations/37980390,Rhodiola kirilowii,960381,2014-07-01,2014/07/01 10:32 AM +0600,43.0072322412,75.9035353965,,,15.0,research,cc-by-nc,"Жамбылский район, Казахстан",vladimir_epiktetov,inside,inside,2014-07-01,day,iNaturalist observed_on parsed as calendar day,eligible,species-level iNaturalist query; no higher-rank query flag in source screening,True
Rhodiola linearifolia,Rhodiola_linearifolia.json,38930729,https://www.inaturalist.org/observations/38930729,Rhodiola kirilowii,960381,2016-05-20,2016/05/20 10:53 AM PDT,43.097705746,76.9464767932,,,6393.0,research,cc-by-nc,"Bostandyk District, Almaty, Kazakhstan",desertnaturalist,inside,inside,2016-05-20,day,iNaturalist observed_on parsed as calendar day,eligible,species-level iNaturalist query; no higher-rank query flag in source screening,True
Rhodiola linearifolia,Rhodiola_linearifolia.json,200852275,https://www.inaturalist.org/observations/200852275,Rhodiola kirilowii,960381,2016-05-27,2016/05/27 3:46 PM,43.0734172768,76.991451172,,,168.0,research,cc-by-nc,"Medeu District, Almaty, Kazakhstan",john-p-martin,inside,inside,2016-05-27,day,iNaturalist observed_on parsed as calendar day,eligible,species-level iNaturalist query; no higher-rank query flag in source screening,True
Rhodiola linearifolia,Rhodiola_linearifolia.json,38015226,https://www.inaturalist.org/observations/38015226,Rhodiola kirilowii,960381,2018-06-19,2018/06/19 1:20 PM +0700,43.0569361533,76.9786692768,,,129.0,research,cc-by-nc,"Bostandyk District, Almaty, Kazakhstan",nomascus,inside,inside,2018-06-19,day,iNaturalist observed_on parsed as calendar day,eligible,species-level iNaturalist query; no higher-rank query flag in source screening,True
Rhodiola linearifolia,Rhodiola_linearifolia.json,254294916,https://www.inaturalist.org/observations/254294916,Rhodiola kirilowii,960381,2018-08-02,2018/08/02 12:12,43.0795945601,77.0521058704,,,1860.0,research,cc-by,"Медеуский район, Алматы, Казахстан",elanaky,inside,inside,2018-08-02,day,iNaturalist observed_on parsed as calendar day,eligible,species-level iNaturalist query; no higher-rank query flag in source screening,True
Rhodiola linearifolia,Rhodiola_linearifolia.json,35163044,https://www.inaturalist.org/observations/35163044,Rhodiola kirilowii,960381,2019-05-22,2019/05/22 9:59 AM +0700,43.0575166991,76.9925445125,,,813.0,research,cc-by-nc,"Медеуский район, Алматы, Казахстан",aquacielo,inside,inside,2019-05-22,day,iNaturalist observed_on parsed as calendar day,eligible,species-level iNaturalist query; no higher-rank query flag in source screening,True
Rhodiola linearifolia,Rhodiola_linearifolia.json,193806845,https://www.inaturalist.org/observations/193806845,Rhodiola kirilowii,960381,2019-07-02,2019/07/02 07:44,43.0401873777,76.9438012326,,,61.0,research,cc-by-nc,"Бостандыкский район, Алматы, Казахстан",atamat,inside,inside,2019-07-02,day,iNaturalist observed_on parsed as calendar day,eligible,species-level iNaturalist query; no higher-rank query flag in source screening,True
Rhodiola linearifolia,Rhodiola_linearifolia.json,38457496,https://www.inaturalist.org/observations/38457496,Rhodiola kirilowii,960381,2020-02-08,2020/02/08 11:20 AM +06,43.1031,77.0750972222,,,,research,cc-by-nc,"Karasayskiy, Almaty, Kazakhstan",kastani,inside,inside,2020-02-08,day,iNaturalist observed_on parsed as calendar day,eligible,species-level iNaturalist query; no higher-rank query flag in source screening,True
Rhodiola linearifolia,Rhodiola_linearifolia.json,38457772,https://www.inaturalist.org/observations/38457772,Rhodiola kirilowii,960381,2020-02-08,2020/02/08 11:26 AM +0600,43.1031319811,77.0752739256,,,2.0,research,cc-by-nc,"Медеуский район, Алматы, Казахстан",kastani,inside,inside,2020-02-08,day,iNaturalist observed_on parsed as calendar day,eligible,species-level iNaturalist query; no higher-rank query flag in source screening,True
Rhodiola linearifolia,Rhodiola_linearifolia.json,38459631,https://www.inaturalist.org/observations/38459631,Rhodiola kirilowii,960381,2020-02-08,2020/02/08 1:08 PM +0600,43.0928153359,77.0777977864,,,2.0,research,cc-by-nc,"Медеуский район, Алматы, Казахстан",kastani,inside,inside,2020-02-08,day,iNaturalist observed_on parsed as calendar day,eligible,species-level iNaturalist query; no higher-rank query flag in source screening,True
Rhodiola linearifolia,Rhodiola_linearifolia.json,38459859,https://www.inaturalist.org/observations/38459859,Rhodiola kirilowii,960381,2020-02-08,2020/02/08 1:52 PM +0600,43.1027140751,77.0761714988,,,4.0,research,cc-by-nc,"Медеуский район, Алматы, Казахстан",kastani,inside,inside,2020-02-08,day,iNaturalist observed_on parsed as calendar day,eligible,species-level iNaturalist query; no higher-rank query flag in source screening,True
Rhodiola linearifolia,Rhodiola_linearifolia.json,151397936,https://www.inaturalist.org/observations/151397936,Rhodiola kirilowii,960381,2020-05-23,2020/05/23 17:11,43.1433979722,77.003634,,,,research,cc-by-nc,"Talgarskiy, Almaty, Kazakhstan",atamat,inside,inside,2020-05-23,day,iNaturalist observed_on parsed as calendar day,eligible,species-level iNaturalist query; no higher-rank query flag in source screening,True
Rhodiola linearifolia,Rhodiola_linearifolia.json,83599554,https://www.inaturalist.org/observations/83599554,Rhodiola kirilowii,960381,2021-05-30,2021/05/30 4:22 PM +0600,43.1371629078,76.9931165426,,,61.0,research,cc-by-nc,"Медеуский район, Алматы, Казахстан",olga_si,inside,inside,2021-05-30,day,iNaturalist observed_on parsed as calendar day,eligible,species-level iNaturalist query; no higher-rank query flag in source screening,True
Rhodiola linearifolia,Rhodiola_linearifolia.json,84517912,https://www.inaturalist.org/observations/84517912,Rhodiola kirilowii,960381,2021-06-26,Sat Jun 26 2021 13:04:44 GMT +0600 (GMT+6),43.1081924438,77.0719146729,,,158.0,research,cc-by-nc,Алматы,softgarlic,inside,inside,2021-06-26,day,iNaturalist observed_on parsed as calendar day,eligible,species-level iNaturalist query; no higher-rank query flag in source screening,True
Rhodiola linearifolia,Rhodiola_linearifolia.json,118048037,https://www.inaturalist.org/observations/118048037,Rhodiola kirilowii,960381,2022-05-21,2022-05-21 18:09:15,43.1370305556,77.0573194444,,,,research,cc-by-nc,"Медеуский район, Алматы, Казахстан",timateus,inside,inside,2022-05-21,day,iNaturalist observed_on parsed as calendar day,eligible,species-level iNaturalist query; no higher-rank query flag in source screening,True
Rhodiola linearifolia,Rhodiola_linearifolia.json,119550876,https://www.inaturalist.org/observations/119550876,Rhodiola kirilowii,960381,2022-05-31,2022-05-31 06:53:17,43.058061877,76.9854833186,,,82.0,research,cc-by-nc,"Bostandyk District, Almaty, Kazakhstan",grisha59599,inside,inside,2022-05-31,day,iNaturalist observed_on parsed as calendar day,eligible,species-level iNaturalist query; no higher-rank query flag in source screening,True
Rhodiola linearifolia,Rhodiola_linearifolia.json,120115713,https://www.inaturalist.org/observations/120115713,Rhodiola kirilowii,960381,2022-06-03,2022-06-03 13:37:37+06:00,43.055125,76.98085,,,4.0,research,cc-by-nc,"Алмаатинская область, KZ",manana_isla,inside,inside,2022-06-03,day,iNaturalist observed_on parsed as calendar day,eligible,species-level iNaturalist query; no higher-rank query flag in source screening,True
Rhodiola linearifolia,Rhodiola_linearifolia.json,153664833,https://www.inaturalist.org/observations/153664833,Rhodiola kirilowii,960381,2022-06-20,2022/06/20 12:03,42.930941856,78.3390179332,,,31.0,research,cc-by-nc,"Райымбекский район, Казахстан",atamat,inside,inside,2022-06-20,day,iNaturalist observed_on parsed as calendar day,eligible,species-level iNaturalist query; no higher-rank query flag in source screening,True
Rhodiola linearifolia,Rhodiola_linearifolia.json,151321047,https://www.inaturalist.org/observations/151321047,Rhodiola kirilowii,960381,2022-06-20,2022/06/20 17:17,42.912991,78.34634,,,,research,cc-by-nc,"Райымбекский район, Казахстан",atamat,inside,inside,2022-06-20,day,iNaturalist observed_on parsed as calendar day,eligible,species-level iNaturalist query; no higher-rank query flag in source screening,True
Rhodiola linearifolia,Rhodiola_linearifolia.json,161130637,https://www.inaturalist.org/observations/161130637,Rhodiola kirilowii,960381,2022-06-21,2022/06/21 14:02,42.9379519722,78.3222319444,,,,research,cc-by-nc,"Райымбекский район, Казахстан",atamat,inside,inside,2022-06-21,day,iNaturalist observed_on parsed as calendar day,eligible,species-level iNaturalist query; no higher-rank query flag in source screening,True
Rhodiola linearifolia,Rhodiola_linearifolia.json,161080473,https://www.inaturalist.org/observations/161080473,Rhodiola kirilowii,960381,2022-06-21,2022/06/21 18:32,42.932478,78.313165,,,,research,cc-by-nc,"Райымбекский район, Казахстан",atamat,inside,inside,2022-06-21,day,iNaturalist observed_on parsed as calendar day,eligible,species-level iNaturalist query; no higher-rank query flag in source screening,True
Rhodiola linearifolia,Rhodiola_linearifolia.json,150928282,https://www.inaturalist.org/observations/150928282,Rhodiola kirilowii,960381,2022-06-22,2022/06/22 10:54,42.9408579722,78.281902,,,,research,cc-by-nc,"Райымбекский район, Казахстан",atamat,inside,inside,2022-06-22,day,iNaturalist observed_on parsed as calendar day,eligible,species-level iNaturalist query; no higher-rank query flag in source screening,True
Rhodiola linearifolia,Rhodiola_linearifolia.json,152053355,https://www.inaturalist.org/observations/152053355,Rhodiola kirilowii,960381,2022-07-28,2022/07/28 12:40,45.109471,79.988759,,,,research,cc-by-nc,"Аксуский район, Казахстан",atamat,inside,inside,2022-07-28,day,iNaturalist observed_on parsed as calendar day,eligible,species-level iNaturalist query; no higher-rank query flag in source screening,True
Rhodiola linearifolia,Rhodiola_linearifolia.json,156307506,https://www.inaturalist.org/observations/156307506,Rhodiola kirilowii,960381,2023-04-23,2023-04-23 12:44:59+06:00,43.1539333333,77.0170666667,,,6.0,research,cc-by-nc,"Алмаатинская область, KZ",xltzntl,inside,inside,2023-04-23,day,iNaturalist observed_on parsed as calendar day,eligible,species-level iNaturalist query; no higher-rank query flag in source screening,True
Rhodiola linearifolia,Rhodiola_linearifolia.json,159634196,https://www.inaturalist.org/observations/159634196,Rhodiola kirilowii,960381,2023-04-30,2023-04-30 13:37:51,43.1173295535,77.0779538155,,,1083.0,research,cc-by-nc,"Медеуский район, Алматы, Казахстан",shtepbraiter,inside,inside,2023-04-30,day,iNaturalist observed_on parsed as calendar day,eligible,species-level iNaturalist query; no higher-rank query flag in source screening,True
Rhodiola linearifolia,Rhodiola_linearifolia.json,166279715,https://www.inaturalist.org/observations/166279715,Rhodiola kirilowii,960381,2023-05-14,2023/05/14 08:04,43.0526750833,76.9893872917,,,,research,cc-by-nc,"Бостандыкский район, Алматы, Казахстан",sundry_divers,inside,inside,2023-05-14,day,iNaturalist observed_on parsed as calendar day,eligible,species-level iNaturalist query; no higher-rank query flag in source screening,True
Rhodiola linearifolia,Rhodiola_linearifolia.json,162667711,https://www.inaturalist.org/observations/162667711,Rhodiola kirilowii,960381,2023-05-20,2023-05-20 12:42:52+06:00,43.1664583333,77.0812833333,,,15.0,research,,"Алмаатинская область, KZ",anastasiamarkieva,inside,inside,2023-05-20,day,iNaturalist observed_on parsed as calendar day,eligible,species-level iNaturalist query; no higher-rank query flag in source screening,True
Rhodiola linearifolia,Rhodiola_linearifolia.json,192900917,https://www.inaturalist.org/observations/192900917,Rhodiola kirilowii,960381,2023-05-25,2023/05/25 12:12,43.173137307,77.1056758947,,,4.0,research,cc-by-nc,"Медеуский район, Алматы, Казахстан",vladimir_epiktetov,inside,inside,2023-05-25,day,iNaturalist observed_on parsed as calendar day,eligible,species-level iNaturalist query; no higher-rank query flag in source screening,True
Rhodiola linearifolia,Rhodiola_linearifolia.json,163617402,https://www.inaturalist.org/observations/163617402,Rhodiola kirilowii,960381,2023-05-25,2023-05-25 14:51:56,43.05624782,76.9768494,,,6.0,research,cc-by,"Бостандыкский район, Алматы, Казахстан",psmirnov,inside,inside,2023-05-25,day,iNaturalist observed_on parsed as calendar day,eligible,species-level iNaturalist query; no higher-rank query flag in source screening,True
Rhodiola linearifolia,Rhodiola_linearifolia.json,173150908,https://www.inaturalist.org/observations/173150908,Rhodiola kirilowii,960381,2023-06-02,2023-06-02 16:54:21,43.0054954,78.390516,,,,research,cc-by,"Кеген Дистрикт, Казахстан",iskander5,inside,inside,2023-06-02,day,iNaturalist observed_on parsed as calendar day,eligible,species-level iNaturalist query; no higher-rank query flag in source screening,True
Rhodiola linearifolia,Rhodiola_linearifolia.json,166066013,https://www.inaturalist.org/observations/166066013,Rhodiola kirilowii,960381,2023-06-07,2023-06-07 15:57:26,43.0473516761,76.9132427126,,,378.0,research,,"Карасайский район, Казахстан",yaric1,inside,inside,2023-06-07,day,iNaturalist observed_on parsed as calendar day,eligible,species-level iNaturalist query; no higher-rank query flag in source screening,True
Rhodiola linearifolia,Rhodiola_linearifolia.json,168622527,https://www.inaturalist.org/observations/168622527,Rhodiola kirilowii,960381,2023-06-10,2023-06-10 13:39:09,43.0513467831,76.9725272432,,,6085.0,research,cc-by-nc,"Ираншар, Систан и Белуджистан, Иран",shtepbraiter,inside,inside,2023-06-10,day,iNaturalist observed_on parsed as calendar day,eligible,species-level iNaturalist query; no higher-rank query flag in source screening,True
Rhodiola linearifolia,Rhodiola_linearifolia.json,169146613,https://www.inaturalist.org/observations/169146613,Rhodiola kirilowii,960381,2023-06-13,2023-06-13 06:03:54,43.1364486971,77.0126540081,,,12.0,research,cc-by-nc,"Talgarskiy, KZ-AA, KZ",aliaksandarmialik,inside,inside,2023-06-13,day,iNaturalist observed_on parsed as calendar day,eligible,species-level iNaturalist query; no higher-rank query flag in source screening,True
Rhodiola linearifolia,Rhodiola_linearifolia.json,169149253,https://www.inaturalist.org/observations/169149253,Rhodiola kirilowii,960381,2023-06-14,2023-06-14 13:02:05,43.1008354659,77.0770359055,,,9.0,research,cc-by-nc,"Karasayskiy, KZ-AA, KZ",aliaksandarmialik,inside,inside,2023-06-14,day,iNaturalist observed_on parsed as calendar day,eligible,species-level iNaturalist query; no higher-rank query flag in source screening,True
Rhodiola linearifolia,Rhodiola_linearifolia.json,169150602,https://www.inaturalist.org/observations/169150602,Rhodiola kirilowii,960381,2023-06-16,2023-06-16 10:29:48,43.1485063489,77.1438994585,,,4.0,research,cc-by-nc,"Talgarskiy, KZ-AA, KZ",aliaksandarmialik,inside,inside,2023-06-16,day,iNaturalist observed_on parsed as calendar day,eligible,species-level iNaturalist query; no higher-rank query flag in source screening,True
Rhodiola linearifolia,Rhodiola_linearifolia.json,169150700,https://www.inaturalist.org/observations/169150700,Rhodiola kirilowii,960381,2023-06-16,2023-06-16 12:07:53,43.1531900697,77.1362749326,,,9.0,research,cc-by-nc,"Talgarskiy, KZ-AA, KZ",aliaksandarmialik,inside,inside,2023-06-16,day,iNaturalist observed_on parsed as calendar day,eligible,species-level iNaturalist query; no higher-rank query flag in source screening,True
Rhodiola linearifolia,Rhodiola_linearifolia.json,169151090,https://www.inaturalist.org/observations/169151090,Rhodiola kirilowii,960381,2023-06-16,2023-06-16 14:49:03,43.1531145086,77.1185392483,,,4.0,research,cc-by-nc,"Talgarskiy, KZ-AA, KZ",aliaksandarmialik,inside,inside,2023-06-16,day,iNaturalist observed_on parsed as calendar day,eligible,species-level iNaturalist query; no higher-rank query flag in source screening,True
Rhodiola linearifolia,Rhodiola_linearifolia.json,169151219,https://www.inaturalist.org/observations/169151219,Rhodiola kirilowii,960381,2023-06-16,2023-06-16 15:32:56,43.1531952882,77.1084614723,,,6.0,research,cc-by-nc,"Talgarskiy, KZ-AA, KZ",aliaksandarmialik,inside,inside,2023-06-16,day,iNaturalist observed_on parsed as calendar day,eligible,species-level iNaturalist query; no higher-rank query flag in source screening,True
Rhodiola linearifolia,Rhodiola_linearifolia.json,169152554,https://www.inaturalist.org/observations/169152554,Rhodiola kirilowii,960381,2023-06-18,2023-06-18 11:54:10,43.0418251459,76.9320455598,,,17.0,research,cc-by-nc,"Karasayskiy, KZ-AA, KZ",aliaksandarmialik,inside,inside,2023-06-18,day,iNaturalist observed_on parsed as calendar day,eligible,species-level iNaturalist query; no higher-rank query flag in source screening,True
Rhodiola linearifolia,Rhodiola_linearifolia.json,169152697,https://www.inaturalist.org/observations/169152697,Rhodiola kirilowii,960381,2023-06-18,2023-06-18 18:41:00,43.0450320109,76.9133945258,,,4.0,research,cc-by-nc,"Karasayskiy, KZ-AA, KZ",aliaksandarmialik,inside,inside,2023-06-18,day,iNaturalist observed_on parsed as calendar day,eligible,species-level iNaturalist query; no higher-rank query flag in source screening,True
Rhodiola linearifolia,Rhodiola_linearifolia.json,169571972,https://www.inaturalist.org/observations/169571972,Rhodiola kirilowii,960381,2023-06-24,2023-06-24 09:18:35,43.039578284,76.9392219186,,,1627.0,research,cc-by-nc,"Карасайский район, Казахстан",shtepbraiter,inside,inside,2023-06-24,day,iNaturalist observed_on parsed as calendar day,eligible,species-level iNaturalist query; no higher-rank query flag in source screening,True
Rhodiola linearifolia,Rhodiola_linearifolia.json,169572695,https://www.inaturalist.org/observations/169572695,Rhodiola kirilowii,960381,2023-06-24,2023-06-24 11:21:14,43.0502349611,76.9577023387,,,1615.0,research,cc-by-nc,"Бостандыкский район, Алматы, Казахстан",shtepbraiter,inside,inside,2023-06-24,day,iNaturalist observed_on parsed as calendar day,eligible,species-level iNaturalist query; no higher-rank query flag in source screening,True
Rhodiola linearifolia,Rhodiola_linearifolia.json,171581956,https://www.inaturalist.org/observations/171581956,Rhodiola kirilowii,960381,2023-07-02,2023-07-02 10:58:17,43.1177777778,77.1313888889,,,,research,cc-by-nc,"Талгарский район, Казахстан",svetlanasp,inside,inside,2023-07-02,day,iNaturalist observed_on parsed as calendar day,eligible,species-level iNaturalist query; no higher-rank query flag in source screening,True
Rhodiola linearifolia,Rhodiola_linearifolia.json,171931104,https://www.inaturalist.org/observations/171931104,Rhodiola kirilowii,960381,2023-07-08,2023-07-08 13:26:49,43.1202777778,77.0305555556,,,,research,cc-by-nc,"Медеуский район, Алматы, Казахстан",svetlanasp,inside,inside,2023-07-08,day,iNaturalist observed_on parsed as calendar day,eligible,species-level iNaturalist query; no higher-rank query flag in source screening,True
Rhodiola linearifolia,Rhodiola_linearifolia.json,218577650,https://www.inaturalist.org/observations/218577650,Rhodiola kirilowii,960381,2024-05-19,2024/05/19 14:00,43.0548858611,76.9775008889,,,,research,cc-by-nc,"Бостандыкский район, Алматы, Казахстан",agniia,inside,inside,2024-05-19,day,iNaturalist observed_on parsed as calendar day,eligible,species-level iNaturalist query; no higher-rank query flag in source screening,True
Rhodiola linearifolia,Rhodiola_linearifolia.json,222429595,https://www.inaturalist.org/observations/222429595,Rhodiola kirilowii,960381,2024-05-24,2024/05/24 5:44 PM,43.0958472333,76.8844613833,,,,research,cc-by-nc,"Karasay District, Kazakhstan",emanon,inside,inside,2024-05-24,day,iNaturalist observed_on parsed as calendar day,eligible,species-level iNaturalist query; no higher-rank query flag in source screening,True
Rhodiola linearifolia,Rhodiola_linearifolia.json,218129521,https://www.inaturalist.org/observations/218129521,Rhodiola kirilowii,960381,2024-05-25,2024-05-25 15:22:24+05:00,43.1346888333,76.9731,,,4.0,research,cc-by-nc,"Almaty, KZ",xltzntl,inside,inside,2024-05-25,day,iNaturalist observed_on parsed as calendar day,eligible,species-level iNaturalist query; no higher-rank query flag in source screening,True
Rhodiola linearifolia,Rhodiola_linearifolia.json,219042110,https://www.inaturalist.org/observations/219042110,Rhodiola kirilowii,960381,2024-05-28,2024-05-28 16:32:47+05:00,42.93997,78.32492,,,4.0,research,cc-by-nc,"Almaty, KZ",selkinto,inside,inside,2024-05-28,day,iNaturalist observed_on parsed as calendar day,eligible,species-level iNaturalist query; no higher-rank query flag in source screening,True
Rhodiola linearifolia,Rhodiola_linearifolia.json,219037320,https://www.inaturalist.org/observations/219037320,Rhodiola kirilowii,960381,2024-05-28,2024-05-28 16:40:01+05:00,42.9401366667,78.3248533333,,,7.0,research,,"Almatinskaya oblast', KZ",olympus_herald,inside,inside,2024-05-28,day,iNaturalist observed_on parsed as calendar day,eligible,species-level iNaturalist query; no higher-rank query flag in source screening,True
Rhodiola linearifolia,Rhodiola_linearifolia.json,220003044,https://www.inaturalist.org/observations/220003044,Rhodiola kirilowii,960381,2024-06-01,2024/06/01 10:16,43.1781733333,77.1089783333,,,,research,cc-by-nc,"Медеуский район, Алматы, Казахстан",nkanunnikov,inside,inside,2024-06-01,day,iNaturalist observed_on parsed as calendar day,eligible,species-level iNaturalist query; no higher-rank query flag in source screening,True
Rhodiola linearifolia,Rhodiola_linearifolia.json,220013985,https://www.inaturalist.org/observations/220013985,Rhodiola kirilowii,960381,2024-06-01,2024/06/01 12:03,43.1780055391,77.1215580615,,,422.0,research,cc-by-nc,"Медеуский район, Алматы, Казахстан",nkanunnikov,inside,inside,2024-06-01,day,iNaturalist observed_on parsed as calendar day,eligible,species-level iNaturalist query; no higher-rank query flag in source screening,True
Rhodiola linearifolia,Rhodiola_linearifolia.json,219767144,https://www.inaturalist.org/observations/219767144,Rhodiola kirilowii,960381,2024-06-01,2024-06-01 13:53:26,43.0567581137,76.9805839285,,,1062.0,research,cc-by-nc,"3X4H+HJC, Алматы, Казахстан",nataliaermakova,inside,inside,2024-06-01,day,iNaturalist observed_on parsed as calendar day,eligible,species-level iNaturalist query; no higher-rank query flag in source screening,True
Rhodiola linearifolia,Rhodiola_linearifolia.json,220836622,https://www.inaturalist.org/observations/220836622,Rhodiola kirilowii,960381,2024-06-02,2024/06/02 13:19,43.0742590544,76.8342230046,,,488.0,research,cc-by,"Карасайский район, Казахстан",elanaky,inside,inside,2024-06-02,day,iNaturalist observed_on parsed as calendar day,eligible,species-level iNaturalist query; no higher-rank query flag in source screening,True
Rhodiola linearifolia,Rhodiola_linearifolia.json,220836625,https://www.inaturalist.org/observations/220836625,Rhodiola kirilowii,960381,2024-06-02,2024/06/02 13:21,43.075512975,76.8359396184,,,488.0,research,cc-by,"Карасайский район, Казахстан",elanaky,inside,inside,2024-06-02,day,iNaturalist observed_on parsed as calendar day,eligible,species-level iNaturalist query; no higher-rank query flag in source screening,True
Rhodiola linearifolia,Rhodiola_linearifolia.json,220836628,https://www.inaturalist.org/observations/220836628,Rhodiola kirilowii,960381,2024-06-02,2024/06/02 13:34,43.0697447277,76.8373129094,,,488.0,research,cc-by,"Карасайский район, Казахстан",elanaky,inside,inside,2024-06-02,day,iNaturalist observed_on parsed as calendar day,eligible,species-level iNaturalist query; no higher-rank query flag in source screening,True
Rhodiola linearifolia,Rhodiola_linearifolia.json,220918656,https://www.inaturalist.org/observations/220918656,Rhodiola kirilowii,960381,2024-06-02,2024-06-02 14:44:17+05:00,43.1091028333,76.8843833333,,,3.0,research,,"Волчья гора из СТ Алма, Алмаатинская область, KZ",timur87021,inside,inside,2024-06-02,day,iNaturalist observed_on parsed as calendar day,eligible,species-level iNaturalist query; no higher-rank query flag in source screening,True
Rhodiola linearifolia,Rhodiola_linearifolia.json,220921547,https://www.inaturalist.org/observations/220921547,Rhodiola kirilowii,960381,2024-06-05,2024-06-05 10:50:30,43.1063888889,77.0738888889,,,,research,cc-by-nc,"434G+X7Q Мемориал Альпинистов, Алматы, Казахстан",svetlanasp,inside,inside,2024-06-05,day,iNaturalist observed_on parsed as calendar day,eligible,species-level iNaturalist query; no higher-rank query flag in source screening,True
Rhodiola linearifolia,Rhodiola_linearifolia.json,223533955,https://www.inaturalist.org/observations/223533955,Rhodiola kirilowii,960381,2024-06-16,2024-06-16 11:55:16+03:00,43.1204516811,77.137983314,,,38.0,research,cc-by-nc,"Талгарский перевал - Левый Талгар, Алмаатинская область, KZ",ivanovivan,inside,inside,2024-06-16,day,iNaturalist observed_on parsed as calendar day,eligible,species-level iNaturalist query; no higher-rank query flag in source screening,True
Rhodiola linearifolia,Rhodiola_linearifolia.json,234839847,https://www.inaturalist.org/observations/234839847,Rhodiola kirilowii,960381,2024-06-20,2024/06/20 2:26 PM,43.121471,77.052582,,,15.0,research,cc-by-nc,"Medeu District, Almaty, Kazakhstan",igor_yevdokimov,inside,inside,2024-06-20,day,iNaturalist observed_on parsed as calendar day,eligible,species-level iNaturalist query; no higher-rank query flag in source screening,True
Rhodiola linearifolia,Rhodiola_linearifolia.json,227069028,https://www.inaturalist.org/observations/227069028,Rhodiola kirilowii,960381,2024-06-21,2024/06/21 10:29 AM,43.1020277513,77.0760348084,,,6.0,research,cc-by-nc,"Medeu District, Almaty, Kazakhstan",igor_yevdokimov,inside,inside,2024-06-21,day,iNaturalist observed_on parsed as calendar day,eligible,species-level iNaturalist query; no higher-rank query flag in source screening,True
Rhodiola linearifolia,Rhodiola_linearifolia.json,227103664,https://www.inaturalist.org/observations/227103664,Rhodiola kirilowii,960381,2024-06-21,2024/06/21 10:40 AM,43.1018798221,77.0768571931,,,6.0,research,cc-by-nc,"Medeu District, Almaty, Kazakhstan",igor_yevdokimov,inside,inside,2024-06-21,day,iNaturalist observed_on parsed as calendar day,eligible,species-level iNaturalist query; no higher-rank query flag in source screening,True
Rhodiola linearifolia,Rhodiola_linearifolia.json,227268246,https://www.inaturalist.org/observations/227268246,Rhodiola kirilowii,960381,2024-06-21,2024/06/21 11:59 AM,43.079274881,77.0824748526,,,10.0,research,cc-by-nc,"Medeu District, Almaty, Kazakhstan",igor_yevdokimov,inside,inside,2024-06-21,day,iNaturalist observed_on parsed as calendar day,eligible,species-level iNaturalist query; no higher-rank query flag in source screening,True
Rhodiola linearifolia,Rhodiola_linearifolia.json,224821972,https://www.inaturalist.org/observations/224821972,Rhodiola kirilowii,960381,2024-06-23,2024/06/23 12:09,43.0596981436,76.9956369654,,,1143.0,research,cc-by-nc,"Медеуский район, Алматы, Казахстан",nkanunnikov,inside,inside,2024-06-23,day,iNaturalist observed_on parsed as calendar day,eligible,species-level iNaturalist query; no higher-rank query flag in source screening,True
Rhodiola linearifolia,Rhodiola_linearifolia.json,225332783,https://www.inaturalist.org/observations/225332783,Rhodiola kirilowii,960381,2024-06-26,2024-06-26 14:32:57,43.0444444444,76.9388888889,,,,research,cc-by-nc,"Бостандыкский район, Алматы, Казахстан",svetlanasp,inside,inside,2024-06-26,day,iNaturalist observed_on parsed as calendar day,eligible,species-level iNaturalist query; no higher-rank query flag in source screening,True
Rhodiola linearifolia,Rhodiola_linearifolia.json,227036142,https://www.inaturalist.org/observations/227036142,Rhodiola kirilowii,960381,2024-06-30,2024/06/30 10:53,43.058591344,76.8329665678,,,962.0,research,cc-by,"Карасайский район, Казахстан",elanaky,inside,inside,2024-06-30,day,iNaturalist observed_on parsed as calendar day,eligible,species-level iNaturalist query; no higher-rank query flag in source screening,True
Rhodiola linearifolia,Rhodiola_linearifolia.json,227237695,https://www.inaturalist.org/observations/227237695,Rhodiola kirilowii,960381,2024-06-30,2024/06/30 11:00,43.0662282761,76.8343335637,,,244.0,research,cc-by,"Карасайский район, Казахстан",elanaky,inside,inside,2024-06-30,day,iNaturalist observed_on parsed as calendar day,eligible,species-level iNaturalist query; no higher-rank query flag in source screening,True
Rhodiola linearifolia,Rhodiola_linearifolia.json,227467997,https://www.inaturalist.org/observations/227467997,Rhodiola kirilowii,960381,2024-06-30,2024/06/30 12:35,42.9570136067,76.2537304346,,,977.0,research,cc-by,"Жамбылский район, Казахстан",elanaky,inside,inside,2024-06-30,day,iNaturalist observed_on parsed as calendar day,eligible,species-level iNaturalist query; no higher-rank query flag in source screening,True
Rhodiola linearifolia,Rhodiola_linearifolia.json,227467998,https://www.inaturalist.org/observations/227467998,Rhodiola kirilowii,960381,2024-06-30,2024/06/30 12:35,42.9725901246,76.2592235986,,,977.0,research,cc-by,"Жамбылский район, Казахстан",elanaky,inside,inside,2024-06-30,day,iNaturalist observed_on parsed as calendar day,eligible,species-level iNaturalist query; no higher-rank query flag in source screening,True
Rhodiola linearifolia,Rhodiola_linearifolia.json,227815560,https://www.inaturalist.org/observations/227815560,Rhodiola kirilowii,960381,2024-07-07,2024-07-07 13:33:27+05:00,43.1325151816,77.0130725231,,,8302.0,research,cc-by-nc,"На Три брата в лоб, Алмаатинская область, KZ",carnivora,inside,inside,2024-07-07,day,iNaturalist observed_on parsed as calendar day,eligible,species-level iNaturalist query; no higher-rank query flag in source screening,True
Rhodiola linearifolia,Rhodiola_linearifolia.json,228420014,https://www.inaturalist.org/observations/228420014,Rhodiola kirilowii,960381,2024-07-08,2024/07/08 13:42,43.0593500831,76.9213818904,,,488.0,research,cc-by,"Карасайский район, Казахстан",dina170,inside,inside,2024-07-08,day,iNaturalist observed_on parsed as calendar day,eligible,species-level iNaturalist query; no higher-rank query flag in source screening,True
Rhodiola linearifolia,Rhodiola_linearifolia.json,228420016,https://www.inaturalist.org/observations/228420016,Rhodiola kirilowii,960381,2024-07-08,2024/07/08 13:42,43.063112683,76.9179486628,,,488.0,research,cc-by,"Карасайский район, Казахстан",dina170,inside,inside,2024-07-08,day,iNaturalist observed_on parsed as calendar day,eligible,species-level iNaturalist query; no higher-rank query flag in source screening,True
Rhodiola linearifolia,Rhodiola_linearifolia.json,232119024,https://www.inaturalist.org/observations/232119024,Rhodiola kirilowii,960381,2024-07-08,2024/07/08 16:17,43.1172527778,77.1158361111,,,32.0,needs_id,cc-by-nc,"Талгарский район, Казахстан",cybernetic,inside,inside,2024-07-08,day,iNaturalist observed_on parsed as calendar day,eligible,species-level iNaturalist query; no higher-rank query flag in source screening,True
Rhodiola linearifolia,Rhodiola_linearifolia.json,233307329,https://www.inaturalist.org/observations/233307329,Rhodiola kirilowii,960381,2024-07-26,2024/07/26 13:15,42.5822504979,80.0196941592,,,244.0,research,cc-by,"Райымбекский район, Казахстан",elanaky,inside,inside,2024-07-26,day,iNaturalist observed_on parsed as calendar day,eligible,species-level iNaturalist query; no higher-rank query flag in source screening,True
Rhodiola linearifolia,Rhodiola_linearifolia.json,233674664,https://www.inaturalist.org/observations/233674664,Rhodiola kirilowii,960381,2024-07-26,2024/07/26 14:01,42.4108953154,80.1422456937,,,244.0,research,cc-by,"Райымбекский район, Казахстан",elanaky,inside,inside,2024-07-26,day,iNaturalist observed_on parsed as calendar day,eligible,species-level iNaturalist query; no higher-rank query flag in source screening,True
Rhodiola linearifolia,Rhodiola_linearifolia.json,273126316,https://www.inaturalist.org/observations/273126316,Rhodiola kirilowii,960381,2025-04-25,2025-04-25 14:42:13,43.1732877027,77.0744444802,,,186.0,research,cc-by,"53FJ+R5F Bobcat meadow, Алматы, Казахстан",elanaky,inside,inside,2025-04-25,day,iNaturalist observed_on parsed as calendar day,eligible,species-level iNaturalist query; no higher-rank query flag in source screening,True
Rhodiola linearifolia,Rhodiola_linearifolia.json,306045172,https://www.inaturalist.org/observations/306045172,Rhodiola kirilowii,960381,2025-05-01,2025/05/01 15:07,42.9679209,75.8745283,,,186.0,research,,"Unnamed Road,, Казахстан",letovglazah,inside,inside,2025-05-01,day,iNaturalist observed_on parsed as calendar day,eligible,species-level iNaturalist query; no higher-rank query flag in source screening,True
Rhodiola linearifolia,Rhodiola_linearifolia.json,278764992,https://www.inaturalist.org/observations/278764992,Rhodiola kirilowii,960381,2025-05-05,2025-05-05 15:14:41,43.1183079722,77.11587,,,,research,cc-by,"Талгарский район, Казахстан",eoperipatustotoro,inside,inside,2025-05-05,day,iNaturalist observed_on parsed as calendar day,eligible,species-level iNaturalist query; no higher-rank query flag in source screening,True
Rhodiola linearifolia,Rhodiola_linearifolia.json,306575602,https://www.inaturalist.org/observations/306575602,Rhodiola kirilowii,960381,2025-05-09,2025-05-09 12:15:38,43.0559944444,78.3454805556,,,,research,cc-by-nc,"Kegen District, Kazajistán",very__odd,inside,inside,2025-05-09,day,iNaturalist observed_on parsed as calendar day,eligible,species-level iNaturalist query; no higher-rank query flag in source screening,True
Rhodiola linearifolia,Rhodiola_linearifolia.json,280210722,https://www.inaturalist.org/observations/280210722,Rhodiola kirilowii,960381,2025-05-09,2025-05-09 14:08:17,43.0537956,76.9903266,,,,research,cc-by-nc,"Бостандыкский район, Алматы, Казахстан",svetlanasp,inside,inside,2025-05-09,day,iNaturalist observed_on parsed as calendar day,eligible,species-level iNaturalist query; no higher-rank query flag in source screening,True
Rhodiola linearifolia,Rhodiola_linearifolia.json,280011356,https://www.inaturalist.org/observations/280011356,Rhodiola kirilowii,960381,2025-05-09,2025-05-09 15:51:02,43.0520658,76.9906632,,,,research,cc-by-nc,"Бостандыкский район, Алматы, Казахстан",svetlanasp,inside,inside,2025-05-09,day,iNaturalist observed_on parsed as calendar day,eligible,species-level iNaturalist query; no higher-rank query flag in source screening,True
Rhodiola linearifolia,Rhodiola_linearifolia.json,279994727,https://www.inaturalist.org/observations/279994727,Rhodiola kirilowii,960381,2025-05-10,2025-05-10 11:32:15,43.0351337,77.0025729997,,,,research,cc-by-nc,"Карасайский район, Казахстан",svetlanasp,inside,inside,2025-05-10,day,iNaturalist observed_on parsed as calendar day,eligible,species-level iNaturalist query; no higher-rank query flag in source screening,True
Rhodiola linearifolia,Rhodiola_linearifolia.json,279893249,https://www.inaturalist.org/observations/279893249,Rhodiola kirilowii,960381,2025-05-10,2025-05-10 11:55:18,43.0486698501,76.9912705198,,,4.0,research,,"Karasayskiy, KZ-AA, KZ",lera-andronova,inside,inside,2025-05-10,day,iNaturalist observed_on parsed as calendar day,eligible,species-level iNaturalist query; no higher-rank query flag in source screening,True
Rhodiola linearifolia,Rhodiola_linearifolia.json,281655802,https://www.inaturalist.org/observations/281655802,Rhodiola kirilowii,960381,2025-05-17,2025-05-17 07:47:01+05:00,43.0530780654,76.9904211175,,,3.0,research,cc-by-nc,"P-22, Almaty, KZ",kenny_well,inside,inside,2025-05-17,day,iNaturalist observed_on parsed as calendar day,eligible,species-level iNaturalist query; no higher-rank query flag in source screening,True
Rhodiola linearifolia,Rhodiola_linearifolia.json,282344404,https://www.inaturalist.org/observations/282344404,Rhodiola kirilowii,960381,2025-05-17,2025-05-17 11:50:28+05:00,43.0530138333,76.9913466667,,,4.0,research,cc-by-nc,"P-22, Алмаатинская область, KZ",leonid63,inside,inside,2025-05-17,day,iNaturalist observed_on parsed as calendar day,eligible,species-level iNaturalist query; no higher-rank query flag in source screening,True
Rhodiola linearifolia,Rhodiola_linearifolia.json,282774005,https://www.inaturalist.org/observations/282774005,Rhodiola kirilowii,960381,2025-05-20,2025-05-20 14:48:17,43.2241122293,77.705947794,,,90485.0,research,cc-by-nc,"Talgar District, Kazakhstan",hamishthomas,inside,inside,2025-05-20,day,iNaturalist observed_on parsed as calendar day,eligible,species-level iNaturalist query; no higher-rank query flag in source screening,True
Rhodiola linearifolia,Rhodiola_linearifolia.json,285936234,https://www.inaturalist.org/observations/285936234,Rhodiola kirilowii,960381,2025-05-24,2025/05/24 15:22,43.1141427421,77.0425461386,,,421.0,research,cc-by-nc,"Медеуский район, Алматы, Казахстан",sofyad,inside,inside,2025-05-24,day,iNaturalist observed_on parsed as calendar day,eligible,species-level iNaturalist query; no higher-rank query flag in source screening,True
Rhodiola linearifolia,Rhodiola_linearifolia.json,283930293,https://www.inaturalist.org/observations/283930293,Rhodiola kirilowii,960381,2025-05-25,2025-05-25 11:09:09,43.1523156,77.0775134,,,,research,cc-by-nc,"Талгарский район, Казахстан",dinarita,inside,inside,2025-05-25,day,iNaturalist observed_on parsed as calendar day,eligible,species-level iNaturalist query; no higher-rank query flag in source screening,True
Rhodiola linearifolia,Rhodiola_linearifolia.json,283909190,https://www.inaturalist.org/observations/283909190,Rhodiola kirilowii,960381,2025-05-25,2025-05-25 12:10:51,43.1522345997,77.0774521,,,,research,cc-by-nc,"Талгарский район, Казахстан",svetlanasp,inside,inside,2025-05-25,day,iNaturalist observed_on parsed as calendar day,eligible,species-level iNaturalist query; no higher-rank query flag in source screening,True
Rhodiola linearifolia,Rhodiola_linearifolia.json,284153245,https://www.inaturalist.org/observations/284153245,Rhodiola kirilowii,960381,2025-05-25,2025-05-25 12:32:16,43.1144144,76.9559888997,,,,research,cc-by-nc,"Медеуский район, Алматы, Казахстан",nkanunnikov,inside,inside,2025-05-25,day,iNaturalist observed_on parsed as calendar day,eligible,species-level iNaturalist query; no higher-rank query flag in source screening,True
Rhodiola linearifolia,Rhodiola_linearifolia.json,284162178,https://www.inaturalist.org/observations/284162178,Rhodiola kirilowii,960381,2025-05-25,2025-05-25 13:25:05+05:00,43.0560097263,76.9806751364,,,341.0,research,cc-by-nc,"КВ66, Almaty, KZ",kaliyma,inside,inside,2025-05-25,day,iNaturalist observed_on parsed as calendar day,eligible,species-level iNaturalist query; no higher-rank query flag in source screening,True
Rhodiola linearifolia,Rhodiola_linearifolia.json,284298483,https://www.inaturalist.org/observations/284298483,Rhodiola kirilowii,960381,2025-05-25,2025-05-25 13:25:07+05:00,43.0558305,76.9809283333,,,4.0,research,cc-by-nc,"КВ66, Алмаатинская область, KZ",bekzow,inside,inside,2025-05-25,day,iNaturalist observed_on parsed as calendar day,eligible,species-level iNaturalist query; no higher-rank query flag in source screening,True
Rhodiola linearifolia,Rhodiola_linearifolia.json,285732810,https://www.inaturalist.org/observations/285732810,Rhodiola kirilowii,960381,2025-05-31,2025-05-31 15:52:54+05:00,43.1153750072,77.0146638833,,,3381.0,research,cc-by-nc,"Talgarskiy, KZ-AA, KZ",kaliyma,inside,inside,2025-05-31,day,iNaturalist observed_on parsed as calendar day,eligible,species-level iNaturalist query; no higher-rank query flag in source screening,True
Rhodiola linearifolia,Rhodiola_linearifolia.json,302708708,https://www.inaturalist.org/observations/302708708,Rhodiola kirilowii,960381,2025-06-03,2025/06/03 1:47 PM,43.0893912,76.909925,,,191.0,research,cc0,"Alma-Arasan, Kazakhstan",simontonge,inside,inside,2025-06-03,day,iNaturalist observed_on parsed as calendar day,eligible,species-level iNaturalist query; no higher-rank query flag in source screening,True
Rhodiola linearifolia,Rhodiola_linearifolia.json,295052080,https://www.inaturalist.org/observations/295052080,Rhodiola kirilowii,960381,2025-06-04,2025/06/04 10:29,43.06255,76.9674055556,,,4.0,research,,"Bostandyk District, Almaty, Kazachstan",vryaini,inside,inside,2025-06-04,day,iNaturalist observed_on parsed as calendar day,eligible,species-level iNaturalist query; no higher-rank query flag in source screening,True
Rhodiola linearifolia,Rhodiola_linearifolia.json,300141282,https://www.inaturalist.org/observations/300141282,Rhodiola kirilowii,960381,2025-06-06,2025/06/06 14:12,42.9960186705,75.8135152604,,,1002.0,research,,"Жамбылский район, Казахстан",letovglazah,inside,inside,2025-06-06,day,iNaturalist observed_on parsed as calendar day,eligible,species-level iNaturalist query; no higher-rank query flag in source screening,True
Rhodiola linearifolia,Rhodiola_linearifolia.json,288427702,https://www.inaturalist.org/observations/288427702,Rhodiola kirilowii,960381,2025-06-07,2025-06-07 11:30:09+05:00,43.1811833333,77.1484666667,,,2871.0,research,cc-by-nc,"Almaty, KZ",kaliyma,inside,inside,2025-06-07,day,iNaturalist observed_on parsed as calendar day,eligible,species-level iNaturalist query; no higher-rank query flag in source screening,True
Rhodiola linearifolia,Rhodiola_linearifolia.json,287604055,https://www.inaturalist.org/observations/287604055,Rhodiola kirilowii,960381,2025-06-07,2025-06-07 12:16:51,43.0533935969,76.9651604259,,,7427.0,research,cc-by-nc,"Almaty, KZ",machielvalkenburg,inside,inside,2025-06-07,day,iNaturalist observed_on parsed as calendar day,eligible,species-level iNaturalist query; no higher-rank query flag in source screening,True
Rhodiola linearifolia,Rhodiola_linearifolia.json,304606049,https://www.inaturalist.org/observations/304606049,Rhodiola kirilowii,960381,2025-06-15,2025/06/15 10:49,43.1203329112,77.0919003051,,,,research,cc-by-nc,"Медеуский район, Алматы, Казахстан",bektemirosmonali,inside,inside,2025-06-15,day,iNaturalist observed_on parsed as calendar day,eligible,species-level iNaturalist query; no higher-rank query flag in source screening,True
Rhodiola linearifolia,Rhodiola_linearifolia.json,304609088,https://www.inaturalist.org/observations/304609088,Rhodiola kirilowii,960381,2025-06-15,2025/06/15 11:22,43.120047,77.09349,,,,research,cc-by-nc,"Медеуский район, Алматы, Казахстан",bektemirosmonali,inside,inside,2025-06-15,day,iNaturalist observed_on parsed as calendar day,eligible,species-level iNaturalist query; no higher-rank query flag in source screening,True
Rhodiola linearifolia,Rhodiola_linearifolia.json,304612457,https://www.inaturalist.org/observations/304612457,Rhodiola kirilowii,960381,2025-06-15,2025/06/15 14:53,43.109807,77.109609,,,,research,cc-by-nc,"Карасайский район, Казахстан",bektemirosmonali,inside,inside,2025-06-15,day,iNaturalist observed_on parsed as calendar day,eligible,species-level iNaturalist query; no higher-rank query flag in source screening,True
Rhodiola linearifolia,Rhodiola_linearifolia.json,291980612,https://www.inaturalist.org/observations/291980612,Rhodiola kirilowii,960381,2025-06-21,2025-06-21 17:04:15+05:00,43.1321593932,77.0341722434,,,406.0,research,cc-by-nc,"Almaty, KZ",kaliyma,inside,inside,2025-06-21,day,iNaturalist observed_on parsed as calendar day,eligible,species-level iNaturalist query; no higher-rank query flag in source screening,True
Rhodiola linearifolia,Rhodiola_linearifolia.json,295668941,https://www.inaturalist.org/observations/295668941,Rhodiola kirilowii,960381,2025-06-23,2025/06/23 11:44 AM,43.108669,77.073101,,,10.0,research,cc-by-nc,"Medeu District, Almaty, Kazakhstan",igor_yevdokimov,inside,inside,2025-06-23,day,iNaturalist observed_on parsed as calendar day,eligible,species-level iNaturalist query; no higher-rank query flag in source screening,True
Rhodiola linearifolia,Rhodiola_linearifolia.json,295666366,https://www.inaturalist.org/observations/295666366,Rhodiola kirilowii,960381,2025-06-23,2025/06/23 2:13 PM,43.088099,77.07676,,,15.0,research,cc-by-nc,"Medeu District, Almaty, Kazakhstan",igor_yevdokimov,inside,inside,2025-06-23,day,iNaturalist observed_on parsed as calendar day,eligible,species-level iNaturalist query; no higher-rank query flag in source screening,True
Rhodiola linearifolia,Rhodiola_linearifolia.json,295666692,https://www.inaturalist.org/observations/295666692,Rhodiola kirilowii,960381,2025-06-23,2025/06/23 2:37 PM,43.085716,77.07787,,,10.0,research,cc-by-nc,"Medeu District, Almaty, Kazakhstan",igor_yevdokimov,inside,inside,2025-06-23,day,iNaturalist observed_on parsed as calendar day,eligible,species-level iNaturalist query; no higher-rank query flag in source screening,True
Rhodiola linearifolia,Rhodiola_linearifolia.json,295758621,https://www.inaturalist.org/observations/295758621,Rhodiola kirilowii,960381,2025-07-06,2025/07/06 14:38,43.1109257997,77.1129552997,,,,research,cc-by,"Медеуский район, Алматы, Казахстан",iskander5,inside,inside,2025-07-06,day,iNaturalist observed_on parsed as calendar day,eligible,species-level iNaturalist query; no higher-rank query flag in source screening,True
Rhodiola linearifolia,Rhodiola_linearifolia.json,297525391,https://www.inaturalist.org/observations/297525391,Rhodiola kirilowii,960381,2025-07-12,2025-07-12 12:13:50,42.3381180743,80.2002855018,,,187.0,research,cc-by-nc,"86Q2+64V, Kazakhstan",leasartking,inside,inside,2025-07-12,day,iNaturalist observed_on parsed as calendar day,eligible,species-level iNaturalist query; no higher-rank query flag in source screening,True
Rhodiola linearifolia,Rhodiola_linearifolia.json,301984009,https://www.inaturalist.org/observations/301984009,Rhodiola kirilowii,960381,2025-07-26,2025-07-26 17:00:47+05:00,42.5262366667,79.9229366667,,,11.0,research,cc-by-nc,"Almaty, KZ",spyingnaturalist,inside,inside,2025-07-26,day,iNaturalist observed_on parsed as calendar day,eligible,species-level iNaturalist query; no higher-rank query flag in source screening,True
Rhodiola linearifolia,Rhodiola_linearifolia.json,331794928,https://www.inaturalist.org/observations/331794928,Rhodiola kirilowii,960381,2025-08-04,2025/08/04 09:34,42.6457681338,79.5942719328,,,488.0,research,cc-by,"Райымбекский район, Казахстан",elanaky,inside,inside,2025-08-04,day,iNaturalist observed_on parsed as calendar day,eligible,species-level iNaturalist query; no higher-rank query flag in source screening,True
Rhodiola linearifolia,Rhodiola_linearifolia.json,361921654,https://www.inaturalist.org/observations/361921654,Rhodiola kirilowii,960381,2026-04-30,2026-04-30 14:01:53,43.1013958559,76.8834108487,,,187.0,research,cc-by-nc,"Карасайский район, Казахстан",natasha57668,inside,inside,2026-04-30,day,iNaturalist observed_on parsed as calendar day,eligible,species-level iNaturalist query; no higher-rank query flag in source screening,True
Rhodiola linearifolia,Rhodiola_linearifolia.json,360552947,https://www.inaturalist.org/observations/360552947,Rhodiola kirilowii,960381,2026-05-07,2026-05-07 15:02:12+05:00,43.0547,76.9674133333,,,12.0,needs_id,cc-by-nc,"Almaty, KZ",kastani,inside,inside,2026-05-07,day,iNaturalist observed_on parsed as calendar day,eligible,species-level iNaturalist query; no higher-rank query flag in source screening,True
Rhodiola linearifolia,Rhodiola_linearifolia.json,360555437,https://www.inaturalist.org/observations/360555437,Rhodiola kirilowii,960381,2026-05-07,2026-05-07 15:18:59+05:00,43.0537083333,76.9662866667,,,4.0,research,cc-by-nc,"Almaty, KZ",kastani,inside,inside,2026-05-07,day,iNaturalist observed_on parsed as calendar day,eligible,species-level iNaturalist query; no higher-rank query flag in source screening,True
Rhodiola linearifolia,Rhodiola_linearifolia.json,362329244,https://www.inaturalist.org/observations/362329244,Rhodiola kirilowii,960381,2026-05-16,2026-05-16 10:04:37,43.0472367633,76.9125795364,,,186.0,research,cc-by-nc,"Карасайский район, Казахстан",adilmurat,inside,inside,2026-05-16,day,iNaturalist observed_on parsed as calendar day,eligible,species-level iNaturalist query; no higher-rank query flag in source screening,True
Rhodiola linearifolia,Rhodiola_linearifolia.json,362329948,https://www.inaturalist.org/observations/362329948,Rhodiola kirilowii,960381,2026-05-17,2026-05-17 13:45:34,43.0536722222,76.9911472222,,,,research,cc-by-nc,"Medeu District, Almaty, Kazakhstan",kasetkin,inside,inside,2026-05-17,day,iNaturalist observed_on parsed as calendar day,eligible,species-level iNaturalist query; no higher-rank query flag in source screening,True
Rhodiola linearifolia,Rhodiola_linearifolia.json,363276578,https://www.inaturalist.org/observations/363276578,Rhodiola kirilowii,960381,2026-05-18,2026-05-18 15:07:34,42.9823785997,78.3210427,,,,research,cc-by-nc-nd,"Kegen District, Kazakhstan",sunny_hills,inside,inside,2026-05-18,day,iNaturalist observed_on parsed as calendar day,eligible,species-level iNaturalist query; no higher-rank query flag in source screening,True
Rhodiola linearifolia,Rhodiola_linearifolia.json,363257287,https://www.inaturalist.org/observations/363257287,Rhodiola kirilowii,960381,2026-05-20,2026-05-20 06:57:29+05:00,43.0575416667,76.9757833333,,,5.0,research,cc-by-nc,"Almaty, KZ",kaliyma,inside,inside,2026-05-20,day,iNaturalist observed_on parsed as calendar day,eligible,species-level iNaturalist query; no higher-rank query flag in source screening,True
Rhodiola linearifolia,Rhodiola_linearifolia.json,363606664,https://www.inaturalist.org/observations/363606664,Rhodiola kirilowii,960381,2026-05-20,2026-05-20 10:21:50+05:00,43.0515833333,76.9720833333,,,2876.0,research,cc-by-nc,"Almaty, KZ",kaliyma,inside,inside,2026-05-20,day,iNaturalist observed_on parsed as calendar day,eligible,species-level iNaturalist query; no higher-rank query flag in source screening,True
Rhodiola linearifolia,Rhodiola_linearifolia.json,366610336,https://www.inaturalist.org/observations/366610336,Rhodiola kirilowii,960381,2026-05-23,2026-05-23 14:39:02,43.1238568221,76.8272051588,,,661.0,research,cc-by-nc,"Karasay District, Kazakhstan",trent_wildlife,inside,inside,2026-05-23,day,iNaturalist observed_on parsed as calendar day,eligible,species-level iNaturalist query; no higher-rank query flag in source screening,True
Rhodiola linearifolia,Rhodiola_linearifolia.json,364664593,https://www.inaturalist.org/observations/364664593,Rhodiola kirilowii,960381,2026-05-24,2026-05-24 08:41:14,43.1196251,76.9907665,,,,research,cc-by-nc,"Медеуский район, Алматы, Казахстан",nkanunnikov,inside,inside,2026-05-24,day,iNaturalist observed_on parsed as calendar day,eligible,species-level iNaturalist query; no higher-rank query flag in source screening,True
Rhodiola linearifolia,Rhodiola_linearifolia.json,364664870,https://www.inaturalist.org/observations/364664870,Rhodiola kirilowii,960381,2026-05-24,2026-05-24 08:46:26,43.1197353,76.9909281997,,,,research,cc-by-nc,"Медеуский район, Алматы, Казахстан",nkanunnikov,inside,inside,2026-05-24,day,iNaturalist observed_on parsed as calendar day,eligible,species-level iNaturalist query; no higher-rank query flag in source screening,True
Rhodiola linearifolia,Rhodiola_linearifolia.json,364956935,https://www.inaturalist.org/observations/364956935,Rhodiola kirilowii,960381,2026-05-24,2026-05-24 12:27:24,43.1593249177,77.1034227312,,,308.0,research,,"5453+QCW, Алматы, Казахстан",fortanach,inside,inside,2026-05-24,day,iNaturalist observed_on parsed as calendar day,eligible,species-level iNaturalist query; no higher-rank query flag in source screening,True
Rhodiola linearifolia,Rhodiola_linearifolia.json,366309677,https://www.inaturalist.org/observations/366309677,Rhodiola kirilowii,960381,2026-05-27,2026/05/27 11:09,43.0524751358,76.9650395444,,,31.0,research,cc-by-nc,"Бостандыкский район, Алматы, Казахстан",gennadiy_dyakin,inside,inside,2026-05-27,day,iNaturalist observed_on parsed as calendar day,eligible,species-level iNaturalist query; no higher-rank query flag in source screening,True
Rhodiola linearifolia,Rhodiola_linearifolia.json,366285233,https://www.inaturalist.org/observations/366285233,Rhodiola kirilowii,960381,2026-05-27,2026/05/27 11:14,43.0534944444,76.9661638889,,,4.0,research,cc-by-nc,"Бостандыкский район, Алматы, Казахстан",gennadiy_dyakin,inside,inside,2026-05-27,day,iNaturalist observed_on parsed as calendar day,eligible,species-level iNaturalist query; no higher-rank query flag in source screening,True
Rhodiola linearifolia,Rhodiola_linearifolia.json,365720689,https://www.inaturalist.org/observations/365720689,Rhodiola kirilowii,960381,2026-05-27,2026-05-27 14:08:20,43.2245204686,77.1473814547,,,761.0,research,cc-by-nc,"Talgar District, Kazakhstan",xbbt,inside,inside,2026-05-27,day,iNaturalist observed_on parsed as calendar day,eligible,species-level iNaturalist query; no higher-rank query flag in source screening,True
Rhodiola linearifolia,Rhodiola_linearifolia.json,367616309,https://www.inaturalist.org/observations/367616309,Rhodiola kirilowii,960381,2026-05-30,Sat May 30 2026 10:56:02 GMT +0500 (GMT+5),43.1646308899,77.114440918,,,4.0,research,cc-by-nc,"Talgarskiy, KZ-AA, KZ",maria_schustrowa,inside,inside,2026-05-30,day,iNaturalist observed_on parsed as calendar day,eligible,species-level iNaturalist query; no higher-rank query flag in source screening,True
Rhodiola linearifolia,Rhodiola_linearifolia.json,367467787,https://www.inaturalist.org/observations/367467787,Rhodiola kirilowii,960381,2026-05-31,2026-05-31 11:50:28,43.0427359775,76.9188753486,,,6.0,research,cc-by,"Karasayskiy, KZ-AA, KZ",b166er,inside,inside,2026-05-31,day,iNaturalist observed_on parsed as calendar day,eligible,species-level iNaturalist query; no higher-rank query flag in source screening,True
Rhodiola linearifolia,Rhodiola_linearifolia.json,369696484,https://www.inaturalist.org/observations/369696484,Rhodiola kirilowii,960381,2026-06-04,2026-06-04 11:14:45,43.0526861667,76.98928,,,3.0,research,cc-by-nc,"KZ05-11, Almaty, KZ",athena42,inside,inside,2026-06-04,day,iNaturalist observed_on parsed as calendar day,eligible,species-level iNaturalist query; no higher-rank query flag in source screening,True
Rhodiola linearifolia,Rhodiola_linearifolia.json,378741204,https://www.inaturalist.org/observations/378741204,Rhodiola kirilowii,960381,2026-06-07,2026/06/07 7:57 AM,43.0853549383,77.07883046,,,,research,cc-by-nc,"Medeu District, Almaty, Kazakhstan",aizhanium,inside,inside,2026-06-07,day,iNaturalist observed_on parsed as calendar day,eligible,species-level iNaturalist query; no higher-rank query flag in source screening,True
Rhodiola linearifolia,Rhodiola_linearifolia.json,369367598,https://www.inaturalist.org/observations/369367598,Rhodiola kirilowii,960381,2026-06-07,2026-06-07 11:36:25,43.0444044997,76.9153457997,,,,research,cc-by-nc,"Карасайский район, Казахстан",dinarita,inside,inside,2026-06-07,day,iNaturalist observed_on parsed as calendar day,eligible,species-level iNaturalist query; no higher-rank query flag in source screening,True
Rhodiola linearifolia,Rhodiola_linearifolia.json,373530011,https://www.inaturalist.org/observations/373530011,Rhodiola kirilowii,960381,2026-06-17,2026-06-17 13:59:55,43.1326528333,77.0132222167,,,13.0,research,cc-by-nc,"On Tri Brata in the forehead, Almaty, KZ",redhawk567,inside,inside,2026-06-17,day,iNaturalist observed_on parsed as calendar day,eligible,species-level iNaturalist query; no higher-rank query flag in source screening,True
Rhodiola linearifolia,Rhodiola_linearifolia.json,373092600,https://www.inaturalist.org/observations/373092600,Rhodiola kirilowii,960381,2026-06-18,2026-06-18 15:21:21,43.0516414057,76.9650177103,,,7.0,research,cc-by,"Almaty, KZ",pauldufour80,inside,inside,2026-06-18,day,iNaturalist observed_on parsed as calendar day,eligible,species-level iNaturalist query; no higher-rank query flag in source screening,True
Rhodiola linearifolia,Rhodiola_linearifolia.json,392004596,https://www.inaturalist.org/observations/392004596,Rhodiola kirilowii,960381,2026-06-28,2026/06/28 15:12,43.1365600758,77.0103895455,,,122.0,research,cc-by,"Медеуский район, Алматы, Казахстан",elanaky,inside,inside,2026-06-28,day,iNaturalist observed_on parsed as calendar day,eligible,species-level iNaturalist query; no higher-rank query flag in source screening,True
Rhodiola linearifolia,Rhodiola_linearifolia.json,378737758,https://www.inaturalist.org/observations/378737758,Rhodiola kirilowii,960381,2026-07-05,2026-07-05 15:06:55,43.3374657,80.3251676,,,,research,cc-by-nc,"Уйгурский район, Казахстан",nkanunnikov,inside,inside,2026-07-05,day,iNaturalist observed_on parsed as calendar day,eligible,species-level iNaturalist query; no higher-rank query flag in source screening,True
Rhodiola linearifolia,Rhodiola_linearifolia.json,379345546,https://www.inaturalist.org/observations/379345546,Rhodiola kirilowii,960381,2026-07-07,2026-07-07 10:35:03,43.035325,77.1392971667,,,4.0,research,,"Almaty, KZ",alisa_kuwabara,inside,inside,2026-07-07,day,iNaturalist observed_on parsed as calendar day,eligible,species-level iNaturalist query; no higher-rank query flag in source screening,True
Rhodiola linearifolia,Rhodiola_linearifolia.json,380249400,https://www.inaturalist.org/observations/380249400,Rhodiola kirilowii,960381,2026-07-07,2026-07-07 13:54:24+05:00,43.1108028333,77.1146471667,,,4.0,needs_id,,"Winter Bogdanovich Trail, Almatinská oblast, KZ",amir_murat,inside,inside,2026-07-07,day,iNaturalist observed_on parsed as calendar day,eligible,species-level iNaturalist query; no higher-rank query flag in source screening,True
Rhodiola linearifolia,Rhodiola_linearifolia.json,399912737,https://www.inaturalist.org/observations/399912737,Rhodiola kirilowii,960381,2026-08-31,2026/08/31 2:13 PM,43.103678,77.064125,,,8.0,needs_id,cc-by-nc,"Medeu District, Almaty, Kazakhstan",igor_yevdokimov,inside,inside,2026-08-31,day,iNaturalist observed_on parsed as calendar day,eligible,species-level iNaturalist query; no higher-rank query flag in source screening,True
Rhodiola rosea,Rhodiola_rosea.json,149304537,https://www.inaturalist.org/observations/149304537,Rhodiola rosea,84436,2010-08-03,2010/08/03 17:19,44.9966079308,79.2305292545,,,122.0,research,cc-by-nc,"Ескельдинский район, Казахстан",vladimir_epiktetov,inside,inside,2010-08-03,day,iNaturalist observed_on parsed as calendar day,eligible,species-level iNaturalist query; no higher-rank query flag in source screening,True
Rhodiola rosea,Rhodiola_rosea.json,150495079,https://www.inaturalist.org/observations/150495079,Rhodiola rosea,84436,2021-07-20,2021/07/20 12:21,44.7771489444,79.576052,,,,research,cc-by-nc,"Кербулакский район, Казахстан",atamat,inside,inside,2021-07-20,day,iNaturalist observed_on parsed as calendar day,eligible,species-level iNaturalist query; no higher-rank query flag in source screening,True
Rhodiola rosea,Rhodiola_rosea.json,151592467,https://www.inaturalist.org/observations/151592467,Rhodiola rosea,84436,2021-07-21,2021/07/21 11:07,44.2671365,78.4751945,,,137946.0,research,cc-by-nc,"Кербулакский район, Казахстан",atamat,inside,inside,2021-07-21,day,iNaturalist observed_on parsed as calendar day,eligible,species-level iNaturalist query; no higher-rank query flag in source screening,True
Rhodiola rosea,Rhodiola_rosea.json,152053354,https://www.inaturalist.org/observations/152053354,Rhodiola rosea,84436,2022-07-28,2022/07/28 12:45,45.1095079722,79.9887689722,,,,research,cc-by-nc,"Аксуский район, Казахстан",atamat,inside,inside,2022-07-28,day,iNaturalist observed_on parsed as calendar day,eligible,species-level iNaturalist query; no higher-rank query flag in source screening,True
Rhodiola rosea,Rhodiola_rosea.json,292601514,https://www.inaturalist.org/observations/292601514,Rhodiola rosea,84436,2025-06-24,2025-06-24 14:26:24,44.9191819722,78.9415439722,,,,research,,"Ескельдинский район, Казахстан",tekelitown,inside,inside,2025-06-24,day,iNaturalist observed_on parsed as calendar day,eligible,species-level iNaturalist query; no higher-rank query flag in source screening,True
Rosa fedtschenkoana,Rosa_fedtschenkoana.json,148187556,https://www.inaturalist.org/observations/148187556,Rosa fedtschenkoana,506708,2009-07-05,2009/07/05 2:19 PM,43.1521750973,76.99228625,,,300.0,research,cc0,"Kazakhstan, Almaty SE environs, 3.5 km SE of the observatory, a ridge crest",oleg_kosterin,inside,inside,2009-07-05,day,iNaturalist observed_on parsed as calendar day,eligible,species-level iNaturalist query; no higher-rank query flag in source screening,True
Rosa fedtschenkoana,Rosa_fedtschenkoana.json,148423971,https://www.inaturalist.org/observations/148423971,Rosa fedtschenkoana,506708,2009-07-05,2009/07/05 7:19 PM,43.1494034031,76.9961872162,,,500.0,research,cc0,"Kazakhstan, Almaty SE environs, 4 km SE of the observatory, a forested ridge",oleg_kosterin,inside,inside,2009-07-05,day,iNaturalist observed_on parsed as calendar day,eligible,species-level iNaturalist query; no higher-rank query flag in source screening,True
Rosa fedtschenkoana,Rosa_fedtschenkoana.json,148701266,https://www.inaturalist.org/observations/148701266,Rosa fedtschenkoana,506708,2009-07-08,2009/07/08 11:19 AM,43.1329572863,77.0594982647,,,200.0,needs_id,cc0,"Kazakhstan, Almaty SE environs, the Gorel'nik River lower valley",oleg_kosterin,inside,inside,2009-07-08,day,iNaturalist observed_on parsed as calendar day,eligible,species-level iNaturalist query; no higher-rank query flag in source screening,True
Rosa fedtschenkoana,Rosa_fedtschenkoana.json,66649132,https://www.inaturalist.org/observations/66649132,Rosa fedtschenkoana,506708,2014-06-29,2014/06/29 11:09 AM SST,43.1143718949,76.7512613743,,,1500.0,research,cc-by-nc,"Kyrgauldy1, Казахстан",aleksandr_naumenko,inside,inside,2014-06-29,day,iNaturalist observed_on parsed as calendar day,eligible,species-level iNaturalist query; no higher-rank query flag in source screening,True
Rosa fedtschenkoana,Rosa_fedtschenkoana.json,39572859,https://www.inaturalist.org/observations/39572859,Rosa fedtschenkoana,506708,2017-06-15,2017/06/15 10:14 AM +0700,43.1608363083,77.02964023,,,,research,cc-by-nc,"Медеуский район, Алматы, Казахстан",alzov,inside,inside,2017-06-15,day,iNaturalist observed_on parsed as calendar day,eligible,species-level iNaturalist query; no higher-rank query flag in source screening,True
Rosa fedtschenkoana,Rosa_fedtschenkoana.json,254294903,https://www.inaturalist.org/observations/254294903,Rosa fedtschenkoana,506708,2018-08-02,2018/08/02 11:46,43.0795945601,77.0521058704,,,1860.0,research,cc-by,"Медеуский район, Алматы, Казахстан",elanaky,inside,inside,2018-08-02,day,iNaturalist observed_on parsed as calendar day,eligible,species-level iNaturalist query; no higher-rank query flag in source screening,True
Rosa fedtschenkoana,Rosa_fedtschenkoana.json,38457016,https://www.inaturalist.org/observations/38457016,Rosa fedtschenkoana,506708,2020-02-08,2020/02/08 11:18 AM +06,43.1034833333,77.0750222222,,,,research,cc-by-nc,"Karasayskiy, Almaty, Kazakhstan",kastani,inside,inside,2020-02-08,day,iNaturalist observed_on parsed as calendar day,eligible,species-level iNaturalist query; no higher-rank query flag in source screening,True
Rosa fedtschenkoana,Rosa_fedtschenkoana.json,151484145,https://www.inaturalist.org/observations/151484145,Rosa fedtschenkoana,506708,2020-07-13,2020/07/13 18:21,45.5175849722,80.7224559444,,,,needs_id,cc-by-nc,"Алакольский район, Казахстан",atamat,inside,inside,2020-07-13,day,iNaturalist observed_on parsed as calendar day,eligible,species-level iNaturalist query; no higher-rank query flag in source screening,True
Rosa fedtschenkoana,Rosa_fedtschenkoana.json,62792186,https://www.inaturalist.org/observations/62792186,Rosa fedtschenkoana,506708,2020-10-17,Sat Oct 17 2020 12:10:40 GMT+0600 (GMT+6),43.1622126606,77.0821615309,,,10.0,research,,"Алмаатинская область, KZ",andrey103,inside,inside,2020-10-17,day,iNaturalist observed_on parsed as calendar day,eligible,species-level iNaturalist query; no higher-rank query flag in source screening,True
Rosa fedtschenkoana,Rosa_fedtschenkoana.json,152967388,https://www.inaturalist.org/observations/152967388,Rosa fedtschenkoana,506708,2021-09-10,2021/09/10 12:12,43.023867,78.5205159722,,,,research,cc-by-nc,"Райымбекский район, Казахстан",atamat,inside,inside,2021-09-10,day,iNaturalist observed_on parsed as calendar day,eligible,species-level iNaturalist query; no higher-rank query flag in source screening,True
Rosa fedtschenkoana,Rosa_fedtschenkoana.json,119369598,https://www.inaturalist.org/observations/119369598,Rosa fedtschenkoana,506708,2022-05-29,2022-05-29 14:09:29+06:00,43.0319888333,76.6098333333,,,4.0,research,cc-by-nc,"Алмаатинская область, KZ",aidisha_s,inside,inside,2022-05-29,day,iNaturalist observed_on parsed as calendar day,eligible,species-level iNaturalist query; no higher-rank query flag in source screening,True
Rosa fedtschenkoana,Rosa_fedtschenkoana.json,161129988,https://www.inaturalist.org/observations/161129988,Rosa fedtschenkoana,506708,2022-06-21,2022/06/21 18:24,42.931947,78.310774,,,,research,cc-by-nc,"Райымбекский район, Казахстан",atamat,inside,inside,2022-06-21,day,iNaturalist observed_on parsed as calendar day,eligible,species-level iNaturalist query; no higher-rank query flag in source screening,True
Rosa fedtschenkoana,Rosa_fedtschenkoana.json,149969012,https://www.inaturalist.org/observations/149969012,Rosa fedtschenkoana,506708,2022-08-30,2022/08/30 11:24,44.8339289722,78.9625189722,,,,research,cc-by-nc,"Ескельдинский район, Казахстан",atamat,inside,inside,2022-08-30,day,iNaturalist observed_on parsed as calendar day,eligible,species-level iNaturalist query; no higher-rank query flag in source screening,True
Rosa fedtschenkoana,Rosa_fedtschenkoana.json,143715013,https://www.inaturalist.org/observations/143715013,Rosa fedtschenkoana,506708,2022-09-09,2022/09/09 11:33,43.0825958056,76.9753417778,,,,research,cc-by,"Karasayskiy, Almaty, Kazakhstan",alexanderdubynin,inside,inside,2022-09-09,day,iNaturalist observed_on parsed as calendar day,eligible,species-level iNaturalist query; no higher-rank query flag in source screening,True
Rosa fedtschenkoana,Rosa_fedtschenkoana.json,158247630,https://www.inaturalist.org/observations/158247630,Rosa fedtschenkoana,506708,2023-04-21,2023/04/21 11:20,45.410836,80.404984,,,,needs_id,cc-by-nc,"Саркандский район, Казахстан",atamat,inside,inside,2023-04-21,day,iNaturalist observed_on parsed as calendar day,eligible,species-level iNaturalist query; no higher-rank query flag in source screening,True
Rosa fedtschenkoana,Rosa_fedtschenkoana.json,169151399,https://www.inaturalist.org/observations/169151399,Rosa fedtschenkoana,506708,2023-06-17,2023-06-17 09:21:55,43.1594348768,77.0812925735,,,4.0,research,cc-by-nc,"Talgarskiy, KZ-AA, KZ",aliaksandarmialik,inside,inside,2023-06-17,day,iNaturalist observed_on parsed as calendar day,eligible,species-level iNaturalist query; no higher-rank query flag in source screening,True
Rosa fedtschenkoana,Rosa_fedtschenkoana.json,198980899,https://www.inaturalist.org/observations/198980899,Rosa fedtschenkoana,506708,2023-08-05,2023/08/05 10:16,43.128381,76.963936,,,,needs_id,cc-by-nc,"Медеуский район, Алматы, Казахстан",atamat,inside,inside,2023-08-05,day,iNaturalist observed_on parsed as calendar day,eligible,species-level iNaturalist query; no higher-rank query flag in source screening,True
Rosa fedtschenkoana,Rosa_fedtschenkoana.json,179302423,https://www.inaturalist.org/observations/179302423,Rosa fedtschenkoana,506708,2023-08-18,2023/08/18 11:26,43.1653024,77.05616,,,,research,cc-by-nc,"Медеуский район, Алматы, Казахстан",svetlanakushkova,inside,inside,2023-08-18,day,iNaturalist observed_on parsed as calendar day,eligible,species-level iNaturalist query; no higher-rank query flag in source screening,True
Rosa fedtschenkoana,Rosa_fedtschenkoana.json,202882873,https://www.inaturalist.org/observations/202882873,Rosa fedtschenkoana,506708,2023-09-03,2023/09/03 15:14,43.16117,77.029656,,,,research,cc-by-nc,"Медеуский район, Алматы, Казахстан",atamat,inside,inside,2023-09-03,day,iNaturalist observed_on parsed as calendar day,eligible,species-level iNaturalist query; no higher-rank query flag in source screening,True
Rosa fedtschenkoana,Rosa_fedtschenkoana.json,202882914,https://www.inaturalist.org/observations/202882914,Rosa fedtschenkoana,506708,2023-09-03,2023/09/03 15:30,43.158473,77.027132,,,,research,cc-by-nc,"Медеуский район, Алматы, Казахстан",atamat,inside,inside,2023-09-03,day,iNaturalist observed_on parsed as calendar day,eligible,species-level iNaturalist query; no higher-rank query flag in source screening,True
Rosa fedtschenkoana,Rosa_fedtschenkoana.json,202882932,https://www.inaturalist.org/observations/202882932,Rosa fedtschenkoana,506708,2023-09-03,2023/09/03 15:36,43.157109,77.025789,,,,research,cc-by-nc,"Медеуский район, Алматы, Казахстан",atamat,inside,inside,2023-09-03,day,iNaturalist observed_on parsed as calendar day,eligible,species-level iNaturalist query; no higher-rank query flag in source screening,True
Rosa fedtschenkoana,Rosa_fedtschenkoana.json,212201137,https://www.inaturalist.org/observations/212201137,Rosa fedtschenkoana,506708,2024-04-28,2024-04-28 15:17:05+05:00,43.1077111667,76.9120333333,,,16.0,research,cc-by-nc,"Алмаатинская область, KZ",anar15,inside,inside,2024-04-28,day,iNaturalist observed_on parsed as calendar day,eligible,species-level iNaturalist query; no higher-rank query flag in source screening,True
Rosa fedtschenkoana,Rosa_fedtschenkoana.json,220836543,https://www.inaturalist.org/observations/220836543,Rosa fedtschenkoana,506708,2024-06-02,2024/06/02 10:18,43.1260956659,76.8571391151,,,1008.0,research,cc-by,"Карасайский район, Казахстан",elanaky,inside,inside,2024-06-02,day,iNaturalist observed_on parsed as calendar day,eligible,species-level iNaturalist query; no higher-rank query flag in source screening,True
Rosa fedtschenkoana,Rosa_fedtschenkoana.json,239212345,https://www.inaturalist.org/observations/239212345,Rosa fedtschenkoana,506708,2024-08-30,2024/08/30 15:24,43.116589,76.921887,,,,needs_id,cc-by-nc,"Бостандыкский район, Алматы, Казахстан",atamat,inside,inside,2024-08-30,day,iNaturalist observed_on parsed as calendar day,eligible,species-level iNaturalist query; no higher-rank query flag in source screening,True
Rosa fedtschenkoana,Rosa_fedtschenkoana.json,239212357,https://www.inaturalist.org/observations/239212357,Rosa fedtschenkoana,506708,2024-08-30,2024/08/30 15:28,43.116517,76.921933,,,,needs_id,cc-by-nc,"Бостандыкский район, Алматы, Казахстан",atamat,inside,inside,2024-08-30,day,iNaturalist observed_on parsed as calendar day,eligible,species-level iNaturalist query; no higher-rank query flag in source screening,True
Rosa fedtschenkoana,Rosa_fedtschenkoana.json,239685885,https://www.inaturalist.org/observations/239685885,Rosa fedtschenkoana,506708,2024-08-30,2024/08/30 15:36,43.116614,76.922294,,,,needs_id,cc-by-nc,"Бостандыкский район, Алматы, Казахстан",atamat,inside,inside,2024-08-30,day,iNaturalist observed_on parsed as calendar day,eligible,species-level iNaturalist query; no higher-rank query flag in source screening,True
Rosa fedtschenkoana,Rosa_fedtschenkoana.json,239586820,https://www.inaturalist.org/observations/239586820,Rosa fedtschenkoana,506708,2024-08-30,2024/08/30 15:46,43.116848,76.923644,,,,needs_id,cc-by-nc,"Бостандыкский район, Алматы, Казахстан",atamat,inside,inside,2024-08-30,day,iNaturalist observed_on parsed as calendar day,eligible,species-level iNaturalist query; no higher-rank query flag in source screening,True
Rosa fedtschenkoana,Rosa_fedtschenkoana.json,239768527,https://www.inaturalist.org/observations/239768527,Rosa fedtschenkoana,506708,2024-08-30,2024/08/30 16:11,43.116142,76.926571,,,,research,cc-by-nc,"Бостандыкский район, Алматы, Казахстан",atamat,inside,inside,2024-08-30,day,iNaturalist observed_on parsed as calendar day,eligible,species-level iNaturalist query; no higher-rank query flag in source screening,True
Rosa fedtschenkoana,Rosa_fedtschenkoana.json,239768535,https://www.inaturalist.org/observations/239768535,Rosa fedtschenkoana,506708,2024-08-30,2024/08/30 16:13,43.116032,76.926787,,,,needs_id,cc-by-nc,"Бостандыкский район, Алматы, Казахстан",atamat,inside,inside,2024-08-30,day,iNaturalist observed_on parsed as calendar day,eligible,species-level iNaturalist query; no higher-rank query flag in source screening,True
Rosa fedtschenkoana,Rosa_fedtschenkoana.json,240028326,https://www.inaturalist.org/observations/240028326,Rosa fedtschenkoana,506708,2024-08-30,2024/08/30 16:15,43.116032,76.926787,,,,needs_id,cc-by-nc,"Бостандыкский район, Алматы, Казахстан",atamat,inside,inside,2024-08-30,day,iNaturalist observed_on parsed as calendar day,eligible,species-level iNaturalist query; no higher-rank query flag in source screening,True
Rosa fedtschenkoana,Rosa_fedtschenkoana.json,240201261,https://www.inaturalist.org/observations/240201261,Rosa fedtschenkoana,506708,2024-08-30,2024/08/30 16:16,43.116031,76.926881,,,,needs_id,cc-by-nc,"Бостандыкский район, Алматы, Казахстан",atamat,inside,inside,2024-08-30,day,iNaturalist observed_on parsed as calendar day,eligible,species-level iNaturalist query; no higher-rank query flag in source screening,True
Rosa fedtschenkoana,Rosa_fedtschenkoana.json,240201309,https://www.inaturalist.org/observations/240201309,Rosa fedtschenkoana,506708,2024-08-30,2024/08/30 16:23,43.115848,76.928096,,,,needs_id,cc-by-nc,"Бостандыкский район, Алматы, Казахстан",atamat,inside,inside,2024-08-30,day,iNaturalist observed_on parsed as calendar day,eligible,species-level iNaturalist query; no higher-rank query flag in source screening,True
Rosa fedtschenkoana,Rosa_fedtschenkoana.json,240201353,https://www.inaturalist.org/observations/240201353,Rosa fedtschenkoana,506708,2024-08-30,2024/08/30 16:31,43.114796,76.92985,,,,needs_id,cc-by-nc,"Медеуский район, Алматы, Казахстан",atamat,inside,inside,2024-08-30,day,iNaturalist observed_on parsed as calendar day,eligible,species-level iNaturalist query; no higher-rank query flag in source screening,True
Rosa fedtschenkoana,Rosa_fedtschenkoana.json,240571101,https://www.inaturalist.org/observations/240571101,Rosa fedtschenkoana,506708,2024-09-08,2024-09-08 13:36:17,43.1720815094,77.0665168762,,,359.0,research,cc-by-nc,"538C+FFM, Алматы, Казахстан",svetlanasp,inside,inside,2024-09-08,day,iNaturalist observed_on parsed as calendar day,eligible,species-level iNaturalist query; no higher-rank query flag in source screening,True
Rosa fedtschenkoana,Rosa_fedtschenkoana.json,252529254,https://www.inaturalist.org/observations/252529254,Rosa fedtschenkoana,506708,2024-09-20,2024/09/20 18:55,43.198312,77.122816,,,,needs_id,cc-by-nc,"Медеуский район, Алматы, Казахстан",atamat,inside,inside,2024-09-20,day,iNaturalist observed_on parsed as calendar day,eligible,species-level iNaturalist query; no higher-rank query flag in source screening,True
Rosa fedtschenkoana,Rosa_fedtschenkoana.json,246368720,https://www.inaturalist.org/observations/246368720,Rosa fedtschenkoana,506708,2024-09-29,2024/09/29 15:46,43.0809659722,76.9757069722,,,,needs_id,cc-by-nc,"Бостандыкский район, Алматы, Казахстан",atamat,inside,inside,2024-09-29,day,iNaturalist observed_on parsed as calendar day,eligible,species-level iNaturalist query; no higher-rank query flag in source screening,True
Rosa fedtschenkoana,Rosa_fedtschenkoana.json,249597340,https://www.inaturalist.org/observations/249597340,Rosa fedtschenkoana,506708,2024-10-25,2024/10/25 14:53,43.252093848,77.3696540172,,,977.0,research,cc-by,"Талгарский район, Казахстан",elanaky,inside,inside,2024-10-25,day,iNaturalist observed_on parsed as calendar day,eligible,species-level iNaturalist query; no higher-rank query flag in source screening,True
Rosa fedtschenkoana,Rosa_fedtschenkoana.json,256845665,https://www.inaturalist.org/observations/256845665,Rosa fedtschenkoana,506708,2024-12-29,2024/12/29 14:30,43.2235589304,77.0773264719,,,1741.0,needs_id,cc-by,"Талгарский район, Казахстан",elanaky,inside,inside,2024-12-29,day,iNaturalist observed_on parsed as calendar day,eligible,species-level iNaturalist query; no higher-rank query flag in source screening,True
Rosa fedtschenkoana,Rosa_fedtschenkoana.json,259771145,https://www.inaturalist.org/observations/259771145,Rosa fedtschenkoana,506708,2025-01-27,2025-01-27 12:07:43,43.17208371,77.0508635044,,,505.0,needs_id,cc-by-nc,"Медеуский район, Алматы, Казахстан",svetlanasp,inside,inside,2025-01-27,day,iNaturalist observed_on parsed as calendar day,eligible,species-level iNaturalist query; no higher-rank query flag in source screening,True
Rosa fedtschenkoana,Rosa_fedtschenkoana.json,278095114,https://www.inaturalist.org/observations/278095114,Rosa fedtschenkoana,506708,2025-04-25,2025/04/25 13:21,43.173608,77.07916,,,1370.0,research,cc-by,"53FH+CM Серкебай, Алматы, Казахстан",elanaky,inside,inside,2025-04-25,day,iNaturalist observed_on parsed as calendar day,eligible,species-level iNaturalist query; no higher-rank query flag in source screening,True
Rosa fedtschenkoana,Rosa_fedtschenkoana.json,292309305,https://www.inaturalist.org/observations/292309305,Rosa fedtschenkoana,506708,2025-06-22,2025/06/22 10:56,43.1295765171,76.8582499257,,,360.0,research,cc-by,"Карасайский район, Казахстан",elanaky,inside,inside,2025-06-22,day,iNaturalist observed_on parsed as calendar day,eligible,species-level iNaturalist query; no higher-rank query flag in source screening,True
Rosa fedtschenkoana,Rosa_fedtschenkoana.json,294837297,https://www.inaturalist.org/observations/294837297,Rosa fedtschenkoana,506708,2025-06-22,2025/06/22 12:09,43.1150580283,76.8482581571,,,2420.0,research,cc-by,"Карасайский район, Казахстан",elanaky,inside,inside,2025-06-22,day,iNaturalist observed_on parsed as calendar day,eligible,species-level iNaturalist query; no higher-rank query flag in source screening,True
Rosa fedtschenkoana,Rosa_fedtschenkoana.json,295048059,https://www.inaturalist.org/observations/295048059,Rosa fedtschenkoana,506708,2025-06-22,2025/06/22 12:28,43.1076075325,76.8455565487,,,1192.0,research,cc-by,"Карасайский район, Казахстан",elanaky,inside,inside,2025-06-22,day,iNaturalist observed_on parsed as calendar day,eligible,species-level iNaturalist query; no higher-rank query flag in source screening,True
Rosa fedtschenkoana,Rosa_fedtschenkoana.json,297648344,https://www.inaturalist.org/observations/297648344,Rosa fedtschenkoana,506708,2025-07-13,2025-07-13 18:56:34,43.1610081997,77.0880968,,,,research,cc-by-nc,"536Q+V48 Saddle/ Sedlovina, Алматы, Казахстан",svetlanasp,inside,inside,2025-07-13,day,iNaturalist observed_on parsed as calendar day,eligible,species-level iNaturalist query; no higher-rank query flag in source screening,True
Rosa fedtschenkoana,Rosa_fedtschenkoana.json,298367678,https://www.inaturalist.org/observations/298367678,Rosa fedtschenkoana,506708,2025-07-16,2025-07-16 08:12:35,43.0977477778,76.9552459444,,,,research,cc-by-nc,"Медеуский район, Алматы, Казахстан",natasha80326,inside,inside,2025-07-16,day,iNaturalist observed_on parsed as calendar day,eligible,species-level iNaturalist query; no higher-rank query flag in source screening,True
Rosa fedtschenkoana,Rosa_fedtschenkoana.json,299290043,https://www.inaturalist.org/observations/299290043,Rosa fedtschenkoana,506708,2025-07-19,2025-07-19 14:06:57,43.1727184,77.1077473997,,,,research,cc-by-nc,"54C5+R8W, Алматы, Казахстан",svetlanasp,inside,inside,2025-07-19,day,iNaturalist observed_on parsed as calendar day,eligible,species-level iNaturalist query; no higher-rank query flag in source screening,True
Rosa fedtschenkoana,Rosa_fedtschenkoana.json,303750994,https://www.inaturalist.org/observations/303750994,Rosa fedtschenkoana,506708,2025-07-27,2025/07/27 08:58,43.0832596997,76.9067797,,,,research,cc-by-nc,"Бостандыкский район, Алматы, Казахстан",svetlanakushkova,inside,inside,2025-07-27,day,iNaturalist observed_on parsed as calendar day,eligible,species-level iNaturalist query; no higher-rank query flag in source screening,True
Rosa fedtschenkoana,Rosa_fedtschenkoana.json,303336600,https://www.inaturalist.org/observations/303336600,Rosa fedtschenkoana,506708,2025-07-30,2025-07-30 10:22:37+05:00,43.1090695,76.9327783333,,,5.0,research,cc-by-nc,"Japanese road, Almaty, KZ",spyingnaturalist,inside,inside,2025-07-30,day,iNaturalist observed_on parsed as calendar day,eligible,species-level iNaturalist query; no higher-rank query flag in source screening,True
Rosa fedtschenkoana,Rosa_fedtschenkoana.json,302400278,https://www.inaturalist.org/observations/302400278,Rosa fedtschenkoana,506708,2025-07-30,2025-07-30 15:41:35,43.1353048,76.9532121997,,,,research,cc-by-nc,"Бостандыкский район, Алматы, Казахстан",svetlanasp,inside,inside,2025-07-30,day,iNaturalist observed_on parsed as calendar day,eligible,species-level iNaturalist query; no higher-rank query flag in source screening,True
Rosa fedtschenkoana,Rosa_fedtschenkoana.json,306959843,https://www.inaturalist.org/observations/306959843,Rosa fedtschenkoana,506708,2025-08-12,2025/08/12 13:09,43.1537180997,77.0747824997,,,,research,cc-by-nc,"Талгарский район, Казахстан",svetlanakushkova,inside,inside,2025-08-12,day,iNaturalist observed_on parsed as calendar day,eligible,species-level iNaturalist query; no higher-rank query flag in source screening,True
Rosa fedtschenkoana,Rosa_fedtschenkoana.json,307563342,https://www.inaturalist.org/observations/307563342,Rosa fedtschenkoana,506708,2025-08-17,2025-08-17 08:48:48,43.1579454,77.0469724997,,,,research,cc-by-nc,"524W+WW, Алматы, Казахстан",svetlanasp,inside,inside,2025-08-17,day,iNaturalist observed_on parsed as calendar day,eligible,species-level iNaturalist query; no higher-rank query flag in source screening,True
Rosa fedtschenkoana,Rosa_fedtschenkoana.json,318027272,https://www.inaturalist.org/observations/318027272,Rosa fedtschenkoana,506708,2025-08-26,2025/08/26 10:16,43.1789507,77.0699865997,,,,needs_id,cc-by-nc,"Медеуский район, Алматы, Казахстан",svetlanakushkova,inside,inside,2025-08-26,day,iNaturalist observed_on parsed as calendar day,eligible,species-level iNaturalist query; no higher-rank query flag in source screening,True
Rosa fedtschenkoana,Rosa_fedtschenkoana.json,321092546,https://www.inaturalist.org/observations/321092546,Rosa fedtschenkoana,506708,2025-08-28,2025/08/28 16:00,43.1619396997,77.0887462,,,,research,cc-by-nc,"Медеуский район, Алматы, Казахстан",svetlanakushkova,inside,inside,2025-08-28,day,iNaturalist observed_on parsed as calendar day,eligible,species-level iNaturalist query; no higher-rank query flag in source screening,True
Rosa fedtschenkoana,Rosa_fedtschenkoana.json,321099876,https://www.inaturalist.org/observations/321099876,Rosa fedtschenkoana,506708,2025-08-28,2025/08/28 16:32,43.1626,77.094,,,,research,cc-by-nc,"Медеуский район, Алматы, Казахстан",svetlanakushkova,inside,inside,2025-08-28,day,iNaturalist observed_on parsed as calendar day,eligible,species-level iNaturalist query; no higher-rank query flag in source screening,True
Rosa fedtschenkoana,Rosa_fedtschenkoana.json,312246571,https://www.inaturalist.org/observations/312246571,Rosa fedtschenkoana,506708,2025-09-07,2025-09-07 15:20:22,43.171697,77.0504832997,,,,research,cc-by-nc,"Медеуский район, Алматы, Казахстан",svetlanasp,inside,inside,2025-09-07,day,iNaturalist observed_on parsed as calendar day,eligible,species-level iNaturalist query; no higher-rank query flag in source screening,True
Rosa fedtschenkoana,Rosa_fedtschenkoana.json,312944729,https://www.inaturalist.org/observations/312944729,Rosa fedtschenkoana,506708,2025-09-10,2025-09-10 13:44:58,43.16724928,77.06042682,,,49.0,research,cc-by-nc-nd,"Медеуский район, Алматы, Казахстан",melampyrum,inside,inside,2025-09-10,day,iNaturalist observed_on parsed as calendar day,eligible,species-level iNaturalist query; no higher-rank query flag in source screening,True
Rosa fedtschenkoana,Rosa_fedtschenkoana.json,319092676,https://www.inaturalist.org/observations/319092676,Rosa fedtschenkoana,506708,2025-09-28,2025/09/28 12:33,43.1907466667,77.1204916667,,,,research,cc-by,"Медеуский район, Алматы, Казахстан",elanaky,inside,inside,2025-09-28,day,iNaturalist observed_on parsed as calendar day,eligible,species-level iNaturalist query; no higher-rank query flag in source screening,True
Rosa fedtschenkoana,Rosa_fedtschenkoana.json,319092708,https://www.inaturalist.org/observations/319092708,Rosa fedtschenkoana,506708,2025-09-28,2025/09/28 13:53,43.1892966667,77.114375,,,,research,cc-by,"Талгарский район, Казахстан",elanaky,inside,inside,2025-09-28,day,iNaturalist observed_on parsed as calendar day,eligible,species-level iNaturalist query; no higher-rank query flag in source screening,True
Rosa fedtschenkoana,Rosa_fedtschenkoana.json,325468265,https://www.inaturalist.org/observations/325468265,Rosa fedtschenkoana,506708,2025-11-08,2025-11-08 14:13:51,43.1776223997,77.1066459,,,,research,cc-by-nc,"Медеуский район, Алматы, Казахстан",svetlanasp,inside,inside,2025-11-08,day,iNaturalist observed_on parsed as calendar day,eligible,species-level iNaturalist query; no higher-rank query flag in source screening,True
Rosa fedtschenkoana,Rosa_fedtschenkoana.json,347176002,https://www.inaturalist.org/observations/347176002,Rosa fedtschenkoana,506708,2026-04-04,2026-04-04 09:38:00+05:00,43.2012098848,76.8509944731,,,37.0,needs_id,cc-by-nc,"улица Кыстауова, Almaty, KZ",kaliyma,inside,inside,2026-04-04,day,iNaturalist observed_on parsed as calendar day,eligible,species-level iNaturalist query; no higher-rank query flag in source screening,True
Rosa fedtschenkoana,Rosa_fedtschenkoana.json,380306339,https://www.inaturalist.org/observations/380306339,Rosa fedtschenkoana,506708,2026-07-10,2026-07-10 11:19:15+05:00,43.1496971667,77.0167166667,,,3381.0,needs_id,cc-by-nc,"Almaty, KZ",kaliyma,inside,inside,2026-07-10,day,iNaturalist observed_on parsed as calendar day,eligible,species-level iNaturalist query; no higher-rank query flag in source screening,True
Rosa fedtschenkoana,Rosa_fedtschenkoana.json,386620679,https://www.inaturalist.org/observations/386620679,Rosa fedtschenkoana,506708,2026-07-29,2026-07-29 16:38:44,43.1027897335,77.0758154243,,,66.0,needs_id,cc-by-nc,"Медеуский район, Алматы, Казахстан",kseniia_r,inside,inside,2026-07-29,day,iNaturalist observed_on parsed as calendar day,eligible,species-level iNaturalist query; no higher-rank query flag in source screening,True
Rosa fedtschenkoana,Rosa_fedtschenkoana.json,389632254,https://www.inaturalist.org/observations/389632254,Rosa fedtschenkoana,506708,2026-08-09,2026-08-09 11:40:47,43.1610082997,77.0899526,,,,research,cc-by-nc,"536Q+V48, Алматы, Казахстан",svetlanasp,inside,inside,2026-08-09,day,iNaturalist observed_on parsed as calendar day,eligible,species-level iNaturalist query; no higher-rank query flag in source screening,True
Rosa fedtschenkoana,Rosa_fedtschenkoana.json,390762702,https://www.inaturalist.org/observations/390762702,Rosa fedtschenkoana,506708,2026-08-12,2026-08-12 12:22:38+05:00,43.3711466667,77.6725383333,,,3377.0,needs_id,cc-by-nc,"Almaty, KZ",kaliyma,inside,inside,2026-08-12,day,iNaturalist observed_on parsed as calendar day,eligible,species-level iNaturalist query; no higher-rank query flag in source screening,True
Rosa fedtschenkoana,Rosa_fedtschenkoana.json,391393144,https://www.inaturalist.org/observations/391393144,Rosa fedtschenkoana,506708,2026-08-15,2026-08-15 11:25:09,43.0849916667,76.90575,,,,research,cc-by-nc,"Bostandyk District, Almaty, Kazakhstan",wildgifts,inside,inside,2026-08-15,day,iNaturalist observed_on parsed as calendar day,eligible,species-level iNaturalist query; no higher-rank query flag in source screening,True
Rumex tianschanicus,Rumex_tianschanicus.json,149819676,https://www.inaturalist.org/observations/149819676,Rumex tianschanicus,993397,2015-05-18,2015/05/18 17:48,43.2329962822,77.2931271721,,,61.0,research,cc-by-nc,"Талгарский район, Казахстан",mylabris,inside,inside,2015-05-18,day,iNaturalist observed_on parsed as calendar day,eligible,species-level iNaturalist query; no higher-rank query flag in source screening,True
Rumex tianschanicus,Rumex_tianschanicus.json,37452337,https://www.inaturalist.org/observations/37452337,Rumex tianschanicus,993397,2016-06-13,2016/06/13 5:21 PM SST,43.0809819648,76.9851179694,,,122.0,research,cc-by-nc,"Бостандыкский район, Алматы, Казахстан",vladimir_epiktetov,inside,inside,2016-06-13,day,iNaturalist observed_on parsed as calendar day,eligible,species-level iNaturalist query; no higher-rank query flag in source screening,True
Rumex tianschanicus,Rumex_tianschanicus.json,39572866,https://www.inaturalist.org/observations/39572866,Rumex tianschanicus,993397,2017-06-15,2017/06/15 11:21 AM +0700,43.1542326,77.0193226,,,,research,cc-by-nc,"Медеуский район, Алматы, Казахстан",alzov,inside,inside,2017-06-15,day,iNaturalist observed_on parsed as calendar day,eligible,species-level iNaturalist query; no higher-rank query flag in source screening,True
Rumex tianschanicus,Rumex_tianschanicus.json,16320337,https://www.inaturalist.org/observations/16320337,Rumex tianschanicus,993397,2018-08-25,2018/08/25 4:27 PM IDT,43.1254839101,77.080738787,,,15.0,research,cc-by-nc,"Medeu District, Almaty, קזחסטן",ronf,inside,inside,2018-08-25,day,iNaturalist observed_on parsed as calendar day,eligible,species-level iNaturalist query; no higher-rank query flag in source screening,True
Rumex tianschanicus,Rumex_tianschanicus.json,38423917,https://www.inaturalist.org/observations/38423917,Rumex tianschanicus,993397,2020-02-08,2020/02/08 10:06 AM +06,43.1187444444,77.0785416667,,,,research,cc-by-nc,"Talgarskiy, Almaty, Kazakhstan",kastani,inside,inside,2020-02-08,day,iNaturalist observed_on parsed as calendar day,eligible,species-level iNaturalist query; no higher-rank query flag in source screening,True
Rumex tianschanicus,Rumex_tianschanicus.json,42557392,https://www.inaturalist.org/observations/42557392,Rumex tianschanicus,993397,2020-04-12,2020-04-12 2:21:23 PM GMT+06:00,43.2020239019,76.9605079293,,,5.0,research,cc-by-nc,"Bostandyk District, Almaty, Kazakhstan",kastani,inside,inside,2020-04-12,day,iNaturalist observed_on parsed as calendar day,eligible,species-level iNaturalist query; no higher-rank query flag in source screening,True
Rumex tianschanicus,Rumex_tianschanicus.json,46222153,https://www.inaturalist.org/observations/46222153,Rumex tianschanicus,993397,2020-05-01,2020-05-01 3:07:11 PM GMT+06:00,43.1494594448,76.9152617455,,,101.0,research,cc-by-nc,"Bostandyk District, Almaty, Kazakhstan",kastani,inside,inside,2020-05-01,day,iNaturalist observed_on parsed as calendar day,eligible,species-level iNaturalist query; no higher-rank query flag in source screening,True
Rumex tianschanicus,Rumex_tianschanicus.json,151619376,https://www.inaturalist.org/observations/151619376,Rumex tianschanicus,993397,2021-08-25,2021/08/25 13:51,43.355523,79.168165,,,,needs_id,cc-by-nc,"Уйгурский район, Казахстан",atamat,inside,inside,2021-08-25,day,iNaturalist observed_on parsed as calendar day,eligible,species-level iNaturalist query; no higher-rank query flag in source screening,True
Rumex tianschanicus,Rumex_tianschanicus.json,150806925,https://www.inaturalist.org/observations/150806925,Rumex tianschanicus,993397,2021-09-08,2021/09/08 19:18,43.002322,79.860843,,,,needs_id,cc-by-nc,"Райымбекский район, Казахстан",atamat,inside,inside,2021-09-08,day,iNaturalist observed_on parsed as calendar day,eligible,species-level iNaturalist query; no higher-rank query flag in source screening,True
Rumex tianschanicus,Rumex_tianschanicus.json,162454657,https://www.inaturalist.org/observations/162454657,Rumex tianschanicus,993397,2022-06-23,2022/06/23 17:57,42.987502,78.459681,,,,research,cc-by-nc,"Райымбекский район, Казахстан",atamat,inside,inside,2022-06-23,day,iNaturalist observed_on parsed as calendar day,eligible,species-level iNaturalist query; no higher-rank query flag in source screening,True
Rumex tianschanicus,Rumex_tianschanicus.json,255710345,https://www.inaturalist.org/observations/255710345,Rumex tianschanicus,993397,2022-07-02,2022/07/02 20:43,44.839655,78.977382,,,,needs_id,cc-by-nc,"Ескельдинский район, Казахстан",atamat,inside,inside,2022-07-02,day,iNaturalist observed_on parsed as calendar day,eligible,species-level iNaturalist query; no higher-rank query flag in source screening,True
Rumex tianschanicus,Rumex_tianschanicus.json,150646504,https://www.inaturalist.org/observations/150646504,Rumex tianschanicus,993397,2022-07-04,2022/07/04 09:32,44.839302,78.977862,,,,research,cc-by-nc,"Ескельдинский район, Казахстан",atamat,inside,inside,2022-07-04,day,iNaturalist observed_on parsed as calendar day,eligible,species-level iNaturalist query; no higher-rank query flag in source screening,True
Rumex tianschanicus,Rumex_tianschanicus.json,152209045,https://www.inaturalist.org/observations/152209045,Rumex tianschanicus,993397,2023-03-23,2023/03/23 17:07,43.1541213889,76.7933425833,,,,research,cc-by,"Карасайский район, Казахстан",alexanderdubynin,inside,inside,2023-03-23,day,iNaturalist observed_on parsed as calendar day,eligible,species-level iNaturalist query; no higher-rank query flag in source screening,True
Rumex tianschanicus,Rumex_tianschanicus.json,160053880,https://www.inaturalist.org/observations/160053880,Rumex tianschanicus,993397,2023-05-06,2023-05-06 17:48:13+06:00,43.1370097446,77.0726203267,,,7.0,research,cc-by-nc,"улица Керей-Жанибек хандар, Алмаатинская область, KZ",maria_gaydukova,inside,inside,2023-05-06,day,iNaturalist observed_on parsed as calendar day,eligible,species-level iNaturalist query; no higher-rank query flag in source screening,True
Rumex tianschanicus,Rumex_tianschanicus.json,161935306,https://www.inaturalist.org/observations/161935306,Rumex tianschanicus,993397,2023-05-10,2023/05/10 15:48,43.160673,77.0533799,,,,needs_id,cc-by-nc,"Talgarskiy, Almaty, Kazakhstan",alzov,inside,inside,2023-05-10,day,iNaturalist observed_on parsed as calendar day,eligible,species-level iNaturalist query; no higher-rank query flag in source screening,True
Rumex tianschanicus,Rumex_tianschanicus.json,192898582,https://www.inaturalist.org/observations/192898582,Rumex tianschanicus,993397,2023-05-25,2023/05/25 10:18,43.1783638743,77.0946861416,,,15.0,research,cc-by-nc,"Медеуский район, Алматы, Казахстан",vladimir_epiktetov,inside,inside,2023-05-25,day,iNaturalist observed_on parsed as calendar day,eligible,species-level iNaturalist query; no higher-rank query flag in source screening,True
Rumex tianschanicus,Rumex_tianschanicus.json,163703608,https://www.inaturalist.org/observations/163703608,Rumex tianschanicus,993397,2023-05-25,2023/05/25 14:44,43.217121,76.916748,,,,casual,cc-by-nc,"Бостандыкский район, Алматы, Казахстан",atamat,inside,inside,2023-05-25,day,iNaturalist observed_on parsed as calendar day,eligible,species-level iNaturalist query; no higher-rank query flag in source screening,True
Rumex tianschanicus,Rumex_tianschanicus.json,164376781,https://www.inaturalist.org/observations/164376781,Rumex tianschanicus,993397,2023-05-28,2023/05/28 16:51,43.1328649,76.7524865997,,,,research,cc-by,"Карасайский район, Казахстан",alexanderdubynin,inside,inside,2023-05-28,day,iNaturalist observed_on parsed as calendar day,eligible,species-level iNaturalist query; no higher-rank query flag in source screening,True
Rumex tianschanicus,Rumex_tianschanicus.json,164376786,https://www.inaturalist.org/observations/164376786,Rumex tianschanicus,993397,2023-05-28,2023/05/28 16:56,43.13296125,76.7525329444,,,,research,cc-by,"Карасайский район, Казахстан",alexanderdubynin,inside,inside,2023-05-28,day,iNaturalist observed_on parsed as calendar day,eligible,species-level iNaturalist query; no higher-rank query flag in source screening,True
Rumex tianschanicus,Rumex_tianschanicus.json,166997223,https://www.inaturalist.org/observations/166997223,Rumex tianschanicus,993397,2023-06-12,2023-06-12 16:35:36,43.1052694444,76.9080277778,,,,research,cc-by,"Karasayskiy, KZ-AA, KZ",naturalist16000,inside,inside,2023-06-12,day,iNaturalist observed_on parsed as calendar day,eligible,species-level iNaturalist query; no higher-rank query flag in source screening,True
Rumex tianschanicus,Rumex_tianschanicus.json,167960645,https://www.inaturalist.org/observations/167960645,Rumex tianschanicus,993397,2023-06-17,2023/06/17 20:10,43.103453,76.932979,,,,research,cc-by-nc,"Бостандыкский район, Алматы, Казахстан",atamat,inside,inside,2023-06-17,day,iNaturalist observed_on parsed as calendar day,eligible,species-level iNaturalist query; no higher-rank query flag in source screening,True
Rumex tianschanicus,Rumex_tianschanicus.json,170815571,https://www.inaturalist.org/observations/170815571,Rumex tianschanicus,993397,2023-07-02,2023/07/02 19:30,43.10402,76.932904,,,,research,cc-by-nc,"Медеуский район, Алматы, Казахстан",atamat,inside,inside,2023-07-02,day,iNaturalist observed_on parsed as calendar day,eligible,species-level iNaturalist query; no higher-rank query flag in source screening,True
Rumex tianschanicus,Rumex_tianschanicus.json,198980939,https://www.inaturalist.org/observations/198980939,Rumex tianschanicus,993397,2023-08-05,2023/08/05 10:30,43.126701,76.969388,,,,needs_id,cc-by-nc,"Медеуский район, Алматы, Казахстан",atamat,inside,inside,2023-08-05,day,iNaturalist observed_on parsed as calendar day,eligible,species-level iNaturalist query; no higher-rank query flag in source screening,True
Rumex tianschanicus,Rumex_tianschanicus.json,177003928,https://www.inaturalist.org/observations/177003928,Rumex tianschanicus,993397,2023-08-05,2023-08-05 17:17:55,43.175,77.1011111111,,,,research,cc-by-nc,"Медеуский район, Алматы, Казахстан",svetlanasp,inside,inside,2023-08-05,day,iNaturalist observed_on parsed as calendar day,eligible,species-level iNaturalist query; no higher-rank query flag in source screening,True
Rumex tianschanicus,Rumex_tianschanicus.json,212160113,https://www.inaturalist.org/observations/212160113,Rumex tianschanicus,993397,2024-04-29,2024-04-29 14:24:48+05:00,43.1061445,76.9255366667,,,12.0,needs_id,cc-by-nc,"Almaty, KZ",kastani,inside,inside,2024-04-29,day,iNaturalist observed_on parsed as calendar day,eligible,species-level iNaturalist query; no higher-rank query flag in source screening,True
Rumex tianschanicus,Rumex_tianschanicus.json,215087521,https://www.inaturalist.org/observations/215087521,Rumex tianschanicus,993397,2024-05-09,2024/05/09 15:30,43.097931,76.907083,,,,research,cc-by-nc,"Бостандыкский район, Алматы, Казахстан",atamat,inside,inside,2024-05-09,day,iNaturalist observed_on parsed as calendar day,eligible,species-level iNaturalist query; no higher-rank query flag in source screening,True
Rumex tianschanicus,Rumex_tianschanicus.json,215287473,https://www.inaturalist.org/observations/215287473,Rumex tianschanicus,993397,2024-05-09,2024/05/09 16:02,43.090347,76.906507,,,,needs_id,cc-by-nc,"Бостандыкский район, Алматы, Казахстан",atamat,inside,inside,2024-05-09,day,iNaturalist observed_on parsed as calendar day,eligible,species-level iNaturalist query; no higher-rank query flag in source screening,True
Rumex tianschanicus,Rumex_tianschanicus.json,215287541,https://www.inaturalist.org/observations/215287541,Rumex tianschanicus,993397,2024-05-09,2024/05/09 17:44,43.082211,76.907355,,,,needs_id,cc-by-nc,"Бостандыкский район, Алматы, Казахстан",atamat,inside,inside,2024-05-09,day,iNaturalist observed_on parsed as calendar day,eligible,species-level iNaturalist query; no higher-rank query flag in source screening,True
Rumex tianschanicus,Rumex_tianschanicus.json,220003063,https://www.inaturalist.org/observations/220003063,Rumex tianschanicus,993397,2024-06-01,2024/06/01 09:24,43.1779483333,77.09446,,,,research,cc-by-nc,"Медеуский район, Алматы, Казахстан",nkanunnikov,inside,inside,2024-06-01,day,iNaturalist observed_on parsed as calendar day,eligible,species-level iNaturalist query; no higher-rank query flag in source screening,True
Rumex tianschanicus,Rumex_tianschanicus.json,220192383,https://www.inaturalist.org/observations/220192383,Rumex tianschanicus,993397,2024-06-01,2024/06/01 11:33,43.2373159392,77.0481132063,,,61.0,research,cc-by,"Талгарский район, Казахстан",elanaky,inside,inside,2024-06-01,day,iNaturalist observed_on parsed as calendar day,eligible,species-level iNaturalist query; no higher-rank query flag in source screening,True
Rumex tianschanicus,Rumex_tianschanicus.json,220192431,https://www.inaturalist.org/observations/220192431,Rumex tianschanicus,993397,2024-06-01,2024/06/01 12:16,43.2330325111,77.0666955504,,,61.0,needs_id,cc-by,"Талгарский район, Казахстан",elanaky,inside,inside,2024-06-01,day,iNaturalist observed_on parsed as calendar day,eligible,species-level iNaturalist query; no higher-rank query flag in source screening,True
Rumex tianschanicus,Rumex_tianschanicus.json,259991711,https://www.inaturalist.org/observations/259991711,Rumex tianschanicus,993397,2024-06-04,2024/06/04 16:12,43.204493,76.957426,,,,research,cc-by-nc,"Медеуский район, Алматы, Казахстан",atamat,inside,inside,2024-06-04,day,iNaturalist observed_on parsed as calendar day,eligible,species-level iNaturalist query; no higher-rank query flag in source screening,True
Rumex tianschanicus,Rumex_tianschanicus.json,259991717,https://www.inaturalist.org/observations/259991717,Rumex tianschanicus,993397,2024-06-04,2024/06/04 16:13,43.204563,76.957772,,,,research,cc-by-nc,"Медеуский район, Алматы, Казахстан",atamat,inside,inside,2024-06-04,day,iNaturalist observed_on parsed as calendar day,eligible,species-level iNaturalist query; no higher-rank query flag in source screening,True
Rumex tianschanicus,Rumex_tianschanicus.json,222847228,https://www.inaturalist.org/observations/222847228,Rumex tianschanicus,993397,2024-06-08,2024/06/08 10:53,42.7755583333,79.0595694444,,,4.0,research,cc-by-nc,"Kegen District, Казахстан",gennadiy_dyakin,inside,inside,2024-06-08,day,iNaturalist observed_on parsed as calendar day,eligible,species-level iNaturalist query; no higher-rank query flag in source screening,True
Rumex tianschanicus,Rumex_tianschanicus.json,222308486,https://www.inaturalist.org/observations/222308486,Rumex tianschanicus,993397,2024-06-10,2024/06/10 14:20,43.217095,76.916748,,,,casual,cc-by-nc,"Бостандыкский район, Алматы, Казахстан",atamat,inside,inside,2024-06-10,day,iNaturalist observed_on parsed as calendar day,eligible,species-level iNaturalist query; no higher-rank query flag in source screening,True
Rumex tianschanicus,Rumex_tianschanicus.json,222308502,https://www.inaturalist.org/observations/222308502,Rumex tianschanicus,993397,2024-06-10,2024/06/10 15:11,43.210513,76.916059,,,,needs_id,cc-by-nc,"Бостандыкский район, Алматы, Казахстан",atamat,inside,inside,2024-06-10,day,iNaturalist observed_on parsed as calendar day,eligible,species-level iNaturalist query; no higher-rank query flag in source screening,True
Rumex tianschanicus,Rumex_tianschanicus.json,225902457,https://www.inaturalist.org/observations/225902457,Rumex tianschanicus,993397,2024-06-29,2024-06-29 12:10:00,43.2275728639,77.0530262779,,,90.0,research,cc-by,"Талгарский район, Казахстан",elanaky,inside,inside,2024-06-29,day,iNaturalist observed_on parsed as calendar day,eligible,species-level iNaturalist query; no higher-rank query flag in source screening,True
Rumex tianschanicus,Rumex_tianschanicus.json,232844741,https://www.inaturalist.org/observations/232844741,Rumex tianschanicus,993397,2024-07-25,2024/07/25 17:01,43.1304548594,79.557948083,,,244.0,needs_id,cc-by,"Райымбекский район, Казахстан",elanaky,inside,inside,2024-07-25,day,iNaturalist observed_on parsed as calendar day,eligible,species-level iNaturalist query; no higher-rank query flag in source screening,True
Rumex tianschanicus,Rumex_tianschanicus.json,274848217,https://www.inaturalist.org/observations/274848217,Rumex tianschanicus,993397,2025-04-26,2025/04/26 10:18,43.2406666667,76.9803555556,,,12.0,research,cc-by-nc,"Медеуский район, Алматы, Казахстан",gennadiy_dyakin,inside,inside,2025-04-26,day,iNaturalist observed_on parsed as calendar day,eligible,species-level iNaturalist query; no higher-rank query flag in source screening,True
Rumex tianschanicus,Rumex_tianschanicus.json,274084601,https://www.inaturalist.org/observations/274084601,Rumex tianschanicus,993397,2025-04-26,2025/04/26 13:54,43.0881222222,76.906525,,,3.0,research,cc-by-nc,"Бостандыкский район, Алматы, Казахстан",gennadiy_dyakin,inside,inside,2025-04-26,day,iNaturalist observed_on parsed as calendar day,eligible,species-level iNaturalist query; no higher-rank query flag in source screening,True
Rumex tianschanicus,Rumex_tianschanicus.json,274105543,https://www.inaturalist.org/observations/274105543,Rumex tianschanicus,993397,2025-04-26,2025/04/26 15:42,43.1146083333,76.9159916667,,,4.0,research,cc-by-nc,"Бостандыкский район, Алматы, Казахстан",gennadiy_dyakin,inside,inside,2025-04-26,day,iNaturalist observed_on parsed as calendar day,eligible,species-level iNaturalist query; no higher-rank query flag in source screening,True
Rumex tianschanicus,Rumex_tianschanicus.json,278372168,https://www.inaturalist.org/observations/278372168,Rumex tianschanicus,993397,2025-04-27,2025/04/27 08:44,43.107691237,76.9122883343,,,31.0,research,cc-by-nc,"Бостандыкский район, Алматы, Казахстан",atamat,inside,inside,2025-04-27,day,iNaturalist observed_on parsed as calendar day,eligible,species-level iNaturalist query; no higher-rank query flag in source screening,True
Rumex tianschanicus,Rumex_tianschanicus.json,277778595,https://www.inaturalist.org/observations/277778595,Rumex tianschanicus,993397,2025-04-27,2025/04/27 17:56,43.11346,76.916243,,,,research,cc-by-nc,"Бостандыкский район, Алматы, Казахстан",atamat,inside,inside,2025-04-27,day,iNaturalist observed_on parsed as calendar day,eligible,species-level iNaturalist query; no higher-rank query flag in source screening,True
Rumex tianschanicus,Rumex_tianschanicus.json,278690551,https://www.inaturalist.org/observations/278690551,Rumex tianschanicus,993397,2025-05-05,2025-05-05 13:30:42+05:00,43.283875,77.0603416667,,,14.0,needs_id,cc-by-nc,"Чехова, Almaty, KZ",kastani,inside,inside,2025-05-05,day,iNaturalist observed_on parsed as calendar day,eligible,species-level iNaturalist query; no higher-rank query flag in source screening,True
Rumex tianschanicus,Rumex_tianschanicus.json,356630410,https://www.inaturalist.org/observations/356630410,Rumex tianschanicus,993397,2026-04-24,2026/04/24 16:14,43.114437,76.913294,,,,needs_id,cc-by-nc,"Бостандыкский район, Алматы, Казахстан",atamat,inside,inside,2026-04-24,day,iNaturalist observed_on parsed as calendar day,eligible,species-level iNaturalist query; no higher-rank query flag in source screening,True
Rumex tianschanicus,Rumex_tianschanicus.json,356630433,https://www.inaturalist.org/observations/356630433,Rumex tianschanicus,993397,2026-04-24,2026/04/24 16:15,43.11456,76.912954,,,,needs_id,cc-by-nc,"Бостандыкский район, Алматы, Казахстан",atamat,inside,inside,2026-04-24,day,iNaturalist observed_on parsed as calendar day,eligible,species-level iNaturalist query; no higher-rank query flag in source screening,True
Rumex tianschanicus,Rumex_tianschanicus.json,356630637,https://www.inaturalist.org/observations/356630637,Rumex tianschanicus,993397,2026-04-24,2026/04/24 16:33,43.114431,76.91191,,,,research,cc-by-nc,"Бостандыкский район, Алматы, Казахстан",atamat,inside,inside,2026-04-24,day,iNaturalist observed_on parsed as calendar day,eligible,species-level iNaturalist query; no higher-rank query flag in source screening,True
Rumex tianschanicus,Rumex_tianschanicus.json,358398560,https://www.inaturalist.org/observations/358398560,Rumex tianschanicus,993397,2026-04-24,2026/04/24 18:40,43.102256,76.932143,,,,needs_id,cc-by-nc,"Бостандыкский район, Алматы, Казахстан",atamat,inside,inside,2026-04-24,day,iNaturalist observed_on parsed as calendar day,eligible,species-level iNaturalist query; no higher-rank query flag in source screening,True
Rumex tianschanicus,Rumex_tianschanicus.json,358712052,https://www.inaturalist.org/observations/358712052,Rumex tianschanicus,993397,2026-04-24,2026/04/24 18:49,43.103339,76.93296,,,,needs_id,cc-by-nc,"Бостандыкский район, Алматы, Казахстан",atamat,inside,inside,2026-04-24,day,iNaturalist observed_on parsed as calendar day,eligible,species-level iNaturalist query; no higher-rank query flag in source screening,True
Rumex tianschanicus,Rumex_tianschanicus.json,359020781,https://www.inaturalist.org/observations/359020781,Rumex tianschanicus,993397,2026-04-25,2026/04/25 14:59,43.114365,76.913296,,,,needs_id,cc-by-nc,"Бостандыкский район, Алматы, Казахстан",atamat,inside,inside,2026-04-25,day,iNaturalist observed_on parsed as calendar day,eligible,species-level iNaturalist query; no higher-rank query flag in source screening,True
Rumex tianschanicus,Rumex_tianschanicus.json,359306615,https://www.inaturalist.org/observations/359306615,Rumex tianschanicus,993397,2026-04-25,2026/04/25 16:59,43.082847,76.907031,,,,needs_id,cc-by-nc,"Бостандыкский район, Алматы, Казахстан",atamat,inside,inside,2026-04-25,day,iNaturalist observed_on parsed as calendar day,eligible,species-level iNaturalist query; no higher-rank query flag in source screening,True
Rumex tianschanicus,Rumex_tianschanicus.json,359306661,https://www.inaturalist.org/observations/359306661,Rumex tianschanicus,993397,2026-04-25,2026/04/25 17:01,43.082718,76.90722,,,,needs_id,cc-by-nc,"Бостандыкский район, Алматы, Казахстан",atamat,inside,inside,2026-04-25,day,iNaturalist observed_on parsed as calendar day,eligible,species-level iNaturalist query; no higher-rank query flag in source screening,True
Rumex tianschanicus,Rumex_tianschanicus.json,359306746,https://www.inaturalist.org/observations/359306746,Rumex tianschanicus,993397,2026-04-25,2026/04/25 17:10,43.082393,76.907775,,,,needs_id,cc-by-nc,"Бостандыкский район, Алматы, Казахстан",atamat,inside,inside,2026-04-25,day,iNaturalist observed_on parsed as calendar day,eligible,species-level iNaturalist query; no higher-rank query flag in source screening,True
Rumex tianschanicus,Rumex_tianschanicus.json,359306786,https://www.inaturalist.org/observations/359306786,Rumex tianschanicus,993397,2026-04-25,2026/04/25 17:19,43.084437,76.905991,,,,needs_id,cc-by-nc,"Бостандыкский район, Алматы, Казахстан",atamat,inside,inside,2026-04-25,day,iNaturalist observed_on parsed as calendar day,eligible,species-level iNaturalist query; no higher-rank query flag in source screening,True
Rumex tianschanicus,Rumex_tianschanicus.json,360161069,https://www.inaturalist.org/observations/360161069,Rumex tianschanicus,993397,2026-05-06,2026-05-06 12:49:02+05:00,43.0832666667,76.9773033333,,,13.0,research,cc-by-nc,"KZ05-11, Almaty, KZ",kastani,inside,inside,2026-05-06,day,iNaturalist observed_on parsed as calendar day,eligible,species-level iNaturalist query; no higher-rank query flag in source screening,True
Rumex tianschanicus,Rumex_tianschanicus.json,360169137,https://www.inaturalist.org/observations/360169137,Rumex tianschanicus,993397,2026-05-06,2026-05-06 12:51:10+05:00,43.0829583333,76.9777366667,,,12.0,needs_id,cc-by-nc,"KZ05-11, Almaty, KZ",kastani,inside,inside,2026-05-06,day,iNaturalist observed_on parsed as calendar day,eligible,species-level iNaturalist query; no higher-rank query flag in source screening,True
Rumex tianschanicus,Rumex_tianschanicus.json,360193143,https://www.inaturalist.org/observations/360193143,Rumex tianschanicus,993397,2026-05-06,2026-05-06 13:43:27+05:00,43.0802083333,76.9833216667,,,29.0,research,cc-by-nc,"KZ05-11, Almaty, KZ",kastani,inside,inside,2026-05-06,day,iNaturalist observed_on parsed as calendar day,eligible,species-level iNaturalist query; no higher-rank query flag in source screening,True
Rumex tianschanicus,Rumex_tianschanicus.json,360192796,https://www.inaturalist.org/observations/360192796,Rumex tianschanicus,993397,2026-05-06,2026-05-06 13:43:37+05:00,43.0800471667,76.98333,,,5.0,research,cc-by-nc,"KZ05-11, Almaty, KZ",kastani,inside,inside,2026-05-06,day,iNaturalist observed_on parsed as calendar day,eligible,species-level iNaturalist query; no higher-rank query flag in source screening,True
Rumex tianschanicus,Rumex_tianschanicus.json,360198823,https://www.inaturalist.org/observations/360198823,Rumex tianschanicus,993397,2026-05-06,2026-05-06 13:44:13+05:00,43.0798111667,76.983405,,,4.0,research,cc-by-nc,"KZ05-11, Almaty, KZ",kastani,inside,inside,2026-05-06,day,iNaturalist observed_on parsed as calendar day,eligible,species-level iNaturalist query; no higher-rank query flag in source screening,True
Rumex tianschanicus,Rumex_tianschanicus.json,360200988,https://www.inaturalist.org/observations/360200988,Rumex tianschanicus,993397,2026-05-06,2026-05-06 13:50:45+05:00,43.0804861667,76.9850616667,,,13.0,research,cc-by-nc,"KZ05-11, Almaty, KZ",kastani,inside,inside,2026-05-06,day,iNaturalist observed_on parsed as calendar day,eligible,species-level iNaturalist query; no higher-rank query flag in source screening,True
Rumex tianschanicus,Rumex_tianschanicus.json,360201214,https://www.inaturalist.org/observations/360201214,Rumex tianschanicus,993397,2026-05-06,2026-05-06 13:52:19+05:00,43.0802833333,76.9853583333,,,15.0,needs_id,cc-by-nc,"KZ05-11, Almaty, KZ",kastani,inside,inside,2026-05-06,day,iNaturalist observed_on parsed as calendar day,eligible,species-level iNaturalist query; no higher-rank query flag in source screening,True
Rumex tianschanicus,Rumex_tianschanicus.json,360674938,https://www.inaturalist.org/observations/360674938,Rumex tianschanicus,993397,2026-05-08,2026-05-08 12:28:12+05:00,43.0807916667,76.9904633333,,,24.0,research,cc-by-nc,"KZ05-11, Almaty, KZ",kastani,inside,inside,2026-05-08,day,iNaturalist observed_on parsed as calendar day,eligible,species-level iNaturalist query; no higher-rank query flag in source screening,True
Rumex tianschanicus,Rumex_tianschanicus.json,361101935,https://www.inaturalist.org/observations/361101935,Rumex tianschanicus,993397,2026-05-13,2026-05-13 13:46:31,43.1289832937,77.0794987679,,,13.0,research,cc-by-nc,"Медеуский район, Алматы, Казахстан",natalie_berdsk,inside,inside,2026-05-13,day,iNaturalist observed_on parsed as calendar day,eligible,species-level iNaturalist query; no higher-rank query flag in source screening,True
Rumex tianschanicus,Rumex_tianschanicus.json,398443079,https://www.inaturalist.org/observations/398443079,Rumex tianschanicus,993397,2026-08-22,2026/08/22 12:39,43.0161777176,77.0586326332,obscured,,,needs_id,cc-by-nc,"Talgarskiy, KZ-AA, KZ",olga_si,inside,inside,2026-08-22,day,iNaturalist observed_on parsed as calendar day,eligible,species-level iNaturalist query; no higher-rank query flag in source screening,True
Sorbus tianschanica,Sorbus_tianschanica.json,148731643,https://www.inaturalist.org/observations/148731643,Sorbus tianschanica,443860,2009-07-08,2009/07/08 12:01 PM,43.1310126454,77.0566216601,,open,300.0,research,cc0,"Kazakhstan, Almaty SE environs, the Gorel'nik River lower valley",oleg_kosterin,inside,inside,2009-07-08,day,iNaturalist observed_on parsed as calendar day,eligible,species-level iNaturalist query; no higher-rank query flag in source screening,True
Sorbus tianschanica,Sorbus_tianschanica.json,149338890,https://www.inaturalist.org/observations/149338890,Sorbus tianschanica,443860,2009-07-15,2009/07/15 2:43 PM,43.0640581119,76.9891376031,,open,500.0,research,cc0,"Kazakhstan, Almaty  S environs, Zailiyakiy Alatau Mt. Range, the Bol'shaya Almatinka River  Valley",oleg_kosterin,inside,inside,2009-07-15,day,iNaturalist observed_on parsed as calendar day,eligible,species-level iNaturalist query; no higher-rank query flag in source screening,True
Sorbus tianschanica,Sorbus_tianschanica.json,103520300,https://www.inaturalist.org/observations/103520300,Sorbus tianschanica,443860,2011-09-27,2011/09/27 11:46 ранку UTC,43.1364568089,76.9138127782,,open,834.0,research,,"Бостандық ауданы, Алматы, Казахстан",skazhenijandrew,inside,inside,2011-09-27,day,iNaturalist observed_on parsed as calendar day,eligible,species-level iNaturalist query; no higher-rank query flag in source screening,True
Sorbus tianschanica,Sorbus_tianschanica.json,254298398,https://www.inaturalist.org/observations/254298398,Sorbus tianschanica,443860,2012-08-26,2012/08/26 00:20,43.1392164523,77.0042189335,,open,244.0,research,cc-by,"Медеуский район, Алматы, Казахстан",elanaky,inside,inside,2012-08-26,day,iNaturalist observed_on parsed as calendar day,eligible,species-level iNaturalist query; no higher-rank query flag in source screening,True
Sorbus tianschanica,Sorbus_tianschanica.json,148755293,https://www.inaturalist.org/observations/148755293,Sorbus tianschanica,443860,2013-06-09,2013/06/09 18:05,43.08258,76.97508,,open,2000.0,research,cc-by-nc,"Бостандыкский район, Алматы, Казахстан",aleksandrebel,inside,inside,2013-06-09,day,iNaturalist observed_on parsed as calendar day,eligible,species-level iNaturalist query; no higher-rank query flag in source screening,True
Sorbus tianschanica,Sorbus_tianschanica.json,254298440,https://www.inaturalist.org/observations/254298440,Sorbus tianschanica,443860,2017-06-10,2017/06/10 13:15,43.2975599536,77.6224555843,,open,2350.0,research,cc-by,"Енбекшиказахский район, Казахстан",elanaky,inside,inside,2017-06-10,day,iNaturalist observed_on parsed as calendar day,eligible,species-level iNaturalist query; no higher-rank query flag in source screening,True
Sorbus tianschanica,Sorbus_tianschanica.json,38059144,https://www.inaturalist.org/observations/38059144,Sorbus tianschanica,443860,2017-08-26,2017/08/26 1:50 PM +0700,43.2461111111,76.8186111111,,open,,research,cc-by-nc,"Akbulak Micro District, Almaty, Kazakhstan",nomascus,inside,inside,2017-08-26,day,iNaturalist observed_on parsed as calendar day,eligible,species-level iNaturalist query; no higher-rank query flag in source screening,True
Sorbus tianschanica,Sorbus_tianschanica.json,38459871,https://www.inaturalist.org/observations/38459871,Sorbus tianschanica,443860,2020-02-08,2020/02/08 2:20 PM +0600,43.1023413572,77.0756993843,,open,2.0,research,cc-by-nc,"Медеуский район, Алматы, Казахстан",kastani,inside,inside,2020-02-08,day,iNaturalist observed_on parsed as calendar day,eligible,species-level iNaturalist query; no higher-rank query flag in source screening,True
Sorbus tianschanica,Sorbus_tianschanica.json,46249696,https://www.inaturalist.org/observations/46249696,Sorbus tianschanica,443860,2020-05-01,2020-05-01 3:10:05 PM GMT+06:00,43.1509236516,76.9138431922,,open,32.0,research,cc-by-nc,"Bostandyk District, Almaty, Kazakhstan",kastani,inside,inside,2020-05-01,day,iNaturalist observed_on parsed as calendar day,eligible,species-level iNaturalist query; no higher-rank query flag in source screening,True
Sorbus tianschanica,Sorbus_tianschanica.json,86021528,https://www.inaturalist.org/observations/86021528,Sorbus tianschanica,443860,2021-06-11,Fri Jun 11 2021 20:52:02 GMT+0600 (GMT+6),43.1529305,77.0620195,,open,5.0,research,cc-by-nc,"улица Эдельвейс, Almaty, KZ",kastani,inside,inside,2021-06-11,day,iNaturalist observed_on parsed as calendar day,eligible,species-level iNaturalist query; no higher-rank query flag in source screening,True
Sorbus tianschanica,Sorbus_tianschanica.json,86429986,https://www.inaturalist.org/observations/86429986,Sorbus tianschanica,443860,2021-06-26,Sat Jun 26 2021 14:05:21 GMT+0600 (GMT+6),43.1393388333,77.0646888333,,open,10.0,research,cc-by-nc,"Almaty, KZ",kastani,inside,inside,2021-06-26,day,iNaturalist observed_on parsed as calendar day,eligible,species-level iNaturalist query; no higher-rank query flag in source screening,True
Sorbus tianschanica,Sorbus_tianschanica.json,86832159,https://www.inaturalist.org/observations/86832159,Sorbus tianschanica,443860,2021-06-26,Sat Jun 26 2021 14:38:12 GMT+0600 (GMT+6),43.1338166667,77.06005,,open,10.0,research,cc-by-nc,"Almaty, KZ",kastani,inside,inside,2021-06-26,day,iNaturalist observed_on parsed as calendar day,eligible,species-level iNaturalist query; no higher-rank query flag in source screening,True
Sorbus tianschanica,Sorbus_tianschanica.json,150806256,https://www.inaturalist.org/observations/150806256,Sorbus tianschanica,443860,2021-09-08,2021/09/08 13:50,42.76293,79.889467,,open,,research,cc-by-nc,"Райымбекский район, Казахстан",atamat,inside,inside,2021-09-08,day,iNaturalist observed_on parsed as calendar day,eligible,species-level iNaturalist query; no higher-rank query flag in source screening,True
Sorbus tianschanica,Sorbus_tianschanica.json,161993983,https://www.inaturalist.org/observations/161993983,Sorbus tianschanica,443860,2021-09-08,2021/09/08 13:59,42.7627937096,79.8898186693,,open,4.0,research,cc-by-nc,"Райымбекский район, Казахстан",atamat,inside,inside,2021-09-08,day,iNaturalist observed_on parsed as calendar day,eligible,species-level iNaturalist query; no higher-rank query flag in source screening,True
Sorbus tianschanica,Sorbus_tianschanica.json,150812071,https://www.inaturalist.org/observations/150812071,Sorbus tianschanica,443860,2021-09-15,2021/09/15 12:47,43.097427,76.7091429722,,open,,research,cc-by-nc,"Карасайский район, Казахстан",atamat,inside,inside,2021-09-15,day,iNaturalist observed_on parsed as calendar day,eligible,species-level iNaturalist query; no higher-rank query flag in source screening,True
Sorbus tianschanica,Sorbus_tianschanica.json,112841646,https://www.inaturalist.org/observations/112841646,Sorbus tianschanica,443860,2022-03-26,2022/03/26 3:13 PM,43.1255583333,77.0803083333,,open,5.0,research,cc-by-nc,"Medeu District, Almaty, Kazakhstan",kastani,inside,inside,2022-03-26,day,iNaturalist observed_on parsed as calendar day,eligible,species-level iNaturalist query; no higher-rank query flag in source screening,True
Sorbus tianschanica,Sorbus_tianschanica.json,113208780,https://www.inaturalist.org/observations/113208780,Sorbus tianschanica,443860,2022-04-28,2022-04-28 16:20:16+06:00,43.1650555,77.054375,,open,4.0,research,cc-by-nc,"Алмаатинская область, KZ",vladimir_korotkov,inside,inside,2022-04-28,day,iNaturalist observed_on parsed as calendar day,eligible,species-level iNaturalist query; no higher-rank query flag in source screening,True
Sorbus tianschanica,Sorbus_tianschanica.json,160614276,https://www.inaturalist.org/observations/160614276,Sorbus tianschanica,443860,2022-06-17,2022/06/17 17:49,42.941932,78.32227,,open,,research,cc-by-nc,"Райымбекский район, Казахстан",atamat,inside,inside,2022-06-17,day,iNaturalist observed_on parsed as calendar day,eligible,species-level iNaturalist query; no higher-rank query flag in source screening,True
Sorbus tianschanica,Sorbus_tianschanica.json,151332252,https://www.inaturalist.org/observations/151332252,Sorbus tianschanica,443860,2022-06-21,2022/06/21 15:39,42.930655,78.316087,,open,,research,cc-by-nc,"Райымбекский район, Казахстан",atamat,inside,inside,2022-06-21,day,iNaturalist observed_on parsed as calendar day,eligible,species-level iNaturalist query; no higher-rank query flag in source screening,True
Sorbus tianschanica,Sorbus_tianschanica.json,161130109,https://www.inaturalist.org/observations/161130109,Sorbus tianschanica,443860,2022-06-21,2022/06/21 15:39,42.930655,78.316087,,open,,research,cc-by-nc,"Райымбекский район, Казахстан",atamat,inside,inside,2022-06-21,day,iNaturalist observed_on parsed as calendar day,eligible,species-level iNaturalist query; no higher-rank query flag in source screening,True
Sorbus tianschanica,Sorbus_tianschanica.json,143715018,https://www.inaturalist.org/observations/143715018,Sorbus tianschanica,443860,2022-09-09,2022/09/09 12:26,43.0982780278,76.9436645278,,open,,research,cc-by,"Karasayskiy, Almaty, Kazakhstan",alexanderdubynin,inside,inside,2022-09-09,day,iNaturalist observed_on parsed as calendar day,eligible,species-level iNaturalist query; no higher-rank query flag in source screening,True
Sorbus tianschanica,Sorbus_tianschanica.json,137255819,https://www.inaturalist.org/observations/137255819,Sorbus tianschanica,443860,2022-10-01,2022-10-01 18:31:13,43.1206027778,77.0798222222,,open,,research,cc-by,"Медеуский район, Алматы, Казахстан",engagenosey,inside,inside,2022-10-01,day,iNaturalist observed_on parsed as calendar day,eligible,species-level iNaturalist query; no higher-rank query flag in source screening,True
Sorbus tianschanica,Sorbus_tianschanica.json,212861465,https://www.inaturalist.org/observations/212861465,Sorbus tianschanica,443860,2022-10-07,2022/10/07 12:51,43.1067542778,77.0746841389,,open,,research,cc-by,"Медеуский район, Алматы, Казахстан",kmmskd,inside,inside,2022-10-07,day,iNaturalist observed_on parsed as calendar day,eligible,species-level iNaturalist query; no higher-rank query flag in source screening,True
Sorbus tianschanica,Sorbus_tianschanica.json,137872714,https://www.inaturalist.org/observations/137872714,Sorbus tianschanica,443860,2022-10-07,2022-10-07 14:34:44,43.1368719722,77.0727219722,,open,,research,cc-by-nc,"Медеуский район, Алматы, Казахстан",nikolay_ilyin,inside,inside,2022-10-07,day,iNaturalist observed_on parsed as calendar day,eligible,species-level iNaturalist query; no higher-rank query flag in source screening,True
Sorbus tianschanica,Sorbus_tianschanica.json,165745011,https://www.inaturalist.org/observations/165745011,Sorbus tianschanica,443860,2023-05-11,2023/05/11 12:33,43.1603269561,77.0290091326,,open,15.0,research,cc-by-nc,"Медеуский район, Алматы, Казахстан",sundry_divers,inside,inside,2023-05-11,day,iNaturalist observed_on parsed as calendar day,eligible,species-level iNaturalist query; no higher-rank query flag in source screening,True
Sorbus tianschanica,Sorbus_tianschanica.json,162252994,https://www.inaturalist.org/observations/162252994,Sorbus tianschanica,443860,2023-05-16,2023-05-16 08:22:12,43.1059110327,76.9416439533,,open,,research,cc-by-nc,"Местоположение: 43,105911, 76,941644",shtepbraiter,inside,inside,2023-05-16,day,iNaturalist observed_on parsed as calendar day,eligible,species-level iNaturalist query; no higher-rank query flag in source screening,True
Sorbus tianschanica,Sorbus_tianschanica.json,192898602,https://www.inaturalist.org/observations/192898602,Sorbus tianschanica,443860,2023-05-25,2023/05/25 10:28,43.1748575898,77.1033245598,,open,31.0,research,cc-by-nc,"Медеуский район, Алматы, Казахстан",vladimir_epiktetov,inside,inside,2023-05-25,day,iNaturalist observed_on parsed as calendar day,eligible,species-level iNaturalist query; no higher-rank query flag in source screening,True
Sorbus tianschanica,Sorbus_tianschanica.json,192900913,https://www.inaturalist.org/observations/192900913,Sorbus tianschanica,443860,2023-05-25,2023/05/25 12:03,43.1736308991,77.1048994263,,open,2.0,research,cc-by-nc,"Медеуский район, Алматы, Казахстан",vladimir_epiktetov,inside,inside,2023-05-25,day,iNaturalist observed_on parsed as calendar day,eligible,species-level iNaturalist query; no higher-rank query flag in source screening,True
Sorbus tianschanica,Sorbus_tianschanica.json,166058639,https://www.inaturalist.org/observations/166058639,Sorbus tianschanica,443860,2023-06-01,2023/06/01 11:37,43.2572666667,77.4914638889,,open,,research,cc-by,"Enbekshikazakh District, Kazakhstan",zerobias,inside,inside,2023-06-01,day,iNaturalist observed_on parsed as calendar day,eligible,species-level iNaturalist query; no higher-rank query flag in source screening,True
Sorbus tianschanica,Sorbus_tianschanica.json,167883877,https://www.inaturalist.org/observations/167883877,Sorbus tianschanica,443860,2023-06-06,2023-06-06 11:53:23,44.3069577758,78.7216218933,,open,1970.0,research,cc-by,"Кербулакский район, Казахстан",iskander5,inside,inside,2023-06-06,day,iNaturalist observed_on parsed as calendar day,eligible,species-level iNaturalist query; no higher-rank query flag in source screening,True
Sorbus tianschanica,Sorbus_tianschanica.json,168620591,https://www.inaturalist.org/observations/168620591,Sorbus tianschanica,443860,2023-06-12,2023-06-12 08:10:40,43.1705637699,77.0843492076,,open,1278.0,research,cc-by-nc,"Медеуский район, Алматы, Казахстан",shtepbraiter,inside,inside,2023-06-12,day,iNaturalist observed_on parsed as calendar day,eligible,species-level iNaturalist query; no higher-rank query flag in source screening,True
Sorbus tianschanica,Sorbus_tianschanica.json,169142362,https://www.inaturalist.org/observations/169142362,Sorbus tianschanica,443860,2023-06-12,2023-06-12 10:20:36,43.1535657831,77.017982037,,open,5.0,research,cc-by-nc,"Talgarskiy, KZ-AA, KZ",aliaksandarmialik,inside,inside,2023-06-12,day,iNaturalist observed_on parsed as calendar day,eligible,species-level iNaturalist query; no higher-rank query flag in source screening,True
Sorbus tianschanica,Sorbus_tianschanica.json,169149493,https://www.inaturalist.org/observations/169149493,Sorbus tianschanica,443860,2023-06-15,2023-06-15 08:45:36,43.1123131983,77.0760555699,,open,4.0,research,cc-by-nc,"Talgarskiy, KZ-AA, KZ",aliaksandarmialik,inside,inside,2023-06-15,day,iNaturalist observed_on parsed as calendar day,eligible,species-level iNaturalist query; no higher-rank query flag in source screening,True
Sorbus tianschanica,Sorbus_tianschanica.json,169151738,https://www.inaturalist.org/observations/169151738,Sorbus tianschanica,443860,2023-06-17,2023-06-17 15:33:45,43.0734452825,76.9844787487,,open,4.0,research,cc-by-nc,"Karasayskiy, KZ-AA, KZ",aliaksandarmialik,inside,inside,2023-06-17,day,iNaturalist observed_on parsed as calendar day,eligible,species-level iNaturalist query; no higher-rank query flag in source screening,True
Sorbus tianschanica,Sorbus_tianschanica.json,168358082,https://www.inaturalist.org/observations/168358082,Sorbus tianschanica,443860,2023-06-17,2023/06/17 17:41,43.110277,76.91464,,open,,research,cc-by-nc,"Бостандыкский район, Алматы, Казахстан",atamat,inside,inside,2023-06-17,day,iNaturalist observed_on parsed as calendar day,eligible,species-level iNaturalist query; no higher-rank query flag in source screening,True
Sorbus tianschanica,Sorbus_tianschanica.json,169153178,https://www.inaturalist.org/observations/169153178,Sorbus tianschanica,443860,2023-06-19,2023-06-19 11:35:31,43.0673285105,76.9077798264,,open,4.0,research,cc-by-nc,"Karasayskiy, KZ-AA, KZ",aliaksandarmialik,inside,inside,2023-06-19,day,iNaturalist observed_on parsed as calendar day,eligible,species-level iNaturalist query; no higher-rank query flag in source screening,True
Sorbus tianschanica,Sorbus_tianschanica.json,170986102,https://www.inaturalist.org/observations/170986102,Sorbus tianschanica,443860,2023-07-02,2023/07/02 14:30,43.0490031144,76.9096171837,,open,486.0,research,cc-by-nc,"Karasay District, Kazakhstan",nkanunnikov,inside,inside,2023-07-02,day,iNaturalist observed_on parsed as calendar day,eligible,species-level iNaturalist query; no higher-rank query flag in source screening,True
Sorbus tianschanica,Sorbus_tianschanica.json,172132796,https://www.inaturalist.org/observations/172132796,Sorbus tianschanica,443860,2023-07-09,2023/07/09 17:57,43.1031913611,76.7756805278,,open,,research,cc-by,"Карасайский район, Казахстан",alexanderdubynin,inside,inside,2023-07-09,day,iNaturalist observed_on parsed as calendar day,eligible,species-level iNaturalist query; no higher-rank query flag in source screening,True
Sorbus tianschanica,Sorbus_tianschanica.json,179165276,https://www.inaturalist.org/observations/179165276,Sorbus tianschanica,443860,2023-08-05,2023/08/05 09:48,43.129567,76.957203,,open,,research,cc-by-nc,"Бостандыкский район, Алматы, Казахстан",atamat,inside,inside,2023-08-05,day,iNaturalist observed_on parsed as calendar day,eligible,species-level iNaturalist query; no higher-rank query flag in source screening,True
Sorbus tianschanica,Sorbus_tianschanica.json,202882943,https://www.inaturalist.org/observations/202882943,Sorbus tianschanica,443860,2023-09-03,2023/09/03 15:40,43.15607,77.025109,,open,,research,cc-by-nc,"Медеуский район, Алматы, Казахстан",atamat,inside,inside,2023-09-03,day,iNaturalist observed_on parsed as calendar day,eligible,species-level iNaturalist query; no higher-rank query flag in source screening,True
Sorbus tianschanica,Sorbus_tianschanica.json,212208959,https://www.inaturalist.org/observations/212208959,Sorbus tianschanica,443860,2024-04-28,2024/04/28 12:39,43.1518791318,77.0157913273,,open,1631.0,research,cc-by-nc,"Медеуский район, Алматы, Казахстан",nkanunnikov,inside,inside,2024-04-28,day,iNaturalist observed_on parsed as calendar day,eligible,species-level iNaturalist query; no higher-rank query flag in source screening,True
Sorbus tianschanica,Sorbus_tianschanica.json,212200507,https://www.inaturalist.org/observations/212200507,Sorbus tianschanica,443860,2024-04-28,2024-04-28 15:35:16+05:00,43.1041445,76.9111633333,,open,64.0,research,cc-by-nc,"Алмаатинская область, KZ",anar15,inside,inside,2024-04-28,day,iNaturalist observed_on parsed as calendar day,eligible,species-level iNaturalist query; no higher-rank query flag in source screening,True
Sorbus tianschanica,Sorbus_tianschanica.json,212150310,https://www.inaturalist.org/observations/212150310,Sorbus tianschanica,443860,2024-04-29,2024-04-29 14:05:17+05:00,43.1058695,76.923805,,open,6.0,research,cc-by-nc,"Almaty, KZ",kastani,inside,inside,2024-04-29,day,iNaturalist observed_on parsed as calendar day,eligible,species-level iNaturalist query; no higher-rank query flag in source screening,True
Sorbus tianschanica,Sorbus_tianschanica.json,212152910,https://www.inaturalist.org/observations/212152910,Sorbus tianschanica,443860,2024-04-29,2024-04-29 14:12:57+05:00,43.1063583333,76.9241416667,,open,32.0,research,cc-by-nc,"Almaty, KZ",kastani,inside,inside,2024-04-29,day,iNaturalist observed_on parsed as calendar day,eligible,species-level iNaturalist query; no higher-rank query flag in source screening,True
Sorbus tianschanica,Sorbus_tianschanica.json,212154155,https://www.inaturalist.org/observations/212154155,Sorbus tianschanica,443860,2024-04-29,2024-04-29 14:15:11+05:00,43.1063221667,76.9242466667,,open,12.0,research,cc-by-nc,"Almaty, KZ",kastani,inside,inside,2024-04-29,day,iNaturalist observed_on parsed as calendar day,eligible,species-level iNaturalist query; no higher-rank query flag in source screening,True
Sorbus tianschanica,Sorbus_tianschanica.json,212154712,https://www.inaturalist.org/observations/212154712,Sorbus tianschanica,443860,2024-04-29,2024-04-29 14:16:12+05:00,43.1062916667,76.924255,,open,8.0,research,cc-by-nc,"Almaty, KZ",kastani,inside,inside,2024-04-29,day,iNaturalist observed_on parsed as calendar day,eligible,species-level iNaturalist query; no higher-rank query flag in source screening,True
Sorbus tianschanica,Sorbus_tianschanica.json,212845424,https://www.inaturalist.org/observations/212845424,Sorbus tianschanica,443860,2024-04-29,2024-04-29 14:20:30,43.1222974,76.8978634997,,open,,research,cc-by-nc,"Бостандыкский район, Алматы, Казахстан",ksu57,inside,inside,2024-04-29,day,iNaturalist observed_on parsed as calendar day,eligible,species-level iNaturalist query; no higher-rank query flag in source screening,True
Sorbus tianschanica,Sorbus_tianschanica.json,214384685,https://www.inaturalist.org/observations/214384685,Sorbus tianschanica,443860,2024-05-08,2024-05-08 16:35:09,43.1246769997,77.0813148997,,open,,research,,"Медеуский район, Алматы, Казахстан",serbel,inside,inside,2024-05-08,day,iNaturalist observed_on parsed as calendar day,eligible,species-level iNaturalist query; no higher-rank query flag in source screening,True
Sorbus tianschanica,Sorbus_tianschanica.json,215087494,https://www.inaturalist.org/observations/215087494,Sorbus tianschanica,443860,2024-05-09,2024/05/09 15:24,43.0999209722,76.906919,,open,,research,cc-by-nc,"Бостандыкский район, Алматы, Казахстан",atamat,inside,inside,2024-05-09,day,iNaturalist observed_on parsed as calendar day,eligible,species-level iNaturalist query; no higher-rank query flag in source screening,True
Sorbus tianschanica,Sorbus_tianschanica.json,214882006,https://www.inaturalist.org/observations/214882006,Sorbus tianschanica,443860,2024-05-09,2024/05/09 16:21,43.0858279444,76.906197,,open,,research,cc-by-nc,"Бостандыкский район, Алматы, Казахстан",atamat,inside,inside,2024-05-09,day,iNaturalist observed_on parsed as calendar day,eligible,species-level iNaturalist query; no higher-rank query flag in source screening,True
Sorbus tianschanica,Sorbus_tianschanica.json,215241108,https://www.inaturalist.org/observations/215241108,Sorbus tianschanica,443860,2024-05-12,2024-05-12 15:00:49,43.0891036944,76.9471740556,,open,,research,,"Бостандыкский район, Алматы, Казахстан",ekaterina54,inside,inside,2024-05-12,day,iNaturalist observed_on parsed as calendar day,eligible,species-level iNaturalist query; no higher-rank query flag in source screening,True
Sorbus tianschanica,Sorbus_tianschanica.json,218920079,https://www.inaturalist.org/observations/218920079,Sorbus tianschanica,443860,2024-05-25,2024-05-25 10:38:55,43.1041666667,76.9113888889,,open,,research,cc-by-nc,"Бостандыкский район, Алматы, Казахстан",svetlanasp,inside,inside,2024-05-25,day,iNaturalist observed_on parsed as calendar day,eligible,species-level iNaturalist query; no higher-rank query flag in source screening,True
Sorbus tianschanica,Sorbus_tianschanica.json,220013982,https://www.inaturalist.org/observations/220013982,Sorbus tianschanica,443860,2024-06-01,2024/06/01 11:56,43.1785292712,77.119498125,,open,523.0,research,cc-by-nc,"Медеуский район, Алматы, Казахстан",nkanunnikov,inside,inside,2024-06-01,day,iNaturalist observed_on parsed as calendar day,eligible,species-level iNaturalist query; no higher-rank query flag in source screening,True
Sorbus tianschanica,Sorbus_tianschanica.json,219794178,https://www.inaturalist.org/observations/219794178,Sorbus tianschanica,443860,2024-06-01,2024-06-01 15:55:51,43.0896503,76.9083039,,open,,research,cc-by,"3WQ5+QX3 Лагерь Юного домостроителя, Алма-Арасан, Казахстан",iskander5,inside,inside,2024-06-01,day,iNaturalist observed_on parsed as calendar day,eligible,species-level iNaturalist query; no higher-rank query flag in source screening,True
Sorbus tianschanica,Sorbus_tianschanica.json,220836566,https://www.inaturalist.org/observations/220836566,Sorbus tianschanica,443860,2024-06-02,2024/06/02 11:31,43.1098779962,76.8491141054,,open,122.0,research,cc-by,"Карасайский район, Казахстан",elanaky,inside,inside,2024-06-02,day,iNaturalist observed_on parsed as calendar day,eligible,species-level iNaturalist query; no higher-rank query flag in source screening,True
Sorbus tianschanica,Sorbus_tianschanica.json,220918632,https://www.inaturalist.org/observations/220918632,Sorbus tianschanica,443860,2024-06-05,2024-06-05 11:02:43,43.1036111111,77.075,,open,,research,cc-by-nc,"Медеуский район, Алматы, Казахстан",svetlanasp,inside,inside,2024-06-05,day,iNaturalist observed_on parsed as calendar day,eligible,species-level iNaturalist query; no higher-rank query flag in source screening,True
Sorbus tianschanica,Sorbus_tianschanica.json,223311015,https://www.inaturalist.org/observations/223311015,Sorbus tianschanica,443860,2024-06-16,2024/06/16 12:04,42.9888719697,76.6255593379,,open,488.0,research,cc-by,"Карасайский район, Казахстан",elanaky,inside,inside,2024-06-16,day,iNaturalist observed_on parsed as calendar day,eligible,species-level iNaturalist query; no higher-rank query flag in source screening,True
Sorbus tianschanica,Sorbus_tianschanica.json,228420127,https://www.inaturalist.org/observations/228420127,Sorbus tianschanica,443860,2024-07-08,2024/07/08 15:11,43.0652612543,76.9169186946,,open,488.0,needs_id,cc-by,"Карасайский район, Казахстан",dina170,inside,inside,2024-07-08,day,iNaturalist observed_on parsed as calendar day,eligible,species-level iNaturalist query; no higher-rank query flag in source screening,True
Sorbus tianschanica,Sorbus_tianschanica.json,230538097,https://www.inaturalist.org/observations/230538097,Sorbus tianschanica,443860,2024-07-20,2024/07/20 11:15,43.110215,76.944595,,open,,research,cc-by-nc,"Медеуский район, Алматы, Казахстан",nkanunnikov,inside,inside,2024-07-20,day,iNaturalist observed_on parsed as calendar day,eligible,species-level iNaturalist query; no higher-rank query flag in source screening,True
Sorbus tianschanica,Sorbus_tianschanica.json,231888524,https://www.inaturalist.org/observations/231888524,Sorbus tianschanica,443860,2024-07-26,2024-07-26 16:01:52+05:00,43.0985055,76.9477383333,,open,16.0,research,cc-by-nc,"P-22, Almaty, KZ",kastani,inside,inside,2024-07-26,day,iNaturalist observed_on parsed as calendar day,eligible,species-level iNaturalist query; no higher-rank query flag in source screening,True
Sorbus tianschanica,Sorbus_tianschanica.json,234888235,https://www.inaturalist.org/observations/234888235,Sorbus tianschanica,443860,2024-08-09,2024-08-09 08:18:17,43.2154867726,77.751298584,,open,3117.0,research,cc-by-nc,"Енбекшиказахский район, Казахстан",liliyaabramova20,inside,inside,2024-08-09,day,iNaturalist observed_on parsed as calendar day,eligible,species-level iNaturalist query; no higher-rank query flag in source screening,True
Sorbus tianschanica,Sorbus_tianschanica.json,237716128,https://www.inaturalist.org/observations/237716128,Sorbus tianschanica,443860,2024-08-22,2024/08/22 13:19,43.2333096997,77.7584781,,open,,research,cc-by-nc,"Енбекшиказахский район, Казахстан",svetlanakushkova,inside,inside,2024-08-22,day,iNaturalist observed_on parsed as calendar day,eligible,species-level iNaturalist query; no higher-rank query flag in source screening,True
Sorbus tianschanica,Sorbus_tianschanica.json,240201442,https://www.inaturalist.org/observations/240201442,Sorbus tianschanica,443860,2024-08-30,2024/08/30 16:39,43.112164,76.931114,,open,,research,cc-by-nc,"Медеуский район, Алматы, Казахстан",atamat,inside,inside,2024-08-30,day,iNaturalist observed_on parsed as calendar day,eligible,species-level iNaturalist query; no higher-rank query flag in source screening,True
Sorbus tianschanica,Sorbus_tianschanica.json,240601141,https://www.inaturalist.org/observations/240601141,Sorbus tianschanica,443860,2024-08-30,2024/08/30 16:44,43.111089,76.93288,,open,,research,cc-by-nc,"Медеуский район, Алматы, Казахстан",atamat,inside,inside,2024-08-30,day,iNaturalist observed_on parsed as calendar day,eligible,species-level iNaturalist query; no higher-rank query flag in source screening,True
Sorbus tianschanica,Sorbus_tianschanica.json,240601150,https://www.inaturalist.org/observations/240601150,Sorbus tianschanica,443860,2024-08-30,2024/08/30 16:44,43.111089,76.93288,,open,,research,cc-by-nc,"Медеуский район, Алматы, Казахстан",atamat,inside,inside,2024-08-30,day,iNaturalist observed_on parsed as calendar day,eligible,species-level iNaturalist query; no higher-rank query flag in source screening,True
Sorbus tianschanica,Sorbus_tianschanica.json,253091903,https://www.inaturalist.org/observations/253091903,Sorbus tianschanica,443860,2024-08-30,2024/08/30 17:49,43.107756,76.953228,,open,,research,cc-by-nc,"Медеуский район, Алматы, Казахстан",atamat,inside,inside,2024-08-30,day,iNaturalist observed_on parsed as calendar day,eligible,species-level iNaturalist query; no higher-rank query flag in source screening,True
Sorbus tianschanica,Sorbus_tianschanica.json,253098130,https://www.inaturalist.org/observations/253098130,Sorbus tianschanica,443860,2024-08-30,2024/08/30 18:16,43.099603,76.952675,,open,,research,cc-by-nc,"Медеуский район, Алматы, Казахстан",atamat,inside,inside,2024-08-30,day,iNaturalist observed_on parsed as calendar day,eligible,species-level iNaturalist query; no higher-rank query flag in source screening,True
Sorbus tianschanica,Sorbus_tianschanica.json,253204399,https://www.inaturalist.org/observations/253204399,Sorbus tianschanica,443860,2024-08-30,2024/08/30 18:35,43.096352,76.95506,,open,,research,cc-by-nc,"Медеуский район, Алматы, Казахстан",atamat,inside,inside,2024-08-30,day,iNaturalist observed_on parsed as calendar day,eligible,species-level iNaturalist query; no higher-rank query flag in source screening,True
Sorbus tianschanica,Sorbus_tianschanica.json,239933339,https://www.inaturalist.org/observations/239933339,Sorbus tianschanica,443860,2024-09-05,2024-09-05 14:01:16,43.1352083333,77.0751583333,,open,,research,cc-by,"Medeu District, Almaty, Kazakhstan",ruslan_salimgareev,inside,inside,2024-09-05,day,iNaturalist observed_on parsed as calendar day,eligible,species-level iNaturalist query; no higher-rank query flag in source screening,True
Sorbus tianschanica,Sorbus_tianschanica.json,242684905,https://www.inaturalist.org/observations/242684905,Sorbus tianschanica,443860,2024-09-14,2024/09/14 13:41,43.054813516,76.9852228199,,open,122.0,research,cc-by-nc,"Бостандыкский район, Алматы, Казахстан",shtepbraiter,inside,inside,2024-09-14,day,iNaturalist observed_on parsed as calendar day,eligible,species-level iNaturalist query; no higher-rank query flag in source screening,True
Sorbus tianschanica,Sorbus_tianschanica.json,252529233,https://www.inaturalist.org/observations/252529233,Sorbus tianschanica,443860,2024-09-20,2024/09/20 18:24,43.1965599722,77.126442,,open,,research,cc-by-nc,"Медеуский район, Алматы, Казахстан",atamat,inside,inside,2024-09-20,day,iNaturalist observed_on parsed as calendar day,eligible,species-level iNaturalist query; no higher-rank query flag in source screening,True
Sorbus tianschanica,Sorbus_tianschanica.json,252001817,https://www.inaturalist.org/observations/252001817,Sorbus tianschanica,443860,2024-09-29,2024/09/29 17:13,43.073576,76.984559,,open,,research,cc-by-nc,"Бостандыкский район, Алматы, Казахстан",atamat,inside,inside,2024-09-29,day,iNaturalist observed_on parsed as calendar day,eligible,species-level iNaturalist query; no higher-rank query flag in source screening,True
Sorbus tianschanica,Sorbus_tianschanica.json,248237863,https://www.inaturalist.org/observations/248237863,Sorbus tianschanica,443860,2024-10-20,2024-10-20 15:18:48+05:00,43.53087615,79.45546722,,open,55.0,research,,"Старикова ул, Chundzha, Almaty, KZ",scottjondavidson,inside,inside,2024-10-20,day,iNaturalist observed_on parsed as calendar day,eligible,species-level iNaturalist query; no higher-rank query flag in source screening,True
Sorbus tianschanica,Sorbus_tianschanica.json,252895800,https://www.inaturalist.org/observations/252895800,Sorbus tianschanica,443860,2024-11-24,2024-11-24 11:31:24,43.1628608703,77.0806884764,,open,,research,cc-by,Казахстан,ninacourlee,inside,inside,2024-11-24,day,iNaturalist observed_on parsed as calendar day,eligible,species-level iNaturalist query; no higher-rank query flag in source screening,True
Sorbus tianschanica,Sorbus_tianschanica.json,253034735,https://www.inaturalist.org/observations/253034735,Sorbus tianschanica,443860,2024-11-25,2024-11-25 13:05:23,43.1416091917,77.0651626586,,open,,research,cc-by,"Керей Жанибек хандар 443, Алматы, Казахстан",ninacourlee,inside,inside,2024-11-25,day,iNaturalist observed_on parsed as calendar day,eligible,species-level iNaturalist query; no higher-rank query flag in source screening,True
Sorbus tianschanica,Sorbus_tianschanica.json,260785995,https://www.inaturalist.org/observations/260785995,Sorbus tianschanica,443860,2025-02-06,2025-02-06 13:13:05+05:00,43.1681636483,76.6033613318,,open,7.0,research,cc-by-nc,"Almaty, KZ",kaliyma,inside,inside,2025-02-06,day,iNaturalist observed_on parsed as calendar day,eligible,species-level iNaturalist query; no higher-rank query flag in source screening,True
Sorbus tianschanica,Sorbus_tianschanica.json,278095296,https://www.inaturalist.org/observations/278095296,Sorbus tianschanica,443860,2025-04-25,2025/04/25 13:59,43.173608,77.07916,,open,1370.0,research,cc-by,"53FH+CM Серкебай, Алматы, Казахстан",elanaky,inside,inside,2025-04-25,day,iNaturalist observed_on parsed as calendar day,eligible,species-level iNaturalist query; no higher-rank query flag in source screening,True
Sorbus tianschanica,Sorbus_tianschanica.json,274085222,https://www.inaturalist.org/observations/274085222,Sorbus tianschanica,443860,2025-04-26,2025/04/26 14:02,43.0863333333,76.9062277778,,open,5.0,research,cc-by-nc,"Бостандыкский район, Алматы, Казахстан",gennadiy_dyakin,inside,inside,2025-04-26,day,iNaturalist observed_on parsed as calendar day,eligible,species-level iNaturalist query; no higher-rank query flag in source screening,True
Sorbus tianschanica,Sorbus_tianschanica.json,274083270,https://www.inaturalist.org/observations/274083270,Sorbus tianschanica,443860,2025-04-26,2025/04/26 14:13,43.0854523299,76.9062339814,,open,31.0,research,cc-by-nc,"Бостандыкский район, Алматы, Казахстан",gennadiy_dyakin,inside,inside,2025-04-26,day,iNaturalist observed_on parsed as calendar day,eligible,species-level iNaturalist query; no higher-rank query flag in source screening,True
Sorbus tianschanica,Sorbus_tianschanica.json,277699366,https://www.inaturalist.org/observations/277699366,Sorbus tianschanica,443860,2025-04-27,2025/04/27 13:41,43.1152601874,77.0602987262,,open,535.0,research,cc-by,"Медеуский район, Алматы, Казахстан",elanaky,inside,inside,2025-04-27,day,iNaturalist observed_on parsed as calendar day,eligible,species-level iNaturalist query; no higher-rank query flag in source screening,True
Sorbus tianschanica,Sorbus_tianschanica.json,277812085,https://www.inaturalist.org/observations/277812085,Sorbus tianschanica,443860,2025-04-27,2025/04/27 15:20,43.108455,76.911931,,open,,research,cc-by-nc,"Бостандыкский район, Алматы, Казахстан",atamat,inside,inside,2025-04-27,day,iNaturalist observed_on parsed as calendar day,eligible,species-level iNaturalist query; no higher-rank query flag in source screening,True
Sorbus tianschanica,Sorbus_tianschanica.json,279987683,https://www.inaturalist.org/observations/279987683,Sorbus tianschanica,443860,2025-05-10,2025-05-10 12:11:02,43.0337055997,76.9968594,,open,,research,cc-by-nc,"Карасайский район, Казахстан",svetlanasp,inside,inside,2025-05-10,day,iNaturalist observed_on parsed as calendar day,eligible,species-level iNaturalist query; no higher-rank query flag in source screening,True
Sorbus tianschanica,Sorbus_tianschanica.json,296472480,https://www.inaturalist.org/observations/296472480,Sorbus tianschanica,443860,2025-06-05,2025/06/05 17:08,43.058225,76.9853277778,,open,214.0,research,,"Bostandyk District, Almaty, Kazachstan",vryaini,inside,inside,2025-06-05,day,iNaturalist observed_on parsed as calendar day,eligible,species-level iNaturalist query; no higher-rank query flag in source screening,True
Sorbus tianschanica,Sorbus_tianschanica.json,300141290,https://www.inaturalist.org/observations/300141290,Sorbus tianschanica,443860,2025-06-06,2025/06/06 15:29,42.9960186705,75.8135152604,,open,1002.0,research,,"Жамбылский район, Казахстан",letovglazah,inside,inside,2025-06-06,day,iNaturalist observed_on parsed as calendar day,eligible,species-level iNaturalist query; no higher-rank query flag in source screening,True
Sorbus tianschanica,Sorbus_tianschanica.json,289791701,https://www.inaturalist.org/observations/289791701,Sorbus tianschanica,443860,2025-06-15,2025-06-15 07:11:11,43.1021031,77.0755807,,open,,research,cc-by-nc,"Медеуский район, Алматы, Казахстан",nkanunnikov,inside,inside,2025-06-15,day,iNaturalist observed_on parsed as calendar day,eligible,species-level iNaturalist query; no higher-rank query flag in source screening,True
Sorbus tianschanica,Sorbus_tianschanica.json,291980065,https://www.inaturalist.org/observations/291980065,Sorbus tianschanica,443860,2025-06-21,2025-06-21 16:27:33+05:00,43.1290022857,77.0309908957,,open,242.0,research,cc-by-nc,"Almaty, KZ",kaliyma,inside,inside,2025-06-21,day,iNaturalist observed_on parsed as calendar day,eligible,species-level iNaturalist query; no higher-rank query flag in source screening,True
Sorbus tianschanica,Sorbus_tianschanica.json,294125302,https://www.inaturalist.org/observations/294125302,Sorbus tianschanica,443860,2025-06-26,2025-06-26 16:33:22,43.1598694444,77.0567666667,,open,,research,cc-by-nc,"5355+P75, Алматы, Казахстан",islam_galymzhanov,inside,inside,2025-06-26,day,iNaturalist observed_on parsed as calendar day,eligible,species-level iNaturalist query; no higher-rank query flag in source screening,True
Sorbus tianschanica,Sorbus_tianschanica.json,303117034,https://www.inaturalist.org/observations/303117034,Sorbus tianschanica,443860,2025-07-09,2025/07/09 15:51,43.0492444443,76.9562159992,,open,61.0,research,cc-by-nc,"Бостандыкский район, Алматы, Казахстан",gennadiy_dyakin,inside,inside,2025-07-09,day,iNaturalist observed_on parsed as calendar day,eligible,species-level iNaturalist query; no higher-rank query flag in source screening,True
Sorbus tianschanica,Sorbus_tianschanica.json,297260009,https://www.inaturalist.org/observations/297260009,Sorbus tianschanica,443860,2025-07-12,2025-07-12 09:51:28,43.1740098,77.0794668997,,open,,research,cc-by-nc,"53FJ+R5F Bobcat meadow, Алматы, Казахстан",nkanunnikov,inside,inside,2025-07-12,day,iNaturalist observed_on parsed as calendar day,eligible,species-level iNaturalist query; no higher-rank query flag in source screening,True
Sorbus tianschanica,Sorbus_tianschanica.json,298938809,https://www.inaturalist.org/observations/298938809,Sorbus tianschanica,443860,2025-07-18,2025-07-18 11:47:52+05:00,43.0929916667,76.9484116667,,open,36.0,research,cc-by-nc,"Hiking to Ayu-Sai Waterfalls, Almaty, KZ",kastani,inside,inside,2025-07-18,day,iNaturalist observed_on parsed as calendar day,eligible,species-level iNaturalist query; no higher-rank query flag in source screening,True
Sorbus tianschanica,Sorbus_tianschanica.json,302337550,https://www.inaturalist.org/observations/302337550,Sorbus tianschanica,443860,2025-07-22,2025/07/22 12:39,43.0912831997,76.948256,,open,,research,cc-by-nc,"Бостандыкский район, Алматы, Казахстан",svetlanakushkova,inside,inside,2025-07-22,day,iNaturalist observed_on parsed as calendar day,eligible,species-level iNaturalist query; no higher-rank query flag in source screening,True
Sorbus tianschanica,Sorbus_tianschanica.json,302572316,https://www.inaturalist.org/observations/302572316,Sorbus tianschanica,443860,2025-07-22,2025/07/22 14:43,43.0869983997,76.9451583997,,open,,research,cc-by-nc,"Бостандыкский район, Алматы, Казахстан",svetlanakushkova,inside,inside,2025-07-22,day,iNaturalist observed_on parsed as calendar day,eligible,species-level iNaturalist query; no higher-rank query flag in source screening,True
Sorbus tianschanica,Sorbus_tianschanica.json,301432334,https://www.inaturalist.org/observations/301432334,Sorbus tianschanica,443860,2025-07-26,2025-07-26 17:46:34+05:00,43.1453860852,77.0620716106,,open,1326.0,research,cc-by-nc,"Almaty, KZ",kaliyma,inside,inside,2025-07-26,day,iNaturalist observed_on parsed as calendar day,eligible,species-level iNaturalist query; no higher-rank query flag in source screening,True
Sorbus tianschanica,Sorbus_tianschanica.json,302236364,https://www.inaturalist.org/observations/302236364,Sorbus tianschanica,443860,2025-07-27,2025-07-27 05:48:42+05:00,42.60995,79.8413866667,,open,8.0,research,cc-by-nc,"Almaty, KZ",spyingnaturalist,inside,inside,2025-07-27,day,iNaturalist observed_on parsed as calendar day,eligible,species-level iNaturalist query; no higher-rank query flag in source screening,True
Sorbus tianschanica,Sorbus_tianschanica.json,304428298,https://www.inaturalist.org/observations/304428298,Sorbus tianschanica,443860,2025-07-27,2025/07/27 10:31,43.0718,76.9079,,open,,research,cc-by-nc,"Карасайский район, Казахстан",svetlanakushkova,inside,inside,2025-07-27,day,iNaturalist observed_on parsed as calendar day,eligible,species-level iNaturalist query; no higher-rank query flag in source screening,True
Sorbus tianschanica,Sorbus_tianschanica.json,304540214,https://www.inaturalist.org/observations/304540214,Sorbus tianschanica,443860,2025-07-27,2025/07/27 11:36,43.0624002778,76.90977275,,open,,research,cc-by-nc,"Карасайский район, Казахстан",svetlanakushkova,inside,inside,2025-07-27,day,iNaturalist observed_on parsed as calendar day,eligible,species-level iNaturalist query; no higher-rank query flag in source screening,True
Sorbus tianschanica,Sorbus_tianschanica.json,304236351,https://www.inaturalist.org/observations/304236351,Sorbus tianschanica,443860,2025-08-04,2025-08-04 10:27:33,43.08659856,76.90645403,,open,3.0,research,cc-by,"3WP4+RHP Alma-Arasan Sanatoriy, Alma-Arasan, Kazakhstan",max_carabus,inside,inside,2025-08-04,day,iNaturalist observed_on parsed as calendar day,eligible,species-level iNaturalist query; no higher-rank query flag in source screening,True
Sorbus tianschanica,Sorbus_tianschanica.json,306215564,https://www.inaturalist.org/observations/306215564,Sorbus tianschanica,443860,2025-08-12,2025/08/12 10:20,43.1486793997,77.0675442997,,open,,research,cc-by-nc,"Талгарский район, Казахстан",svetlanakushkova,inside,inside,2025-08-12,day,iNaturalist observed_on parsed as calendar day,eligible,species-level iNaturalist query; no higher-rank query flag in source screening,True
Sorbus tianschanica,Sorbus_tianschanica.json,307683072,https://www.inaturalist.org/observations/307683072,Sorbus tianschanica,443860,2025-08-12,2025/08/12 13:53,43.1530422,77.0760461997,,open,,research,cc-by-nc,"Талгарский район, Казахстан",svetlanakushkova,inside,inside,2025-08-12,day,iNaturalist observed_on parsed as calendar day,eligible,species-level iNaturalist query; no higher-rank query flag in source screening,True
Sorbus tianschanica,Sorbus_tianschanica.json,307911827,https://www.inaturalist.org/observations/307911827,Sorbus tianschanica,443860,2025-08-12,2025/08/12 14:49,43.1516116,77.0783842997,,open,,research,cc-by-nc,"Талгарский район, Казахстан",svetlanakushkova,inside,inside,2025-08-12,day,iNaturalist observed_on parsed as calendar day,eligible,species-level iNaturalist query; no higher-rank query flag in source screening,True
Sorbus tianschanica,Sorbus_tianschanica.json,306966408,https://www.inaturalist.org/observations/306966408,Sorbus tianschanica,443860,2025-08-16,2025-08-16 10:23:02+05:00,43.0869333333,76.9462583333,,open,22.0,research,,"Треккинг на водопады в Аюсай, Алмаатинская область, KZ",maria65648,inside,inside,2025-08-16,day,iNaturalist observed_on parsed as calendar day,eligible,species-level iNaturalist query; no higher-rank query flag in source screening,True
Sorbus tianschanica,Sorbus_tianschanica.json,306753613,https://www.inaturalist.org/observations/306753613,Sorbus tianschanica,443860,2025-08-16,2025-08-16 15:06:18,43.1325502815,77.0776353031,,open,118.0,research,cc-by-nc,"Медеуский район, Алматы, Казахстан",svetlanasp,inside,inside,2025-08-16,day,iNaturalist observed_on parsed as calendar day,eligible,species-level iNaturalist query; no higher-rank query flag in source screening,True
Sorbus tianschanica,Sorbus_tianschanica.json,318162118,https://www.inaturalist.org/observations/318162118,Sorbus tianschanica,443860,2025-08-26,2025/08/26 11:19,43.1827340997,77.0885181,,open,,research,cc-by-nc,"Медеуский район, Алматы, Казахстан",svetlanakushkova,inside,inside,2025-08-26,day,iNaturalist observed_on parsed as calendar day,eligible,species-level iNaturalist query; no higher-rank query flag in source screening,True
Sorbus tianschanica,Sorbus_tianschanica.json,310395508,https://www.inaturalist.org/observations/310395508,Sorbus tianschanica,443860,2025-08-28,2025-08-28 11:30:09,43.1264920905,77.0802257303,,open,13.0,research,cc-by-nc,"Medeu District, Almaty, Kasachstan",victor359,inside,inside,2025-08-28,day,iNaturalist observed_on parsed as calendar day,eligible,species-level iNaturalist query; no higher-rank query flag in source screening,True
Sorbus tianschanica,Sorbus_tianschanica.json,321094253,https://www.inaturalist.org/observations/321094253,Sorbus tianschanica,443860,2025-08-28,2025/08/28 16:22,43.1624290278,77.092302,,open,,research,cc-by-nc,"Медеуский район, Алматы, Казахстан",svetlanakushkova,inside,inside,2025-08-28,day,iNaturalist observed_on parsed as calendar day,eligible,species-level iNaturalist query; no higher-rank query flag in source screening,True
Sorbus tianschanica,Sorbus_tianschanica.json,310475970,https://www.inaturalist.org/observations/310475970,Sorbus tianschanica,443860,2025-08-31,2025-08-31 12:49:14,43.1067215017,77.0748095959,,open,46.0,research,cc-by-nc,"436G+74G, Алматы, Казахстан",svetlanasp,inside,inside,2025-08-31,day,iNaturalist observed_on parsed as calendar day,eligible,species-level iNaturalist query; no higher-rank query flag in source screening,True
Sorbus tianschanica,Sorbus_tianschanica.json,310456618,https://www.inaturalist.org/observations/310456618,Sorbus tianschanica,443860,2025-08-31,2025-08-31 14:44:48,43.1080664997,77.0743398,,open,,research,cc-by-nc,"Talgarskiy, KZ-AA, KZ",svetlanasp,inside,inside,2025-08-31,day,iNaturalist observed_on parsed as calendar day,eligible,species-level iNaturalist query; no higher-rank query flag in source screening,True
Sorbus tianschanica,Sorbus_tianschanica.json,310532590,https://www.inaturalist.org/observations/310532590,Sorbus tianschanica,443860,2025-08-31,2025-08-31 18:26:44+05:00,43.0530583333,76.9274966667,,open,3382.0,research,cc-by-nc,"Almaty, KZ",kaliyma,inside,inside,2025-08-31,day,iNaturalist observed_on parsed as calendar day,eligible,species-level iNaturalist query; no higher-rank query flag in source screening,True
Sorbus tianschanica,Sorbus_tianschanica.json,313371490,https://www.inaturalist.org/observations/313371490,Sorbus tianschanica,443860,2025-09-08,2025-09-08 12:09:04,43.0721285182,76.9883310225,,open,92.0,research,,"P-22, Almaty, KZ",seufs,inside,inside,2025-09-08,day,iNaturalist observed_on parsed as calendar day,eligible,species-level iNaturalist query; no higher-rank query flag in source screening,True
Sorbus tianschanica,Sorbus_tianschanica.json,314737144,https://www.inaturalist.org/observations/314737144,Sorbus tianschanica,443860,2025-09-13,2025/09/13 14:16,43.0594730997,76.9847338,,open,,research,cc-by-nc,"Бостандыкский район, Алматы, Казахстан",gennadiy_dyakin,inside,inside,2025-09-13,day,iNaturalist observed_on parsed as calendar day,eligible,species-level iNaturalist query; no higher-rank query flag in source screening,True
Sorbus tianschanica,Sorbus_tianschanica.json,315773976,https://www.inaturalist.org/observations/315773976,Sorbus tianschanica,443860,2025-09-17,2025/09/17,42.9945636278,78.4602134728,,open,1064.0,research,cc-by-nc,"Kegen District, 카자흐스탄",onidiras,inside,inside,2025-09-17,day,iNaturalist observed_on parsed as calendar day,eligible,species-level iNaturalist query; no higher-rank query flag in source screening,True
Sorbus tianschanica,Sorbus_tianschanica.json,323778571,https://www.inaturalist.org/observations/323778571,Sorbus tianschanica,443860,2025-09-27,2025/09/27 12:24,43.1248277389,77.0812344194,,open,,research,cc-by-nc,"Медеуский район, Алматы, Казахстан",svetlanakushkova,inside,inside,2025-09-27,day,iNaturalist observed_on parsed as calendar day,eligible,species-level iNaturalist query; no higher-rank query flag in source screening,True
Sorbus tianschanica,Sorbus_tianschanica.json,317629648,https://www.inaturalist.org/observations/317629648,Sorbus tianschanica,443860,2025-09-27,2025/09/27 17:02,43.127087,76.968008,,open,,research,cc-by-nc,"Медеуский район, Алматы, Казахстан",atamat,inside,inside,2025-09-27,day,iNaturalist observed_on parsed as calendar day,eligible,species-level iNaturalist query; no higher-rank query flag in source screening,True
Sorbus tianschanica,Sorbus_tianschanica.json,318056691,https://www.inaturalist.org/observations/318056691,Sorbus tianschanica,443860,2025-09-27,2025/09/27 17:20,43.1283099722,76.96389,,open,,research,cc-by-nc,"Медеуский район, Алматы, Казахстан",atamat,inside,inside,2025-09-27,day,iNaturalist observed_on parsed as calendar day,eligible,species-level iNaturalist query; no higher-rank query flag in source screening,True
Sorbus tianschanica,Sorbus_tianschanica.json,319092675,https://www.inaturalist.org/observations/319092675,Sorbus tianschanica,443860,2025-09-28,2025/09/28 12:32,43.190845,77.1204633333,,open,,research,cc-by,"Медеуский район, Алматы, Казахстан",elanaky,inside,inside,2025-09-28,day,iNaturalist observed_on parsed as calendar day,eligible,species-level iNaturalist query; no higher-rank query flag in source screening,True
Sorbus tianschanica,Sorbus_tianschanica.json,319092678,https://www.inaturalist.org/observations/319092678,Sorbus tianschanica,443860,2025-09-28,2025/09/28 12:57,43.18651,77.1184916667,,open,,research,cc-by,"Медеуский район, Алматы, Казахстан",elanaky,inside,inside,2025-09-28,day,iNaturalist observed_on parsed as calendar day,eligible,species-level iNaturalist query; no higher-rank query flag in source screening,True
Sorbus tianschanica,Sorbus_tianschanica.json,318143084,https://www.inaturalist.org/observations/318143084,Sorbus tianschanica,443860,2025-09-28,2025/09/28 15:56,43.184535,77.11712,,open,,research,cc-by,"Медеуский район, Алматы, Казахстан",elanaky,inside,inside,2025-09-28,day,iNaturalist observed_on parsed as calendar day,eligible,species-level iNaturalist query; no higher-rank query flag in source screening,True
Sorbus tianschanica,Sorbus_tianschanica.json,337799711,https://www.inaturalist.org/observations/337799711,Sorbus tianschanica,443860,2026-01-18,2026/01/18 11:02 AM,43.0717166667,76.9864583333,,open,4.0,research,cc-by-nc,"Bostandyk District, Almaty, Kazakhstan",woistsymbat,inside,inside,2026-01-18,day,iNaturalist observed_on parsed as calendar day,eligible,species-level iNaturalist query; no higher-rank query flag in source screening,True
Sorbus tianschanica,Sorbus_tianschanica.json,346002618,https://www.inaturalist.org/observations/346002618,Sorbus tianschanica,443860,2026-02-22,2026/02/22 15:02,43.122019,77.079931,,open,,research,cc-by-nc,"Медеуский район, Алматы, Казахстан",atamat,inside,inside,2026-02-22,day,iNaturalist observed_on parsed as calendar day,eligible,species-level iNaturalist query; no higher-rank query flag in source screening,True
Sorbus tianschanica,Sorbus_tianschanica.json,346002623,https://www.inaturalist.org/observations/346002623,Sorbus tianschanica,443860,2026-02-22,2026/02/22 15:38,43.132789,77.077325,,open,,research,cc-by-nc,"Медеуский район, Алматы, Казахстан",atamat,inside,inside,2026-02-22,day,iNaturalist observed_on parsed as calendar day,eligible,species-level iNaturalist query; no higher-rank query flag in source screening,True
Sorbus tianschanica,Sorbus_tianschanica.json,357317158,https://www.inaturalist.org/observations/357317158,Sorbus tianschanica,443860,2026-04-24,2026/04/24 17:40,43.105399,76.920196,,open,,research,cc-by-nc,"Бостандыкский район, Алматы, Казахстан",atamat,inside,inside,2026-04-24,day,iNaturalist observed_on parsed as calendar day,eligible,species-level iNaturalist query; no higher-rank query flag in source screening,True
Sorbus tianschanica,Sorbus_tianschanica.json,359032274,https://www.inaturalist.org/observations/359032274,Sorbus tianschanica,443860,2026-04-25,2026/04/25 15:38,43.085838,76.9061419722,,open,,research,cc-by-nc,"Бостандыкский район, Алматы, Казахстан",atamat,inside,inside,2026-04-25,day,iNaturalist observed_on parsed as calendar day,eligible,species-level iNaturalist query; no higher-rank query flag in source screening,True
Sorbus tianschanica,Sorbus_tianschanica.json,359032326,https://www.inaturalist.org/observations/359032326,Sorbus tianschanica,443860,2026-04-25,2026/04/25 15:41,43.085838,76.906142,,open,,research,cc-by-nc,"Бостандыкский район, Алматы, Казахстан",atamat,inside,inside,2026-04-25,day,iNaturalist observed_on parsed as calendar day,eligible,species-level iNaturalist query; no higher-rank query flag in source screening,True
Sorbus tianschanica,Sorbus_tianschanica.json,359306801,https://www.inaturalist.org/observations/359306801,Sorbus tianschanica,443860,2026-04-25,2026/04/25 17:25,43.085463,76.90607,,open,,research,cc-by-nc,"Бостандыкский район, Алматы, Казахстан",atamat,inside,inside,2026-04-25,day,iNaturalist observed_on parsed as calendar day,eligible,species-level iNaturalist query; no higher-rank query flag in source screening,True
Sorbus tianschanica,Sorbus_tianschanica.json,357115484,https://www.inaturalist.org/observations/357115484,Sorbus tianschanica,443860,2026-04-26,2026/04/26 07:17,43.0966466667,76.9538983333,,open,,research,cc-by,"Бостандыкский район, Алматы, Казахстан",elanaky,inside,inside,2026-04-26,day,iNaturalist observed_on parsed as calendar day,eligible,species-level iNaturalist query; no higher-rank query flag in source screening,True
Sorbus tianschanica,Sorbus_tianschanica.json,357115533,https://www.inaturalist.org/observations/357115533,Sorbus tianschanica,443860,2026-04-26,2026/04/26 08:12,43.1027916667,76.9504383333,,open,,research,cc-by,"Медеуский район, Алматы, Казахстан",elanaky,inside,inside,2026-04-26,day,iNaturalist observed_on parsed as calendar day,eligible,species-level iNaturalist query; no higher-rank query flag in source screening,True
Sorbus tianschanica,Sorbus_tianschanica.json,359605324,https://www.inaturalist.org/observations/359605324,Sorbus tianschanica,443860,2026-04-26,2026/04/26 18:22,43.161703,76.9911639722,,open,,research,cc-by-nc,"Медеуский район, Алматы, Казахстан",atamat,inside,inside,2026-04-26,day,iNaturalist observed_on parsed as calendar day,eligible,species-level iNaturalist query; no higher-rank query flag in source screening,True
Sorbus tianschanica,Sorbus_tianschanica.json,359605356,https://www.inaturalist.org/observations/359605356,Sorbus tianschanica,443860,2026-04-26,2026/04/26 18:27,43.160462,76.991686,,open,,research,cc-by-nc,"Медеуский район, Алматы, Казахстан",atamat,inside,inside,2026-04-26,day,iNaturalist observed_on parsed as calendar day,eligible,species-level iNaturalist query; no higher-rank query flag in source screening,True
Sorbus tianschanica,Sorbus_tianschanica.json,359605518,https://www.inaturalist.org/observations/359605518,Sorbus tianschanica,443860,2026-04-26,2026/04/26 18:46,43.1594579722,76.991618,,open,,research,cc-by-nc,"Talgarskiy, Almaty, Kazakhstan",atamat,inside,inside,2026-04-26,day,iNaturalist observed_on parsed as calendar day,eligible,species-level iNaturalist query; no higher-rank query flag in source screening,True
Sorbus tianschanica,Sorbus_tianschanica.json,360135740,https://www.inaturalist.org/observations/360135740,Sorbus tianschanica,443860,2026-05-06,2026-05-06 12:19:51+05:00,43.0842888333,76.9730133333,,open,18.0,research,cc-by-nc,"KZ05-11, Almaty, KZ",kastani,inside,inside,2026-05-06,day,iNaturalist observed_on parsed as calendar day,eligible,species-level iNaturalist query; no higher-rank query flag in source screening,True
Sorbus tianschanica,Sorbus_tianschanica.json,360172574,https://www.inaturalist.org/observations/360172574,Sorbus tianschanica,443860,2026-05-06,2026-05-06 12:55:40+05:00,43.0819195,76.9792466667,,open,8.0,research,cc-by-nc,"KZ05-11, Almaty, KZ",kastani,inside,inside,2026-05-06,day,iNaturalist observed_on parsed as calendar day,eligible,species-level iNaturalist query; no higher-rank query flag in source screening,True
Sorbus tianschanica,Sorbus_tianschanica.json,360173426,https://www.inaturalist.org/observations/360173426,Sorbus tianschanica,443860,2026-05-06,2026-05-06 13:02:27+05:00,43.0797055,76.9808966667,,open,27.0,research,cc-by-nc,"KZ05-11, Almaty, KZ",kastani,inside,inside,2026-05-06,day,iNaturalist observed_on parsed as calendar day,eligible,species-level iNaturalist query; no higher-rank query flag in source screening,True
Sorbus tianschanica,Sorbus_tianschanica.json,360207593,https://www.inaturalist.org/observations/360207593,Sorbus tianschanica,443860,2026-05-06,2026-05-06 14:16:57+05:00,43.0789083333,76.988105,,open,10.0,research,cc-by-nc,"KZ05-11, Almaty, KZ",kastani,inside,inside,2026-05-06,day,iNaturalist observed_on parsed as calendar day,eligible,species-level iNaturalist query; no higher-rank query flag in source screening,True
Sorbus tianschanica,Sorbus_tianschanica.json,358865473,https://www.inaturalist.org/observations/358865473,Sorbus tianschanica,443860,2026-05-06,2026-05-06 14:34:14,43.0730378819,76.9849424603,,open,3.0,research,cc-by-nc,"KZ05-11, Almaty, KZ",mikki_markart,inside,inside,2026-05-06,day,iNaturalist observed_on parsed as calendar day,eligible,species-level iNaturalist query; no higher-rank query flag in source screening,True
Sorbus tianschanica,Sorbus_tianschanica.json,360260653,https://www.inaturalist.org/observations/360260653,Sorbus tianschanica,443860,2026-05-06,2026-05-06 15:56:11+05:00,43.0740055,76.9879616667,,open,67.0,research,cc-by-nc,"KZ05-11, Almaty, KZ",kastani,inside,inside,2026-05-06,day,iNaturalist observed_on parsed as calendar day,eligible,species-level iNaturalist query; no higher-rank query flag in source screening,True
Sorbus tianschanica,Sorbus_tianschanica.json,360264427,https://www.inaturalist.org/observations/360264427,Sorbus tianschanica,443860,2026-05-06,2026-05-06 16:01:22+05:00,43.0732,76.9868083333,,open,4.0,research,cc-by-nc,"KZ05-11, Almaty, KZ",kastani,inside,inside,2026-05-06,day,iNaturalist observed_on parsed as calendar day,eligible,species-level iNaturalist query; no higher-rank query flag in source screening,True
Sorbus tianschanica,Sorbus_tianschanica.json,360282671,https://www.inaturalist.org/observations/360282671,Sorbus tianschanica,443860,2026-05-06,2026-05-06 16:38:02+05:00,43.0650471667,76.9885633333,,open,4.0,research,cc-by-nc,"KZ05-11, Almaty, KZ",kastani,inside,inside,2026-05-06,day,iNaturalist observed_on parsed as calendar day,eligible,species-level iNaturalist query; no higher-rank query flag in source screening,True
Sorbus tianschanica,Sorbus_tianschanica.json,360321067,https://www.inaturalist.org/observations/360321067,Sorbus tianschanica,443860,2026-05-06,2026-05-06 17:40:24+05:00,43.0602221667,76.983575,,open,23.0,research,cc-by-nc,"КВ66, Almaty, KZ",kastani,inside,inside,2026-05-06,day,iNaturalist observed_on parsed as calendar day,eligible,species-level iNaturalist query; no higher-rank query flag in source screening,True
Sorbus tianschanica,Sorbus_tianschanica.json,360321408,https://www.inaturalist.org/observations/360321408,Sorbus tianschanica,443860,2026-05-06,2026-05-06 17:41:24+05:00,43.0599111667,76.982955,,open,5.0,research,cc-by-nc,"КВ66, Almaty, KZ",kastani,inside,inside,2026-05-06,day,iNaturalist observed_on parsed as calendar day,eligible,species-level iNaturalist query; no higher-rank query flag in source screening,True
Sorbus tianschanica,Sorbus_tianschanica.json,360550906,https://www.inaturalist.org/observations/360550906,Sorbus tianschanica,443860,2026-05-07,2026-05-07 14:27:06+05:00,43.0559666667,76.9729466667,,open,5.0,research,cc-by-nc,"Karasayskiy, KZ-AA, KZ",kastani,inside,inside,2026-05-07,day,iNaturalist observed_on parsed as calendar day,eligible,species-level iNaturalist query; no higher-rank query flag in source screening,True
Sorbus tianschanica,Sorbus_tianschanica.json,360556393,https://www.inaturalist.org/observations/360556393,Sorbus tianschanica,443860,2026-05-07,2026-05-07 15:46:16+05:00,43.0526971667,76.9653033333,,open,189.0,research,cc-by-nc,"Almaty, KZ",kastani,inside,inside,2026-05-07,day,iNaturalist observed_on parsed as calendar day,eligible,species-level iNaturalist query; no higher-rank query flag in source screening,True
Sorbus tianschanica,Sorbus_tianschanica.json,360556944,https://www.inaturalist.org/observations/360556944,Sorbus tianschanica,443860,2026-05-07,2026-05-07 15:55:04+05:00,43.0516666667,76.964645,,open,303.0,research,cc-by-nc,"Almaty, KZ",kastani,inside,inside,2026-05-07,day,iNaturalist observed_on parsed as calendar day,eligible,species-level iNaturalist query; no higher-rank query flag in source screening,True
Sorbus tianschanica,Sorbus_tianschanica.json,360607841,https://www.inaturalist.org/observations/360607841,Sorbus tianschanica,443860,2026-05-07,2026-05-07 16:19:59+05:00,43.0541916667,76.9646216667,,open,4.0,research,cc-by-nc,"Almaty, KZ",kastani,inside,inside,2026-05-07,day,iNaturalist observed_on parsed as calendar day,eligible,species-level iNaturalist query; no higher-rank query flag in source screening,True
Sorbus tianschanica,Sorbus_tianschanica.json,360636162,https://www.inaturalist.org/observations/360636162,Sorbus tianschanica,443860,2026-05-07,2026-05-07 17:18:03+05:00,43.0551945,76.9675533333,,open,51.0,research,cc-by-nc,"КВ66, Almaty, KZ",kastani,inside,inside,2026-05-07,day,iNaturalist observed_on parsed as calendar day,eligible,species-level iNaturalist query; no higher-rank query flag in source screening,True
Sorbus tianschanica,Sorbus_tianschanica.json,360651379,https://www.inaturalist.org/observations/360651379,Sorbus tianschanica,443860,2026-05-07,2026-05-07 17:55:24+05:00,43.0550805,76.9715633333,,open,5.0,research,cc-by-nc,"КВ66, Almaty, KZ",kastani,inside,inside,2026-05-07,day,iNaturalist observed_on parsed as calendar day,eligible,species-level iNaturalist query; no higher-rank query flag in source screening,True
Sorbus tianschanica,Sorbus_tianschanica.json,361101831,https://www.inaturalist.org/observations/361101831,Sorbus tianschanica,443860,2026-05-13,2026-05-13 13:32:14,43.1246836935,77.0813079178,,open,9.0,research,cc-by-nc,"Медеуский район, Алматы, Казахстан",natalie_berdsk,inside,inside,2026-05-13,day,iNaturalist observed_on parsed as calendar day,eligible,species-level iNaturalist query; no higher-rank query flag in source screening,True
Sorbus tianschanica,Sorbus_tianschanica.json,363257977,https://www.inaturalist.org/observations/363257977,Sorbus tianschanica,443860,2026-05-20,2026-05-20 06:02:41+05:00,43.0577138333,76.9749616667,,open,4.0,research,cc-by-nc,"Almaty, KZ",kaliyma,inside,inside,2026-05-20,day,iNaturalist observed_on parsed as calendar day,eligible,species-level iNaturalist query; no higher-rank query flag in source screening,True
Sorbus tianschanica,Sorbus_tianschanica.json,366702393,https://www.inaturalist.org/observations/366702393,Sorbus tianschanica,443860,2026-05-23,2026-05-23 14:39:02,43.1238568221,76.8272051588,,open,661.0,research,cc-by-nc,"Karasay District, Kazakhstan",trent_wildlife,inside,inside,2026-05-23,day,iNaturalist observed_on parsed as calendar day,eligible,species-level iNaturalist query; no higher-rank query flag in source screening,True
Sorbus tianschanica,Sorbus_tianschanica.json,364695470,https://www.inaturalist.org/observations/364695470,Sorbus tianschanica,443860,2026-05-24,2026-05-24 14:56:12,43.1535071997,77.0176194997,,open,,research,cc-by-nc,"Медеуский район, Алматы, Казахстан",nkanunnikov,inside,inside,2026-05-24,day,iNaturalist observed_on parsed as calendar day,eligible,species-level iNaturalist query; no higher-rank query flag in source screening,True
Sorbus tianschanica,Sorbus_tianschanica.json,374199104,https://www.inaturalist.org/observations/374199104,Sorbus tianschanica,443860,2026-05-30,2026-05-30 13:56:52,43.15553573,77.02403292,,open,8.0,research,,Казахстан,rightarch,inside,inside,2026-05-30,day,iNaturalist observed_on parsed as calendar day,eligible,species-level iNaturalist query; no higher-rank query flag in source screening,True
Sorbus tianschanica,Sorbus_tianschanica.json,371172662,https://www.inaturalist.org/observations/371172662,Sorbus tianschanica,443860,2026-06-09,2026-06-09 11:52:31,43.0773370435,76.9889245927,,open,217.0,research,cc-by-nc,"3XGQ+QH, Almaty, Kazakhstan",trent_wildlife,inside,inside,2026-06-09,day,iNaturalist observed_on parsed as calendar day,eligible,species-level iNaturalist query; no higher-rank query flag in source screening,True
Sorbus tianschanica,Sorbus_tianschanica.json,372010285,https://www.inaturalist.org/observations/372010285,Sorbus tianschanica,443860,2026-06-15,2026-06-15 11:34:44,43.142575,77.0648638333,,open,16.0,research,cc-by-nc,"Jumbaqjol, Almaty, KZ",sarina76545,inside,inside,2026-06-15,day,iNaturalist observed_on parsed as calendar day,eligible,species-level iNaturalist query; no higher-rank query flag in source screening,True
Sorbus tianschanica,Sorbus_tianschanica.json,392004578,https://www.inaturalist.org/observations/392004578,Sorbus tianschanica,443860,2026-06-28,2026/06/28 12:52,43.1516732842,76.9933950139,,open,122.0,research,cc-by,"Медеуский район, Алматы, Казахстан",elanaky,inside,inside,2026-06-28,day,iNaturalist observed_on parsed as calendar day,eligible,species-level iNaturalist query; no higher-rank query flag in source screening,True
Sorbus tianschanica,Sorbus_tianschanica.json,389600978,https://www.inaturalist.org/observations/389600978,Sorbus tianschanica,443860,2026-08-08,2026-08-08 14:32:27+05:00,43.0555888333,76.9735283333,,open,2.0,research,cc-by-nc,"КВ66, Алмаатинская область, KZ",vyacheslavluzanov,inside,inside,2026-08-08,day,iNaturalist observed_on parsed as calendar day,eligible,species-level iNaturalist query; no higher-rank query flag in source screening,True
Sorbus tianschanica,Sorbus_tianschanica.json,390903950,https://www.inaturalist.org/observations/390903950,Sorbus tianschanica,443860,2026-08-13,2026-08-13 16:42:30,42.9890916667,78.3247833333,,open,,research,cc-by-nc,"Kegen District, Kazakhstan",wildgifts,inside,inside,2026-08-13,day,iNaturalist observed_on parsed as calendar day,eligible,species-level iNaturalist query; no higher-rank query flag in source screening,True
Sorbus tianschanica,Sorbus_tianschanica.json,391399072,https://www.inaturalist.org/observations/391399072,Sorbus tianschanica,443860,2026-08-15,2026-08-15 11:30:51,43.0854361111,76.9061972222,,open,,research,cc-by-nc,"Alma-Arasan, Almaty, Kazakhstan",wildgifts,inside,inside,2026-08-15,day,iNaturalist observed_on parsed as calendar day,eligible,species-level iNaturalist query; no higher-rank query flag in source screening,True
Sorbus tianschanica,Sorbus_tianschanica.json,394057632,https://www.inaturalist.org/observations/394057632,Sorbus tianschanica,443860,2026-08-15,2026-08-15 14:49:39,43.1587533333,78.0848966667,,open,,research,cc-by-nc,"Kegen District, Казахстан",adilmurat,inside,inside,2026-08-15,day,iNaturalist observed_on parsed as calendar day,eligible,species-level iNaturalist query; no higher-rank query flag in source screening,True
Sorbus tianschanica,Sorbus_tianschanica.json,391774331,https://www.inaturalist.org/observations/391774331,Sorbus tianschanica,443860,2026-08-16,2026-08-16 13:35:17,43.1030633333,78.0992683333,,open,,research,cc-by-nc,"Талгарский район, Казахстан",adilmurat,inside,inside,2026-08-16,day,iNaturalist observed_on parsed as calendar day,eligible,species-level iNaturalist query; no higher-rank query flag in source screening,True
Thermopsis turkestanica,Thermopsis_turkestanica.json,170474976,https://www.inaturalist.org/observations/170474976,Thermopsis turkestanica,980456,2023-06-21,2023/06/21 12:45,43.097286,79.208849,,,,needs_id,cc-by-nc,"Райымбекский район, Казахстан",atamat,inside,inside,2023-06-21,day,iNaturalist observed_on parsed as calendar day,eligible,species-level iNaturalist query; no higher-rank query flag in source screening,True
Thermopsis turkestanica,Thermopsis_turkestanica.json,302523263,https://www.inaturalist.org/observations/302523263,Thermopsis turkestanica,980456,2025-07-28,2025-07-28 08:27:47+05:00,43.0289166667,79.983475,,,5.0,research,cc-by-nc,"Almaty, KZ",spyingnaturalist,inside,inside,2025-07-28,day,iNaturalist observed_on parsed as calendar day,eligible,species-level iNaturalist query; no higher-rank query flag in source screening,True
Thymus marschallianus,Thymus_marschallianus.json,66729185,https://www.inaturalist.org/observations/66729185,Thymus pannonicus,169751,2014-07-01,2014/07/01 9:25 AM SST,43.0200570527,75.9473950407,,,3500.0,research,cc-by-nc,"Kastek, Казахстан",aleksandr_naumenko,inside,inside,2014-07-01,day,iNaturalist observed_on parsed as calendar day,eligible,species-level iNaturalist query; no higher-rank query flag in source screening,True
Thymus marschallianus,Thymus_marschallianus.json,37980371,https://www.inaturalist.org/observations/37980371,Thymus pannonicus,169751,2014-07-01,2014/07/01 9:24 AM +0600,43.0033492625,75.9058535676,,,4.0,research,cc-by-nc,"Жамбылский район, Казахстан",vladimir_epiktetov,inside,inside,2014-07-01,day,iNaturalist observed_on parsed as calendar day,eligible,species-level iNaturalist query; no higher-rank query flag in source screening,True
Thymus marschallianus,Thymus_marschallianus.json,88096807,https://www.inaturalist.org/observations/88096807,Thymus pannonicus,169751,2016-08-26,2016/08/26 2:22 PM MSK,44.74839,78.47082,,,100.0,research,cc-by-nc,"Коксуский район, Казахстан",finn_from_nn,inside,inside,2016-08-26,day,iNaturalist observed_on parsed as calendar day,eligible,species-level iNaturalist query; no higher-rank query flag in source screening,True
Thymus marschallianus,Thymus_marschallianus.json,150837778,https://www.inaturalist.org/observations/150837778,Thymus pannonicus,169751,2021-07-06,2021/07/06 16:20,43.042766,78.570391,,,,research,cc-by-nc,"Райымбекский район, Казахстан",atamat,inside,inside,2021-07-06,day,iNaturalist observed_on parsed as calendar day,eligible,species-level iNaturalist query; no higher-rank query flag in source screening,True
Thymus marschallianus,Thymus_marschallianus.json,150682967,https://www.inaturalist.org/observations/150682967,Thymus pannonicus,169751,2022-06-17,2022/06/17 11:20,42.992462,78.324948,,,,research,cc-by-nc,"Райымбекский район, Казахстан",atamat,inside,inside,2022-06-17,day,iNaturalist observed_on parsed as calendar day,eligible,species-level iNaturalist query; no higher-rank query flag in source screening,True
Thymus marschallianus,Thymus_marschallianus.json,151100698,https://www.inaturalist.org/observations/151100698,Thymus pannonicus,169751,2022-06-18,2022/06/18 13:57,43.0183017104,78.8373609728,,,4.0,research,cc-by-nc,"Райымбекский район, Казахстан",svetlanakushkova,inside,inside,2022-06-18,day,iNaturalist observed_on parsed as calendar day,eligible,species-level iNaturalist query; no higher-rank query flag in source screening,True
Thymus marschallianus,Thymus_marschallianus.json,153663337,https://www.inaturalist.org/observations/153663337,Thymus pannonicus,169751,2022-06-24,2022/06/24 11:41,43.0421649722,78.5706859722,,,,research,cc-by-nc,"Райымбекский район, Казахстан",atamat,inside,inside,2022-06-24,day,iNaturalist observed_on parsed as calendar day,eligible,species-level iNaturalist query; no higher-rank query flag in source screening,True
Thymus marschallianus,Thymus_marschallianus.json,162454648,https://www.inaturalist.org/observations/162454648,Thymus pannonicus,169751,2022-06-24,2022/06/24 11:41,43.042165,78.570686,,,,research,cc-by-nc,"Райымбекский район, Казахстан",atamat,inside,inside,2022-06-24,day,iNaturalist observed_on parsed as calendar day,eligible,species-level iNaturalist query; no higher-rank query flag in source screening,True
Thymus marschallianus,Thymus_marschallianus.json,166781257,https://www.inaturalist.org/observations/166781257,Thymus pannonicus,169751,2023-06-11,2023-06-11 16:24:16,43.1785166667,76.8915583333,,,,research,cc-by,"Almaty (Alma-Ata), KZ-AA, KZ",naturalist16000,inside,inside,2023-06-11,day,iNaturalist observed_on parsed as calendar day,eligible,species-level iNaturalist query; no higher-rank query flag in source screening,True
Thymus marschallianus,Thymus_marschallianus.json,167045544,https://www.inaturalist.org/observations/167045544,Thymus pannonicus,169751,2023-06-12,2023-06-12 18:34:52,43.3554577722,77.6280944139,,,,needs_id,cc-by-nc,"Enbekshikazakh District, Kazachstan",andrzej_oleksa,inside,inside,2023-06-12,day,iNaturalist observed_on parsed as calendar day,eligible,species-level iNaturalist query; no higher-rank query flag in source screening,True
Thymus marschallianus,Thymus_marschallianus.json,167762570,https://www.inaturalist.org/observations/167762570,Thymus pannonicus,169751,2023-06-15,2023/06/15 14:24,43.424329,77.390202,,,,needs_id,cc-by-nc,"Парушино, Казахстан",atamat,inside,inside,2023-06-15,day,iNaturalist observed_on parsed as calendar day,eligible,species-level iNaturalist query; no higher-rank query flag in source screening,True
Thymus marschallianus,Thymus_marschallianus.json,175349333,https://www.inaturalist.org/observations/175349333,Thymus pannonicus,169751,2023-06-21,2023/06/21 9:21 AM,43.1010336381,79.4093868719,,,259.0,research,cc-by-nc,"Kegen District, Kazakhstan",tegipo,inside,inside,2023-06-21,day,iNaturalist observed_on parsed as calendar day,eligible,species-level iNaturalist query; no higher-rank query flag in source screening,True
Thymus marschallianus,Thymus_marschallianus.json,169955223,https://www.inaturalist.org/observations/169955223,Thymus pannonicus,169751,2023-06-28,2023-06-28 11:08:08,43.3374694444,77.6146055556,,,,research,cc-by,"Ele Alatau, KZ-AA-EN, KZ-AA, KZ",naturalist16000,inside,inside,2023-06-28,day,iNaturalist observed_on parsed as calendar day,eligible,species-level iNaturalist query; no higher-rank query flag in source screening,True
Thymus marschallianus,Thymus_marschallianus.json,197404599,https://www.inaturalist.org/observations/197404599,Thymus pannonicus,169751,2023-07-07,2023/07/07 18:04,43.076605,78.635286,,,,needs_id,cc-by-nc,"Kegen District, Казахстан",atamat,inside,inside,2023-07-07,day,iNaturalist observed_on parsed as calendar day,eligible,species-level iNaturalist query; no higher-rank query flag in source screening,True
Thymus marschallianus,Thymus_marschallianus.json,185748929,https://www.inaturalist.org/observations/185748929,Thymus pannonicus,169751,2023-09-29,2023-09-29 14:13:00,43.0468831,78.8254775,,,,needs_id,cc-by-nc,"Kegen District, Kazakhstan",anton_abushin,inside,inside,2023-09-29,day,iNaturalist observed_on parsed as calendar day,eligible,species-level iNaturalist query; no higher-rank query flag in source screening,True
Thymus marschallianus,Thymus_marschallianus.json,230867056,https://www.inaturalist.org/observations/230867056,Thymus pannonicus,169751,2024-07-17,2024/07/17 15:00,43.217308,76.916548,,,,needs_id,cc-by-nc,"Бостандыкский район, Алматы, Казахстан",atamat,inside,inside,2024-07-17,day,iNaturalist observed_on parsed as calendar day,eligible,species-level iNaturalist query; no higher-rank query flag in source screening,True
Thymus marschallianus,Thymus_marschallianus.json,239586815,https://www.inaturalist.org/observations/239586815,Thymus pannonicus,169751,2024-08-30,2024/08/30 15:43,43.116681,76.923135,,,,needs_id,cc-by-nc,"Бостандыкский район, Алматы, Казахстан",atamat,inside,inside,2024-08-30,day,iNaturalist observed_on parsed as calendar day,eligible,species-level iNaturalist query; no higher-rank query flag in source screening,True
Thymus marschallianus,Thymus_marschallianus.json,273510226,https://www.inaturalist.org/observations/273510226,Thymus pannonicus,169751,2025-04-25,2025/04/25 11:54,43.1274865997,76.9119699997,,,,needs_id,cc-by,"Бостандыкский район, Алматы, Казахстан",alexanderdubynin,inside,inside,2025-04-25,day,iNaturalist observed_on parsed as calendar day,eligible,species-level iNaturalist query; no higher-rank query flag in source screening,True
Thymus marschallianus,Thymus_marschallianus.json,282818259,https://www.inaturalist.org/observations/282818259,Thymus pannonicus,169751,2025-05-21,2025-05-21 10:39:13,43.1745779722,76.8945499722,,,,needs_id,cc-by-nc,"5VFV+QF, Almaty, Kazakhstan",leilamidday,inside,inside,2025-05-21,day,iNaturalist observed_on parsed as calendar day,eligible,species-level iNaturalist query; no higher-rank query flag in source screening,True
Thymus marschallianus,Thymus_marschallianus.json,283682354,https://www.inaturalist.org/observations/283682354,Thymus pannonicus,169751,2025-05-24,2025-05-24 11:33:08,43.2890951997,77.2250875997,,,,needs_id,cc-by-nc,"76QF+QV, Талгар, Казахстан",svetlanasp,inside,inside,2025-05-24,day,iNaturalist observed_on parsed as calendar day,eligible,species-level iNaturalist query; no higher-rank query flag in source screening,True
Thymus marschallianus,Thymus_marschallianus.json,288970584,https://www.inaturalist.org/observations/288970584,Thymus pannonicus,169751,2025-06-12,2025-06-12 07:14:10,43.1845660997,77.0883185997,,,,research,cc-by-nc,"53MP+FH8, Алматы, Казахстан",nkanunnikov,inside,inside,2025-06-12,day,iNaturalist observed_on parsed as calendar day,eligible,species-level iNaturalist query; no higher-rank query flag in source screening,True
Thymus marschallianus,Thymus_marschallianus.json,315222810,https://www.inaturalist.org/observations/315222810,Thymus pannonicus,169751,2025-07-07,2025/07/07 12:06,42.9021329298,78.8741017949,,,977.0,needs_id,cc-by,"Kegen District, Казахстан",elanaky,inside,inside,2025-07-07,day,iNaturalist observed_on parsed as calendar day,eligible,species-level iNaturalist query; no higher-rank query flag in source screening,True
Thymus marschallianus,Thymus_marschallianus.json,315222815,https://www.inaturalist.org/observations/315222815,Thymus pannonicus,169751,2025-07-07,2025/07/07 12:11,42.9021329298,78.8741017949,,,977.0,needs_id,cc-by,"Kegen District, Казахстан",elanaky,inside,inside,2025-07-07,day,iNaturalist observed_on parsed as calendar day,eligible,species-level iNaturalist query; no higher-rank query flag in source screening,True
Thymus marschallianus,Thymus_marschallianus.json,299590984,https://www.inaturalist.org/observations/299590984,Thymus pannonicus,169751,2025-07-20,2025-07-20 19:22:16+05:00,43.3638916667,77.6042716667,,,2.0,research,cc-by-nc,"КВ64, Almaty, KZ",kastani,inside,inside,2025-07-20,day,iNaturalist observed_on parsed as calendar day,eligible,species-level iNaturalist query; no higher-rank query flag in source screening,True
Thymus marschallianus,Thymus_marschallianus.json,355062887,https://www.inaturalist.org/observations/355062887,Thymus pannonicus,169751,2026-04-26,2026/04/26 16:45,43.1450271389,76.4253921389,,,,needs_id,cc-by,"Жамбылский район, Казахстан",alexanderdubynin,inside,inside,2026-04-26,day,iNaturalist observed_on parsed as calendar day,eligible,species-level iNaturalist query; no higher-rank query flag in source screening,True
Thymus marschallianus,Thymus_marschallianus.json,363581376,https://www.inaturalist.org/observations/363581376,Thymus pannonicus,169751,2026-05-20,2026/05/20 09:38,43.5128229996,77.7335304082,,,98.0,research,cc-by-nc,"Енбекшиказахский район, Казахстан",artemisabsyntov,inside,inside,2026-05-20,day,iNaturalist observed_on parsed as calendar day,eligible,species-level iNaturalist query; no higher-rank query flag in source screening,True
Thymus marschallianus,Thymus_marschallianus.json,380985991,https://www.inaturalist.org/observations/380985991,Thymus pannonicus,169751,2026-07-11,2026/07/11 11:31,42.9411888056,79.2860870278,,,,research,cc-by,"Kegen District, Казахстан",alexanderdubynin,inside,inside,2026-07-11,day,iNaturalist observed_on parsed as calendar day,eligible,species-level iNaturalist query; no higher-rank query flag in source screening,True
Thymus marschallianus,Thymus_marschallianus.json,380986018,https://www.inaturalist.org/observations/380986018,Thymus pannonicus,169751,2026-07-11,2026/07/11 11:44,42.9399299444,79.2879333333,,,,research,cc-by,"Kegen District, Казахстан",alexanderdubynin,inside,inside,2026-07-11,day,iNaturalist observed_on parsed as calendar day,eligible,species-level iNaturalist query; no higher-rank query flag in source screening,True
Thymus marschallianus,Thymus_marschallianus.json,380998785,https://www.inaturalist.org/observations/380998785,Thymus pannonicus,169751,2026-07-11,2026/07/11 15:33,42.9341766,79.3149932997,,,,needs_id,cc-by,"Kegen District, Казахстан",alexanderdubynin,inside,inside,2026-07-11,day,iNaturalist observed_on parsed as calendar day,eligible,species-level iNaturalist query; no higher-rank query flag in source screening,True
Thymus marschallianus,Thymus_marschallianus.json,391071901,https://www.inaturalist.org/observations/391071901,Thymus pannonicus,169751,2026-08-13,2026-08-13 15:23:54,42.9944861111,78.3264777778,,,,research,cc-by-nc,"Kegen District, Kazakhstan",wildgifts,inside,inside,2026-08-13,day,iNaturalist observed_on parsed as calendar day,eligible,species-level iNaturalist query; no higher-rank query flag in source screening,True
Valeriana dubia,Valeriana_dubia.json,37452327,https://www.inaturalist.org/observations/37452327,Valeriana dubia,777930,2016-06-13,2016/06/13 3:25 PM SST,43.0563902652,76.9784341522,,,2.0,research,cc-by-nc,"Бостандыкский район, Алматы, Казахстан",vladimir_epiktetov,inside,inside,2016-06-13,day,iNaturalist observed_on parsed as calendar day,eligible,species-level iNaturalist query; no higher-rank query flag in source screening,True
Valeriana dubia,Valeriana_dubia.json,86836064,https://www.inaturalist.org/observations/86836064,Valeriana dubia,777930,2021-06-26,Sat Jun 26 2021 14:55:55 GMT+0600 (GMT+6),43.1332695,77.0597388333,,,10.0,needs_id,cc-by-nc,"Almaty, KZ",kastani,inside,inside,2021-06-26,day,iNaturalist observed_on parsed as calendar day,eligible,species-level iNaturalist query; no higher-rank query flag in source screening,True
Valeriana dubia,Valeriana_dubia.json,229651854,https://www.inaturalist.org/observations/229651854,Valeriana dubia,777930,2022-05-27,2022/05/27 10:47,43.1427215,77.0037925,,,185.0,research,,"Кок-Жайляу, Алматы, Казахстан",letovglazah,inside,inside,2022-05-27,day,iNaturalist observed_on parsed as calendar day,eligible,species-level iNaturalist query; no higher-rank query flag in source screening,True
Valeriana dubia,Valeriana_dubia.json,166043623,https://www.inaturalist.org/observations/166043623,Valeriana dubia,777930,2023-05-30,2023/05/30 14:28,42.9849416667,78.4640861111,,,,research,cc-by,"Raiymbek District, Kazakhstan",zerobias,inside,inside,2023-05-30,day,iNaturalist observed_on parsed as calendar day,eligible,species-level iNaturalist query; no higher-rank query flag in source screening,True
Valeriana dubia,Valeriana_dubia.json,169152888,https://www.inaturalist.org/observations/169152888,Valeriana dubia,777930,2023-06-19,2023-06-19 10:22:55,43.0487442494,76.9126035928,,,15.0,research,cc-by-nc,"Karasayskiy, KZ-AA, KZ",aliaksandarmialik,inside,inside,2023-06-19,day,iNaturalist observed_on parsed as calendar day,eligible,species-level iNaturalist query; no higher-rank query flag in source screening,True
Valeriana dubia,Valeriana_dubia.json,220003039,https://www.inaturalist.org/observations/220003039,Valeriana dubia,777930,2024-06-01,2024/06/01 10:31,43.1790083333,77.1100233333,,,,needs_id,cc-by-nc,"Талгарский район, Казахстан",nkanunnikov,inside,inside,2024-06-01,day,iNaturalist observed_on parsed as calendar day,eligible,species-level iNaturalist query; no higher-rank query flag in source screening,True
Valeriana dubia,Valeriana_dubia.json,227467995,https://www.inaturalist.org/observations/227467995,Valeriana dubia,777930,2024-06-30,2024/06/30 12:34,42.9625412097,76.2544170801,,,977.0,research,cc-by,"Жамбылский район, Казахстан",elanaky,inside,inside,2024-06-30,day,iNaturalist observed_on parsed as calendar day,eligible,species-level iNaturalist query; no higher-rank query flag in source screening,True
Valeriana dubia,Valeriana_dubia.json,288248860,https://www.inaturalist.org/observations/288248860,Valeriana dubia,777930,2025-06-09,2025-06-09 18:27:19,43.2263621,77.167168,,,,research,cc-by-nc,"Талгарский район, Казахстан",svetlanasp,inside,inside,2025-06-09,day,iNaturalist observed_on parsed as calendar day,eligible,species-level iNaturalist query; no higher-rank query flag in source screening,True
Veratrum lobelianum,Veratrum_lobelianum.json,244767195,https://www.inaturalist.org/observations/244767195,Veratrum lobelianum,470430,2024-05-31,2024/05/31 14:25,43.2173091399,76.9166911452,,,8.0,casual,cc-by-nc,"Бостандыкский район, Алматы, Казахстан",atamat,inside,inside,2024-05-31,day,iNaturalist observed_on parsed as calendar day,eligible,species-level iNaturalist query; no higher-rank query flag in source screening,True
Veratrum lobelianum,Veratrum_lobelianum.json,311501670,https://www.inaturalist.org/observations/311501670,Veratrum lobelianum,470430,2025-07-05,2025/07/05 13:11,42.8853437598,78.8271313595,,,1859.0,research,cc-by,"Kegen District, Казахстан",elanaky,inside,inside,2025-07-05,day,iNaturalist observed_on parsed as calendar day,eligible,species-level iNaturalist query; no higher-rank query flag in source screening,True
Veratrum lobelianum,Veratrum_lobelianum.json,315222769,https://www.inaturalist.org/observations/315222769,Veratrum lobelianum,470430,2025-07-07,2025/07/07 10:44,42.9021329298,78.8741017949,,,977.0,needs_id,cc-by,"Kegen District, Казахстан",elanaky,inside,inside,2025-07-07,day,iNaturalist observed_on parsed as calendar day,eligible,species-level iNaturalist query; no higher-rank query flag in source screening,True
Veratrum lobelianum,Veratrum_lobelianum.json,296439681,https://www.inaturalist.org/observations/296439681,Veratrum lobelianum,470430,2025-07-09,2025-07-09 10:59:04,42.7505527778,79.1687805556,,,,research,cc-by,"Raiymbekskiy, KZ-AA, KZ",naturalist16000,inside,inside,2025-07-09,day,iNaturalist observed_on parsed as calendar day,eligible,species-level iNaturalist query; no higher-rank query flag in source screening,True
Veratrum lobelianum,Veratrum_lobelianum.json,359449441,https://www.inaturalist.org/observations/359449441,Veratrum lobelianum,470430,2026-05-08,Fri May 08 2026 14:03:54 GMT +0600 (GMT+6),42.7691230774,79.0726089478,,,3.0,needs_id,cc-by-nc,"Raiymbekskiy, KZ-AA, KZ",kezgold722,inside,inside,2026-05-08,day,iNaturalist observed_on parsed as calendar day,eligible,species-level iNaturalist query; no higher-rank query flag in source screening,True
Ziziphora clinopodioides,Ziziphora_clinopodioides.json,348240066,https://www.inaturalist.org/observations/348240066,Ziziphora clinopodioides,507596,1994-07-23,1994/07/23,44.5053,80.064376,,,700.0,research,cc0,"Kazakhstan, Taldykorgan Province, Zharkent District, Tyshkantau Massif, the Tyshkan River gorge right slope near its leaving the mountains",oleg_kosterin,inside,inside,1994-07-23,day,iNaturalist observed_on parsed as calendar day,eligible,species-level iNaturalist query; no higher-rank query flag in source screening,True
Ziziphora clinopodioides,Ziziphora_clinopodioides.json,203699432,https://www.inaturalist.org/observations/203699432,Ziziphora clinopodioides,507596,1994-07-24,1994/07/24,44.531457,80.139658,,,1300.0,research,cc0," Kzzakhstan, Taldykorgan Province, Zharkent District, Tyshkantau Massif, the Tyshkan River gorge right slope in its middle flow",oleg_kosterin,inside,inside,1994-07-24,day,iNaturalist observed_on parsed as calendar day,eligible,species-level iNaturalist query; no higher-rank query flag in source screening,True
Ziziphora clinopodioides,Ziziphora_clinopodioides.json,69571298,https://www.inaturalist.org/observations/69571298,Ziziphora clinopodioides,507596,2004-08-06,2004/08/06,42.5636744463,79.8305955702,,,31.0,research,cc-by-nc,"District de Raiymbek, Kazakhstan",lougarou,inside,inside,2004-08-06,day,iNaturalist observed_on parsed as calendar day,eligible,species-level iNaturalist query; no higher-rank query flag in source screening,True
Ziziphora clinopodioides,Ziziphora_clinopodioides.json,37980388,https://www.inaturalist.org/observations/37980388,Ziziphora clinopodioides,507596,2014-07-01,2014/07/01 10:07 AM +0600,43.0065104371,75.9038143463,,,15.0,research,cc-by-nc,"Жамбылский район, Казахстан",vladimir_epiktetov,inside,inside,2014-07-01,day,iNaturalist observed_on parsed as calendar day,eligible,species-level iNaturalist query; no higher-rank query flag in source screening,True
Ziziphora clinopodioides,Ziziphora_clinopodioides.json,82136031,https://www.inaturalist.org/observations/82136031,Ziziphora clinopodioides,507596,2016-08-19,2016/08/19 8:14 AM MSK,44.7524,79.49426,,,50.0,research,cc-by-nc,"Кербулакский район, Казахстан",finn_from_nn,inside,inside,2016-08-19,day,iNaturalist observed_on parsed as calendar day,eligible,species-level iNaturalist query; no higher-rank query flag in source screening,True
Ziziphora clinopodioides,Ziziphora_clinopodioides.json,82257483,https://www.inaturalist.org/observations/82257483,Ziziphora clinopodioides,507596,2016-08-21,2016/08/21 5:45 AM MSK,44.76395,79.3485,,,50.0,research,cc-by-nc,"Кербулакский район, Казахстан",finn_from_nn,inside,inside,2016-08-21,day,iNaturalist observed_on parsed as calendar day,eligible,species-level iNaturalist query; no higher-rank query flag in source screening,True
Ziziphora clinopodioides,Ziziphora_clinopodioides.json,80519926,https://www.inaturalist.org/observations/80519926,Ziziphora clinopodioides,507596,2016-09-04,2016/09/04 6:42 AM MSK,43.08671,76.99002,,,50.0,research,cc-by-nc,"Карасайский район, Казахстан",finn_from_nn,inside,inside,2016-09-04,day,iNaturalist observed_on parsed as calendar day,eligible,species-level iNaturalist query; no higher-rank query flag in source screening,True
Ziziphora clinopodioides,Ziziphora_clinopodioides.json,28838337,https://www.inaturalist.org/observations/28838337,Ziziphora clinopodioides,507596,2019-07-10,2019-07-10 10:50:03 AM GMT+06:00,45.9492912292,81.5470352173,,,,research,cc-by-nc,"Alakol District, Kazakhstan",kastani,inside,inside,2019-07-10,day,iNaturalist observed_on parsed as calendar day,eligible,species-level iNaturalist query; no higher-rank query flag in source screening,True
Ziziphora clinopodioides,Ziziphora_clinopodioides.json,34403369,https://www.inaturalist.org/observations/34403369,Ziziphora clinopodioides,507596,2019-10-08,2019/10/08 5:10 PM +0700,43.1958567633,77.1264706917,,,,research,cc-by-nc,"Медеуский район, Алматы, Казахстан",alzov,inside,inside,2019-10-08,day,iNaturalist observed_on parsed as calendar day,eligible,species-level iNaturalist query; no higher-rank query flag in source screening,True
Ziziphora clinopodioides,Ziziphora_clinopodioides.json,38094781,https://www.inaturalist.org/observations/38094781,Ziziphora clinopodioides,507596,2020-01-25,2020-01-25 1:41:32 PM GMT+06:00,43.1458095379,77.0081214979,,,16.0,research,cc-by-nc,"Medeu District, Almaty, Kazakhstan",kastani,inside,inside,2020-01-25,day,iNaturalist observed_on parsed as calendar day,eligible,species-level iNaturalist query; no higher-rank query flag in source screening,True
Ziziphora clinopodioides,Ziziphora_clinopodioides.json,38095087,https://www.inaturalist.org/observations/38095087,Ziziphora clinopodioides,507596,2020-01-25,2020-01-25 1:46:06 PM GMT+06:00,43.1445602368,77.0054932684,,,31.0,research,cc-by-nc,"Medeu District, Almaty, Kazakhstan",kastani,inside,inside,2020-01-25,day,iNaturalist observed_on parsed as calendar day,eligible,species-level iNaturalist query; no higher-rank query flag in source screening,True
Ziziphora clinopodioides,Ziziphora_clinopodioides.json,151480887,https://www.inaturalist.org/observations/151480887,Ziziphora clinopodioides,507596,2020-07-11,2020/07/11 10:14,45.2609649722,79.4088969444,,,,research,cc-by-nc,"Суыксай, Казахстан",atamat,inside,inside,2020-07-11,day,iNaturalist observed_on parsed as calendar day,eligible,species-level iNaturalist query; no higher-rank query flag in source screening,True
Ziziphora clinopodioides,Ziziphora_clinopodioides.json,150837762,https://www.inaturalist.org/observations/150837762,Ziziphora clinopodioides,507596,2021-07-06,2021/07/06 14:28,43.041867,78.570939,,,,research,cc-by-nc,"Райымбекский район, Казахстан",atamat,inside,inside,2021-07-06,day,iNaturalist observed_on parsed as calendar day,eligible,species-level iNaturalist query; no higher-rank query flag in source screening,True
Ziziphora clinopodioides,Ziziphora_clinopodioides.json,150844348,https://www.inaturalist.org/observations/150844348,Ziziphora clinopodioides,507596,2021-07-07,2021/07/07 20:09,43.051817,78.4107159722,,,,research,cc-by-nc,"Райымбекский район, Казахстан",atamat,inside,inside,2021-07-07,day,iNaturalist observed_on parsed as calendar day,eligible,species-level iNaturalist query; no higher-rank query flag in source screening,True
Ziziphora clinopodioides,Ziziphora_clinopodioides.json,161660772,https://www.inaturalist.org/observations/161660772,Ziziphora clinopodioides,507596,2021-07-07,2021/07/07 20:09,43.051817,78.4107159722,,,,research,cc-by-nc,"Райымбекский район, Казахстан",atamat,inside,inside,2021-07-07,day,iNaturalist observed_on parsed as calendar day,eligible,species-level iNaturalist query; no higher-rank query flag in source screening,True
Ziziphora clinopodioides,Ziziphora_clinopodioides.json,198720456,https://www.inaturalist.org/observations/198720456,Ziziphora clinopodioides,507596,2021-07-07,2021/07/07 20:09,43.051817,78.4107159722,,,,research,cc-by-nc,"Kegen District, Казахстан",atamat,inside,inside,2021-07-07,day,iNaturalist observed_on parsed as calendar day,eligible,species-level iNaturalist query; no higher-rank query flag in source screening,True
Ziziphora clinopodioides,Ziziphora_clinopodioides.json,150844356,https://www.inaturalist.org/observations/150844356,Ziziphora clinopodioides,507596,2021-07-07,2021/07/07 20:38,43.0492109722,78.4065239444,,,,research,cc-by-nc,"Райымбекский район, Казахстан",atamat,inside,inside,2021-07-07,day,iNaturalist observed_on parsed as calendar day,eligible,species-level iNaturalist query; no higher-rank query flag in source screening,True
Ziziphora clinopodioides,Ziziphora_clinopodioides.json,150493039,https://www.inaturalist.org/observations/150493039,Ziziphora clinopodioides,507596,2021-07-20,2021/07/20 11:48,44.7888719722,79.6253689722,,,,research,cc-by-nc,"Кербулакский район, Казахстан",atamat,inside,inside,2021-07-20,day,iNaturalist observed_on parsed as calendar day,eligible,species-level iNaturalist query; no higher-rank query flag in source screening,True
Ziziphora clinopodioides,Ziziphora_clinopodioides.json,88826026,https://www.inaturalist.org/observations/88826026,Ziziphora clinopodioides,507596,2021-07-26,2021-07-26 13:28:00,43.2549755,77.4838096997,,,,research,cc-by-nc,"Ele Alatau, KZ-AA-TG, KZ-AA, KZ",ekaterina_ast,inside,inside,2021-07-26,day,iNaturalist observed_on parsed as calendar day,eligible,species-level iNaturalist query; no higher-rank query flag in source screening,True
Ziziphora clinopodioides,Ziziphora_clinopodioides.json,151333671,https://www.inaturalist.org/observations/151333671,Ziziphora clinopodioides,507596,2022-06-23,2022/06/23 10:24,43.044915,78.254295,,,,research,cc-by-nc,"Райымбекский район, Казахстан",atamat,inside,inside,2022-06-23,day,iNaturalist observed_on parsed as calendar day,eligible,species-level iNaturalist query; no higher-rank query flag in source screening,True
Ziziphora clinopodioides,Ziziphora_clinopodioides.json,126781177,https://www.inaturalist.org/observations/126781177,Ziziphora clinopodioides,507596,2022-07-17,2022-07-17 12:16:41+06:00,43.1150861667,76.928795,,,8.0,research,cc-by,"Японская дорога, Almaty, KZ",zerobias,inside,inside,2022-07-17,day,iNaturalist observed_on parsed as calendar day,eligible,species-level iNaturalist query; no higher-rank query flag in source screening,True
Ziziphora clinopodioides,Ziziphora_clinopodioides.json,150594081,https://www.inaturalist.org/observations/150594081,Ziziphora clinopodioides,507596,2022-07-21,2022/07/21 14:26,45.3925409722,80.059031,,,,research,cc-by-nc,"Саркандский район, Казахстан",atamat,inside,inside,2022-07-21,day,iNaturalist observed_on parsed as calendar day,eligible,species-level iNaturalist query; no higher-rank query flag in source screening,True
Ziziphora clinopodioides,Ziziphora_clinopodioides.json,152047691,https://www.inaturalist.org/observations/152047691,Ziziphora clinopodioides,507596,2022-07-23,2022/07/23 11:48,45.417447,80.5598009722,,,,research,cc-by-nc,"Саркандский район, Казахстан",atamat,inside,inside,2022-07-23,day,iNaturalist observed_on parsed as calendar day,eligible,species-level iNaturalist query; no higher-rank query flag in source screening,True
Ziziphora clinopodioides,Ziziphora_clinopodioides.json,158628089,https://www.inaturalist.org/observations/158628089,Ziziphora clinopodioides,507596,2023-04-22,2023/04/22 11:46,43.9108695833,77.7476730278,,,,research,cc-by,"Алматинская область, Казахстан",alexanderdubynin,inside,inside,2023-04-22,day,iNaturalist observed_on parsed as calendar day,eligible,species-level iNaturalist query; no higher-rank query flag in source screening,True
Ziziphora clinopodioides,Ziziphora_clinopodioides.json,164441700,https://www.inaturalist.org/observations/164441700,Ziziphora clinopodioides,507596,2023-05-27,2023-05-27 06:45:26,43.0156364439,79.9824142456,,,,research,cc-by-nc,"Райымбекский район, Казахстан",marina_maxim,inside,inside,2023-05-27,day,iNaturalist observed_on parsed as calendar day,eligible,species-level iNaturalist query; no higher-rank query flag in source screening,True
Ziziphora clinopodioides,Ziziphora_clinopodioides.json,170127291,https://www.inaturalist.org/observations/170127291,Ziziphora clinopodioides,507596,2023-06-21,2023/06/21 12:28,43.172463,79.179066,,,,research,cc-by-nc,"Райымбекский район, Казахстан",atamat,inside,inside,2023-06-21,day,iNaturalist observed_on parsed as calendar day,eligible,species-level iNaturalist query; no higher-rank query flag in source screening,True
Ziziphora clinopodioides,Ziziphora_clinopodioides.json,170085580,https://www.inaturalist.org/observations/170085580,Ziziphora clinopodioides,507596,2023-06-28,2023-06-28 17:16:07,43.2551722222,77.4831694444,,,,needs_id,cc-by,"Енбекшиказахский район, Казахстан",naturalist16000,inside,inside,2023-06-28,day,iNaturalist observed_on parsed as calendar day,eligible,species-level iNaturalist query; no higher-rank query flag in source screening,True
Ziziphora clinopodioides,Ziziphora_clinopodioides.json,170085362,https://www.inaturalist.org/observations/170085362,Ziziphora clinopodioides,507596,2023-06-28,2023-06-28 17:20:53,43.2548805556,77.4806611111,,,,needs_id,cc-by,"Енбекшиказахский район, Казахстан",naturalist16000,inside,inside,2023-06-28,day,iNaturalist observed_on parsed as calendar day,eligible,species-level iNaturalist query; no higher-rank query flag in source screening,True
Ziziphora clinopodioides,Ziziphora_clinopodioides.json,172530689,https://www.inaturalist.org/observations/172530689,Ziziphora clinopodioides,507596,2023-07-07,2023/07/07 12:31,43.451928,78.65257,,,,research,cc-by-nc,"Енбекшиказахский район, Казахстан",atamat,inside,inside,2023-07-07,day,iNaturalist observed_on parsed as calendar day,eligible,species-level iNaturalist query; no higher-rank query flag in source screening,True
Ziziphora clinopodioides,Ziziphora_clinopodioides.json,172530738,https://www.inaturalist.org/observations/172530738,Ziziphora clinopodioides,507596,2023-07-07,2023/07/07 12:40,43.451834,78.653658,,,,research,cc-by-nc,"Енбекшиказахский район, Казахстан",atamat,inside,inside,2023-07-07,day,iNaturalist observed_on parsed as calendar day,eligible,species-level iNaturalist query; no higher-rank query flag in source screening,True
Ziziphora clinopodioides,Ziziphora_clinopodioides.json,171987539,https://www.inaturalist.org/observations/171987539,Ziziphora clinopodioides,507596,2023-07-08,2023-07-08 10:40:21,43.1419444444,77.0047222222,,,,research,cc-by-nc,"42R3+VJP Кок-Жайляу, Алматы, Казахстан",svetlanasp,inside,inside,2023-07-08,day,iNaturalist observed_on parsed as calendar day,eligible,species-level iNaturalist query; no higher-rank query flag in source screening,True
Ziziphora clinopodioides,Ziziphora_clinopodioides.json,172132768,https://www.inaturalist.org/observations/172132768,Ziziphora clinopodioides,507596,2023-07-09,2023/07/09 17:44,43.103825,76.7759432997,,,,research,cc-by,"Карасайский район, Казахстан",alexanderdubynin,inside,inside,2023-07-09,day,iNaturalist observed_on parsed as calendar day,eligible,species-level iNaturalist query; no higher-rank query flag in source screening,True
Ziziphora clinopodioides,Ziziphora_clinopodioides.json,175878233,https://www.inaturalist.org/observations/175878233,Ziziphora clinopodioides,507596,2023-07-24,2023-07-24 13:49:39+06:00,44.81337,78.9823216667,,,5.0,research,,"Талды-Курган, KZ",mmukh,inside,inside,2023-07-24,day,iNaturalist observed_on parsed as calendar day,eligible,species-level iNaturalist query; no higher-rank query flag in source screening,True
Ziziphora clinopodioides,Ziziphora_clinopodioides.json,177965067,https://www.inaturalist.org/observations/177965067,Ziziphora clinopodioides,507596,2023-07-24,2023/07/24 15:31,43.0247788335,75.8325744197,,,244.0,research,cc-by-nc,"Жамбылский район, Казахстан",vladimir_epiktetov,inside,inside,2023-07-24,day,iNaturalist observed_on parsed as calendar day,eligible,species-level iNaturalist query; no higher-rank query flag in source screening,True
Ziziphora clinopodioides,Ziziphora_clinopodioides.json,228471762,https://www.inaturalist.org/observations/228471762,Ziziphora clinopodioides,507596,2023-08-05,2023/08/05 09:06,43.0524522,79.6824845,,,704.0,research,,"Комирши, Казахстан",letovglazah,inside,inside,2023-08-05,day,iNaturalist observed_on parsed as calendar day,eligible,species-level iNaturalist query; no higher-rank query flag in source screening,True
Ziziphora clinopodioides,Ziziphora_clinopodioides.json,227280596,https://www.inaturalist.org/observations/227280596,Ziziphora clinopodioides,507596,2023-08-05,2023/08/05 11:03,43.127374,76.97263,,,,research,cc-by-nc,"Медеуский район, Алматы, Казахстан",atamat,inside,inside,2023-08-05,day,iNaturalist observed_on parsed as calendar day,eligible,species-level iNaturalist query; no higher-rank query flag in source screening,True
Ziziphora clinopodioides,Ziziphora_clinopodioides.json,177622365,https://www.inaturalist.org/observations/177622365,Ziziphora clinopodioides,507596,2023-08-10,2023-08-10 08:55:28+06:00,43.0043638833,78.3332283333,,,2046.0,research,cc-by-nc,"P-16, Almaty, KZ",vyacheslavluzanov,inside,inside,2023-08-10,day,iNaturalist observed_on parsed as calendar day,eligible,species-level iNaturalist query; no higher-rank query flag in source screening,True
Ziziphora clinopodioides,Ziziphora_clinopodioides.json,178937398,https://www.inaturalist.org/observations/178937398,Ziziphora clinopodioides,507596,2023-08-16,2023-08-16 18:06:58,43.3171694444,78.3885944444,,,,research,cc0,"Енбекшиказахский район, Казахстан",dmitrylyskov,inside,inside,2023-08-16,day,iNaturalist observed_on parsed as calendar day,eligible,species-level iNaturalist query; no higher-rank query flag in source screening,True
Ziziphora clinopodioides,Ziziphora_clinopodioides.json,198680215,https://www.inaturalist.org/observations/198680215,Ziziphora clinopodioides,507596,2023-08-30,2023/08/30 10:55,43.05129,76.99149,,,25.0,research,cc-by,"Бостандыкский район, Алматы, Казахстан",andrewbazdyrev,inside,inside,2023-08-30,day,iNaturalist observed_on parsed as calendar day,eligible,species-level iNaturalist query; no higher-rank query flag in source screening,True
Ziziphora clinopodioides,Ziziphora_clinopodioides.json,198680218,https://www.inaturalist.org/observations/198680218,Ziziphora clinopodioides,507596,2023-08-30,2023/08/30 12:22,43.0469757299,76.991331442,,,8.0,research,cc-by,"Бостандыкский район, Алматы, Казахстан",andrewbazdyrev,inside,inside,2023-08-30,day,iNaturalist observed_on parsed as calendar day,eligible,species-level iNaturalist query; no higher-rank query flag in source screening,True
Ziziphora clinopodioides,Ziziphora_clinopodioides.json,183478344,https://www.inaturalist.org/observations/183478344,Ziziphora clinopodioides,507596,2023-09-16,2023-09-16 15:53:11+06:00,42.9867832829,78.3277715185,,,4.0,research,cc-by-nc,"Алмаатинская область, KZ",carnivora,inside,inside,2023-09-16,day,iNaturalist observed_on parsed as calendar day,eligible,species-level iNaturalist query; no higher-rank query flag in source screening,True
Ziziphora clinopodioides,Ziziphora_clinopodioides.json,184991662,https://www.inaturalist.org/observations/184991662,Ziziphora clinopodioides,507596,2023-09-26,2023-09-26 11:00:00,43.0992736814,76.9450378417,,,,research,cc-by-nc,"Kokshoky microdistrict 1а, Алматы, Казахстан",marina_maxim,inside,inside,2023-09-26,day,iNaturalist observed_on parsed as calendar day,eligible,species-level iNaturalist query; no higher-rank query flag in source screening,True
Ziziphora clinopodioides,Ziziphora_clinopodioides.json,185749585,https://www.inaturalist.org/observations/185749585,Ziziphora clinopodioides,507596,2023-09-29,2023-09-29 14:23:15,43.0437237,78.8219718997,,,,research,cc-by-nc,"Kegen District, Kazakhstan",anton_abushin,inside,inside,2023-09-29,day,iNaturalist observed_on parsed as calendar day,eligible,species-level iNaturalist query; no higher-rank query flag in source screening,True
Ziziphora clinopodioides,Ziziphora_clinopodioides.json,185750181,https://www.inaturalist.org/observations/185750181,Ziziphora clinopodioides,507596,2023-09-29,2023-09-29 14:29:59,43.0425674,78.8209245,,,,research,cc-by-nc,"Kegen District, Kazakhstan",anton_abushin,inside,inside,2023-09-29,day,iNaturalist observed_on parsed as calendar day,eligible,species-level iNaturalist query; no higher-rank query flag in source screening,True
Ziziphora clinopodioides,Ziziphora_clinopodioides.json,185750455,https://www.inaturalist.org/observations/185750455,Ziziphora clinopodioides,507596,2023-09-29,2023-09-29 14:34:55,43.0434543,78.8194852997,,,,research,cc-by-nc,"Kegen District, Kazakhstan",anton_abushin,inside,inside,2023-09-29,day,iNaturalist observed_on parsed as calendar day,eligible,species-level iNaturalist query; no higher-rank query flag in source screening,True
Ziziphora clinopodioides,Ziziphora_clinopodioides.json,185868339,https://www.inaturalist.org/observations/185868339,Ziziphora clinopodioides,507596,2023-09-29,2023-09-29 14:48:40,43.0443951,78.8162027997,,,,research,cc-by-nc,"Kegen District, Kazakhstan",anton_abushin,inside,inside,2023-09-29,day,iNaturalist observed_on parsed as calendar day,eligible,species-level iNaturalist query; no higher-rank query flag in source screening,True
Ziziphora clinopodioides,Ziziphora_clinopodioides.json,185868863,https://www.inaturalist.org/observations/185868863,Ziziphora clinopodioides,507596,2023-09-29,2023-09-29 15:14:21,43.0446016,78.8044732997,,,,research,cc-by-nc,"Kegen District, Kazakhstan",anton_abushin,inside,inside,2023-09-29,day,iNaturalist observed_on parsed as calendar day,eligible,species-level iNaturalist query; no higher-rank query flag in source screening,True
Ziziphora clinopodioides,Ziziphora_clinopodioides.json,185876806,https://www.inaturalist.org/observations/185876806,Ziziphora clinopodioides,507596,2023-09-29,2023-09-29 15:22:01,43.0466921,78.7998082997,,,,research,cc-by-nc,"Kegen District, Kazakhstan",anton_abushin,inside,inside,2023-09-29,day,iNaturalist observed_on parsed as calendar day,eligible,species-level iNaturalist query; no higher-rank query flag in source screening,True
Ziziphora clinopodioides,Ziziphora_clinopodioides.json,185885233,https://www.inaturalist.org/observations/185885233,Ziziphora clinopodioides,507596,2023-09-29,2023-09-29 15:54:43,43.0432462997,78.7923859997,,,,research,cc-by-nc,"Kegen District, Kazakhstan",anton_abushin,inside,inside,2023-09-29,day,iNaturalist observed_on parsed as calendar day,eligible,species-level iNaturalist query; no higher-rank query flag in source screening,True
Ziziphora clinopodioides,Ziziphora_clinopodioides.json,185896597,https://www.inaturalist.org/observations/185896597,Ziziphora clinopodioides,507596,2023-09-29,2023-09-29 16:18:08,43.0441069,78.8005938,,,,research,cc-by-nc,"Kegen District, Kazakhstan",anton_abushin,inside,inside,2023-09-29,day,iNaturalist observed_on parsed as calendar day,eligible,species-level iNaturalist query; no higher-rank query flag in source screening,True
Ziziphora clinopodioides,Ziziphora_clinopodioides.json,185896910,https://www.inaturalist.org/observations/185896910,Ziziphora clinopodioides,507596,2023-09-29,2023-09-29 16:53:34,43.0494600997,78.8281877,,,,research,cc-by-nc,"Kegen District, Kazakhstan",anton_abushin,inside,inside,2023-09-29,day,iNaturalist observed_on parsed as calendar day,eligible,species-level iNaturalist query; no higher-rank query flag in source screening,True
Ziziphora clinopodioides,Ziziphora_clinopodioides.json,193375159,https://www.inaturalist.org/observations/193375159,Ziziphora clinopodioides,507596,2023-12-06,2023/12/06 12:27,43.8708915556,75.5837402222,,,,research,cc-by,"Жамбылский район, Казахстан",alexanderdubynin,inside,inside,2023-12-06,day,iNaturalist observed_on parsed as calendar day,eligible,species-level iNaturalist query; no higher-rank query flag in source screening,True
Ziziphora clinopodioides,Ziziphora_clinopodioides.json,204271073,https://www.inaturalist.org/observations/204271073,Ziziphora clinopodioides,507596,2024-03-25,2024/03/25 15:58,43.107514,76.951889,,,,research,cc-by-nc,"Медеуский район, Алматы, Казахстан",atamat,inside,inside,2024-03-25,day,iNaturalist observed_on parsed as calendar day,eligible,species-level iNaturalist query; no higher-rank query flag in source screening,True
Ziziphora clinopodioides,Ziziphora_clinopodioides.json,204271018,https://www.inaturalist.org/observations/204271018,Ziziphora clinopodioides,507596,2024-03-25,2024/03/25 16:48,43.115305,76.928577,,,,research,cc-by-nc,"Медеуский район, Алматы, Казахстан",atamat,inside,inside,2024-03-25,day,iNaturalist observed_on parsed as calendar day,eligible,species-level iNaturalist query; no higher-rank query flag in source screening,True
Ziziphora clinopodioides,Ziziphora_clinopodioides.json,210816209,https://www.inaturalist.org/observations/210816209,Ziziphora clinopodioides,507596,2024-04-28,2024/04/28 15:21,43.1039682997,76.7760665997,,,,research,cc-by,"Карасайский район, Казахстан",alexanderdubynin,inside,inside,2024-04-28,day,iNaturalist observed_on parsed as calendar day,eligible,species-level iNaturalist query; no higher-rank query flag in source screening,True
Ziziphora clinopodioides,Ziziphora_clinopodioides.json,210816236,https://www.inaturalist.org/observations/210816236,Ziziphora clinopodioides,507596,2024-04-28,2024/04/28 15:26,43.1039123333,76.7759856944,,,,research,cc-by,"Карасайский район, Казахстан",alexanderdubynin,inside,inside,2024-04-28,day,iNaturalist observed_on parsed as calendar day,eligible,species-level iNaturalist query; no higher-rank query flag in source screening,True
Ziziphora clinopodioides,Ziziphora_clinopodioides.json,211762688,https://www.inaturalist.org/observations/211762688,Ziziphora clinopodioides,507596,2024-04-29,2024-04-29 13:03:14+05:00,43.1110111667,76.9181283333,,,6.0,research,cc-by-nc,"Almaty, KZ",kastani,inside,inside,2024-04-29,day,iNaturalist observed_on parsed as calendar day,eligible,species-level iNaturalist query; no higher-rank query flag in source screening,True
Ziziphora clinopodioides,Ziziphora_clinopodioides.json,218867284,https://www.inaturalist.org/observations/218867284,Ziziphora clinopodioides,507596,2024-05-14,2024/05/14 16:09,43.9294624167,75.43666075,,,,research,cc-by,"Жамбылский район, Казахстан",alexanderdubynin,inside,inside,2024-05-14,day,iNaturalist observed_on parsed as calendar day,eligible,species-level iNaturalist query; no higher-rank query flag in source screening,True
Ziziphora clinopodioides,Ziziphora_clinopodioides.json,218577592,https://www.inaturalist.org/observations/218577592,Ziziphora clinopodioides,507596,2024-05-18,2024/05/18 11:16,43.1065635556,76.9485549722,,,,needs_id,cc-by-nc,"Медеуский район, Алматы, Казахстан",agniia,inside,inside,2024-05-18,day,iNaturalist observed_on parsed as calendar day,eligible,species-level iNaturalist query; no higher-rank query flag in source screening,True
Ziziphora clinopodioides,Ziziphora_clinopodioides.json,218577595,https://www.inaturalist.org/observations/218577595,Ziziphora clinopodioides,507596,2024-05-18,2024/05/18 11:38,43.1031493889,76.9503555278,,,,research,cc-by-nc,"Медеуский район, Алматы, Казахстан",agniia,inside,inside,2024-05-18,day,iNaturalist observed_on parsed as calendar day,eligible,species-level iNaturalist query; no higher-rank query flag in source screening,True
Ziziphora clinopodioides,Ziziphora_clinopodioides.json,216828283,https://www.inaturalist.org/observations/216828283,Ziziphora clinopodioides,507596,2024-05-19,2024-05-19 11:03:33,43.1436111111,77.0038888889,,,,research,cc-by-nc,"42V3+CJ Вид Алматы с качели, Алматы, Казахстан",svetlanasp,inside,inside,2024-05-19,day,iNaturalist observed_on parsed as calendar day,eligible,species-level iNaturalist query; no higher-rank query flag in source screening,True
Ziziphora clinopodioides,Ziziphora_clinopodioides.json,216748769,https://www.inaturalist.org/observations/216748769,Ziziphora clinopodioides,507596,2024-05-19,2024-05-19 14:47:14+05:00,43.1150007495,76.9212372775,,,1414.0,needs_id,cc-by-nc,"Алмаатинская область, KZ",carnivora,inside,inside,2024-05-19,day,iNaturalist observed_on parsed as calendar day,eligible,species-level iNaturalist query; no higher-rank query flag in source screening,True
Ziziphora clinopodioides,Ziziphora_clinopodioides.json,238405531,https://www.inaturalist.org/observations/238405531,Ziziphora clinopodioides,507596,2024-06-11,2024/06/11 10:25,44.1011716,75.6674533,,,,research,cc-by,"Жамбылский район, Казахстан",alexanderdubynin,inside,inside,2024-06-11,day,iNaturalist observed_on parsed as calendar day,eligible,species-level iNaturalist query; no higher-rank query flag in source screening,True
Ziziphora clinopodioides,Ziziphora_clinopodioides.json,238425104,https://www.inaturalist.org/observations/238425104,Ziziphora clinopodioides,507596,2024-06-12,2024/06/12 11:53,43.9176788056,75.7261428611,,,,research,cc-by,"Жамбылский район, Казахстан",alexanderdubynin,inside,inside,2024-06-12,day,iNaturalist observed_on parsed as calendar day,eligible,species-level iNaturalist query; no higher-rank query flag in source screening,True
Ziziphora clinopodioides,Ziziphora_clinopodioides.json,238425123,https://www.inaturalist.org/observations/238425123,Ziziphora clinopodioides,507596,2024-06-12,2024/06/12 11:59,43.9172668333,75.7260284167,,,,research,cc-by,"Жамбылский район, Казахстан",alexanderdubynin,inside,inside,2024-06-12,day,iNaturalist observed_on parsed as calendar day,eligible,species-level iNaturalist query; no higher-rank query flag in source screening,True
Ziziphora clinopodioides,Ziziphora_clinopodioides.json,259233182,https://www.inaturalist.org/observations/259233182,Ziziphora clinopodioides,507596,2024-06-24,2024/06/24 12:29,44.0071411111,75.8549194167,,,,research,cc-by,"Жамбылский район, Казахстан",alexanderdubynin,inside,inside,2024-06-24,day,iNaturalist observed_on parsed as calendar day,eligible,species-level iNaturalist query; no higher-rank query flag in source screening,True
Ziziphora clinopodioides,Ziziphora_clinopodioides.json,259234518,https://www.inaturalist.org/observations/259234518,Ziziphora clinopodioides,507596,2024-06-24,2024/06/24 12:41,44.0066184722,75.8572616389,,,,research,cc-by,"Жамбылский район, Казахстан",alexanderdubynin,inside,inside,2024-06-24,day,iNaturalist observed_on parsed as calendar day,eligible,species-level iNaturalist query; no higher-rank query flag in source screening,True
Ziziphora clinopodioides,Ziziphora_clinopodioides.json,226855142,https://www.inaturalist.org/observations/226855142,Ziziphora clinopodioides,507596,2024-06-30,2024/06/30 09:13,43.0851158982,76.7427194643,,,1465.0,research,cc-by,"Карасайский район, Казахстан",elanaky,inside,inside,2024-06-30,day,iNaturalist observed_on parsed as calendar day,eligible,species-level iNaturalist query; no higher-rank query flag in source screening,True
Ziziphora clinopodioides,Ziziphora_clinopodioides.json,226397197,https://www.inaturalist.org/observations/226397197,Ziziphora clinopodioides,507596,2024-06-30,2024/06/30 15:27,44.1969683333,78.5123283333,,,,research,cc-by-nc,"Кербулакский район, Казахстан",nkanunnikov,inside,inside,2024-06-30,day,iNaturalist observed_on parsed as calendar day,eligible,species-level iNaturalist query; no higher-rank query flag in source screening,True
Ziziphora clinopodioides,Ziziphora_clinopodioides.json,227244720,https://www.inaturalist.org/observations/227244720,Ziziphora clinopodioides,507596,2024-07-04,2024-07-04 14:11:48,42.987875,78.464775,,,,needs_id,,"Kegen District, Kazakhstan",daniel73983,inside,inside,2024-07-04,day,iNaturalist observed_on parsed as calendar day,eligible,species-level iNaturalist query; no higher-rank query flag in source screening,True
Ziziphora clinopodioides,Ziziphora_clinopodioides.json,289176455,https://www.inaturalist.org/observations/289176455,Ziziphora clinopodioides,507596,2024-07-06,2024-07-06 19:16:44+05:00,43.0990611667,76.952995,,,5.0,research,cc-by-nc,"Японская дорога, Алмаатинская область, KZ",manana_isla,inside,inside,2024-07-06,day,iNaturalist observed_on parsed as calendar day,eligible,species-level iNaturalist query; no higher-rank query flag in source screening,True
Ziziphora clinopodioides,Ziziphora_clinopodioides.json,227700562,https://www.inaturalist.org/observations/227700562,Ziziphora clinopodioides,507596,2024-07-07,2024-07-07 10:32:39+05:00,44.8450866667,78.6561133333,,,361.0,research,,"Мраморная, Талды-Курган, KZ",fedor_k,inside,inside,2024-07-07,day,iNaturalist observed_on parsed as calendar day,eligible,species-level iNaturalist query; no higher-rank query flag in source screening,True
Ziziphora clinopodioides,Ziziphora_clinopodioides.json,229063749,https://www.inaturalist.org/observations/229063749,Ziziphora clinopodioides,507596,2024-07-13,2024-07-13 21:03:06,43.2664939,76.9496812997,,,,needs_id,,"050000 Алматы, Казахстан",olga33812,inside,inside,2024-07-13,day,iNaturalist observed_on parsed as calendar day,eligible,species-level iNaturalist query; no higher-rank query flag in source screening,True
Ziziphora clinopodioides,Ziziphora_clinopodioides.json,229451528,https://www.inaturalist.org/observations/229451528,Ziziphora clinopodioides,507596,2024-07-14,2024-07-14 12:47:48,43.0988948997,76.77262,,,,research,,"District de Karasaï, Kazakhstan",karen37551,inside,inside,2024-07-14,day,iNaturalist observed_on parsed as calendar day,eligible,species-level iNaturalist query; no higher-rank query flag in source screening,True
Ziziphora clinopodioides,Ziziphora_clinopodioides.json,230529551,https://www.inaturalist.org/observations/230529551,Ziziphora clinopodioides,507596,2024-07-20,2024/07/20 08:25,43.09916,76.95282,,,,research,cc-by-nc,"Медеуский район, Алматы, Казахстан",nkanunnikov,inside,inside,2024-07-20,day,iNaturalist observed_on parsed as calendar day,eligible,species-level iNaturalist query; no higher-rank query flag in source screening,True
Ziziphora clinopodioides,Ziziphora_clinopodioides.json,230529554,https://www.inaturalist.org/observations/230529554,Ziziphora clinopodioides,507596,2024-07-20,2024/07/20 08:26,43.0993583333,76.9526283333,,,,research,cc-by-nc,"Медеуский район, Алматы, Казахстан",nkanunnikov,inside,inside,2024-07-20,day,iNaturalist observed_on parsed as calendar day,eligible,species-level iNaturalist query; no higher-rank query flag in source screening,True
Ziziphora clinopodioides,Ziziphora_clinopodioides.json,230759783,https://www.inaturalist.org/observations/230759783,Ziziphora clinopodioides,507596,2024-07-21,2024/07/21 10:59,43.2482116667,77.403595,,,,needs_id,cc-by-nc,"Талгарский район, Казахстан",nkanunnikov,inside,inside,2024-07-21,day,iNaturalist observed_on parsed as calendar day,eligible,species-level iNaturalist query; no higher-rank query flag in source screening,True
Ziziphora clinopodioides,Ziziphora_clinopodioides.json,232660353,https://www.inaturalist.org/observations/232660353,Ziziphora clinopodioides,507596,2024-07-25,2024/07/25 14:21,43.1020380258,79.3423592919,,,488.0,research,cc-by,"Kegen District, Казахстан",elanaky,inside,inside,2024-07-25,day,iNaturalist observed_on parsed as calendar day,eligible,species-level iNaturalist query; no higher-rank query flag in source screening,True
Ziziphora clinopodioides,Ziziphora_clinopodioides.json,232660355,https://www.inaturalist.org/observations/232660355,Ziziphora clinopodioides,507596,2024-07-25,2024/07/25 14:23,43.0964997821,79.3450077693,,,488.0,research,cc-by,"Kegen District, Казахстан",elanaky,inside,inside,2024-07-25,day,iNaturalist observed_on parsed as calendar day,eligible,species-level iNaturalist query; no higher-rank query flag in source screening,True
Ziziphora clinopodioides,Ziziphora_clinopodioides.json,233061359,https://www.inaturalist.org/observations/233061359,Ziziphora clinopodioides,507596,2024-07-25,2024/07/25 17:24,43.1514575615,79.5798008244,,,3906.0,research,cc-by,"Raiymbekskiy, KZ-AA, KZ",elanaky,inside,inside,2024-07-25,day,iNaturalist observed_on parsed as calendar day,eligible,species-level iNaturalist query; no higher-rank query flag in source screening,True
Ziziphora clinopodioides,Ziziphora_clinopodioides.json,233668257,https://www.inaturalist.org/observations/233668257,Ziziphora clinopodioides bungeana,963543,2024-08-02,2024-08-02 12:05:30+05:00,45.6771383333,80.6588666667,,,2234.0,needs_id,cc-by-nc,"Taldy Kurgan, KZ",kastani,inside,inside,2024-08-02,day,iNaturalist observed_on parsed as calendar day,eligible,species-level iNaturalist query; no higher-rank query flag in source screening,True
Ziziphora clinopodioides,Ziziphora_clinopodioides.json,233904945,https://www.inaturalist.org/observations/233904945,Ziziphora clinopodioides,507596,2024-08-02,2024-08-02 16:15:18+05:00,45.7849966667,81.3916866667,,,24.0,needs_id,cc-by-nc,"КВ96, Taldy Kurgan, KZ",kastani,inside,inside,2024-08-02,day,iNaturalist observed_on parsed as calendar day,eligible,species-level iNaturalist query; no higher-rank query flag in source screening,True
Ziziphora clinopodioides,Ziziphora_clinopodioides.json,233919624,https://www.inaturalist.org/observations/233919624,Ziziphora clinopodioides,507596,2024-08-03,2024-08-03 08:14:09+05:00,45.8268783333,81.0798945,,,8.0,needs_id,cc-by-nc,"Taldy Kurgan, KZ",kastani,inside,inside,2024-08-03,day,iNaturalist observed_on parsed as calendar day,eligible,species-level iNaturalist query; no higher-rank query flag in source screening,True
Ziziphora clinopodioides,Ziziphora_clinopodioides.json,233919674,https://www.inaturalist.org/observations/233919674,Ziziphora clinopodioides,507596,2024-08-03,2024-08-03 08:14:13+05:00,45.826875,81.0798805,,,8.0,needs_id,cc-by-nc,"Taldy Kurgan, KZ",kastani,inside,inside,2024-08-03,day,iNaturalist observed_on parsed as calendar day,eligible,species-level iNaturalist query; no higher-rank query flag in source screening,True
Ziziphora clinopodioides,Ziziphora_clinopodioides.json,235374039,https://www.inaturalist.org/observations/235374039,Ziziphora clinopodioides,507596,2024-08-04,2024-08-04 09:48:36+05:00,45.8185966667,81.0652,,,4.0,needs_id,cc-by-nc,"Бөгенбай батыр көшесі, Дзержинское, Талды-Курган, KZ",kastani,inside,inside,2024-08-04,day,iNaturalist observed_on parsed as calendar day,eligible,species-level iNaturalist query; no higher-rank query flag in source screening,True
Ziziphora clinopodioides,Ziziphora_clinopodioides.json,235374240,https://www.inaturalist.org/observations/235374240,Ziziphora clinopodioides,507596,2024-08-04,2024-08-04 09:48:43+05:00,45.81858,81.0652083333,,,4.0,needs_id,cc-by-nc,"Бөгенбай батыр көшесі, Дзержинское, Талды-Курган, KZ",kastani,inside,inside,2024-08-04,day,iNaturalist observed_on parsed as calendar day,eligible,species-level iNaturalist query; no higher-rank query flag in source screening,True
Ziziphora clinopodioides,Ziziphora_clinopodioides.json,235375323,https://www.inaturalist.org/observations/235375323,Ziziphora clinopodioides,507596,2024-08-04,2024-08-04 09:50:18+05:00,45.8186083333,81.0654138333,,,4.0,needs_id,cc-by-nc,"Бөгенбай батыр көшесі, Дзержинское, Талды-Курган, KZ",kastani,inside,inside,2024-08-04,day,iNaturalist observed_on parsed as calendar day,eligible,species-level iNaturalist query; no higher-rank query flag in source screening,True
Ziziphora clinopodioides,Ziziphora_clinopodioides.json,235405298,https://www.inaturalist.org/observations/235405298,Ziziphora clinopodioides,507596,2024-08-04,2024-08-04 10:33:40+05:00,45.825655,81.0755,,,4.0,needs_id,cc-by-nc,"Талды-Курган, KZ",kastani,inside,inside,2024-08-04,day,iNaturalist observed_on parsed as calendar day,eligible,species-level iNaturalist query; no higher-rank query flag in source screening,True
Ziziphora clinopodioides,Ziziphora_clinopodioides.json,235479668,https://www.inaturalist.org/observations/235479668,Ziziphora clinopodioides,507596,2024-08-04,2024-08-04 11:15:05+05:00,45.82798,81.0781111667,,,6.0,needs_id,cc-by-nc,"Талды-Курган, KZ",kastani,inside,inside,2024-08-04,day,iNaturalist observed_on parsed as calendar day,eligible,species-level iNaturalist query; no higher-rank query flag in source screening,True
Ziziphora clinopodioides,Ziziphora_clinopodioides.json,235495011,https://www.inaturalist.org/observations/235495011,Ziziphora clinopodioides,507596,2024-08-04,2024-08-04 11:50:54+05:00,45.8276466667,81.0781945,,,4.0,needs_id,cc-by-nc,"Талды-Курган, KZ",kastani,inside,inside,2024-08-04,day,iNaturalist observed_on parsed as calendar day,eligible,species-level iNaturalist query; no higher-rank query flag in source screening,True
Ziziphora clinopodioides,Ziziphora_clinopodioides.json,238012248,https://www.inaturalist.org/observations/238012248,Ziziphora clinopodioides,507596,2024-08-22,2024/08/22 14:23,43.2174218997,77.7557831,,,,needs_id,cc-by-nc,"Енбекшиказахский район, Казахстан",svetlanakushkova,inside,inside,2024-08-22,day,iNaturalist observed_on parsed as calendar day,eligible,species-level iNaturalist query; no higher-rank query flag in source screening,True
Ziziphora clinopodioides,Ziziphora_clinopodioides.json,246967578,https://www.inaturalist.org/observations/246967578,Ziziphora clinopodioides,507596,2024-08-27,2024/08/27 12:32,43.2544616944,77.4789318889,,,,research,cc-by-nc,"Талгарский район, Казахстан",svetlanakushkova,inside,inside,2024-08-27,day,iNaturalist observed_on parsed as calendar day,eligible,species-level iNaturalist query; no higher-rank query flag in source screening,True
Ziziphora clinopodioides,Ziziphora_clinopodioides.json,238934227,https://www.inaturalist.org/observations/238934227,Ziziphora clinopodioides,507596,2024-08-30,2024/08/30 14:58,43.116448,76.91881,,,,research,cc-by-nc,"Бостандыкский район, Алматы, Казахстан",atamat,inside,inside,2024-08-30,day,iNaturalist observed_on parsed as calendar day,eligible,species-level iNaturalist query; no higher-rank query flag in source screening,True
Ziziphora clinopodioides,Ziziphora_clinopodioides.json,239212336,https://www.inaturalist.org/observations/239212336,Ziziphora clinopodioides,507596,2024-08-30,2024/08/30 15:24,43.116589,76.921887,,,,research,cc-by-nc,"Бостандыкский район, Алматы, Казахстан",atamat,inside,inside,2024-08-30,day,iNaturalist observed_on parsed as calendar day,eligible,species-level iNaturalist query; no higher-rank query flag in source screening,True
Ziziphora clinopodioides,Ziziphora_clinopodioides.json,240028333,https://www.inaturalist.org/observations/240028333,Ziziphora clinopodioides,507596,2024-08-30,2024/08/30 16:15,43.116031,76.926868,,,,research,cc-by-nc,"Бостандыкский район, Алматы, Казахстан",atamat,inside,inside,2024-08-30,day,iNaturalist observed_on parsed as calendar day,eligible,species-level iNaturalist query; no higher-rank query flag in source screening,True
Ziziphora clinopodioides,Ziziphora_clinopodioides.json,253091881,https://www.inaturalist.org/observations/253091881,Ziziphora clinopodioides,507596,2024-08-30,2024/08/30 17:44,43.107441,76.950418,,,,research,cc-by-nc,"Медеуский район, Алматы, Казахстан",atamat,inside,inside,2024-08-30,day,iNaturalist observed_on parsed as calendar day,eligible,species-level iNaturalist query; no higher-rank query flag in source screening,True
Ziziphora clinopodioides,Ziziphora_clinopodioides.json,253095027,https://www.inaturalist.org/observations/253095027,Ziziphora clinopodioides,507596,2024-08-30,2024/08/30 18:01,43.104272,76.951162,,,,research,cc-by-nc,"Медеуский район, Алматы, Казахстан",atamat,inside,inside,2024-08-30,day,iNaturalist observed_on parsed as calendar day,eligible,species-level iNaturalist query; no higher-rank query flag in source screening,True
Ziziphora clinopodioides,Ziziphora_clinopodioides.json,241490634,https://www.inaturalist.org/observations/241490634,Ziziphora clinopodioides,507596,2024-09-04,2024/09/04 10:24,42.9863281,78.3227753,,,,research,cc-by-nc,"Kegen District, Kazakhstan",henrikbjerreso,inside,inside,2024-09-04,day,iNaturalist observed_on parsed as calendar day,eligible,species-level iNaturalist query; no higher-rank query flag in source screening,True
Ziziphora clinopodioides,Ziziphora_clinopodioides.json,252529122,https://www.inaturalist.org/observations/252529122,Ziziphora clinopodioides,507596,2024-09-20,2024/09/20 17:56,43.195334,77.1282759722,,,,needs_id,cc-by-nc,"Медеуский район, Алматы, Казахстан",atamat,inside,inside,2024-09-20,day,iNaturalist observed_on parsed as calendar day,eligible,species-level iNaturalist query; no higher-rank query flag in source screening,True
Ziziphora clinopodioides,Ziziphora_clinopodioides.json,252892309,https://www.inaturalist.org/observations/252892309,Ziziphora clinopodioides,507596,2024-11-24,2024-11-24 13:33:22,43.1576004028,77.1076354978,,,,research,cc-by,Казахстан,ninacourlee,inside,inside,2024-11-24,day,iNaturalist observed_on parsed as calendar day,eligible,species-level iNaturalist query; no higher-rank query flag in source screening,True
Ziziphora clinopodioides,Ziziphora_clinopodioides.json,252865433,https://www.inaturalist.org/observations/252865433,Ziziphora clinopodioides,507596,2024-11-24,2024-11-24 14:58:34,43.1625671386,77.0942611692,,,,needs_id,cc-by,"Talgarskiy, KZ-AA, KZ",ninacourlee,inside,inside,2024-11-24,day,iNaturalist observed_on parsed as calendar day,eligible,species-level iNaturalist query; no higher-rank query flag in source screening,True
Ziziphora clinopodioides,Ziziphora_clinopodioides.json,252865152,https://www.inaturalist.org/observations/252865152,Ziziphora clinopodioides,507596,2024-11-24,2024-11-24 15:03:22,43.1626281736,77.0940322875,,,,needs_id,cc-by,Казахстан,ninacourlee,inside,inside,2024-11-24,day,iNaturalist observed_on parsed as calendar day,eligible,species-level iNaturalist query; no higher-rank query flag in source screening,True
Ziziphora clinopodioides,Ziziphora_clinopodioides.json,287013825,https://www.inaturalist.org/observations/287013825,Ziziphora clinopodioides,507596,2025-04-04,2025/04/04 12:24,43.2719270926,75.7854627713,,,1118.0,research,cc-by,"Жамбылский район, Казахстан",elanaky,inside,inside,2025-04-04,day,iNaturalist observed_on parsed as calendar day,eligible,species-level iNaturalist query; no higher-rank query flag in source screening,True
Ziziphora clinopodioides,Ziziphora_clinopodioides.json,287013843,https://www.inaturalist.org/observations/287013843,Ziziphora clinopodioides,507596,2025-04-04,2025/04/04 12:36,43.2719270926,75.7854627713,,,1118.0,research,cc-by,"Жамбылский район, Казахстан",elanaky,inside,inside,2025-04-04,day,iNaturalist observed_on parsed as calendar day,eligible,species-level iNaturalist query; no higher-rank query flag in source screening,True
Ziziphora clinopodioides,Ziziphora_clinopodioides.json,268956131,https://www.inaturalist.org/observations/268956131,Ziziphora clinopodioides,507596,2025-04-06,2025-04-06 13:45:01,43.1151051014,76.9280458242,,,239.0,research,cc-by-nc,"4W8H+7HC, Алматы, Казахстан",svetlanasp,inside,inside,2025-04-06,day,iNaturalist observed_on parsed as calendar day,eligible,species-level iNaturalist query; no higher-rank query flag in source screening,True
Ziziphora clinopodioides,Ziziphora_clinopodioides.json,272446400,https://www.inaturalist.org/observations/272446400,Ziziphora clinopodioides,507596,2025-04-21,2025-04-21 15:03:22+05:00,43.1067350223,76.9419273602,,,9.0,research,cc-by-nc,"Японская дорога, Алмаатинская область, KZ",carnivora,inside,inside,2025-04-21,day,iNaturalist observed_on parsed as calendar day,eligible,species-level iNaturalist query; no higher-rank query flag in source screening,True
Ziziphora clinopodioides,Ziziphora_clinopodioides.json,273510307,https://www.inaturalist.org/observations/273510307,Ziziphora clinopodioides,507596,2025-04-25,2025/04/25 12:06,43.1276130556,76.9121551389,,,,research,cc-by,"Бостандыкский район, Алматы, Казахстан",alexanderdubynin,inside,inside,2025-04-25,day,iNaturalist observed_on parsed as calendar day,eligible,species-level iNaturalist query; no higher-rank query flag in source screening,True
Ziziphora clinopodioides,Ziziphora_clinopodioides.json,273510315,https://www.inaturalist.org/observations/273510315,Ziziphora clinopodioides,507596,2025-04-25,2025/04/25 12:07,43.1276130556,76.9121551389,,,,research,cc-by,"Бостандыкский район, Алматы, Казахстан",alexanderdubynin,inside,inside,2025-04-25,day,iNaturalist observed_on parsed as calendar day,eligible,species-level iNaturalist query; no higher-rank query flag in source screening,True
Ziziphora clinopodioides,Ziziphora_clinopodioides.json,273515337,https://www.inaturalist.org/observations/273515337,Ziziphora clinopodioides,507596,2025-04-25,2025/04/25 12:26,43.127616,76.9125439997,,,,research,cc-by,"Бостандыкский район, Алматы, Казахстан",alexanderdubynin,inside,inside,2025-04-25,day,iNaturalist observed_on parsed as calendar day,eligible,species-level iNaturalist query; no higher-rank query flag in source screening,True
Ziziphora clinopodioides,Ziziphora_clinopodioides.json,273126753,https://www.inaturalist.org/observations/273126753,Ziziphora clinopodioides,507596,2025-04-25,2025-04-25 14:47:21,43.1736080136,77.0791598037,,,186.0,research,cc-by,"53FJ+R5F Bobcat meadow, Алматы, Казахстан",elanaky,inside,inside,2025-04-25,day,iNaturalist observed_on parsed as calendar day,eligible,species-level iNaturalist query; no higher-rank query flag in source screening,True
Ziziphora clinopodioides,Ziziphora_clinopodioides.json,277324324,https://www.inaturalist.org/observations/277324324,Ziziphora clinopodioides,507596,2025-04-26,2025/04/26 12:42,43.9685803519,77.6546579465,,,1478.0,research,cc-by,"Qonayev, Казахстан",elanaky,inside,inside,2025-04-26,day,iNaturalist observed_on parsed as calendar day,eligible,species-level iNaturalist query; no higher-rank query flag in source screening,True
Ziziphora clinopodioides,Ziziphora_clinopodioides.json,277324325,https://www.inaturalist.org/observations/277324325,Ziziphora clinopodioides,507596,2025-04-26,2025/04/26 12:42,43.9685803519,77.6546579465,,,1478.0,research,cc-by,"Qonayev, Казахстан",elanaky,inside,inside,2025-04-26,day,iNaturalist observed_on parsed as calendar day,eligible,species-level iNaturalist query; no higher-rank query flag in source screening,True
Ziziphora clinopodioides,Ziziphora_clinopodioides.json,277324327,https://www.inaturalist.org/observations/277324327,Ziziphora clinopodioides,507596,2025-04-26,2025/04/26 12:42,43.9685803519,77.6546579465,,,1478.0,research,cc-by,"Qonayev, Казахстан",elanaky,inside,inside,2025-04-26,day,iNaturalist observed_on parsed as calendar day,eligible,species-level iNaturalist query; no higher-rank query flag in source screening,True
Ziziphora clinopodioides,Ziziphora_clinopodioides.json,277324346,https://www.inaturalist.org/observations/277324346,Ziziphora clinopodioides,507596,2025-04-26,2025/04/26 12:42,43.9685803519,77.6546579465,,,1478.0,research,cc-by,"Qonayev, Казахстан",elanaky,inside,inside,2025-04-26,day,iNaturalist observed_on parsed as calendar day,eligible,species-level iNaturalist query; no higher-rank query flag in source screening,True
Ziziphora clinopodioides,Ziziphora_clinopodioides.json,279654485,https://www.inaturalist.org/observations/279654485,Ziziphora clinopodioides,507596,2025-05-09,2025-05-09 13:15:33,43.0983639722,76.9546079722,,,,research,cc-by,"Медеуский район, Алматы, Казахстан",eoperipatustotoro,inside,inside,2025-05-09,day,iNaturalist observed_on parsed as calendar day,eligible,species-level iNaturalist query; no higher-rank query flag in source screening,True
Ziziphora clinopodioides,Ziziphora_clinopodioides.json,291411381,https://www.inaturalist.org/observations/291411381,Ziziphora clinopodioides,507596,2025-06-21,2025-06-21 08:16:51,43.0983572,76.9544109997,,,,research,cc-by-nc,"Медеуский район, Алматы, Казахстан",nkanunnikov,inside,inside,2025-06-21,day,iNaturalist observed_on parsed as calendar day,eligible,species-level iNaturalist query; no higher-rank query flag in source screening,True
Ziziphora clinopodioides,Ziziphora_clinopodioides.json,291636105,https://www.inaturalist.org/observations/291636105,Ziziphora clinopodioides,507596,2025-06-22,2025-06-22 05:07:26,43.005895,78.3384,,,4.0,research,,"Kegen District, Казахстан",olgaastafurova,inside,inside,2025-06-22,day,iNaturalist observed_on parsed as calendar day,eligible,species-level iNaturalist query; no higher-rank query flag in source screening,True
Ziziphora clinopodioides,Ziziphora_clinopodioides.json,295048062,https://www.inaturalist.org/observations/295048062,Ziziphora clinopodioides,507596,2025-06-22,2025/06/22 12:31,43.1076075325,76.8455565487,,,1192.0,research,cc-by,"Карасайский район, Казахстан",elanaky,inside,inside,2025-06-22,day,iNaturalist observed_on parsed as calendar day,eligible,species-level iNaturalist query; no higher-rank query flag in source screening,True
Ziziphora clinopodioides,Ziziphora_clinopodioides.json,294134827,https://www.inaturalist.org/observations/294134827,Ziziphora clinopodioides,507596,2025-06-26,2025-06-26 17:46:40,43.1624888889,77.0474472222,,,,research,cc-by-nc,"Медеуский район, Алматы, Казахстан",islam_galymzhanov,inside,inside,2025-06-26,day,iNaturalist observed_on parsed as calendar day,eligible,species-level iNaturalist query; no higher-rank query flag in source screening,True
Ziziphora clinopodioides,Ziziphora_clinopodioides.json,294611937,https://www.inaturalist.org/observations/294611937,Ziziphora clinopodioides,507596,2025-07-02,2025-07-02 17:35:01,43.1623233997,77.0924413,,,,research,cc-by-nc,"536V+7C, Алматы, Казахстан",svetlanasp,inside,inside,2025-07-02,day,iNaturalist observed_on parsed as calendar day,eligible,species-level iNaturalist query; no higher-rank query flag in source screening,True
Ziziphora clinopodioides,Ziziphora_clinopodioides.json,300956345,https://www.inaturalist.org/observations/300956345,Ziziphora clinopodioides,507596,2025-07-04,2025-07-04 12:16:38,43.1447948343,77.005880177,,,374.0,research,cc-by-nc,"42V3+CJ Вид Алматы с качели, Алматы, Казахстан",adilmurat,inside,inside,2025-07-04,day,iNaturalist observed_on parsed as calendar day,eligible,species-level iNaturalist query; no higher-rank query flag in source screening,True
Ziziphora clinopodioides,Ziziphora_clinopodioides.json,300956691,https://www.inaturalist.org/observations/300956691,Ziziphora clinopodioides,507596,2025-07-04,2025-07-04 12:16:58,43.1439882944,77.0053983852,,,455.0,research,cc-by-nc,"42V3+CJ Вид Алматы с качели, Алматы, Казахстан",adilmurat,inside,inside,2025-07-04,day,iNaturalist observed_on parsed as calendar day,eligible,species-level iNaturalist query; no higher-rank query flag in source screening,True
Ziziphora clinopodioides,Ziziphora_clinopodioides.json,314037718,https://www.inaturalist.org/observations/314037718,Ziziphora clinopodioides,507596,2025-07-07,2025/07/07 09:32,42.8879595398,78.6827291633,,,977.0,research,cc-by,"Kegen District, Казахстан",elanaky,inside,inside,2025-07-07,day,iNaturalist observed_on parsed as calendar day,eligible,species-level iNaturalist query; no higher-rank query flag in source screening,True
