query_species,source_file,gbif_key,occurrence_id,species_original,species_accepted,taxon_key,latitude,longitude,coordinate_uncertainty_m,geodetic_datum,event_date,year,month,day,basis_of_record,occurrence_status,dataset_name,institution_code,collection_code,license,country,state_province,locality,candidate_boundary_status,sensitivity_10km_status,spatial_rejection_reason
Abies sibirica,Abies_sibirica.json,6179283510,https://www.inaturalist.org/observations/342079080,Abies sibirica Ledeb.,Abies sibirica Ledeb.,2685654,50.551687,83.746779,1145,WGS84,05-Mar-26 12:22:57,2026,3,5,HUMAN_OBSERVATION,PRESENT,iNaturalist research-grade observations,iNaturalist,Observations,http://creativecommons.org/licenses/by-nc/4.0/legalcode,Kazakhstan,East Kazakhstan,,outside,outside,outside_candidate_almaty_region
Abies sibirica,Abies_sibirica.json,6399169797,https://www.inaturalist.org/observations/371884421,Abies sibirica Ledeb.,Abies sibirica Ledeb.,2685654,50.6452,83.801195,,WGS84,14-Jun-26 11:03:08,2026,6,14,HUMAN_OBSERVATION,PRESENT,iNaturalist research-grade observations,iNaturalist,Observations,http://creativecommons.org/licenses/by-nc/4.0/legalcode,Kazakhstan,East Kazakhstan,,outside,outside,outside_candidate_almaty_region
Abies sibirica,Abies_sibirica.json,6422025108,https://www.inaturalist.org/observations/376538005,Abies sibirica Ledeb.,Abies sibirica Ledeb.,2685654,50.346279,83.729203,122,WGS84,2026-06-26T12:39,2026,6,26,HUMAN_OBSERVATION,PRESENT,iNaturalist research-grade observations,iNaturalist,Observations,http://creativecommons.org/licenses/by-nc/4.0/legalcode,Kazakhstan,East Kazakhstan,,outside,outside,outside_candidate_almaty_region
Abies sibirica,Abies_sibirica.json,6422049784,https://www.inaturalist.org/observations/376518850,Abies sibirica Ledeb.,Abies sibirica Ledeb.,2685654,50.445094,83.801131,61,WGS84,2026-06-25T16:59,2026,6,25,HUMAN_OBSERVATION,PRESENT,iNaturalist research-grade observations,iNaturalist,Observations,http://creativecommons.org/licenses/by-nc/4.0/legalcode,Kazakhstan,East Kazakhstan,,outside,outside,outside_candidate_almaty_region
Abies sibirica,Abies_sibirica.json,6422331722,https://www.inaturalist.org/observations/376504326,Abies sibirica Ledeb.,Abies sibirica Ledeb.,2685654,50.524696,83.680335,122,WGS84,2026-06-25T14:16,2026,6,25,HUMAN_OBSERVATION,PRESENT,iNaturalist research-grade observations,iNaturalist,Observations,http://creativecommons.org/licenses/by-nc/4.0/legalcode,Kazakhstan,East Kazakhstan,,outside,outside,outside_candidate_almaty_region
Abies sibirica,Abies_sibirica.json,6422423634,https://www.inaturalist.org/observations/376502035,Abies sibirica Ledeb.,Abies sibirica Ledeb.,2685654,50.533933,83.670412,61,WGS84,2026-06-25T12:35,2026,6,25,HUMAN_OBSERVATION,PRESENT,iNaturalist research-grade observations,iNaturalist,Observations,http://creativecommons.org/licenses/by-nc/4.0/legalcode,Kazakhstan,East Kazakhstan,,outside,outside,outside_candidate_almaty_region
Abies sibirica,Abies_sibirica.json,6422451017,https://www.inaturalist.org/observations/376507853,Abies sibirica Ledeb.,Abies sibirica Ledeb.,2685654,50.543698,83.664938,15,WGS84,2026-06-25T14:28,2026,6,25,HUMAN_OBSERVATION,PRESENT,iNaturalist research-grade observations,iNaturalist,Observations,http://creativecommons.org/licenses/by-nc/4.0/legalcode,Kazakhstan,East Kazakhstan,,outside,outside,outside_candidate_almaty_region
Abies sibirica,Abies_sibirica.json,6422540845,https://www.inaturalist.org/observations/376498494,Abies sibirica Ledeb.,Abies sibirica Ledeb.,2685654,50.542845,83.676497,122,WGS84,2026-06-25T12:03,2026,6,25,HUMAN_OBSERVATION,PRESENT,iNaturalist research-grade observations,iNaturalist,Observations,http://creativecommons.org/licenses/by-nc/4.0/legalcode,Kazakhstan,East Kazakhstan,,outside,outside,outside_candidate_almaty_region
Abies sibirica,Abies_sibirica.json,6422557765,https://www.inaturalist.org/observations/376497984,Abies sibirica Ledeb.,Abies sibirica Ledeb.,2685654,50.527282,83.658796,31,WGS84,2026-06-25T12:00,2026,6,25,HUMAN_OBSERVATION,PRESENT,iNaturalist research-grade observations,iNaturalist,Observations,http://creativecommons.org/licenses/by-nc/4.0/legalcode,Kazakhstan,East Kazakhstan,,outside,outside,outside_candidate_almaty_region
Abies sibirica,Abies_sibirica.json,6422813415,https://www.inaturalist.org/observations/376508913,Abies sibirica Ledeb.,Abies sibirica Ledeb.,2685654,50.543542,83.665383,31,WGS84,2026-06-25T14:33,2026,6,25,HUMAN_OBSERVATION,PRESENT,iNaturalist research-grade observations,iNaturalist,Observations,http://creativecommons.org/licenses/by-nc/4.0/legalcode,Kazakhstan,East Kazakhstan,,outside,outside,outside_candidate_almaty_region
Abies sibirica,Abies_sibirica.json,6423106817,https://www.inaturalist.org/observations/376509523,Abies sibirica Ledeb.,Abies sibirica Ledeb.,2685654,50.544537,83.666541,31,WGS84,2026-06-25T14:51,2026,6,25,HUMAN_OBSERVATION,PRESENT,iNaturalist research-grade observations,iNaturalist,Observations,http://creativecommons.org/licenses/by-nc/4.0/legalcode,Kazakhstan,East Kazakhstan,,outside,outside,outside_candidate_almaty_region
Abies sibirica,Abies_sibirica.json,6451830103,https://www.inaturalist.org/observations/382174492,Abies sibirica Ledeb.,Abies sibirica Ledeb.,2685654,50.379611,84.010172,7,WGS84,14-Jul-26 09:42:33,2026,7,14,HUMAN_OBSERVATION,PRESENT,iNaturalist research-grade observations,iNaturalist,Observations,http://creativecommons.org/licenses/by/4.0/legalcode,Kazakhstan,East Kazakhstan,,outside,outside,outside_candidate_almaty_region
Abies sibirica,Abies_sibirica.json,6452229448,https://www.inaturalist.org/observations/382173979,Abies sibirica Ledeb.,Abies sibirica Ledeb.,2685654,50.390914,84.002903,4,WGS84,12-Jul-26 15:25:28,2026,7,12,HUMAN_OBSERVATION,PRESENT,iNaturalist research-grade observations,iNaturalist,Observations,http://creativecommons.org/licenses/by/4.0/legalcode,Kazakhstan,East Kazakhstan,,outside,outside,outside_candidate_almaty_region
Abies sibirica,Abies_sibirica.json,6452516849,https://www.inaturalist.org/observations/382159481,Abies sibirica Ledeb.,Abies sibirica Ledeb.,2685654,50.409287,84.021729,3,WGS84,08-Jul-26 12:12:47,2026,7,8,HUMAN_OBSERVATION,PRESENT,iNaturalist research-grade observations,iNaturalist,Observations,http://creativecommons.org/licenses/by/4.0/legalcode,Kazakhstan,East Kazakhstan,,outside,outside,outside_candidate_almaty_region
Abies sibirica,Abies_sibirica.json,6452652608,https://www.inaturalist.org/observations/382172832,Abies sibirica Ledeb.,Abies sibirica Ledeb.,2685654,50.386946,84.065703,,WGS84,10-Jul-26 17:22:01,2026,7,10,HUMAN_OBSERVATION,PRESENT,iNaturalist research-grade observations,iNaturalist,Observations,http://creativecommons.org/licenses/by/4.0/legalcode,Kazakhstan,East Kazakhstan,,outside,outside,outside_candidate_almaty_region
Abies sibirica,Abies_sibirica.json,5205916458,https://www.inaturalist.org/observations/291789247,Abies sibirica Ledeb.,Abies sibirica Ledeb.,2685654,50.48513,83.670143,3,WGS84,22-Jun-25 17:01:33,2025,6,22,HUMAN_OBSERVATION,PRESENT,iNaturalist research-grade observations,iNaturalist,Observations,http://creativecommons.org/licenses/by/4.0/legalcode,Kazakhstan,East Kazakhstan,,outside,outside,outside_candidate_almaty_region
Abies sibirica,Abies_sibirica.json,5206123475,https://www.inaturalist.org/observations/291785225,Abies sibirica Ledeb.,Abies sibirica Ledeb.,2685654,50.456807,83.6642,,WGS84,22-Jun-25 11:02:20,2025,6,22,HUMAN_OBSERVATION,PRESENT,iNaturalist research-grade observations,iNaturalist,Observations,http://creativecommons.org/licenses/by/4.0/legalcode,Kazakhstan,East Kazakhstan,,outside,outside,outside_candidate_almaty_region
Abies sibirica,Abies_sibirica.json,5206245798,https://www.inaturalist.org/observations/290631890,Abies sibirica Ledeb.,Abies sibirica Ledeb.,2685654,50.353406,83.892867,4,WGS84,2025-06-14T10:04,2025,6,14,HUMAN_OBSERVATION,PRESENT,iNaturalist research-grade observations,iNaturalist,Observations,http://creativecommons.org/licenses/by-nc/4.0/legalcode,Kazakhstan,East Kazakhstan,,outside,outside,outside_candidate_almaty_region
Abies sibirica,Abies_sibirica.json,5206562216,https://www.inaturalist.org/observations/291456337,Abies sibirica Ledeb.,Abies sibirica Ledeb.,2685654,50.244117,83.231723,3,WGS84,21-Jun-25 15:45:46,2025,6,21,HUMAN_OBSERVATION,PRESENT,iNaturalist research-grade observations,iNaturalist,Observations,http://creativecommons.org/licenses/by/4.0/legalcode,Kazakhstan,East Kazakhstan,,outside,outside,outside_candidate_almaty_region
Abies sibirica,Abies_sibirica.json,5206591293,https://www.inaturalist.org/observations/291453184,Abies sibirica Ledeb.,Abies sibirica Ledeb.,2685654,50.237543,83.230818,4,WGS84,21-Jun-25 14:56:56,2025,6,21,HUMAN_OBSERVATION,PRESENT,iNaturalist research-grade observations,iNaturalist,Observations,http://creativecommons.org/licenses/by/4.0/legalcode,Kazakhstan,East Kazakhstan,,outside,outside,outside_candidate_almaty_region
Abies sibirica,Abies_sibirica.json,5206644479,https://www.inaturalist.org/observations/291787702,Abies sibirica Ledeb.,Abies sibirica Ledeb.,2685654,50.558677,83.662258,,WGS84,22-Jun-25 15:24:55,2025,6,22,HUMAN_OBSERVATION,PRESENT,iNaturalist research-grade observations,iNaturalist,Observations,http://creativecommons.org/licenses/by/4.0/legalcode,Kazakhstan,East Kazakhstan,,outside,outside,outside_candidate_almaty_region
Abies sibirica,Abies_sibirica.json,5206780458,https://www.inaturalist.org/observations/291786477,Abies sibirica Ledeb.,Abies sibirica Ledeb.,2685654,50.563275,83.663538,,WGS84,22-Jun-25 14:38:47,2025,6,22,HUMAN_OBSERVATION,PRESENT,iNaturalist research-grade observations,iNaturalist,Observations,http://creativecommons.org/licenses/by/4.0/legalcode,Kazakhstan,East Kazakhstan,,outside,outside,outside_candidate_almaty_region
Abies sibirica,Abies_sibirica.json,5215804990,https://www.inaturalist.org/observations/293996259,Abies sibirica Ledeb.,Abies sibirica Ledeb.,2685654,50.385632,84.116963,,WGS84,2025-06-20T14:05,2025,6,20,HUMAN_OBSERVATION,PRESENT,iNaturalist research-grade observations,iNaturalist,Observations,http://creativecommons.org/licenses/by/4.0/legalcode,Kazakhstan,East Kazakhstan,,outside,outside,outside_candidate_almaty_region
Abies sibirica,Abies_sibirica.json,5216078865,https://www.inaturalist.org/observations/291195920,Abies sibirica Ledeb.,Abies sibirica Ledeb.,2685654,50.380685,84.123133,,WGS84,20-Jun-25 12:43:01,2025,6,20,HUMAN_OBSERVATION,PRESENT,iNaturalist research-grade observations,iNaturalist,Observations,http://creativecommons.org/licenses/by/4.0/legalcode,Kazakhstan,East Kazakhstan,,outside,outside,outside_candidate_almaty_region
Abies sibirica,Abies_sibirica.json,5217054038,https://www.inaturalist.org/observations/295737062,Abies sibirica Ledeb.,Abies sibirica Ledeb.,2685654,50.244283,83.235036,,WGS84,2025-06-21T12:01,2025,6,21,HUMAN_OBSERVATION,PRESENT,iNaturalist research-grade observations,iNaturalist,Observations,http://creativecommons.org/licenses/by/4.0/legalcode,Kazakhstan,East Kazakhstan,,outside,outside,outside_candidate_almaty_region
Abies sibirica,Abies_sibirica.json,5237788544,https://www.inaturalist.org/observations/294003701,Abies sibirica Ledeb.,Abies sibirica Ledeb.,2685654,50.23933,83.232243,,WGS84,2025-06-21T13:36,2025,6,21,HUMAN_OBSERVATION,PRESENT,iNaturalist research-grade observations,iNaturalist,Observations,http://creativecommons.org/licenses/by/4.0/legalcode,Kazakhstan,East Kazakhstan,,outside,outside,outside_candidate_almaty_region
Abies sibirica,Abies_sibirica.json,5281813363,https://www.inaturalist.org/observations/294003760,Abies sibirica Ledeb.,Abies sibirica Ledeb.,2685654,50.241287,83.231942,,WGS84,2025-06-21T15:36,2025,6,21,HUMAN_OBSERVATION,PRESENT,iNaturalist research-grade observations,iNaturalist,Observations,http://creativecommons.org/licenses/by/4.0/legalcode,Kazakhstan,East Kazakhstan,,outside,outside,outside_candidate_almaty_region
Abies sibirica,Abies_sibirica.json,5282150006,https://www.inaturalist.org/observations/294003698,Abies sibirica Ledeb.,Abies sibirica Ledeb.,2685654,50.241107,83.23182,,WGS84,2025-06-21T13:29,2025,6,21,HUMAN_OBSERVATION,PRESENT,iNaturalist research-grade observations,iNaturalist,Observations,http://creativecommons.org/licenses/by/4.0/legalcode,Kazakhstan,East Kazakhstan,,outside,outside,outside_candidate_almaty_region
Abies sibirica,Abies_sibirica.json,5282343481,https://www.inaturalist.org/observations/293994372,Abies sibirica Ledeb.,Abies sibirica Ledeb.,2685654,50.384289,84.119255,,WGS84,2025-06-20T11:42,2025,6,20,HUMAN_OBSERVATION,PRESENT,iNaturalist research-grade observations,iNaturalist,Observations,http://creativecommons.org/licenses/by/4.0/legalcode,Kazakhstan,East Kazakhstan,,outside,outside,outside_candidate_almaty_region
Abies sibirica,Abies_sibirica.json,5282530305,https://www.inaturalist.org/observations/293994363,Abies sibirica Ledeb.,Abies sibirica Ledeb.,2685654,50.386478,84.116745,,WGS84,2025-06-20T11:26,2025,6,20,HUMAN_OBSERVATION,PRESENT,iNaturalist research-grade observations,iNaturalist,Observations,http://creativecommons.org/licenses/by/4.0/legalcode,Kazakhstan,East Kazakhstan,,outside,outside,outside_candidate_almaty_region
Abies sibirica,Abies_sibirica.json,5282638148,https://www.inaturalist.org/observations/294003733,Abies sibirica Ledeb.,Abies sibirica Ledeb.,2685654,50.237462,83.230952,,WGS84,2025-06-21T14:07,2025,6,21,HUMAN_OBSERVATION,PRESENT,iNaturalist research-grade observations,iNaturalist,Observations,http://creativecommons.org/licenses/by/4.0/legalcode,Kazakhstan,East Kazakhstan,,outside,outside,outside_candidate_almaty_region
Abies sibirica,Abies_sibirica.json,5935269262,https://www.inaturalist.org/observations/294003750,Abies sibirica Ledeb.,Abies sibirica Ledeb.,2685654,50.241087,83.231635,,WGS84,2025-06-21T15:33,2025,6,21,HUMAN_OBSERVATION,PRESENT,iNaturalist research-grade observations,iNaturalist,Observations,http://creativecommons.org/licenses/by/4.0/legalcode,Kazakhstan,East Kazakhstan,,outside,outside,outside_candidate_almaty_region
Abies sibirica,Abies_sibirica.json,5935725501,https://www.inaturalist.org/observations/294013773,Abies sibirica Ledeb.,Abies sibirica Ledeb.,2685654,50.762509,83.066552,,WGS84,2025-06-28T17:36,2025,6,28,HUMAN_OBSERVATION,PRESENT,iNaturalist research-grade observations,iNaturalist,Observations,http://creativecommons.org/licenses/by-nc/4.0/legalcode,Kazakhstan,East Kazakhstan,,outside,outside,outside_candidate_almaty_region
Abies sibirica,Abies_sibirica.json,6178813084,https://www.inaturalist.org/observations/291799870,Abies sibirica Ledeb.,Abies sibirica Ledeb.,2685654,50.45698,83.664387,3,WGS84,2025-06-22T11:03,2025,6,22,HUMAN_OBSERVATION,PRESENT,iNaturalist research-grade observations,iNaturalist,Observations,http://creativecommons.org/licenses/by/4.0/legalcode,Kazakhstan,East Kazakhstan,,outside,outside,outside_candidate_almaty_region
Abies sibirica,Abies_sibirica.json,6178900857,https://www.inaturalist.org/observations/295487641,Abies sibirica Ledeb.,Abies sibirica Ledeb.,2685654,50.237537,83.230813,,WGS84,2025-06-21T15:09,2025,6,21,HUMAN_OBSERVATION,PRESENT,iNaturalist research-grade observations,iNaturalist,Observations,http://creativecommons.org/licenses/by/4.0/legalcode,Kazakhstan,East Kazakhstan,,outside,outside,outside_candidate_almaty_region
Abies sibirica,Abies_sibirica.json,6178910827,https://www.inaturalist.org/observations/291195058,Abies sibirica Ledeb.,Abies sibirica Ledeb.,2685654,50.384958,84.117748,,WGS84,20-Jun-25 11:37:56,2025,6,20,HUMAN_OBSERVATION,PRESENT,iNaturalist research-grade observations,iNaturalist,Observations,http://creativecommons.org/licenses/by/4.0/legalcode,Kazakhstan,East Kazakhstan,,outside,outside,outside_candidate_almaty_region
Abies sibirica,Abies_sibirica.json,6179391954,https://www.inaturalist.org/observations/291234522,Abies sibirica Ledeb.,Abies sibirica Ledeb.,2685654,50.387234,84.066117,3,WGS84,20-Jun-25 14:28:53,2025,6,20,HUMAN_OBSERVATION,PRESENT,iNaturalist research-grade observations,iNaturalist,Observations,http://creativecommons.org/licenses/by/4.0/legalcode,Kazakhstan,East Kazakhstan,,outside,outside,outside_candidate_almaty_region
Abies sibirica,Abies_sibirica.json,6179403782,https://www.inaturalist.org/observations/291430377,Abies sibirica Ledeb.,Abies sibirica Ledeb.,2685654,50.242283,83.23328,7,WGS84,21-Jun-25 13:03:52,2025,6,21,HUMAN_OBSERVATION,PRESENT,iNaturalist research-grade observations,iNaturalist,Observations,http://creativecommons.org/licenses/by/4.0/legalcode,Kazakhstan,East Kazakhstan,,outside,outside,outside_candidate_almaty_region
Abies sibirica,Abies_sibirica.json,5282596395,https://www.inaturalist.org/observations/303500310,Abies sibirica Ledeb.,Abies sibirica Ledeb.,2685654,49.530918,86.511603,15,WGS84,2025-07-12T17:10,2025,7,12,HUMAN_OBSERVATION,PRESENT,iNaturalist research-grade observations,iNaturalist,Observations,http://creativecommons.org/licenses/by-nc/4.0/legalcode,Kazakhstan,East Kazakhstan,,outside,outside,outside_candidate_almaty_region
Abies sibirica,Abies_sibirica.json,5760527354,https://www.inaturalist.org/observations/307762981,Abies sibirica Ledeb.,Abies sibirica Ledeb.,2685654,49.351832,85.589575,15,WGS84,2025-07-25T17:23,2025,7,25,HUMAN_OBSERVATION,PRESENT,iNaturalist research-grade observations,iNaturalist,Observations,http://creativecommons.org/licenses/by-nc/4.0/legalcode,Kazakhstan,East Kazakhstan,,outside,outside,outside_candidate_almaty_region
Abies sibirica,Abies_sibirica.json,5935308598,https://www.inaturalist.org/observations/305495481,Abies sibirica Ledeb.,Abies sibirica Ledeb.,2685654,49.952759,84.053244,70,WGS84,10-Aug-25 15:18:23,2025,8,10,HUMAN_OBSERVATION,PRESENT,iNaturalist research-grade observations,iNaturalist,Observations,http://creativecommons.org/licenses/by-nc/4.0/legalcode,Kazakhstan,East Kazakhstan,,outside,outside,outside_candidate_almaty_region
Abies sibirica,Abies_sibirica.json,5935266549,https://www.inaturalist.org/observations/305978572,Abies sibirica Ledeb.,Abies sibirica Ledeb.,2685654,49.896253,83.831594,9,WGS84,2024-09-21T13:50,2024,9,21,HUMAN_OBSERVATION,PRESENT,iNaturalist research-grade observations,iNaturalist,Observations,http://creativecommons.org/licenses/by-nc/4.0/legalcode,Kazakhstan,East Kazakhstan,,outside,outside,outside_candidate_almaty_region
Abies sibirica,Abies_sibirica.json,4419967797,ABG00078,Abies sibirica Ledeb.,Abies sibirica Ledeb.,2685654,50.35778,83.89694,,WGS84,2023-05-23,2023,5,23,PRESERVED_SPECIMEN,PRESENT,,,ABG,http://creativecommons.org/licenses/by/4.0/legalcode,Kazakhstan,,,outside,outside,outside_candidate_almaty_region
Abies sibirica,Abies_sibirica.json,6189873038,PQ390628,Abies sibirica Ledeb.,Abies sibirica Ledeb.,2685654,50.2128,83.5349,,WGS84,2023-05-23,2023,5,23,PRESERVED_SPECIMEN,PRESENT,,,,http://creativecommons.org/licenses/by/4.0/legalcode,Kazakhstan,,,outside,outside,outside_candidate_almaty_region
Abies sibirica,Abies_sibirica.json,6179240341,https://www.inaturalist.org/observations/167323582,Abies sibirica Ledeb.,Abies sibirica Ledeb.,2685654,49.982133,82.577063,4,WGS84,02-Jun-23 15:01:03,2023,6,2,HUMAN_OBSERVATION,PRESENT,iNaturalist research-grade observations,iNaturalist,Observations,http://creativecommons.org/licenses/by-nc/4.0/legalcode,Kazakhstan,East Kazakhstan,,outside,outside,outside_candidate_almaty_region
Abies sibirica,Abies_sibirica.json,4171483751,https://www.inaturalist.org/observations/175239443,Abies sibirica Ledeb.,Abies sibirica Ledeb.,2685654,50.918667,82.916972,,WGS84,2023-07-17T05:42,2023,7,17,HUMAN_OBSERVATION,PRESENT,iNaturalist research-grade observations,iNaturalist,Observations,http://creativecommons.org/licenses/by-nc/4.0/legalcode,Kazakhstan,East Kazakhstan,,outside,outside,outside_candidate_almaty_region
Abies sibirica,Abies_sibirica.json,4171539527,https://www.inaturalist.org/observations/175318740,Abies sibirica Ledeb.,Abies sibirica Ledeb.,2685654,50.907786,82.910292,,WGS84,2023-07-17T10:02,2023,7,17,HUMAN_OBSERVATION,PRESENT,iNaturalist research-grade observations,iNaturalist,Observations,http://creativecommons.org/licenses/by-nc/4.0/legalcode,Kazakhstan,East Kazakhstan,,outside,outside,outside_candidate_almaty_region
Abies sibirica,Abies_sibirica.json,4171625517,https://www.inaturalist.org/observations/175702451,Abies sibirica Ledeb.,Abies sibirica Ledeb.,2685654,50.363057,83.701057,977,WGS84,2023-07-28T16:05,2023,7,28,HUMAN_OBSERVATION,PRESENT,iNaturalist research-grade observations,iNaturalist,Observations,http://creativecommons.org/licenses/by-nc/4.0/legalcode,Kazakhstan,East Kazakhstan,,outside,outside,outside_candidate_almaty_region
Abies sibirica,Abies_sibirica.json,4171942245,https://www.inaturalist.org/observations/176563887,Abies sibirica Ledeb.,Abies sibirica Ledeb.,2685654,50.908358,82.909226,,WGS84,17-Jul-23 15:54:33,2023,7,17,HUMAN_OBSERVATION,PRESENT,iNaturalist research-grade observations,iNaturalist,Observations,http://creativecommons.org/licenses/by-nc/4.0/legalcode,Kazakhstan,East Kazakhstan,,outside,outside,outside_candidate_almaty_region
Abies sibirica,Abies_sibirica.json,2634245597,https://www.inaturalist.org/observations/44248626,Abies sibirica Ledeb.,Abies sibirica Ledeb.,2685654,49.981303,82.537767,9408,WGS84,29-Apr-20 13:28:36,2020,4,29,HUMAN_OBSERVATION,PRESENT,iNaturalist research-grade observations,iNaturalist,Observations,http://creativecommons.org/licenses/by-nc/4.0/legalcode,Kazakhstan,East Kazakhstan,,outside,outside,outside_candidate_almaty_region
Abies sibirica,Abies_sibirica.json,4597124976,https://www.inaturalist.org/observations/202818853,Abies sibirica Ledeb.,Abies sibirica Ledeb.,2685654,49.97493,82.601724,3302,WGS84,2020-06-16T16:56,2020,6,16,HUMAN_OBSERVATION,PRESENT,iNaturalist research-grade observations,iNaturalist,Observations,http://creativecommons.org/licenses/by-nc/4.0/legalcode,Kazakhstan,East Kazakhstan,,outside,outside,outside_candidate_almaty_region
Abies sibirica,Abies_sibirica.json,3747215889,https://www.inaturalist.org/observations/109149874,Abies sibirica Ledeb.,Abies sibirica Ledeb.,2685654,50.938181,83.024316,15,WGS84,2016-01-30T11:34,2016,1,30,HUMAN_OBSERVATION,PRESENT,iNaturalist research-grade observations,iNaturalist,Observations,http://creativecommons.org/licenses/by-nc/4.0/legalcode,Kazakhstan,East Kazakhstan,,outside,outside,outside_candidate_almaty_region
Abies sibirica,Abies_sibirica.json,6179587565,https://www.inaturalist.org/observations/152039045,Abies sibirica Ledeb.,Abies sibirica Ledeb.,2685654,49.984844,82.910436,244,WGS84,2014-04-10T08:49,2014,4,10,HUMAN_OBSERVATION,PRESENT,iNaturalist research-grade observations,iNaturalist,Observations,http://creativecommons.org/licenses/by-nc/4.0/legalcode,Kazakhstan,East Kazakhstan,,outside,outside,outside_candidate_almaty_region
Abies sibirica,Abies_sibirica.json,4981199953,MANG12164,Abies sibirica Ledeb.,Abies sibirica Ledeb.,2685654,50.32884,83.54845,100,WGS84,2010-07-22,2010,7,22,PRESERVED_SPECIMEN,PRESENT,,,MANG,http://creativecommons.org/licenses/by/4.0/legalcode,Kazakhstan,Восточно-Казахстанская область,,outside,outside,outside_candidate_almaty_region
Abies sibirica,Abies_sibirica.json,4981199956,MANG12163,Abies sibirica Ledeb.,Abies sibirica Ledeb.,2685654,50.32884,83.54845,100,WGS84,2010-07-22,2010,7,22,PRESERVED_SPECIMEN,PRESENT,,,MANG,http://creativecommons.org/licenses/by/4.0/legalcode,Kazakhstan,Восточно-Казахстанская область,,outside,outside,outside_candidate_almaty_region
Abies sibirica,Abies_sibirica.json,4981199960,MANG12165,Abies sibirica Ledeb.,Abies sibirica Ledeb.,2685654,50.32884,83.54845,100,WGS84,2010-07-22,2010,7,22,PRESERVED_SPECIMEN,PRESENT,,,MANG,http://creativecommons.org/licenses/by/4.0/legalcode,Kazakhstan,Восточно-Казахстанская область,,outside,outside,outside_candidate_almaty_region
Abies sibirica,Abies_sibirica.json,3705791942,https://www.inaturalist.org/observations/107633396,Abies sibirica Ledeb.,Abies sibirica Ledeb.,2685654,51.023732,83.092048,100,WGS84,2001-05-23T15:45,2001,5,23,HUMAN_OBSERVATION,PRESENT,iNaturalist research-grade observations,iNaturalist,Observations,http://creativecommons.org/licenses/by-nc/4.0/legalcode,Kazakhstan,East Kazakhstan,,outside,outside,outside_candidate_almaty_region
Abies sibirica,Abies_sibirica.json,1258294446,urn:catalog:MO:Tropicos:1084960,Abies sibirica Ledeb.,Abies sibirica Ledeb.,2685654,50.375,84.03444,,WGS84,1995-08-12,1995,8,12,PRESERVED_SPECIMEN,PRESENT,Tropicos,MO,Tropicos,http://creativecommons.org/licenses/by/4.0/legalcode,Kazakhstan,East Kazakhstan,Glubokovskyi Rayon: 42 km NE of Leninogorsk. Ivanovsky Range. West Altai Reserve. Forest of Abies and Pinus.,outside,outside,outside_candidate_almaty_region
Abies sibirica,Abies_sibirica.json,1697158484,MW0000577,Abies sibirica Ledeb.,Abies sibirica Ledeb.,2685654,49.372586,86.430875,1000,WGS84,1932-09-13,1932,9,13,PRESERVED_SPECIMEN,PRESENT,Moscow Digital Herbarium,Moscow State University,MW,http://creativecommons.org/licenses/by/4.0/legalcode,Kazakhstan,,,outside,outside,outside_candidate_almaty_region
Abies sibirica,Abies_sibirica.json,438838584,http://coldb.mnhn.fr/catalognumber/mnhn/p/p01584233,Abies sibirica Ledeb.,Abies sibirica Ledeb.,2685654,48,90,,WGS84,,,,,PRESERVED_SPECIMEN,PRESENT,,MNHN,P,http://creativecommons.org/licenses/by/4.0/legalcode,Kazakhstan,Восточно-Казахстанская область(East Kazakhstan),,outside,outside,outside_candidate_almaty_region
Abies sibirica,Abies_sibirica.json,6360120983,32524,Abies sibirica subsp. sibirica,Abies sibirica subsp. sibirica,7071069,49.697185,82.900907,116211,WGS84,,,,,MATERIAL_CITATION,PRESENT,,,,http://creativecommons.org/licenses/by/4.0/legalcode,Kazakhstan,,22,outside,outside,outside_candidate_almaty_region
Abies sibirica,Abies_sibirica.json,6360126992,32528,Abies sibirica subsp. semenovii (B.Fedtsch.) Farjon,Abies sibirica subsp. semenovii (B.Fedtsch.) Farjon,2685655,42.203211,69.82776,45089,WGS84,,,,,MATERIAL_CITATION,PRESENT,,,,http://creativecommons.org/licenses/by/4.0/legalcode,Kazakhstan,,29,outside,outside,outside_candidate_almaty_region
Abies sibirica,Abies_sibirica.json,6360149471,32525,Abies sibirica subsp. sibirica,Abies sibirica subsp. sibirica,7071069,47.326649,82.343905,53492,WGS84,,,,,MATERIAL_CITATION,PRESENT,,,,http://creativecommons.org/licenses/by/4.0/legalcode,Kazakhstan,,23,outside,outside,outside_candidate_almaty_region
Aconitum apetalum,Aconitum_apetalum.json,4846752431,https://www.inaturalist.org/observations/71875321,Aconitum apetalum (Huth) B.Fedtsch.,Aconitum apetalum (Huth) B.Fedtsch.,3927276,48.954836,85.645804,83526,WGS84,22-Jun-17 17:10:12,2017,6,22,HUMAN_OBSERVATION,PRESENT,iNaturalist research-grade observations,iNaturalist,Observations,http://creativecommons.org/licenses/by-nc/4.0/legalcode,Kazakhstan,East Kazakhstan,,outside,outside,outside_candidate_almaty_region
Aconitum apetalum,Aconitum_apetalum.json,1799001758,MW0830048,Aconitum apetalum (Huth) B.Fedtsch.,Aconitum apetalum (Huth) B.Fedtsch.,3927276,49.166666,85.6,,WGS84,1972-08-13,1972,8,13,PRESERVED_SPECIMEN,PRESENT,Moscow Digital Herbarium,Moscow State University,MW,http://creativecommons.org/licenses/by/4.0/legalcode,Kazakhstan,,,outside,outside,outside_candidate_almaty_region
Aconitum apetalum,Aconitum_apetalum.json,6360136247,36545,Aconitum apetalum (Huth) B.Fedtsch.,Aconitum apetalum (Huth) B.Fedtsch.,3927276,47.326649,82.343905,53492,WGS84,,,,,MATERIAL_CITATION,PRESENT,,,,http://creativecommons.org/licenses/by/4.0/legalcode,Kazakhstan,,23,outside,outside,outside_candidate_almaty_region
Aconitum apetalum,Aconitum_apetalum.json,6360138184,36544,Aconitum apetalum (Huth) B.Fedtsch.,Aconitum apetalum (Huth) B.Fedtsch.,3927276,49.697185,82.900907,116211,WGS84,,,,,MATERIAL_CITATION,PRESENT,,,,http://creativecommons.org/licenses/by/4.0/legalcode,Kazakhstan,,22,outside,outside,outside_candidate_almaty_region
Aconitum soongaricum,Aconitum_soongaricum.json,1799001981,MW0830246,Aconitum soongaricum (Regel) Stapf,Aconitum soongaricum (Regel) Stapf,7276574,47.322569,84.92186,,WGS84,1930-07-16,1930,7,16,PRESERVED_SPECIMEN,PRESENT,Moscow Digital Herbarium,Moscow State University,MW,http://creativecommons.org/licenses/by/4.0/legalcode,Kazakhstan,,,outside,outside,outside_candidate_almaty_region
Aconitum soongaricum,Aconitum_soongaricum.json,6360127550,36578,Aconitum soongaricum (Regel) Stapf,Aconitum soongaricum (Regel) Stapf,7276574,44.011743,74.614079,52193,WGS84,,,,,MATERIAL_CITATION,PRESENT,,,,http://creativecommons.org/licenses/by/4.0/legalcode,Kazakhstan,,26,outside,outside,outside_candidate_almaty_region
Aconitum soongaricum,Aconitum_soongaricum.json,6360130382,36575,Aconitum soongaricum (Regel) Stapf,Aconitum soongaricum (Regel) Stapf,7276574,47.326649,82.343905,53492,WGS84,,,,,MATERIAL_CITATION,PRESENT,,,,http://creativecommons.org/licenses/by/4.0/legalcode,Kazakhstan,,23,outside,outside,outside_candidate_almaty_region
Aconitum soongaricum,Aconitum_soongaricum.json,6360132394,36579,Aconitum soongaricum (Regel) Stapf,Aconitum soongaricum (Regel) Stapf,7276574,42.748571,72.722336,11617,WGS84,,,,,MATERIAL_CITATION,PRESENT,,,,http://creativecommons.org/licenses/by/4.0/legalcode,Kazakhstan,,27,outside,outside,outside_candidate_almaty_region
Allium obliquum,Allium_obliquum.json,6352396727,https://www.inaturalist.org/observations/359330585,Allium obliquum L.,Allium obliquum L.,2857444,49.501917,73.273058,,WGS84,2026-04-25T14:11,2026,4,25,HUMAN_OBSERVATION,PRESENT,iNaturalist research-grade observations,iNaturalist,Observations,http://creativecommons.org/licenses/by/4.0/legalcode,Kazakhstan,Qaraghandy,,outside,outside,outside_candidate_almaty_region
Allium obliquum,Allium_obliquum.json,6499602349,https://www.inaturalist.org/observations/393030336,Allium obliquum L.,Allium obliquum L.,2857444,47.443289,67.577069,,WGS84,2026-04-29T18:30,2026,4,29,HUMAN_OBSERVATION,PRESENT,iNaturalist research-grade observations,iNaturalist,Observations,http://creativecommons.org/licenses/by/4.0/legalcode,Kazakhstan,Qaraghandy,,outside,outside,outside_candidate_almaty_region
Allium obliquum,Allium_obliquum.json,6352929709,https://www.inaturalist.org/observations/359939004,Allium obliquum L.,Allium obliquum L.,2857444,47.254261,81.685686,4,WGS84,08-May-26 12:02:18,2026,5,8,HUMAN_OBSERVATION,PRESENT,iNaturalist research-grade observations,iNaturalist,Observations,http://creativecommons.org/licenses/by-nc/4.0/legalcode,Kazakhstan,East Kazakhstan,,outside,outside,outside_candidate_almaty_region
Allium obliquum,Allium_obliquum.json,5187886407,https://www.inaturalist.org/observations/287952911,Allium obliquum L.,Allium obliquum L.,2857444,48.713889,66.966475,,WGS84,2025-05-31T12:54,2025,5,31,HUMAN_OBSERVATION,PRESENT,iNaturalist research-grade observations,iNaturalist,Observations,http://creativecommons.org/licenses/by-nc/4.0/legalcode,Kazakhstan,Qaraghandy,,outside,outside,outside_candidate_almaty_region
Allium obliquum,Allium_obliquum.json,5188366603,https://www.inaturalist.org/observations/287852213,Allium obliquum L.,Allium obliquum L.,2857444,48.71848,66.961308,,WGS84,2025-05-31T11:06,2025,5,31,HUMAN_OBSERVATION,PRESENT,iNaturalist research-grade observations,iNaturalist,Observations,http://creativecommons.org/licenses/by-nc/4.0/legalcode,Kazakhstan,Qaraghandy,,outside,outside,outside_candidate_almaty_region
Allium obliquum,Allium_obliquum.json,5205851827,https://www.inaturalist.org/observations/290703942,Allium obliquum L.,Allium obliquum L.,2857444,47.866026,71.760918,,WGS84,31-May-25 10:19:32,2025,5,31,HUMAN_OBSERVATION,PRESENT,iNaturalist research-grade observations,iNaturalist,Observations,http://creativecommons.org/licenses/by-nc/4.0/legalcode,Kazakhstan,Qaraghandy,,outside,outside,outside_candidate_almaty_region
Allium obliquum,Allium_obliquum.json,5838146557,https://www.inaturalist.org/observations/314740977,Allium obliquum L.,Allium obliquum L.,2857444,48.948092,70.939733,122,WGS84,2025-05-27T14:58,2025,5,27,HUMAN_OBSERVATION,PRESENT,iNaturalist research-grade observations,iNaturalist,Observations,http://creativecommons.org/licenses/by-nc/4.0/legalcode,Kazakhstan,Qaraghandy,,outside,outside,outside_candidate_almaty_region
Allium obliquum,Allium_obliquum.json,5936102018,https://www.inaturalist.org/observations/284183157,Allium obliquum L.,Allium obliquum L.,2857444,49.994655,72.78685,3,WGS84,25-May-25 13:54:53,2025,5,25,HUMAN_OBSERVATION,PRESENT,iNaturalist research-grade observations,iNaturalist,Observations,http://creativecommons.org/licenses/by/4.0/legalcode,Kazakhstan,Qaraghandy,,outside,outside,outside_candidate_almaty_region
Allium obliquum,Allium_obliquum.json,6133344044,https://www.inaturalist.org/observations/336550210,Allium obliquum L.,Allium obliquum L.,2857444,47.866026,71.760918,,WGS84,2025-05-31T10:19,2025,5,31,HUMAN_OBSERVATION,PRESENT,iNaturalist research-grade observations,iNaturalist,Observations,http://creativecommons.org/licenses/by-nc/4.0/legalcode,Kazakhstan,Qaraghandy,,outside,outside,outside_candidate_almaty_region
Allium obliquum,Allium_obliquum.json,5293286174,https://www.inaturalist.org/observations/305946635,Allium obliquum L.,Allium obliquum L.,2857444,50.75925,73.26295,,WGS84,2025-06-21T20:04,2025,6,21,HUMAN_OBSERVATION,PRESENT,iNaturalist research-grade observations,iNaturalist,Observations,http://creativecommons.org/licenses/by-nc/4.0/legalcode,Kazakhstan,Qaraghandy,,outside,outside,outside_candidate_almaty_region
Allium obliquum,Allium_obliquum.json,4419967314,ABG00466,Allium obliquum L.,Allium obliquum L.,2857444,48.58639,83.57611,,WGS84,2023-07-11,2023,7,11,PRESERVED_SPECIMEN,PRESENT,,,ABG,http://creativecommons.org/licenses/by/4.0/legalcode,Kazakhstan,,,outside,outside,outside_candidate_almaty_region
Allium obliquum,Allium_obliquum.json,4846779287,https://www.inaturalist.org/observations/199177982,Allium obliquum L.,Allium obliquum L.,2857444,50.500066,83.602039,3906,WGS84,2022-06-16T13:47,2022,6,16,HUMAN_OBSERVATION,PRESENT,iNaturalist research-grade observations,iNaturalist,Observations,http://creativecommons.org/licenses/by-nc/4.0/legalcode,Kazakhstan,East Kazakhstan,,outside,outside,outside_candidate_almaty_region
Allium obliquum,Allium_obliquum.json,4875760767,QAR01487,Allium obliquum L.,Allium obliquum L.,2857444,49.35763,75.40178,16000,WGS84,2022-06-06,2022,6,6,PRESERVED_SPECIMEN,PRESENT,,,QAR,http://creativecommons.org/licenses/by/4.0/legalcode,Kazakhstan,Karaganda Region,Karkaraly (ҚАРҚАРАЛЫ Қ.),outside,outside,outside_candidate_almaty_region
Allium obliquum,Allium_obliquum.json,2382578449,https://brnu.jacq.org/BRNU654258,Allium obliquum L.,Allium obliquum L.,2857444,49.51189,72.89756,,WGS84,2014-06-30,2014,6,30,PRESERVED_SPECIMEN,PRESENT,,BRNU,Herbarium BRNU,http://creativecommons.org/licenses/by/4.0/legalcode,Kazakhstan,,"Kazakhstan, prov. Karaganda, distr. Abaisk. Topar, ca. 6 km E of the village; 613 m a. s. l. Achnatherum splendens grassland. Coordinates: 493042.8 N & 725351.2 E",outside,outside,outside_candidate_almaty_region
Allium obliquum,Allium_obliquum.json,2382578509,https://brnu.jacq.org/BRNU654258-a,Allium obliquum L.,Allium obliquum L.,2857444,49.51189,72.89756,,WGS84,2014-06-30,2014,6,30,PRESERVED_SPECIMEN,PRESENT,,BRNU,Herbarium BRNU,http://creativecommons.org/licenses/by/4.0/legalcode,Kazakhstan,,"Kazakhstan, prov. Karaganda, distr. Abaisk. Topar, ca. 6 km E of the village; 613 m a. s. l. Achnatherum splendens grassland. Coordinates: 493042.8 N & 725351.2 E",outside,outside,outside_candidate_almaty_region
Allium obliquum,Allium_obliquum.json,4875760641,QAR12121,Allium obliquum L.,Allium obliquum L.,2857444,49.10322,73.73997,2000,WGS84,2012-05-20,2012,5,20,PRESERVED_SPECIMEN,PRESENT,,,QAR,http://creativecommons.org/licenses/by/4.0/legalcode,Kazakhstan,Karaganda Region,Taldy village (ТАЛДЫ А.),outside,outside,outside_candidate_almaty_region
Allium obliquum,Allium_obliquum.json,4875760670,QAR12110,Allium obliquum L.,Allium obliquum L.,2857444,49.43617,75.48878,350,WGS84,2011-06-28,2011,6,28,PRESERVED_SPECIMEN,PRESENT,,,QAR,http://creativecommons.org/licenses/by/4.0/legalcode,Kazakhstan,Karaganda Region,Karaganda University field station near Karkaraly (ҚАРҚАРАЛЫ Қ.),outside,outside,outside_candidate_almaty_region
Allium obliquum,Allium_obliquum.json,4875760761,QAR12140,Allium obliquum L.,Allium obliquum L.,2857444,49.50568,73.26693,1500,WGS84,2007-06-22,2007,6,22,PRESERVED_SPECIMEN,PRESENT,,,QAR,http://creativecommons.org/licenses/by/4.0/legalcode,Kazakhstan,Karaganda Region,"Spassk (Спасск с.), Spasskiye Sopki",outside,outside,outside_candidate_almaty_region
Allium obliquum,Allium_obliquum.json,4875768439,QAR01608,Allium obliquum L.,Allium obliquum L.,2857444,47.9849,74.03679,2000,WGS84,1968-08-27,1968,8,27,PRESERVED_SPECIMEN,PRESENT,,,QAR,http://creativecommons.org/licenses/by/4.0/legalcode,Kazakhstan,Karaganda Region,Akshatau village (АҚШАТАУ К.),outside,outside,outside_candidate_almaty_region
Allium obliquum,Allium_obliquum.json,3969228086,OP620716,Allium obliquum L.,Allium obliquum L.,2857444,50.33,83.55,,WGS84,,,,,PRESERVED_SPECIMEN,PRESENT,,,,http://creativecommons.org/licenses/by/4.0/legalcode,Kazakhstan,,,outside,outside,outside_candidate_almaty_region
Allium obliquum,Allium_obliquum.json,4875768423,QAR01634,Allium obliquum L.,Allium obliquum L.,2857444,48.97474,74.85445,2000,WGS84,,,,,PRESERVED_SPECIMEN,PRESENT,,,QAR,http://creativecommons.org/licenses/by/4.0/legalcode,Kazakhstan,Karaganda Region,Zhanatogan village (ЖАҢАТОҒАН А.),outside,outside,outside_candidate_almaty_region
Allium obliquum,Allium_obliquum.json,6360119509,11806,Allium obliquum L.,Allium obliquum L.,2857444,53.248555,64.747611,136051,WGS84,,,,,MATERIAL_CITATION,PRESENT,,,,http://creativecommons.org/licenses/by/4.0/legalcode,Kazakhstan,,2,outside,outside,outside_candidate_almaty_region
Allium obliquum,Allium_obliquum.json,6360121886,11808,Allium obliquum L.,Allium obliquum L.,2857444,48.546966,79.166443,138671,WGS84,,,,,MATERIAL_CITATION,PRESENT,,,,http://creativecommons.org/licenses/by/4.0/legalcode,Kazakhstan,,11,outside,outside,outside_candidate_almaty_region
Allium obliquum,Allium_obliquum.json,6360135490,11815,Allium obliquum L.,Allium obliquum L.,2857444,42.748571,72.722336,11617,WGS84,,,,,MATERIAL_CITATION,PRESENT,,,,http://creativecommons.org/licenses/by/4.0/legalcode,Kazakhstan,,27,outside,outside,outside_candidate_almaty_region
Allium obliquum,Allium_obliquum.json,6360138314,11814,Allium obliquum L.,Allium obliquum L.,2857444,44.011743,74.614079,52193,WGS84,,,,,MATERIAL_CITATION,PRESENT,,,,http://creativecommons.org/licenses/by/4.0/legalcode,Kazakhstan,,26,outside,outside,outside_candidate_almaty_region
Allium obliquum,Allium_obliquum.json,6360138487,11809,Allium obliquum L.,Allium obliquum L.,2857444,49.529975,75.850677,103250,WGS84,,,,,MATERIAL_CITATION,PRESENT,,,,http://creativecommons.org/licenses/by/4.0/legalcode,Kazakhstan,,11a,outside,outside,outside_candidate_almaty_region
Allium obliquum,Allium_obliquum.json,6360138537,11816,Allium obliquum L.,Allium obliquum L.,2857444,43.509149,68.653175,55567,WGS84,,,,,MATERIAL_CITATION,PRESENT,,,,http://creativecommons.org/licenses/by/4.0/legalcode,Kazakhstan,,28,outside,outside,outside_candidate_almaty_region
Allium obliquum,Allium_obliquum.json,6360144876,11810,Allium obliquum L.,Allium obliquum L.,2857444,47.326649,82.343905,53492,WGS84,,,,,MATERIAL_CITATION,PRESENT,,,,http://creativecommons.org/licenses/by/4.0/legalcode,Kazakhstan,,23,outside,outside,outside_candidate_almaty_region
Allium obliquum,Allium_obliquum.json,6360144890,11807,Allium obliquum L.,Allium obliquum L.,2857444,49.707359,71.434322,167884,WGS84,,,,,MATERIAL_CITATION,PRESENT,,,,http://creativecommons.org/licenses/by/4.0/legalcode,Kazakhstan,,10,outside,outside,outside_candidate_almaty_region
Aquilegia glandulosa,Aquilegia_glandulosa.json,6413546477,https://www.inaturalist.org/observations/373175448,Aquilegia glandulosa Fisch.,Aquilegia glandulosa Fisch.,3930815,50.368973,84.251657,61,WGS84,2026-06-18T14:33,2026,6,18,HUMAN_OBSERVATION,PRESENT,iNaturalist research-grade observations,iNaturalist,Observations,http://creativecommons.org/licenses/by-nc/4.0/legalcode,Kazakhstan,East Kazakhstan,,outside,outside,outside_candidate_almaty_region
Aquilegia glandulosa,Aquilegia_glandulosa.json,6499722609,https://www.inaturalist.org/observations/389254913,Aquilegia glandulosa Fisch.,Aquilegia glandulosa Fisch.,3930815,50.312697,83.847624,568,WGS84,03-Aug-26 10:36:30,2026,8,3,HUMAN_OBSERVATION,PRESENT,iNaturalist research-grade observations,iNaturalist,Observations,http://creativecommons.org/licenses/by-nc/4.0/legalcode,Kazakhstan,East Kazakhstan,,outside,outside,outside_candidate_almaty_region
Aquilegia glandulosa,Aquilegia_glandulosa.json,5293334318,https://www.inaturalist.org/observations/305191286,Aquilegia glandulosa Fisch.,Aquilegia glandulosa Fisch.,3930815,50.321488,84.198674,52,WGS84,2025-06-26T15:04,2025,6,26,HUMAN_OBSERVATION,PRESENT,iNaturalist research-grade observations,iNaturalist,Observations,http://creativecommons.org/licenses/by-nc/4.0/legalcode,Kazakhstan,East Kazakhstan,,outside,outside,outside_candidate_almaty_region
Aquilegia glandulosa,Aquilegia_glandulosa.json,4419967677,ABG00297,Aquilegia glandulosa Fisch.,Aquilegia glandulosa Fisch.,3930815,49.3533,86.5105,,WGS84,2023-07-13,2023,7,13,PRESERVED_SPECIMEN,PRESENT,,,ABG,http://creativecommons.org/licenses/by/4.0/legalcode,Kazakhstan,,,outside,outside,outside_candidate_almaty_region
Aquilegia glandulosa,Aquilegia_glandulosa.json,5282200625,https://www.inaturalist.org/observations/302320804,Aquilegia glandulosa Fisch.,Aquilegia glandulosa Fisch.,3930815,50.283478,83.584466,244,WGS84,2023-07-04T18:24,2023,7,4,HUMAN_OBSERVATION,PRESENT,iNaturalist research-grade observations,iNaturalist,Observations,http://creativecommons.org/licenses/by-nc/4.0/legalcode,Kazakhstan,East Kazakhstan,,outside,outside,outside_candidate_almaty_region
Aquilegia glandulosa,Aquilegia_glandulosa.json,5282247699,https://www.inaturalist.org/observations/303672162,Aquilegia glandulosa Fisch.,Aquilegia glandulosa Fisch.,3930815,50.335688,83.989272,31,WGS84,2023-07-11T13:04,2023,7,11,HUMAN_OBSERVATION,PRESENT,iNaturalist research-grade observations,iNaturalist,Observations,http://creativecommons.org/licenses/by-nc/4.0/legalcode,Kazakhstan,East Kazakhstan,,outside,outside,outside_candidate_almaty_region
Aquilegia glandulosa,Aquilegia_glandulosa.json,6171013577,https://www.inaturalist.org/observations/305476198,Aquilegia glandulosa Fisch.,Aquilegia glandulosa Fisch.,3930815,50.333014,84.048086,122,WGS84,2023-07-11T13:03,2023,7,11,HUMAN_OBSERVATION,PRESENT,iNaturalist research-grade observations,iNaturalist,Observations,http://creativecommons.org/licenses/by-nc/4.0/legalcode,Kazakhstan,East Kazakhstan,,outside,outside,outside_candidate_almaty_region
Aquilegia glandulosa,Aquilegia_glandulosa.json,6130911251,https://www.inaturalist.org/observations/335316313,Aquilegia glandulosa Fisch.,Aquilegia glandulosa Fisch.,3930815,49.142309,86.039243,61,WGS84,2017-08-01T15:51,2017,8,1,HUMAN_OBSERVATION,PRESENT,iNaturalist research-grade observations,iNaturalist,Observations,http://creativecommons.org/licenses/by-nc/4.0/legalcode,Kazakhstan,East Kazakhstan,,outside,outside,outside_candidate_almaty_region
Aquilegia glandulosa,Aquilegia_glandulosa.json,5282573613,https://www.inaturalist.org/observations/302276168,Aquilegia glandulosa Fisch.,Aquilegia glandulosa Fisch.,3930815,50.286999,84.028895,122,WGS84,2015-07-13T15:40,2015,7,13,HUMAN_OBSERVATION,PRESENT,iNaturalist research-grade observations,iNaturalist,Observations,http://creativecommons.org/licenses/by-nc/4.0/legalcode,Kazakhstan,East Kazakhstan,,outside,outside,outside_candidate_almaty_region
Aquilegia glandulosa,Aquilegia_glandulosa.json,4846929396,https://www.inaturalist.org/observations/199169543,Aquilegia glandulosa Fisch.,Aquilegia glandulosa Fisch.,3930815,50.343367,83.88579,488,WGS84,2014-07-11T10:21,2014,7,11,HUMAN_OBSERVATION,PRESENT,iNaturalist research-grade observations,iNaturalist,Observations,http://creativecommons.org/licenses/by-nc/4.0/legalcode,Kazakhstan,East Kazakhstan,,outside,outside,outside_candidate_almaty_region
Aquilegia glandulosa,Aquilegia_glandulosa.json,4075800116,https://www.inaturalist.org/observations/152742523,Aquilegia glandulosa Fisch.,Aquilegia glandulosa Fisch.,3930815,49.219312,87.203702,100,WGS84,2012-06-30T15:12,2012,6,30,HUMAN_OBSERVATION,PRESENT,iNaturalist research-grade observations,iNaturalist,Observations,http://creativecommons.org/publicdomain/zero/1.0/legalcode,Kazakhstan,East Kazakhstan,,outside,outside,outside_candidate_almaty_region
Aquilegia glandulosa,Aquilegia_glandulosa.json,4076152327,https://www.inaturalist.org/observations/152950059,Aquilegia glandulosa Fisch.,Aquilegia glandulosa Fisch.,3930815,49.223414,87.204172,300,WGS84,2012-07-01T13:38,2012,7,1,HUMAN_OBSERVATION,PRESENT,iNaturalist research-grade observations,iNaturalist,Observations,http://creativecommons.org/publicdomain/zero/1.0/legalcode,Kazakhstan,East Kazakhstan,,outside,outside,outside_candidate_almaty_region
Aquilegia glandulosa,Aquilegia_glandulosa.json,5237618785,https://www.inaturalist.org/observations/302049770,Aquilegia glandulosa Fisch.,Aquilegia glandulosa Fisch.,3930815,50.295995,84.145376,122,WGS84,2009-08-18T07:31,2009,8,18,HUMAN_OBSERVATION,PRESENT,iNaturalist research-grade observations,iNaturalist,Observations,http://creativecommons.org/licenses/by-nc/4.0/legalcode,Kazakhstan,East Kazakhstan,,outside,outside,outside_candidate_almaty_region
Aquilegia glandulosa,Aquilegia_glandulosa.json,5231684785,https://www.inaturalist.org/observations/297636459,Aquilegia glandulosa Fisch.,Aquilegia glandulosa Fisch.,3930815,50.298095,83.8339,201,WGS84,2008-07-20T07:19,2008,7,20,HUMAN_OBSERVATION,PRESENT,iNaturalist research-grade observations,iNaturalist,Observations,http://creativecommons.org/licenses/by/4.0/legalcode,Kazakhstan,East Kazakhstan,,outside,outside,outside_candidate_almaty_region
Aquilegia glandulosa,Aquilegia_glandulosa.json,4846766431,https://www.inaturalist.org/observations/71868975,Aquilegia glandulosa Fisch.,Aquilegia glandulosa Fisch.,3930815,48.878347,85.736306,15225,WGS84,04-Mar-02 21:55:12,2002,3,4,HUMAN_OBSERVATION,PRESENT,iNaturalist research-grade observations,iNaturalist,Observations,http://creativecommons.org/licenses/by-nc/4.0/legalcode,Kazakhstan,East Kazakhstan,,outside,outside,outside_candidate_almaty_region
Aquilegia glandulosa,Aquilegia_glandulosa.json,1697251058,MW0093011,Aquilegia glandulosa Fisch.,Aquilegia glandulosa Fisch.,3930815,48.984024,85.841331,,WGS84,1972-08-03,1972,8,3,PRESERVED_SPECIMEN,PRESENT,Moscow Digital Herbarium,Moscow State University,MW,http://creativecommons.org/licenses/by/4.0/legalcode,Kazakhstan,,,outside,outside,outside_candidate_almaty_region
Aquilegia glandulosa,Aquilegia_glandulosa.json,1697251072,MW0093009,Aquilegia glandulosa Fisch.,Aquilegia glandulosa Fisch.,3930815,48.984024,85.841331,,WGS84,1972-08-03,1972,8,3,PRESERVED_SPECIMEN,PRESENT,Moscow Digital Herbarium,Moscow State University,MW,http://creativecommons.org/licenses/by/4.0/legalcode,Kazakhstan,,,outside,outside,outside_candidate_almaty_region
Aquilegia glandulosa,Aquilegia_glandulosa.json,1697251093,MW0093010,Aquilegia glandulosa Fisch.,Aquilegia glandulosa Fisch.,3930815,48.970604,85.669586,,WGS84,1936-07-13,1936,7,13,PRESERVED_SPECIMEN,PRESENT,Moscow Digital Herbarium,Moscow State University,MW,http://creativecommons.org/licenses/by/4.0/legalcode,Kazakhstan,,,outside,outside,outside_candidate_almaty_region
Aquilegia glandulosa,Aquilegia_glandulosa.json,1697251052,MW0093005,Aquilegia glandulosa Fisch.,Aquilegia glandulosa Fisch.,3930815,50.115836,84.321378,,WGS84,1936-08-01,1936,8,1,PRESERVED_SPECIMEN,PRESENT,Moscow Digital Herbarium,Moscow State University,MW,http://creativecommons.org/licenses/by/4.0/legalcode,Kazakhstan,,,outside,outside,outside_candidate_almaty_region
Aquilegia glandulosa,Aquilegia_glandulosa.json,1697251086,MW0092996,Aquilegia glandulosa Fisch.,Aquilegia glandulosa Fisch.,3930815,50.115836,84.321378,,WGS84,1936-08-01,1936,8,1,PRESERVED_SPECIMEN,PRESENT,Moscow Digital Herbarium,Moscow State University,MW,http://creativecommons.org/licenses/by/4.0/legalcode,Kazakhstan,,,outside,outside,outside_candidate_almaty_region
Aquilegia glandulosa,Aquilegia_glandulosa.json,1697251129,MW0092998,Aquilegia glandulosa Fisch.,Aquilegia glandulosa Fisch.,3930815,50.274885,83.589066,,WGS84,1932-07-12,1932,7,12,PRESERVED_SPECIMEN,PRESENT,Moscow Digital Herbarium,Moscow State University,MW,http://creativecommons.org/licenses/by/4.0/legalcode,Kazakhstan,,,outside,outside,outside_candidate_almaty_region
Aquilegia glandulosa,Aquilegia_glandulosa.json,1799000955,MW0829247,Aquilegia glandulosa Fisch.,Aquilegia glandulosa Fisch.,3930815,47.322569,84.92186,,WGS84,1930-07-16,1930,7,16,PRESERVED_SPECIMEN,PRESENT,Moscow Digital Herbarium,Moscow State University,MW,http://creativecommons.org/licenses/by/4.0/legalcode,Kazakhstan,,,outside,outside,outside_candidate_almaty_region
Aquilegia glandulosa,Aquilegia_glandulosa.json,1697251048,MW0093004,Aquilegia glandulosa Fisch.,Aquilegia glandulosa Fisch.,3930815,50.116399,84.317821,,WGS84,1930-08-06,1930,8,6,PRESERVED_SPECIMEN,PRESENT,Moscow Digital Herbarium,Moscow State University,MW,http://creativecommons.org/licenses/by/4.0/legalcode,Kazakhstan,,,outside,outside,outside_candidate_almaty_region
Aquilegia glandulosa,Aquilegia_glandulosa.json,1697251061,MW0093003,Aquilegia glandulosa Fisch.,Aquilegia glandulosa Fisch.,3930815,50.116399,84.317821,,WGS84,1930-08-06,1930,8,6,PRESERVED_SPECIMEN,PRESENT,Moscow Digital Herbarium,Moscow State University,MW,http://creativecommons.org/licenses/by/4.0/legalcode,Kazakhstan,,,outside,outside,outside_candidate_almaty_region
Aquilegia glandulosa,Aquilegia_glandulosa.json,1697251142,MW0093008,Aquilegia glandulosa Fisch.,Aquilegia glandulosa Fisch.,3930815,50.116399,84.317821,,WGS84,1930-08-06,1930,8,6,PRESERVED_SPECIMEN,PRESENT,Moscow Digital Herbarium,Moscow State University,MW,http://creativecommons.org/licenses/by/4.0/legalcode,Kazakhstan,,,outside,outside,outside_candidate_almaty_region
Aquilegia glandulosa,Aquilegia_glandulosa.json,1697251031,MW0093007,Aquilegia glandulosa Fisch.,Aquilegia glandulosa Fisch.,3930815,49.16972,85.609114,,WGS84,1923-07-07,1923,7,7,PRESERVED_SPECIMEN,PRESENT,Moscow Digital Herbarium,Moscow State University,MW,http://creativecommons.org/licenses/by/4.0/legalcode,Kazakhstan,,,outside,outside,outside_candidate_almaty_region
Aquilegia glandulosa,Aquilegia_glandulosa.json,1697251133,MW0093002,Aquilegia glandulosa Fisch.,Aquilegia glandulosa Fisch.,3930815,49.061382,85.4393,,WGS84,1923-07-07,1923,7,7,PRESERVED_SPECIMEN,PRESENT,Moscow Digital Herbarium,Moscow State University,MW,http://creativecommons.org/licenses/by/4.0/legalcode,Kazakhstan,,,outside,outside,outside_candidate_almaty_region
Aquilegia glandulosa,Aquilegia_glandulosa.json,1697251065,MW0093025,Aquilegia glandulosa Fisch.,Aquilegia glandulosa Fisch.,3930815,50.627082,83.896064,5000,WGS84,1891-07-18,1891,7,18,PRESERVED_SPECIMEN,PRESENT,Moscow Digital Herbarium,Moscow State University,MW,http://creativecommons.org/licenses/by/4.0/legalcode,Kazakhstan,,,outside,outside,outside_candidate_almaty_region
Artemisia transiliensis,Artemisia_transiliensis.json,1799058307,MW0886553,Seriphidium transiliense (Poljakov) Poljakov,Artemisia transiliensis Poljakov,3089886,42.423344,70.268898,,WGS84,1931-08-31,1931,8,31,PRESERVED_SPECIMEN,PRESENT,Moscow Digital Herbarium,Moscow State University,MW,http://creativecommons.org/licenses/by/4.0/legalcode,Kazakhstan,,,outside,outside,outside_candidate_almaty_region
Artemisia transiliensis,Artemisia_transiliensis.json,2465020855,3721234,Seriphidium transiliense (Poljakov) Poljakov,Artemisia transiliensis Poljakov,3089886,44.45224,74.559,,WGS84,,,,,HUMAN_OBSERVATION,PRESENT,FungalRoot - Mycorrhiza intensity project,,,http://creativecommons.org/licenses/by-nc/4.0/legalcode,Kazakhstan,,,outside,inside,outside_candidate_almaty_region
Artemisia transiliensis,Artemisia_transiliensis.json,2465022090,3721235,Seriphidium transiliense (Poljakov) Poljakov,Artemisia transiliensis Poljakov,3089886,47.375,61.09554,,WGS84,,,,,HUMAN_OBSERVATION,PRESENT,FungalRoot - Mycorrhiza intensity project,,,http://creativecommons.org/licenses/by-nc/4.0/legalcode,Kazakhstan,,,outside,outside,outside_candidate_almaty_region
Artemisia transiliensis,Artemisia_transiliensis.json,2465023846,3721240,Seriphidium transiliense (Poljakov) Poljakov,Artemisia transiliensis Poljakov,3089886,46.18172,61.39636,,WGS84,,,,,HUMAN_OBSERVATION,PRESENT,FungalRoot - Mycorrhiza intensity project,,,http://creativecommons.org/licenses/by-nc/4.0/legalcode,Kazakhstan,,,outside,outside,outside_candidate_almaty_region
Artemisia transiliensis,Artemisia_transiliensis.json,2465024340,3721237,Seriphidium transiliense (Poljakov) Poljakov,Artemisia transiliensis Poljakov,3089886,47.35983,61.02891,,WGS84,,,,,HUMAN_OBSERVATION,PRESENT,FungalRoot - Mycorrhiza intensity project,,,http://creativecommons.org/licenses/by-nc/4.0/legalcode,Kazakhstan,,,outside,outside,outside_candidate_almaty_region
Artemisia transiliensis,Artemisia_transiliensis.json,2465024537,3721239,Seriphidium transiliense (Poljakov) Poljakov,Artemisia transiliensis Poljakov,3089886,47.06011,60.59068,,WGS84,,,,,HUMAN_OBSERVATION,PRESENT,FungalRoot - Mycorrhiza intensity project,,,http://creativecommons.org/licenses/by-nc/4.0/legalcode,Kazakhstan,,,outside,outside,outside_candidate_almaty_region
Artemisia transiliensis,Artemisia_transiliensis.json,2465025163,3721238,Seriphidium transiliense (Poljakov) Poljakov,Artemisia transiliensis Poljakov,3089886,47.20134,60.64683,,WGS84,,,,,HUMAN_OBSERVATION,PRESENT,FungalRoot - Mycorrhiza intensity project,,,http://creativecommons.org/licenses/by-nc/4.0/legalcode,Kazakhstan,,,outside,outside,outside_candidate_almaty_region
Artemisia transiliensis,Artemisia_transiliensis.json,2465025207,3721233,Seriphidium transiliense (Poljakov) Poljakov,Artemisia transiliensis Poljakov,3089886,44.35644,74.49902,,WGS84,,,,,HUMAN_OBSERVATION,PRESENT,FungalRoot - Mycorrhiza intensity project,,,http://creativecommons.org/licenses/by-nc/4.0/legalcode,Kazakhstan,,,outside,outside,outside_candidate_almaty_region
Artemisia transiliensis,Artemisia_transiliensis.json,2465025448,3721236,Seriphidium transiliense (Poljakov) Poljakov,Artemisia transiliensis Poljakov,3089886,47.40514,61.13606,,WGS84,,,,,HUMAN_OBSERVATION,PRESENT,FungalRoot - Mycorrhiza intensity project,,,http://creativecommons.org/licenses/by-nc/4.0/legalcode,Kazakhstan,,,outside,outside,outside_candidate_almaty_region
Codonopsis clematidea,Codonopsis_clematidea.json,6133309205,https://www.inaturalist.org/observations/336778332,Codonopsis clematidea (Schrenk) C.B.Clarke,Codonopsis clematidea (Schrenk) C.B.Clarke,8569825,42.127448,70.3104,1456,WGS84,13-Jul-22 05:20:09,2022,7,13,HUMAN_OBSERVATION,PRESENT,iNaturalist research-grade observations,iNaturalist,Observations,http://creativecommons.org/licenses/by-nc/4.0/legalcode,Kazakhstan,South Kazakhstan,,outside,outside,outside_candidate_almaty_region
Codonopsis clematidea,Codonopsis_clematidea.json,6133319870,https://www.inaturalist.org/observations/336778341,Codonopsis clematidea (Schrenk) C.B.Clarke,Codonopsis clematidea (Schrenk) C.B.Clarke,8569825,42.131369,70.313487,1620,WGS84,13-Jul-22 05:21:21,2022,7,13,HUMAN_OBSERVATION,PRESENT,iNaturalist research-grade observations,iNaturalist,Observations,http://creativecommons.org/licenses/by-nc/4.0/legalcode,Kazakhstan,South Kazakhstan,,outside,outside,outside_candidate_almaty_region
Codonopsis clematidea,Codonopsis_clematidea.json,1799052779,MW0881059,Codonopsis clematidea (Schrenk) C.B.Clarke,Codonopsis clematidea (Schrenk) C.B.Clarke,8569825,42.3968,70.5811,,WGS84,1961-06-29,1961,6,29,PRESERVED_SPECIMEN,PRESENT,Moscow Digital Herbarium,Moscow State University,MW,http://creativecommons.org/licenses/by/4.0/legalcode,Kazakhstan,,,outside,outside,outside_candidate_almaty_region
Codonopsis clematidea,Codonopsis_clematidea.json,1799052760,MW0881056,Codonopsis clematidea (Schrenk) C.B.Clarke,Codonopsis clematidea (Schrenk) C.B.Clarke,8569825,42.386467,70.616752,,WGS84,1958-07-15,1958,7,15,PRESERVED_SPECIMEN,PRESENT,Moscow Digital Herbarium,Moscow State University,MW,http://creativecommons.org/licenses/by/4.0/legalcode,Kazakhstan,,,outside,outside,outside_candidate_almaty_region
Codonopsis clematidea,Codonopsis_clematidea.json,1799052800,MW0881058,Codonopsis clematidea (Schrenk) C.B.Clarke,Codonopsis clematidea (Schrenk) C.B.Clarke,8569825,42.453291,70.770664,,WGS84,1931-07-19,1931,7,19,PRESERVED_SPECIMEN,PRESENT,Moscow Digital Herbarium,Moscow State University,MW,http://creativecommons.org/licenses/by/4.0/legalcode,Kazakhstan,,,outside,outside,outside_candidate_almaty_region
Codonopsis clematidea,Codonopsis_clematidea.json,6360118649,21754,Codonopsis clematidea (Schrenk) C.B.Clarke,Codonopsis clematidea (Schrenk) C.B.Clarke,8569825,42.203211,69.82776,45089,WGS84,,,,,MATERIAL_CITATION,PRESENT,,,,http://creativecommons.org/licenses/by/4.0/legalcode,Kazakhstan,,29,outside,outside,outside_candidate_almaty_region
Colchicum kesselringii,Colchicum_kesselringii.json,5104554029,https://www.inaturalist.org/observations/266594183,Colchicum kesselringii Regel,Colchicum kesselringii Regel,2739911,43.491337,68.847028,3,WGS84,23-Mar-25 11:28:11,2025,3,23,HUMAN_OBSERVATION,PRESENT,iNaturalist research-grade observations,iNaturalist,Observations,http://creativecommons.org/licenses/by/4.0/legalcode,Kazakhstan,South Kazakhstan,,outside,outside,outside_candidate_almaty_region
Colchicum kesselringii,Colchicum_kesselringii.json,4854804530,https://www.inaturalist.org/observations/206043410,Colchicum kesselringii Regel,Colchicum kesselringii Regel,2739911,42.730419,70.943402,20,WGS84,2024-03-26T12:10,2024,3,26,HUMAN_OBSERVATION,PRESENT,iNaturalist research-grade observations,iNaturalist,Observations,http://creativecommons.org/licenses/by-nc/4.0/legalcode,Kazakhstan,Zhambyl,,outside,outside,outside_candidate_almaty_region
Colchicum kesselringii,Colchicum_kesselringii.json,4855418156,https://www.inaturalist.org/observations/206043263,Colchicum kesselringii Regel,Colchicum kesselringii Regel,2739911,42.730424,70.942683,30,WGS84,2024-03-26T12:03,2024,3,26,HUMAN_OBSERVATION,PRESENT,iNaturalist research-grade observations,iNaturalist,Observations,http://creativecommons.org/licenses/by-nc/4.0/legalcode,Kazakhstan,Zhambyl,,outside,outside,outside_candidate_almaty_region
Colchicum kesselringii,Colchicum_kesselringii.json,4076045580,https://www.inaturalist.org/observations/153191200,Colchicum kesselringii Regel,Colchicum kesselringii Regel,2739911,42.980077,71.210443,,WGS84,2021-04-02T19:16,2021,4,2,HUMAN_OBSERVATION,PRESENT,iNaturalist research-grade observations,iNaturalist,Observations,http://creativecommons.org/licenses/by-nc/4.0/legalcode,Kazakhstan,Zhambyl,,outside,outside,outside_candidate_almaty_region
Colchicum kesselringii,Colchicum_kesselringii.json,4076179630,https://www.inaturalist.org/observations/153191150,Colchicum kesselringii Regel,Colchicum kesselringii Regel,2739911,42.981126,71.210505,,WGS84,2021-04-02T19:44,2021,4,2,HUMAN_OBSERVATION,PRESENT,iNaturalist research-grade observations,iNaturalist,Observations,http://creativecommons.org/licenses/by-nc/4.0/legalcode,Kazakhstan,Zhambyl,,outside,outside,outside_candidate_almaty_region
Colchicum kesselringii,Colchicum_kesselringii.json,1798984487,MW0812764,Colchicum kesselringii Regel,Colchicum kesselringii Regel,2739911,43.558935,68.110167,,WGS84,1930-04-03,1930,4,3,PRESERVED_SPECIMEN,PRESENT,Moscow Digital Herbarium,Moscow State University,MW,http://creativecommons.org/licenses/by/4.0/legalcode,Kazakhstan,,,outside,outside,outside_candidate_almaty_region
Colchicum kesselringii,Colchicum_kesselringii.json,1798984491,MW0812760,Colchicum kesselringii Regel,Colchicum kesselringii Regel,2739911,43.558935,68.110167,,WGS84,1930-04-03,1930,4,3,PRESERVED_SPECIMEN,PRESENT,Moscow Digital Herbarium,Moscow State University,MW,http://creativecommons.org/licenses/by/4.0/legalcode,Kazakhstan,,,outside,outside,outside_candidate_almaty_region
Colchicum kesselringii,Colchicum_kesselringii.json,6360119880,23327,Colchicum kesselringii Regel,Colchicum kesselringii Regel,2739911,44.011743,74.614079,52193,WGS84,,,,,MATERIAL_CITATION,PRESENT,,,,http://creativecommons.org/licenses/by/4.0/legalcode,Kazakhstan,,26,outside,outside,outside_candidate_almaty_region
Colchicum kesselringii,Colchicum_kesselringii.json,6360131448,23328,Colchicum kesselringii Regel,Colchicum kesselringii Regel,2739911,42.203211,69.82776,45089,WGS84,,,,,MATERIAL_CITATION,PRESENT,,,,http://creativecommons.org/licenses/by/4.0/legalcode,Kazakhstan,,29,outside,outside,outside_candidate_almaty_region
Colchicum kesselringii,Colchicum_kesselringii.json,6360137883,23325,Colchicum kesselringii Regel,Colchicum kesselringii Regel,2739911,44.056342,71.911481,123445,WGS84,,,,,MATERIAL_CITATION,PRESENT,,,,http://creativecommons.org/licenses/by/4.0/legalcode,Kazakhstan,,17,outside,outside,outside_candidate_almaty_region
Delphinium semibarbatum,Delphinium_semibarbatum.json,6130597878,https://www.inaturalist.org/observations/309914688,Delphinium semibarbatum Bien. ex Boiss.,Delphinium semibarbatum Bien. ex Boiss.,7553349,41.830463,68.495896,2118,WGS84,2017-06-03T11:01,2017,6,3,HUMAN_OBSERVATION,PRESENT,iNaturalist research-grade observations,iNaturalist,Observations,http://creativecommons.org/licenses/by-nc/4.0/legalcode,Kazakhstan,South Kazakhstan,,outside,outside,outside_candidate_almaty_region
Delphinium semibarbatum,Delphinium_semibarbatum.json,2557811857,https://www.inaturalist.org/observations/37642680,Delphinium semibarbatum Bien. ex Boiss.,Delphinium semibarbatum Bien. ex Boiss.,7553349,43.109485,74.706718,15,WGS84,2015-06-20T09:46,2015,6,20,HUMAN_OBSERVATION,PRESENT,iNaturalist research-grade observations,iNaturalist,Observations,http://creativecommons.org/licenses/by-nc/4.0/legalcode,Kazakhstan,Zhambyl,,outside,outside,outside_candidate_almaty_region
Delphinium semibarbatum,Delphinium_semibarbatum.json,1799067732,MW0896026,Delphinium semibarbatum Bien. ex Boiss.,Delphinium semibarbatum Bien. ex Boiss.,7553349,43.012,74.9045,,WGS84,1967-06-27,1967,6,27,PRESERVED_SPECIMEN,PRESENT,Moscow Digital Herbarium,Moscow State University,MW,http://creativecommons.org/licenses/by/4.0/legalcode,Kazakhstan,,,outside,outside,outside_candidate_almaty_region
Delphinium semibarbatum,Delphinium_semibarbatum.json,1799001738,MW0829962,Delphinium semibarbatum Bien. ex Boiss.,Delphinium semibarbatum Bien. ex Boiss.,7553349,42.329013,70.381851,,WGS84,1961-07-14,1961,7,14,PRESERVED_SPECIMEN,PRESENT,Moscow Digital Herbarium,Moscow State University,MW,http://creativecommons.org/licenses/by/4.0/legalcode,Kazakhstan,,,outside,outside,outside_candidate_almaty_region
Delphinium semibarbatum,Delphinium_semibarbatum.json,1799001692,MW0829965,Delphinium semibarbatum Bien. ex Boiss.,Delphinium semibarbatum Bien. ex Boiss.,7553349,43.375919,69.988918,,WGS84,1937-05-29,1937,5,29,PRESERVED_SPECIMEN,PRESENT,Moscow Digital Herbarium,Moscow State University,MW,http://creativecommons.org/licenses/by/4.0/legalcode,Kazakhstan,,,outside,outside,outside_candidate_almaty_region
Delphinium semibarbatum,Delphinium_semibarbatum.json,1799001679,MW0829966,Delphinium semibarbatum Bien. ex Boiss.,Delphinium semibarbatum Bien. ex Boiss.,7553349,42.851931,70.892028,,WGS84,1936-07-10,1936,7,10,PRESERVED_SPECIMEN,PRESENT,Moscow Digital Herbarium,Moscow State University,MW,http://creativecommons.org/licenses/by/4.0/legalcode,Kazakhstan,,,outside,outside,outside_candidate_almaty_region
Delphinium semibarbatum,Delphinium_semibarbatum.json,1799001686,MW0829964,Delphinium semibarbatum Bien. ex Boiss.,Delphinium semibarbatum Bien. ex Boiss.,7553349,42.48995,70.284392,,WGS84,1934-07-05,1934,7,5,PRESERVED_SPECIMEN,PRESENT,Moscow Digital Herbarium,Moscow State University,MW,http://creativecommons.org/licenses/by/4.0/legalcode,Kazakhstan,,,outside,outside,outside_candidate_almaty_region
Delphinium semibarbatum,Delphinium_semibarbatum.json,1799001699,MW0829961,Delphinium semibarbatum Bien. ex Boiss.,Delphinium semibarbatum Bien. ex Boiss.,7553349,42.549576,70.283016,,WGS84,1931-07-11,1931,7,11,PRESERVED_SPECIMEN,PRESENT,Moscow Digital Herbarium,Moscow State University,MW,http://creativecommons.org/licenses/by/4.0/legalcode,Kazakhstan,,,outside,outside,outside_candidate_almaty_region
Delphinium semibarbatum,Delphinium_semibarbatum.json,1799001709,MW0829963,Delphinium semibarbatum Bien. ex Boiss.,Delphinium semibarbatum Bien. ex Boiss.,7553349,42.679316,70.259308,1500,WGS84,1931-07-08,1931,7,8,PRESERVED_SPECIMEN,PRESENT,Moscow Digital Herbarium,Moscow State University,MW,http://creativecommons.org/licenses/by/4.0/legalcode,Kazakhstan,,,outside,outside,outside_candidate_almaty_region
Delphinium semibarbatum,Delphinium_semibarbatum.json,6360116260,36947,Delphinium semibarbatum Bien. ex Boiss.,Delphinium semibarbatum Bien. ex Boiss.,7553349,44.011743,74.614079,52193,WGS84,,,,,MATERIAL_CITATION,PRESENT,,,,http://creativecommons.org/licenses/by/4.0/legalcode,Kazakhstan,,26,outside,outside,outside_candidate_almaty_region
Delphinium semibarbatum,Delphinium_semibarbatum.json,6360129727,36944,Delphinium semibarbatum Bien. ex Boiss.,Delphinium semibarbatum Bien. ex Boiss.,7553349,45.652836,65.162544,109273,WGS84,,,,,MATERIAL_CITATION,PRESENT,,,,http://creativecommons.org/licenses/by/4.0/legalcode,Kazakhstan,,15,outside,outside,outside_candidate_almaty_region
Delphinium semibarbatum,Delphinium_semibarbatum.json,6360130604,36948,Delphinium semibarbatum Bien. ex Boiss.,Delphinium semibarbatum Bien. ex Boiss.,7553349,43.509149,68.653175,55567,WGS84,,,,,MATERIAL_CITATION,PRESENT,,,,http://creativecommons.org/licenses/by/4.0/legalcode,Kazakhstan,,28,outside,outside,outside_candidate_almaty_region
Delphinium semibarbatum,Delphinium_semibarbatum.json,6360139232,36945,Delphinium semibarbatum Bien. ex Boiss.,Delphinium semibarbatum Bien. ex Boiss.,7553349,42.410769,68.398299,52046,WGS84,,,,,MATERIAL_CITATION,PRESENT,,,,http://creativecommons.org/licenses/by/4.0/legalcode,Kazakhstan,,21,outside,outside,outside_candidate_almaty_region
Delphinium semibarbatum,Delphinium_semibarbatum.json,6360139278,36949,Delphinium semibarbatum Bien. ex Boiss.,Delphinium semibarbatum Bien. ex Boiss.,7553349,42.203211,69.82776,45089,WGS84,,,,,MATERIAL_CITATION,PRESENT,,,,http://creativecommons.org/licenses/by/4.0/legalcode,Kazakhstan,,29,outside,outside,outside_candidate_almaty_region
Delphinium semibarbatum,Delphinium_semibarbatum.json,6360147641,36946,Delphinium semibarbatum Bien. ex Boiss.,Delphinium semibarbatum Bien. ex Boiss.,7553349,47.326649,82.343905,53492,WGS84,,,,,MATERIAL_CITATION,PRESENT,,,,http://creativecommons.org/licenses/by/4.0/legalcode,Kazakhstan,,23,outside,outside,outside_candidate_almaty_region
Gentianella turkestanorum,Gentianella_turkestanorum.json,5840245016,https://www.inaturalist.org/observations/317938143,Gentianella turkestanorum (Gand.) Holub,Gentianella turkestanorum (Gand.) Holub,3839508,42.667931,72.776742,,WGS84,22-Aug-25 11:09:15,2025,8,22,HUMAN_OBSERVATION,PRESENT,iNaturalist research-grade observations,iNaturalist,Observations,http://creativecommons.org/licenses/by-nc/4.0/legalcode,Kazakhstan,Zhambyl,,outside,outside,outside_candidate_almaty_region
Gentianella turkestanorum,Gentianella_turkestanorum.json,1799039131,MW0867413,Gentianella turkestanorum (Gand.) Holub,Gentianella turkestanorum (Gand.) Holub,3839508,42.15,70.383333,,WGS84,2000-07-04,2000,7,4,PRESERVED_SPECIMEN,PRESENT,Moscow Digital Herbarium,Moscow State University,MW,http://creativecommons.org/licenses/by/4.0/legalcode,Kazakhstan,,,outside,outside,outside_candidate_almaty_region
Gentianella turkestanorum,Gentianella_turkestanorum.json,4875768546,QAR01650,Gentianella turkestanorum (Gand.) Holub,Gentianella turkestanorum (Gand.) Holub,3839508,51.24388,73.28239,3000,WGS84,2000-07-17,2000,7,17,PRESERVED_SPECIMEN,PRESENT,,,QAR,http://creativecommons.org/licenses/by/4.0/legalcode,Kazakhstan,Karaganda Region,"Buiratau National Park, Belodymovsky cluster",outside,outside,outside_candidate_almaty_region
Gentianella turkestanorum,Gentianella_turkestanorum.json,4875768956,QAR11119,Gentianella turkestanorum (Gand.) Holub,Gentianella turkestanorum (Gand.) Holub,3839508,51.24388,73.28239,3000,WGS84,1977-07-14,1977,7,14,PRESERVED_SPECIMEN,PRESENT,,,QAR,http://creativecommons.org/licenses/by/4.0/legalcode,Kazakhstan,Karaganda Region,"Buiratau National Park, Belodymovsky cluster",outside,outside,outside_candidate_almaty_region
Gentianella turkestanorum,Gentianella_turkestanorum.json,1697278815,MW0120736,Gentianella turkestanorum (Gand.) Holub,Gentianella turkestanorum (Gand.) Holub,3839508,49.115681,86.020203,,WGS84,1972-08-14,1972,8,14,PRESERVED_SPECIMEN,PRESENT,Moscow Digital Herbarium,Moscow State University,MW,http://creativecommons.org/licenses/by/4.0/legalcode,Kazakhstan,,,outside,outside,outside_candidate_almaty_region
Gentianella turkestanorum,Gentianella_turkestanorum.json,1799039243,MW0867486,Gentianella turkestanorum (Gand.) Holub,Gentianella turkestanorum (Gand.) Holub,3839508,47.373534,81.524047,,WGS84,1959-08-03,1959,8,3,PRESERVED_SPECIMEN,PRESENT,Moscow Digital Herbarium,Moscow State University,MW,http://creativecommons.org/licenses/by/4.0/legalcode,Kazakhstan,,,outside,outside,outside_candidate_almaty_region
Gentianella turkestanorum,Gentianella_turkestanorum.json,1799039144,MW0867415,Gentianella turkestanorum (Gand.) Holub,Gentianella turkestanorum (Gand.) Holub,3839508,42.386467,70.616752,,WGS84,1958-07-15,1958,7,15,PRESERVED_SPECIMEN,PRESENT,Moscow Digital Herbarium,Moscow State University,MW,http://creativecommons.org/licenses/by/4.0/legalcode,Kazakhstan,,,outside,outside,outside_candidate_almaty_region
Gentianella turkestanorum,Gentianella_turkestanorum.json,1799039143,MW0867425,Gentianella turkestanorum (Gand.) Holub,Gentianella turkestanorum (Gand.) Holub,3839508,42.374923,70.550422,21000,WGS84,1947-08,1947,8,,PRESERVED_SPECIMEN,PRESENT,Moscow Digital Herbarium,Moscow State University,MW,http://creativecommons.org/licenses/by/4.0/legalcode,Kazakhstan,,,outside,outside,outside_candidate_almaty_region
Gentianella turkestanorum,Gentianella_turkestanorum.json,1799039106,MW0867419,Gentianella turkestanorum (Gand.) Holub,Gentianella turkestanorum (Gand.) Holub,3839508,42.46127,70.769977,,WGS84,1931-07-21,1931,7,21,PRESERVED_SPECIMEN,PRESENT,Moscow Digital Herbarium,Moscow State University,MW,http://creativecommons.org/licenses/by/4.0/legalcode,Kazakhstan,,,outside,outside,outside_candidate_almaty_region
Gentianella turkestanorum,Gentianella_turkestanorum.json,1799039137,MW0867421,Gentianella turkestanorum (Gand.) Holub,Gentianella turkestanorum (Gand.) Holub,3839508,42.433593,70.774955,,WGS84,1931-08-06,1931,8,6,PRESERVED_SPECIMEN,PRESENT,Moscow Digital Herbarium,Moscow State University,MW,http://creativecommons.org/licenses/by/4.0/legalcode,Kazakhstan,,,outside,outside,outside_candidate_almaty_region
Gentianella turkestanorum,Gentianella_turkestanorum.json,1799039140,MW0867423,Gentianella turkestanorum (Gand.) Holub,Gentianella turkestanorum (Gand.) Holub,3839508,42.40603,70.753154,,WGS84,1931-08-02,1931,8,2,PRESERVED_SPECIMEN,PRESENT,Moscow Digital Herbarium,Moscow State University,MW,http://creativecommons.org/licenses/by/4.0/legalcode,Kazakhstan,,,outside,outside,outside_candidate_almaty_region
Gentianella turkestanorum,Gentianella_turkestanorum.json,5284112350,a5799263-7c28-11f0-8787-c2c49082dcc7,Gentianella turkestanorum (Gand.) Holub,Gentianella turkestanorum (Gand.) Holub,3839508,43.145823,70.512839,,WGS84,1876-08,1876,8,,PRESERVED_SPECIMEN,PRESENT,,ETHZ,ZT,http://creativecommons.org/licenses/by/4.0/legalcode,Kazakhstan,,"Turkestania, Karakal [= Qaratau ?], oberer Talas [?]",outside,outside,outside_candidate_almaty_region
Gentianella turkestanorum,Gentianella_turkestanorum.json,6360119317,28401,Gentianella turkestanorum (Gand.) Holub,Gentianella turkestanorum (Gand.) Holub,3839508,49.697185,82.900907,116211,WGS84,,,,,MATERIAL_CITATION,PRESENT,,,,http://creativecommons.org/licenses/by/4.0/legalcode,Kazakhstan,,22,outside,outside,outside_candidate_almaty_region
Gentianella turkestanorum,Gentianella_turkestanorum.json,6360121824,28407,Gentianella turkestanorum (Gand.) Holub,Gentianella turkestanorum (Gand.) Holub,3839508,43.509149,68.653175,55567,WGS84,,,,,MATERIAL_CITATION,PRESENT,,,,http://creativecommons.org/licenses/by/4.0/legalcode,Kazakhstan,,28,outside,outside,outside_candidate_almaty_region
Gentianella turkestanorum,Gentianella_turkestanorum.json,6360121927,28399,Gentianella turkestanorum (Gand.) Holub,Gentianella turkestanorum (Gand.) Holub,3839508,48.546966,79.166443,138671,WGS84,,,,,MATERIAL_CITATION,PRESENT,,,,http://creativecommons.org/licenses/by/4.0/legalcode,Kazakhstan,,11,outside,outside,outside_candidate_almaty_region
Gentianella turkestanorum,Gentianella_turkestanorum.json,6360126894,28400,Gentianella turkestanorum (Gand.) Holub,Gentianella turkestanorum (Gand.) Holub,3839508,49.529975,75.850677,103250,WGS84,,,,,MATERIAL_CITATION,PRESENT,,,,http://creativecommons.org/licenses/by/4.0/legalcode,Kazakhstan,,11a,outside,outside,outside_candidate_almaty_region
Gentianella turkestanorum,Gentianella_turkestanorum.json,6360137400,28402,Gentianella turkestanorum (Gand.) Holub,Gentianella turkestanorum (Gand.) Holub,3839508,47.326649,82.343905,53492,WGS84,,,,,MATERIAL_CITATION,PRESENT,,,,http://creativecommons.org/licenses/by/4.0/legalcode,Kazakhstan,,23,outside,outside,outside_candidate_almaty_region
Gentianella turkestanorum,Gentianella_turkestanorum.json,6360138473,28398,Gentianella turkestanorum (Gand.) Holub,Gentianella turkestanorum (Gand.) Holub,3839508,49.707359,71.434322,167884,WGS84,,,,,MATERIAL_CITATION,PRESENT,,,,http://creativecommons.org/licenses/by/4.0/legalcode,Kazakhstan,,10,outside,outside,outside_candidate_almaty_region
Gentianella turkestanorum,Gentianella_turkestanorum.json,6360141034,28406,Gentianella turkestanorum (Gand.) Holub,Gentianella turkestanorum (Gand.) Holub,3839508,42.748571,72.722336,11617,WGS84,,,,,MATERIAL_CITATION,PRESENT,,,,http://creativecommons.org/licenses/by/4.0/legalcode,Kazakhstan,,27,outside,outside,outside_candidate_almaty_region
Gentianella turkestanorum,Gentianella_turkestanorum.json,6360142902,28408,Gentianella turkestanorum (Gand.) Holub,Gentianella turkestanorum (Gand.) Holub,3839508,42.203211,69.82776,45089,WGS84,,,,,MATERIAL_CITATION,PRESENT,,,,http://creativecommons.org/licenses/by/4.0/legalcode,Kazakhstan,,29,outside,outside,outside_candidate_almaty_region
Juniperus semiglobosa,Juniperus_semiglobosa.json,4075862064,https://www.inaturalist.org/observations/152758455,Juniperus semiglobosa Regel,Juniperus semiglobosa Regel,2684598,42.735039,72.969108,,WGS84,2020-09-22T13:35,2020,9,22,HUMAN_OBSERVATION,PRESENT,iNaturalist research-grade observations,iNaturalist,Observations,http://creativecommons.org/licenses/by-nc/4.0/legalcode,Kazakhstan,Zhambyl,,outside,outside,outside_candidate_almaty_region
Juniperus semiglobosa,Juniperus_semiglobosa.json,4075992037,https://www.inaturalist.org/observations/152753140,Juniperus semiglobosa Regel,Juniperus semiglobosa Regel,2684598,42.735865,72.96497,,WGS84,2020-09-22T16:29,2020,9,22,HUMAN_OBSERVATION,PRESENT,iNaturalist research-grade observations,iNaturalist,Observations,http://creativecommons.org/licenses/by-nc/4.0/legalcode,Kazakhstan,Zhambyl,,outside,outside,outside_candidate_almaty_region
Juniperus semiglobosa,Juniperus_semiglobosa.json,2557781196,https://www.inaturalist.org/observations/37549460,Juniperus semiglobosa Regel,Juniperus semiglobosa Regel,2684598,42.330613,70.373386,8,WGS84,2016-06-21T13:50,2016,6,21,HUMAN_OBSERVATION,PRESENT,iNaturalist research-grade observations,iNaturalist,Observations,http://creativecommons.org/licenses/by-nc/4.0/legalcode,Kazakhstan,South Kazakhstan,,outside,outside,outside_candidate_almaty_region
Juniperus semiglobosa,Juniperus_semiglobosa.json,3978728026,fd3c5b65-7885-44f1-9891-24cd109a27cc,Juniperus semiglobosa Regel,Juniperus semiglobosa Regel,2684598,42.408833,70.475,66324,WGS84,1997-09-12,1997,9,12,PRESERVED_SPECIMEN,PRESENT,,BAYLU,BAYLU,http://creativecommons.org/publicdomain/zero/1.0/legalcode,Kazakhstan,,west end of Talasskiy Ala-Tau Range. approx. 2km S. of Dzhabagly,outside,outside,outside_candidate_almaty_region
Juniperus semiglobosa,Juniperus_semiglobosa.json,3978747367,fc424a1b-de13-4f00-9f79-0bc956cf3c01,Juniperus semiglobosa Regel,Juniperus semiglobosa Regel,2684598,24.02,31.92,,WGS84,1997-09-12,1997,9,12,PRESERVED_SPECIMEN,PRESENT,,BAYLU,BAYLU,http://creativecommons.org/publicdomain/zero/1.0/legalcode,Kazakhstan,,west end of Talasskiy Ala-Tau Range. approx 10 km E. of Dzhabagly.,outside,outside,outside_candidate_almaty_region
Juniperus semiglobosa,Juniperus_semiglobosa.json,3978752322,cbbc9e36-88e5-4dae-b741-bc990eaa0d2c,Juniperus semiglobosa Regel,Juniperus semiglobosa Regel,2684598,24.02,31.92,,WGS84,1997-09-12,1997,9,12,PRESERVED_SPECIMEN,PRESENT,,BAYLU,BAYLU,http://creativecommons.org/publicdomain/zero/1.0/legalcode,Kazakhstan,,west end of Talasskiy Ala-Tau Range. approx 10 km E. of Dzhabagly.,outside,outside,outside_candidate_almaty_region
Juniperus semiglobosa,Juniperus_semiglobosa.json,6360123933,23783,Juniperus semiglobosa Regel,Juniperus semiglobosa Regel,2684598,42.203211,69.82776,45089,WGS84,,,,,MATERIAL_CITATION,PRESENT,,,,http://creativecommons.org/licenses/by/4.0/legalcode,Kazakhstan,,29,outside,outside,outside_candidate_almaty_region
Malus sieversii,Malus_sieversii.json,6353170434,https://www.inaturalist.org/observations/358317147,Malus sieversii (Ledeb.) Koidz.,Malus domestica (Suckow) Borkh.,7864241,42.382514,70.304016,27661,WGS84,12-Apr-26 12:14:34,2026,4,12,HUMAN_OBSERVATION,PRESENT,iNaturalist research-grade observations,iNaturalist,Observations,http://creativecommons.org/licenses/by-nc/4.0/legalcode,Kazakhstan,South Kazakhstan,,outside,outside,outside_candidate_almaty_region
Malus sieversii,Malus_sieversii.json,6498778576,https://www.inaturalist.org/observations/376185893,Malus sieversii (Ledeb.) Koidz.,Malus domestica (Suckow) Borkh.,7864241,43.294355,75.219006,27505,WGS84,2026-06-27T15:51,2026,6,27,HUMAN_OBSERVATION,PRESENT,iNaturalist research-grade observations,iNaturalist,Observations,http://creativecommons.org/licenses/by-nc/4.0/legalcode,Kazakhstan,Almaty,,outside,inside,outside_candidate_almaty_region
Malus sieversii,Malus_sieversii.json,6479379636,https://www.inaturalist.org/observations/389983310,Malus sieversii (Ledeb.) Koidz.,Malus domestica (Suckow) Borkh.,7864241,47.328004,81.669688,26871,WGS84,03-Aug-26 15:45:02,2026,8,3,HUMAN_OBSERVATION,PRESENT,iNaturalist research-grade observations,iNaturalist,Observations,http://creativecommons.org/licenses/by-nc/4.0/legalcode,Kazakhstan,East Kazakhstan,,outside,outside,outside_candidate_almaty_region
Malus sieversii,Malus_sieversii.json,6499005874,https://www.inaturalist.org/observations/390504372,Malus sieversii (Ledeb.) Koidz.,Malus domestica (Suckow) Borkh.,7864241,47.182801,82.134406,26903,WGS84,06-Aug-26 09:52:25,2026,8,6,HUMAN_OBSERVATION,PRESENT,iNaturalist research-grade observations,iNaturalist,Observations,http://creativecommons.org/licenses/by-nc/4.0/legalcode,Kazakhstan,East Kazakhstan,,outside,outside,outside_candidate_almaty_region
Malus sieversii,Malus_sieversii.json,5292123328,https://www.inaturalist.org/observations/307055621,Malus sieversii (Ledeb.) Koidz.,Malus domestica (Suckow) Borkh.,7864241,42.96644,70.643026,27568,WGS84,2025-08-07T12:46,2025,8,7,HUMAN_OBSERVATION,PRESENT,iNaturalist research-grade observations,iNaturalist,Observations,http://creativecommons.org/licenses/by/4.0/legalcode,Kazakhstan,Zhambyl,,outside,outside,outside_candidate_almaty_region
Malus sieversii,Malus_sieversii.json,4936084010,https://www.inaturalist.org/observations/238052718,Malus sieversii (Ledeb.) Koidz.,Malus domestica (Suckow) Borkh.,7864241,42.765012,69.828016,27599,WGS84,2024-05-13T08:35,2024,5,13,HUMAN_OBSERVATION,PRESENT,iNaturalist research-grade observations,iNaturalist,Observations,http://creativecommons.org/licenses/by-nc/4.0/legalcode,Kazakhstan,South Kazakhstan,,outside,outside,outside_candidate_almaty_region
Malus sieversii,Malus_sieversii.json,4935953558,https://www.inaturalist.org/observations/232048201,Malus sieversii (Ledeb.) Koidz.,Malus domestica (Suckow) Borkh.,7864241,42.459202,70.469121,27630,WGS84,2024-07-24T18:37,2024,7,24,HUMAN_OBSERVATION,PRESENT,iNaturalist research-grade observations,iNaturalist,Observations,http://creativecommons.org/licenses/by/4.0/legalcode,Kazakhstan,South Kazakhstan,,outside,outside,outside_candidate_almaty_region
Malus sieversii,Malus_sieversii.json,4980582938,https://www.inaturalist.org/observations/250689420,Malus sieversii (Ledeb.) Koidz.,Malus domestica (Suckow) Borkh.,7864241,47.129655,81.714201,26903,WGS84,25-Jul-24 10:05:58,2024,7,25,HUMAN_OBSERVATION,PRESENT,iNaturalist research-grade observations,iNaturalist,Observations,http://creativecommons.org/licenses/by-nc/4.0/legalcode,Kazakhstan,East Kazakhstan,,outside,outside,outside_candidate_almaty_region
Malus sieversii,Malus_sieversii.json,6163082406,https://www.inaturalist.org/observations/339260856,Malus sieversii (Ledeb.) Koidz.,Malus domestica (Suckow) Borkh.,7864241,42.091646,70.289225,27692,WGS84,27-Oct-19 07:14:52,2019,10,27,HUMAN_OBSERVATION,PRESENT,iNaturalist research-grade observations,iNaturalist,Observations,http://creativecommons.org/licenses/by-nc/4.0/legalcode,Kazakhstan,South Kazakhstan,,outside,outside,outside_candidate_almaty_region
Malus sieversii,Malus_sieversii.json,41188316,,Malus sieversii (Ledeb.) Koidz.,Malus domestica (Suckow) Borkh.,7864241,47.24417,81.57056,,WGS84,,,,,OCCURRENCE,PRESENT,,USA167,USA167,http://creativecommons.org/licenses/by/4.0/legalcode,Kazakhstan,,"Semipalitinsk Region (Tarbagatai Mountain Range). Village of Alekseyevka. 4 km. Northeast of Alekseyevka, 20 km. North of Urdzhar. Flat area near stream. Collected in South end of West Valley. Coordinates in Urdzhar: 47-05-01, 81-37-49.",outside,outside,outside_candidate_almaty_region
Malus sieversii,Malus_sieversii.json,41188317,,Malus sieversii (Ledeb.) Koidz.,Malus domestica (Suckow) Borkh.,7864241,47.27,81.57361,,WGS84,,,,,OCCURRENCE,PRESENT,,USA167,USA167,http://creativecommons.org/licenses/by/4.0/legalcode,Kazakhstan,,"Semipalitinsk Region (Tarbagatai Mountain Range). 20 km. North of Urdzhar. 7 km. Northeast of Alekseyevka. Landform mostly hillside. Collected in North end of West Valley, upstream 3 km. from site 05 (GMAL's 3604-3607, GMAL's 3760-3789).",outside,outside,outside_candidate_almaty_region
Malus sieversii,Malus_sieversii.json,41188319,,Malus sieversii (Ledeb.) Koidz.,Malus domestica (Suckow) Borkh.,7864241,47.27,81.57361,,WGS84,,,,,OCCURRENCE,PRESENT,,USA167,USA167,http://creativecommons.org/licenses/by/4.0/legalcode,Kazakhstan,,"Semipalitinsk Region (Tarbagatai Mountain Range). 20 km. North of Urdzhar. 7 km. Northeast of Alekseyevka. Landform mostly hillside. Collected in North end of West Valley, upstream 3 km. from site 05 (GMAL's 3604-3607, GMAL's 3760-3789).",outside,outside,outside_candidate_almaty_region
Malus sieversii,Malus_sieversii.json,41188320,,Malus sieversii (Ledeb.) Koidz.,Malus domestica (Suckow) Borkh.,7864241,47.27056,81.57917,,WGS84,,,,,OCCURRENCE,PRESENT,,USA167,USA167,http://creativecommons.org/licenses/by/4.0/legalcode,Kazakhstan,,"Semipalitinsk Region (Tarbagatai Mountain Range). 20 km. North of Urdzhar, 6 km. NE of Alekseyevka. Slopes of East-West Valley. Collected on north slope of North Valley. Between & East of sites 05 & 06 (GMAL's 3604-3615, GMAL's 3760-3789).",outside,outside,outside_candidate_almaty_region
Malus sieversii,Malus_sieversii.json,41188322,,Malus sieversii (Ledeb.) Koidz.,Malus domestica (Suckow) Borkh.,7864241,47.27056,81.57917,,WGS84,,,,,OCCURRENCE,PRESENT,,USA167,USA167,http://creativecommons.org/licenses/by/4.0/legalcode,Kazakhstan,,"Semipalitinsk Region (Tarbagatai Mountain Range). 20 km. North of Urdzhar, 6 km. NE of Alekseyevka. Slopes of East-West Valley. Collected on north slope of North Valley. Between & East of sites 05 & 06 (GMAL's 3604-3615, GMAL's 3760-3789).",outside,outside,outside_candidate_almaty_region
Malus sieversii,Malus_sieversii.json,41188324,,Malus sieversii (Ledeb.) Koidz.,Malus domestica (Suckow) Borkh.,7864241,47.25556,81.57222,,WGS84,,,,,OCCURRENCE,PRESENT,,USA167,USA167,http://creativecommons.org/licenses/by/4.0/legalcode,Kazakhstan,,"Semipalitinsk Region (Tarbagatai Mountain Range). 20 km. North of Urdzhar. 5 km. Northeast of Alekseyevka. Collected mainly on west slopes in center of West Valley. Equidistant between sites 05 & 06 (GMAL's 3604-3615, GMAL's 3760-3789).",outside,outside,outside_candidate_almaty_region
Malus sieversii,Malus_sieversii.json,41188325,,Malus sieversii (Ledeb.) Koidz.,Malus domestica (Suckow) Borkh.,7864241,47.25556,81.57222,,WGS84,,,,,OCCURRENCE,PRESENT,,USA167,USA167,http://creativecommons.org/licenses/by/4.0/legalcode,Kazakhstan,,"Semipalitinsk Region (Tarbagatai Mountain Range). 20 km. North of Urdzhar. 5 km. Northeast of Alekseyevka. Collected mainly on west slopes in center of West Valley. Equidistant between sites 05 & 06 (GMAL's 3604-3615, GMAL's 3760-3789).",outside,outside,outside_candidate_almaty_region
Malus sieversii,Malus_sieversii.json,41188327,,Malus sieversii (Ledeb.) Koidz.,Malus domestica (Suckow) Borkh.,7864241,47.26444,81.58472,,WGS84,,,,,OCCURRENCE,PRESENT,,USA167,USA167,http://creativecommons.org/licenses/by/4.0/legalcode,Kazakhstan,,"Semipalitinsk Region (Tarbagatai Mountain Range). 20 km. North of Urdzhar, 3-4 km. Northeast of Alekseyevka. Collected on east ridge of South Valley.",outside,outside,outside_candidate_almaty_region
Malus sieversii,Malus_sieversii.json,41188328,,Malus sieversii (Ledeb.) Koidz.,Malus domestica (Suckow) Borkh.,7864241,47.26444,81.58472,,WGS84,,,,,OCCURRENCE,PRESENT,,USA167,USA167,http://creativecommons.org/licenses/by/4.0/legalcode,Kazakhstan,,"Semipalitinsk Region (Tarbagatai Mountain Range). 20 km. North of Urdzhar, 3-4 km. Northeast of Alekseyevka. Collected in South Valley, on slopes or edges.",outside,outside,outside_candidate_almaty_region
Malus sieversii,Malus_sieversii.json,41188330,,Malus sieversii (Ledeb.) Koidz.,Malus domestica (Suckow) Borkh.,7864241,47.26444,81.58472,,WGS84,,,,,OCCURRENCE,PRESENT,,USA167,USA167,http://creativecommons.org/licenses/by/4.0/legalcode,Kazakhstan,,"Semipalitinsk Region (Tarbagatai Mountain Range). 20 km. North of Urdzhar, 3-4 km. Northeast of Alekseyevka. Collected from west end between Middle and South Valley, on a ridge.",outside,outside,outside_candidate_almaty_region
Malus sieversii,Malus_sieversii.json,41188335,,Malus sieversii (Ledeb.) Koidz.,Malus domestica (Suckow) Borkh.,7864241,42.88833,69.88111,,WGS84,,,,,OCCURRENCE,PRESENT,,USA167,USA167,http://creativecommons.org/licenses/by/4.0/legalcode,Kazakhstan,,Karatau Province. Boraldy River Forest area. 5 km. North of Boraldy Forest Camp which is 80 km. North of Chimkent.,outside,outside,outside_candidate_almaty_region
Paeonia intermedia,Paeonia_intermedia.json,6185354756,https://www.inaturalist.org/observations/345671159,Paeonia intermedia C.A.Mey. ex Ledeb.,Paeonia intermedia C.A.Mey. ex Ledeb.,9506797,42.69468,73.20771,3959,WGS84,28-Mar-26 15:45:39,2026,3,28,HUMAN_OBSERVATION,PRESENT,iNaturalist research-grade observations,iNaturalist,Observations,http://creativecommons.org/licenses/by-nc/4.0/legalcode,Kazakhstan,Zhambyl,,outside,outside,outside_candidate_almaty_region
Paeonia intermedia,Paeonia_intermedia.json,4406453655,1100061607,Paeonia intermedia C.A.Mey. ex Ledeb.,Paeonia intermedia C.A.Mey. ex Ledeb.,9506797,49.24321,86.61111,500,WGS84,2022-07-08,2022,7,8,PRESERVED_SPECIMEN,PRESENT,,,ALTB,http://creativecommons.org/licenses/by-nc/4.0/legalcode,Kazakhstan,,,outside,outside,outside_candidate_almaty_region
Paeonia intermedia,Paeonia_intermedia.json,4406454625,1100043466,Paeonia intermedia C.A.Mey. ex Ledeb.,Paeonia intermedia C.A.Mey. ex Ledeb.,9506797,49.25274,82.17018,500,WGS84,2022-07-04,2022,7,4,PRESERVED_SPECIMEN,PRESENT,,,ALTB,http://creativecommons.org/licenses/by-nc/4.0/legalcode,Kazakhstan,,,outside,outside,outside_candidate_almaty_region
Paeonia intermedia,Paeonia_intermedia.json,4406455934,1100061101,Paeonia intermedia C.A.Mey. ex Ledeb.,Paeonia intermedia C.A.Mey. ex Ledeb.,9506797,48.97411,83.9625,500,WGS84,2022-07-06,2022,7,6,PRESERVED_SPECIMEN,PRESENT,,,ALTB,http://creativecommons.org/licenses/by-nc/4.0/legalcode,Kazakhstan,,,outside,outside,outside_candidate_almaty_region
Paeonia intermedia,Paeonia_intermedia.json,4406455942,1100061109,Paeonia intermedia C.A.Mey. ex Ledeb.,Paeonia intermedia C.A.Mey. ex Ledeb.,9506797,48.97411,83.9625,500,WGS84,2022-07-06,2022,7,6,PRESERVED_SPECIMEN,PRESENT,,,ALTB,http://creativecommons.org/licenses/by-nc/4.0/legalcode,Kazakhstan,,,outside,outside,outside_candidate_almaty_region
Paeonia intermedia,Paeonia_intermedia.json,3415674605,https://www.inaturalist.org/observations/101060290,Paeonia intermedia C.A.Mey. ex Ledeb.,Paeonia intermedia C.A.Mey. ex Ledeb.,9506797,47.603528,81.499378,593,WGS84,2018-05-30T13:26,2018,5,30,HUMAN_OBSERVATION,PRESENT,iNaturalist research-grade observations,iNaturalist,Observations,http://creativecommons.org/licenses/by-nc/4.0/legalcode,Kazakhstan,East Kazakhstan,,outside,outside,outside_candidate_almaty_region
Paeonia intermedia,Paeonia_intermedia.json,1697221953,MW0063863,Paeonia intermedia C.A.Mey. ex Ledeb.,Paeonia intermedia C.A.Mey. ex Ledeb.,9506797,49.930725,82.68362,2000,WGS84,1932-07-10,1932,7,10,PRESERVED_SPECIMEN,PRESENT,Moscow Digital Herbarium,Moscow State University,MW,http://creativecommons.org/licenses/by/4.0/legalcode,Kazakhstan,,,outside,outside,outside_candidate_almaty_region
Paeonia intermedia,Paeonia_intermedia.json,1799000672,MW0828907,Paeonia intermedia C.A.Mey. ex Ledeb.,Paeonia intermedia C.A.Mey. ex Ledeb.,9506797,47.417431,84.785955,,WGS84,1930-06-22,1930,6,22,PRESERVED_SPECIMEN,PRESENT,Moscow Digital Herbarium,Moscow State University,MW,http://creativecommons.org/licenses/by/4.0/legalcode,Kazakhstan,,,outside,outside,outside_candidate_almaty_region
Paeonia intermedia,Paeonia_intermedia.json,1697221901,MW0063862,Paeonia intermedia C.A.Mey. ex Ledeb.,Paeonia intermedia C.A.Mey. ex Ledeb.,9506797,49.120327,85.594482,7000,WGS84,1930-07-21,1930,7,21,PRESERVED_SPECIMEN,PRESENT,Moscow Digital Herbarium,Moscow State University,MW,http://creativecommons.org/licenses/by/4.0/legalcode,Kazakhstan,,,outside,outside,outside_candidate_almaty_region
Paeonia intermedia,Paeonia_intermedia.json,1697221914,MW0063864,Paeonia intermedia C.A.Mey. ex Ledeb.,Paeonia intermedia C.A.Mey. ex Ledeb.,9506797,49.120327,85.594482,7000,WGS84,1930-07-17,1930,7,17,PRESERVED_SPECIMEN,PRESENT,Moscow Digital Herbarium,Moscow State University,MW,http://creativecommons.org/licenses/by/4.0/legalcode,Kazakhstan,,,outside,outside,outside_candidate_almaty_region
Paeonia intermedia,Paeonia_intermedia.json,6360116174,32220,Paeonia intermedia C.A.Mey.,Paeonia intermedia C.A.Mey. ex Ledeb.,7316499,43.509149,68.653175,55567,WGS84,,,,,MATERIAL_CITATION,PRESENT,,,,http://creativecommons.org/licenses/by/4.0/legalcode,Kazakhstan,,28,outside,outside,outside_candidate_almaty_region
Paeonia intermedia,Paeonia_intermedia.json,6360119198,32211,Paeonia intermedia C.A.Mey.,Paeonia intermedia C.A.Mey. ex Ledeb.,7316499,48.546966,79.166443,138671,WGS84,,,,,MATERIAL_CITATION,PRESENT,,,,http://creativecommons.org/licenses/by/4.0/legalcode,Kazakhstan,,11,outside,outside,outside_candidate_almaty_region
Paeonia intermedia,Paeonia_intermedia.json,6360119223,32218,Paeonia intermedia C.A.Mey.,Paeonia intermedia C.A.Mey. ex Ledeb.,7316499,44.011743,74.614079,52193,WGS84,,,,,MATERIAL_CITATION,PRESENT,,,,http://creativecommons.org/licenses/by/4.0/legalcode,Kazakhstan,,26,outside,outside,outside_candidate_almaty_region
Paeonia intermedia,Paeonia_intermedia.json,6360129654,32213,Paeonia intermedia C.A.Mey.,Paeonia intermedia C.A.Mey. ex Ledeb.,7316499,49.697185,82.900907,116211,WGS84,,,,,MATERIAL_CITATION,PRESENT,,,,http://creativecommons.org/licenses/by/4.0/legalcode,Kazakhstan,,22,outside,outside,outside_candidate_almaty_region
Paeonia intermedia,Paeonia_intermedia.json,6360130658,32214,Paeonia intermedia C.A.Mey.,Paeonia intermedia C.A.Mey. ex Ledeb.,7316499,47.326649,82.343905,53492,WGS84,,,,,MATERIAL_CITATION,PRESENT,,,,http://creativecommons.org/licenses/by/4.0/legalcode,Kazakhstan,,23,outside,outside,outside_candidate_almaty_region
Paeonia intermedia,Paeonia_intermedia.json,6360131686,32210,Paeonia intermedia C.A.Mey.,Paeonia intermedia C.A.Mey. ex Ledeb.,7316499,49.707359,71.434322,167884,WGS84,,,,,MATERIAL_CITATION,PRESENT,,,,http://creativecommons.org/licenses/by/4.0/legalcode,Kazakhstan,,10,outside,outside,outside_candidate_almaty_region
Paeonia intermedia,Paeonia_intermedia.json,6360134092,32221,Paeonia intermedia C.A.Mey.,Paeonia intermedia C.A.Mey. ex Ledeb.,7316499,42.203211,69.82776,45089,WGS84,,,,,MATERIAL_CITATION,PRESENT,,,,http://creativecommons.org/licenses/by/4.0/legalcode,Kazakhstan,,29,outside,outside,outside_candidate_almaty_region
Paeonia intermedia,Paeonia_intermedia.json,6360138283,32212,Paeonia intermedia C.A.Mey.,Paeonia intermedia C.A.Mey. ex Ledeb.,7316499,42.410769,68.398299,52046,WGS84,,,,,MATERIAL_CITATION,PRESENT,,,,http://creativecommons.org/licenses/by/4.0/legalcode,Kazakhstan,,21,outside,outside,outside_candidate_almaty_region
Paeonia intermedia,Paeonia_intermedia.json,6360149802,32219,Paeonia intermedia C.A.Mey.,Paeonia intermedia C.A.Mey. ex Ledeb.,7316499,42.748571,72.722336,11617,WGS84,,,,,MATERIAL_CITATION,PRESENT,,,,http://creativecommons.org/licenses/by/4.0/legalcode,Kazakhstan,,27,outside,outside,outside_candidate_almaty_region
Potentilla fedtschenkoana,Potentilla_fedtschenkoana.json,6498209344,https://www.inaturalist.org/observations/384354174,Potentilla fedtschenkoana Siegfr. ex Th.Wolf,Potentilla fedtschenkoana Siegfr. ex Th.Wolf,5367032,42.370487,70.424697,10,WGS84,23-Jul-26 18:44:12,2026,7,23,HUMAN_OBSERVATION,PRESENT,iNaturalist research-grade observations,iNaturalist,Observations,http://creativecommons.org/licenses/by-nc/4.0/legalcode,Kazakhstan,South Kazakhstan,,outside,outside,outside_candidate_almaty_region
Potentilla fedtschenkoana,Potentilla_fedtschenkoana.json,4525303080,https://www.inaturalist.org/observations/199891061,Potentilla fedtschenkoana Siegfr. ex Th.Wolf,Potentilla fedtschenkoana Siegfr. ex Th.Wolf,5367032,42.807395,69.911917,,WGS84,2023-05-22T12:25,2023,5,22,HUMAN_OBSERVATION,PRESENT,iNaturalist research-grade observations,iNaturalist,Observations,http://creativecommons.org/licenses/by-nc/4.0/legalcode,Kazakhstan,South Kazakhstan,,outside,outside,outside_candidate_almaty_region
Potentilla fedtschenkoana,Potentilla_fedtschenkoana.json,4528280259,https://www.inaturalist.org/observations/200256473,Potentilla fedtschenkoana Siegfr. ex Th.Wolf,Potentilla fedtschenkoana Siegfr. ex Th.Wolf,5367032,42.817697,69.891307,,WGS84,2023-05-24T09:09,2023,5,24,HUMAN_OBSERVATION,PRESENT,iNaturalist research-grade observations,iNaturalist,Observations,http://creativecommons.org/licenses/by-nc/4.0/legalcode,Kazakhstan,South Kazakhstan,,outside,outside,outside_candidate_almaty_region
Potentilla fedtschenkoana,Potentilla_fedtschenkoana.json,1799011927,MW0840196,Potentilla fedtschenkoana Siegfr. ex Th.Wolf,Potentilla fedtschenkoana Siegfr. ex Th.Wolf,5367032,43.238887,69.762668,,WGS84,1936-06-24,1936,6,24,PRESERVED_SPECIMEN,PRESENT,Moscow Digital Herbarium,Moscow State University,MW,http://creativecommons.org/licenses/by/4.0/legalcode,Kazakhstan,,,outside,outside,outside_candidate_almaty_region
Potentilla fedtschenkoana,Potentilla_fedtschenkoana.json,1799011891,MW0840195,Potentilla fedtschenkoana Siegfr. ex Th.Wolf,Potentilla fedtschenkoana Siegfr. ex Th.Wolf,5367032,42.901373,70.058784,,WGS84,1934-07-28,1934,7,28,PRESERVED_SPECIMEN,PRESENT,Moscow Digital Herbarium,Moscow State University,MW,http://creativecommons.org/licenses/by/4.0/legalcode,Kazakhstan,,,outside,outside,outside_candidate_almaty_region
Potentilla fedtschenkoana,Potentilla_fedtschenkoana.json,1799011912,MW0840201,Potentilla fedtschenkoana Siegfr. ex Th.Wolf,Potentilla fedtschenkoana Siegfr. ex Th.Wolf,5367032,42.464689,70.284862,,WGS84,1934-07-10,1934,7,10,PRESERVED_SPECIMEN,PRESENT,Moscow Digital Herbarium,Moscow State University,MW,http://creativecommons.org/licenses/by/4.0/legalcode,Kazakhstan,,,outside,outside,outside_candidate_almaty_region
Potentilla fedtschenkoana,Potentilla_fedtschenkoana.json,1799011916,MW0840198,Potentilla fedtschenkoana Siegfr. ex Th.Wolf,Potentilla fedtschenkoana Siegfr. ex Th.Wolf,5367032,42.451961,70.282974,,WGS84,1934-07-03,1934,7,3,PRESERVED_SPECIMEN,PRESENT,Moscow Digital Herbarium,Moscow State University,MW,http://creativecommons.org/licenses/by/4.0/legalcode,Kazakhstan,,,outside,outside,outside_candidate_almaty_region
Potentilla fedtschenkoana,Potentilla_fedtschenkoana.json,1799011948,MW0840205,Potentilla fedtschenkoana Siegfr. ex Th.Wolf,Potentilla fedtschenkoana Siegfr. ex Th.Wolf,5367032,42.901373,70.058784,,WGS84,1934-07-28,1934,7,28,PRESERVED_SPECIMEN,PRESENT,Moscow Digital Herbarium,Moscow State University,MW,http://creativecommons.org/licenses/by/4.0/legalcode,Kazakhstan,,,outside,outside,outside_candidate_almaty_region
Potentilla fedtschenkoana,Potentilla_fedtschenkoana.json,1799011914,MW0840202,Potentilla fedtschenkoana Siegfr. ex Th.Wolf,Potentilla fedtschenkoana Siegfr. ex Th.Wolf,5367032,42.464689,70.284862,,WGS84,1934-08-30,1934,8,30,PRESERVED_SPECIMEN,PRESENT,Moscow Digital Herbarium,Moscow State University,MW,http://creativecommons.org/licenses/by/4.0/legalcode,Kazakhstan,,,outside,outside,outside_candidate_almaty_region
Potentilla fedtschenkoana,Potentilla_fedtschenkoana.json,1799011920,MW0840206,Potentilla fedtschenkoana Siegfr. ex Th.Wolf,Potentilla fedtschenkoana Siegfr. ex Th.Wolf,5367032,42.464689,70.284862,,WGS84,1934-08-13,1934,8,13,PRESERVED_SPECIMEN,PRESENT,Moscow Digital Herbarium,Moscow State University,MW,http://creativecommons.org/licenses/by/4.0/legalcode,Kazakhstan,,,outside,outside,outside_candidate_almaty_region
Potentilla fedtschenkoana,Potentilla_fedtschenkoana.json,1799011934,MW0840204,Potentilla fedtschenkoana Siegfr. ex Th.Wolf,Potentilla fedtschenkoana Siegfr. ex Th.Wolf,5367032,42.885047,70.715144,,WGS84,1931-06-29,1931,6,29,PRESERVED_SPECIMEN,PRESENT,Moscow Digital Herbarium,Moscow State University,MW,http://creativecommons.org/licenses/by/4.0/legalcode,Kazakhstan,,,outside,outside,outside_candidate_almaty_region
Potentilla fedtschenkoana,Potentilla_fedtschenkoana.json,1799011971,MW0840197,Potentilla fedtschenkoana Siegfr. ex Th.Wolf,Potentilla fedtschenkoana Siegfr. ex Th.Wolf,5367032,42.687512,70.384168,,WGS84,1931-07-03,1931,7,3,PRESERVED_SPECIMEN,PRESENT,Moscow Digital Herbarium,Moscow State University,MW,http://creativecommons.org/licenses/by/4.0/legalcode,Kazakhstan,,,outside,outside,outside_candidate_almaty_region
Potentilla fedtschenkoana,Potentilla_fedtschenkoana.json,6360116372,38138,Potentilla fedtschenkoana Siegfr. ex Th.Wolf,Potentilla fedtschenkoana Siegfr. ex Th.Wolf,5367032,43.509149,68.653175,55567,WGS84,,,,,MATERIAL_CITATION,PRESENT,,,,http://creativecommons.org/licenses/by/4.0/legalcode,Kazakhstan,,28,outside,outside,outside_candidate_almaty_region
Potentilla fedtschenkoana,Potentilla_fedtschenkoana.json,6360117360,38139,Potentilla fedtschenkoana Siegfr. ex Th.Wolf,Potentilla fedtschenkoana Siegfr. ex Th.Wolf,5367032,42.203211,69.82776,45089,WGS84,,,,,MATERIAL_CITATION,PRESENT,,,,http://creativecommons.org/licenses/by/4.0/legalcode,Kazakhstan,,29,outside,outside,outside_candidate_almaty_region
Rhodiola algida,Rhodiola_algida.json,4419967611,ABG00411,Rhodiola algida (Ledeb.) Fisch. & C.A.Mey.,Rhodiola algida (Ledeb.) Fisch. & C.A.Mey.,8238889,50.37167,83.87722,,WGS84,2023-06-15,2023,6,15,PRESERVED_SPECIMEN,PRESENT,,,ABG,http://creativecommons.org/licenses/by/4.0/legalcode,Kazakhstan,,,outside,outside,outside_candidate_almaty_region
Rhodiola algida,Rhodiola_algida.json,5281639301,1100039310,Rhodiola algida (Ledeb.) Fisch. & C.A.Mey.,Rhodiola algida (Ledeb.) Fisch. & C.A.Mey.,8238889,49.2242,87.2535,500,WGS84,2022-07-11,2022,7,11,PRESERVED_SPECIMEN,PRESENT,,,ALTB,http://creativecommons.org/licenses/by-nc/4.0/legalcode,Kazakhstan,,,outside,outside,outside_candidate_almaty_region
Rhodiola algida,Rhodiola_algida.json,5281646301,1100039310,Rhodiola algida (Ledeb.) Fisch. & C.A.Mey.,Rhodiola algida (Ledeb.) Fisch. & C.A.Mey.,8238889,49.2242,87.2535,500,WGS84,2022-07-11,2022,7,11,PRESERVED_SPECIMEN,PRESENT,,,,http://creativecommons.org/licenses/by-nc/4.0/legalcode,Kazakhstan,,,outside,outside,outside_candidate_almaty_region
Rhodiola algida,Rhodiola_algida.json,4076370084,https://www.inaturalist.org/observations/152743612,Rhodiola algida (Ledeb.) Fisch. & C.A.Mey.,Rhodiola algida (Ledeb.) Fisch. & C.A.Mey.,8238889,49.219312,87.203702,100,WGS84,2012-06-30T15:22,2012,6,30,HUMAN_OBSERVATION,PRESENT,iNaturalist research-grade observations,iNaturalist,Observations,http://creativecommons.org/publicdomain/zero/1.0/legalcode,Kazakhstan,East Kazakhstan,,outside,outside,outside_candidate_almaty_region
Rhodiola algida,Rhodiola_algida.json,4510004824,https://www.inaturalist.org/observations/153810105,Rhodiola algida (Ledeb.) Fisch. & C.A.Mey.,Rhodiola algida (Ledeb.) Fisch. & C.A.Mey.,8238889,49.262919,86.932212,300,WGS84,2010-07-30T12:58,2010,7,30,HUMAN_OBSERVATION,PRESENT,iNaturalist research-grade observations,iNaturalist,Observations,http://creativecommons.org/publicdomain/zero/1.0/legalcode,Kazakhstan,East Kazakhstan,,outside,outside,outside_candidate_almaty_region
Rhodiola algida,Rhodiola_algida.json,5908779824,https://www.inaturalist.org/observations/297635668,Rhodiola algida (Ledeb.) Fisch. & C.A.Mey.,Rhodiola algida (Ledeb.) Fisch. & C.A.Mey.,8238889,50.298219,83.834803,241,WGS84,2008-07-18T12:35,2008,7,18,HUMAN_OBSERVATION,PRESENT,iNaturalist research-grade observations,iNaturalist,Observations,http://creativecommons.org/licenses/by/4.0/legalcode,Kazakhstan,East Kazakhstan,,outside,outside,outside_candidate_almaty_region
Rhodiola algida,Rhodiola_algida.json,1258294316,urn:catalog:MO:Tropicos:1084839,Rhodiola algida (Ledeb.) Fisch. & C.A.Mey.,Rhodiola algida (Ledeb.) Fisch. & C.A.Mey.,8238889,49.116667,86.023611,,WGS84,1995-08-03,1995,8,3,PRESERVED_SPECIMEN,PRESENT,Tropicos,MO,Tropicos,http://creativecommons.org/licenses/by/4.0/legalcode,Kazakhstan,East Kazakhstan,"Katon-Karagaiskyi Rayon: North side of pass between Sarimsakti and Tarbagatai Ranges. 13.4 km south of main road to Katon-Karagai. Sub-alpine meadows with Pinus, Abies and Larix.",outside,outside,outside_candidate_almaty_region
Rhodiola algida,Rhodiola_algida.json,1697248609,MW0090514,Rhodiola algida (Ledeb.) Fisch. & C.A.Mey.,Rhodiola algida (Ledeb.) Fisch. & C.A.Mey.,8238889,49.166666,85.6,,WGS84,1972-08-13,1972,8,13,PRESERVED_SPECIMEN,PRESENT,Moscow Digital Herbarium,Moscow State University,MW,http://creativecommons.org/licenses/by/4.0/legalcode,Kazakhstan,,,outside,outside,outside_candidate_almaty_region
Rhodiola algida,Rhodiola_algida.json,6360137103,23687,Rhodiola algida (Ledeb.) Fisch. & C.A.Mey.,Rhodiola algida (Ledeb.) Fisch. & C.A.Mey.,8238889,49.697185,82.900907,116211,WGS84,,,,,MATERIAL_CITATION,PRESENT,,,,http://creativecommons.org/licenses/by/4.0/legalcode,Kazakhstan,,22,outside,outside,outside_candidate_almaty_region
Rhodiola linearifolia,Rhodiola_linearifolia.json,6422023693,https://www.inaturalist.org/observations/365626185,Rhodiola rosea L.,Rhodiola rosea L.,2985688,50.378822,84.129478,5,WGS84,2026-05-26T14:20,2026,5,26,HUMAN_OBSERVATION,PRESENT,iNaturalist research-grade observations,iNaturalist,Observations,http://creativecommons.org/licenses/by-nc/4.0/legalcode,Kazakhstan,East Kazakhstan,,outside,outside,outside_candidate_almaty_region
Rhodiola linearifolia,Rhodiola_linearifolia.json,6399608281,https://www.inaturalist.org/observations/371883029,Rhodiola rosea L.,Rhodiola rosea L.,2985688,50.644992,83.813151,,WGS84,14-Jun-26 10:05:01,2026,6,14,HUMAN_OBSERVATION,PRESENT,iNaturalist research-grade observations,iNaturalist,Observations,http://creativecommons.org/licenses/by-nc/4.0/legalcode,Kazakhstan,East Kazakhstan,,outside,outside,outside_candidate_almaty_region
Rhodiola linearifolia,Rhodiola_linearifolia.json,6399857367,https://www.inaturalist.org/observations/371886577,Rhodiola rosea L.,Rhodiola rosea L.,2985688,50.642262,83.804051,,WGS84,14-Jun-26 13:19:14,2026,6,14,HUMAN_OBSERVATION,PRESENT,iNaturalist research-grade observations,iNaturalist,Observations,http://creativecommons.org/licenses/by-nc/4.0/legalcode,Kazakhstan,East Kazakhstan,,outside,outside,outside_candidate_almaty_region
Rhodiola linearifolia,Rhodiola_linearifolia.json,6480781795,https://www.inaturalist.org/observations/389254300,Rhodiola rosea L.,Rhodiola rosea L.,2985688,50.313059,83.847684,393,WGS84,03-Aug-26 10:36:35,2026,8,3,HUMAN_OBSERVATION,PRESENT,iNaturalist research-grade observations,iNaturalist,Observations,http://creativecommons.org/licenses/by-nc/4.0/legalcode,Kazakhstan,East Kazakhstan,,outside,outside,outside_candidate_almaty_region
Rhodiola linearifolia,Rhodiola_linearifolia.json,5238332757,https://www.inaturalist.org/observations/302063801,Rhodiola rosea L.,Rhodiola rosea L.,2985688,50.469265,84.158717,15,WGS84,2025-05-22T16:09,2025,5,22,HUMAN_OBSERVATION,PRESENT,iNaturalist research-grade observations,iNaturalist,Observations,http://creativecommons.org/licenses/by-nc/4.0/legalcode,Kazakhstan,East Kazakhstan,,outside,outside,outside_candidate_almaty_region
Rhodiola linearifolia,Rhodiola_linearifolia.json,5844273734,https://www.inaturalist.org/observations/316452768,Rhodiola semenovii (Regel & Herder) Boriss.,Rhodiola semenovii (Regel & Herder) Boriss.,4199368,42.698861,73.020364,,WGS84,21-Aug-25 13:13:40,2025,8,21,HUMAN_OBSERVATION,PRESENT,iNaturalist research-grade observations,iNaturalist,Observations,http://creativecommons.org/licenses/by-nc/4.0/legalcode,Kazakhstan,Zhambyl,,outside,outside,outside_candidate_almaty_region
Rhodiola linearifolia,Rhodiola_linearifolia.json,4419967611,ABG00411,Rhodiola algida (Ledeb.) Fisch. & C.A.Mey.,Rhodiola algida (Ledeb.) Fisch. & C.A.Mey.,8238889,50.37167,83.87722,,WGS84,2023-06-15,2023,6,15,PRESERVED_SPECIMEN,PRESENT,,,ABG,http://creativecommons.org/licenses/by/4.0/legalcode,Kazakhstan,,,outside,outside,outside_candidate_almaty_region
Rhodiola linearifolia,Rhodiola_linearifolia.json,4419967308,ABG00460,Rhodiola rosea L.,Rhodiola rosea L.,2985688,50.37167,83.87722,,WGS84,2023-08-08,2023,8,8,PRESERVED_SPECIMEN,PRESENT,,,ABG,http://creativecommons.org/licenses/by/4.0/legalcode,Kazakhstan,,,outside,outside,outside_candidate_almaty_region
Rhodiola linearifolia,Rhodiola_linearifolia.json,4846735902,https://www.inaturalist.org/observations/199177966,Rhodiola rosea L.,Rhodiola rosea L.,2985688,50.275915,83.373895,3906,WGS84,2022-06-14T13:36,2022,6,14,HUMAN_OBSERVATION,PRESENT,iNaturalist research-grade observations,iNaturalist,Observations,http://creativecommons.org/licenses/by-nc/4.0/legalcode,Kazakhstan,East Kazakhstan,,outside,outside,outside_candidate_almaty_region
Rhodiola linearifolia,Rhodiola_linearifolia.json,4980574872,https://www.inaturalist.org/observations/250777010,Rhodiola rosea L.,Rhodiola rosea L.,2985688,47.187847,82.488778,7,WGS84,22-Jul-22 12:07:13,2022,7,22,HUMAN_OBSERVATION,PRESENT,iNaturalist research-grade observations,iNaturalist,Observations,http://creativecommons.org/licenses/by-nc/4.0/legalcode,Kazakhstan,East Kazakhstan,,outside,outside,outside_candidate_almaty_region
Rhodiola linearifolia,Rhodiola_linearifolia.json,5281639301,1100039310,Rhodiola algida (Ledeb.) Fisch. & C.A.Mey.,Rhodiola algida (Ledeb.) Fisch. & C.A.Mey.,8238889,49.2242,87.2535,500,WGS84,2022-07-11,2022,7,11,PRESERVED_SPECIMEN,PRESENT,,,ALTB,http://creativecommons.org/licenses/by-nc/4.0/legalcode,Kazakhstan,,,outside,outside,outside_candidate_almaty_region
Rhodiola linearifolia,Rhodiola_linearifolia.json,5281646301,1100039310,Rhodiola algida (Ledeb.) Fisch. & C.A.Mey.,Rhodiola algida (Ledeb.) Fisch. & C.A.Mey.,8238889,49.2242,87.2535,500,WGS84,2022-07-11,2022,7,11,PRESERVED_SPECIMEN,PRESENT,,,,http://creativecommons.org/licenses/by-nc/4.0/legalcode,Kazakhstan,,,outside,outside,outside_candidate_almaty_region
Rhodiola linearifolia,Rhodiola_linearifolia.json,6133233471,https://www.inaturalist.org/observations/336778465,Rhodiola semenovii (Regel & Herder) Boriss.,Rhodiola semenovii (Regel & Herder) Boriss.,4199368,42.074198,70.10526,4806,WGS84,13-Jul-22 05:19:33,2022,7,13,HUMAN_OBSERVATION,PRESENT,iNaturalist research-grade observations,iNaturalist,Observations,http://creativecommons.org/licenses/by-nc/4.0/legalcode,Kazakhstan,South Kazakhstan,,outside,outside,outside_candidate_almaty_region
Rhodiola linearifolia,Rhodiola_linearifolia.json,3803440333,0039,Rhodiola rosea L.,Rhodiola rosea L.,2985688,49.55,86.3,,WGS84,2021-06-02,2021,6,2,HUMAN_OBSERVATION,PRESENT,,,,http://creativecommons.org/licenses/by-nc/4.0/legalcode,Kazakhstan,,,outside,outside,outside_candidate_almaty_region
Rhodiola linearifolia,Rhodiola_linearifolia.json,3803440338,0038,Rhodiola rosea L.,Rhodiola rosea L.,2985688,49.2,86.583333,,WGS84,2021-06-01,2021,6,1,HUMAN_OBSERVATION,PRESENT,,,,http://creativecommons.org/licenses/by-nc/4.0/legalcode,Kazakhstan,,,outside,outside,outside_candidate_almaty_region
Rhodiola linearifolia,Rhodiola_linearifolia.json,4846929424,https://www.inaturalist.org/observations/200484153,Rhodiola rosea L.,Rhodiola rosea L.,2985688,50.25815,83.763999,7813,WGS84,2021-06-27T12:22,2021,6,27,HUMAN_OBSERVATION,PRESENT,iNaturalist research-grade observations,iNaturalist,Observations,http://creativecommons.org/licenses/by-nc/4.0/legalcode,Kazakhstan,East Kazakhstan,,outside,outside,outside_candidate_almaty_region
Rhodiola linearifolia,Rhodiola_linearifolia.json,4908567516,https://www.inaturalist.org/observations/200484160,Rhodiola quadrifida (Pall.) Fisch. & C.A.Mey.,Rhodiola quadrifida (Pall.) Fisch. & C.A.Mey.,4199694,50.265174,83.772279,7813,WGS84,2021-06-27T12:55,2021,6,27,HUMAN_OBSERVATION,PRESENT,iNaturalist research-grade observations,iNaturalist,Observations,http://creativecommons.org/licenses/by-nc/4.0/legalcode,Kazakhstan,East Kazakhstan,,outside,outside,outside_candidate_almaty_region
Rhodiola linearifolia,Rhodiola_linearifolia.json,3803440346,0034,Rhodiola rosea L.,Rhodiola rosea L.,2985688,49.083333,85.6,,WGS84,2020-05-17,2020,5,17,HUMAN_OBSERVATION,PRESENT,,,,http://creativecommons.org/licenses/by-nc/4.0/legalcode,Kazakhstan,,,outside,outside,outside_candidate_almaty_region
Rhodiola linearifolia,Rhodiola_linearifolia.json,3820246595,1100039079,Rhodiola quadrifida (Pall.) Fisch. & C.A.Mey.,Rhodiola quadrifida (Pall.) Fisch. & C.A.Mey.,4199694,49.0761,85.6331,500,WGS84,2020-05-17,2020,5,17,PRESERVED_SPECIMEN,PRESENT,,,ALTB,http://creativecommons.org/licenses/by-nc/4.0/legalcode,Kazakhstan,,,outside,outside,outside_candidate_almaty_region
Rhodiola linearifolia,Rhodiola_linearifolia.json,3820247455,1100039079,Rhodiola quadrifida (Pall.) Fisch. & C.A.Mey.,Rhodiola quadrifida (Pall.) Fisch. & C.A.Mey.,4199694,49.0761,85.6331,500,WGS84,2020-05-17,2020,5,17,PRESERVED_SPECIMEN,PRESENT,,,,http://creativecommons.org/licenses/by-nc/4.0/legalcode,Kazakhstan,,,outside,outside,outside_candidate_almaty_region
Rhodiola linearifolia,Rhodiola_linearifolia.json,4038668482,1100039079,Rhodiola quadrifida (Pall.) Fisch. & C.A.Mey.,Rhodiola quadrifida (Pall.) Fisch. & C.A.Mey.,4199694,49.0761,85.6331,500,WGS84,2020-05-17,2020,5,17,PRESERVED_SPECIMEN,PRESENT,,,ALTB,http://creativecommons.org/licenses/by-nc/4.0/legalcode,Kazakhstan,,,outside,outside,outside_candidate_almaty_region
Rhodiola linearifolia,Rhodiola_linearifolia.json,5282497169,https://www.inaturalist.org/observations/302290835,Rhodiola rosea L.,Rhodiola rosea L.,2985688,50.307608,84.232629,244,WGS84,2019-07-05T14:25,2019,7,5,HUMAN_OBSERVATION,PRESENT,iNaturalist research-grade observations,iNaturalist,Observations,http://creativecommons.org/licenses/by-nc/4.0/legalcode,Kazakhstan,East Kazakhstan,,outside,outside,outside_candidate_almaty_region
Rhodiola linearifolia,Rhodiola_linearifolia.json,2557767111,https://www.inaturalist.org/observations/37516008,Rhodiola heterodonta (Hook.fil. & Thomson) Boriss.,Rhodiola heterodonta (Hook.fil. & Thomson) Boriss.,7521501,42.379621,70.641403,122,WGS84,2016-06-19T11:27,2016,6,19,HUMAN_OBSERVATION,PRESENT,iNaturalist research-grade observations,iNaturalist,Observations,http://creativecommons.org/licenses/by-nc/4.0/legalcode,Kazakhstan,South Kazakhstan,,outside,outside,outside_candidate_almaty_region
Rhodiola linearifolia,Rhodiola_linearifolia.json,5282512650,https://www.inaturalist.org/observations/302316688,Rhodiola rosea L.,Rhodiola rosea L.,2985688,50.280276,84.005614,31,WGS84,2015-07-13T17:36,2015,7,13,HUMAN_OBSERVATION,PRESENT,iNaturalist research-grade observations,iNaturalist,Observations,http://creativecommons.org/licenses/by-nc/4.0/legalcode,Kazakhstan,East Kazakhstan,,outside,outside,outside_candidate_almaty_region
Rhodiola linearifolia,Rhodiola_linearifolia.json,4846733277,https://www.inaturalist.org/observations/199169546,Rhodiola quadrifida (Pall.) Fisch. & C.A.Mey.,Rhodiola quadrifida (Pall.) Fisch. & C.A.Mey.,4199694,50.345119,83.869653,488,WGS84,2014-07-11T10:24,2014,7,11,HUMAN_OBSERVATION,PRESENT,iNaturalist research-grade observations,iNaturalist,Observations,http://creativecommons.org/licenses/by-nc/4.0/legalcode,Kazakhstan,East Kazakhstan,,outside,outside,outside_candidate_almaty_region
Rhodiola linearifolia,Rhodiola_linearifolia.json,4846761945,https://www.inaturalist.org/observations/199169529,Rhodiola rosea L.,Rhodiola rosea L.,2985688,50.341175,83.875147,488,WGS84,2014-07-10T09:15,2014,7,10,HUMAN_OBSERVATION,PRESENT,iNaturalist research-grade observations,iNaturalist,Observations,http://creativecommons.org/licenses/by-nc/4.0/legalcode,Kazakhstan,East Kazakhstan,,outside,outside,outside_candidate_almaty_region
Rhodiola rosea,Rhodiola_rosea.json,6422023693,https://www.inaturalist.org/observations/365626185,Rhodiola rosea L.,Rhodiola rosea L.,2985688,50.378822,84.129478,5,WGS84,2026-05-26T14:20,2026,5,26,HUMAN_OBSERVATION,PRESENT,iNaturalist research-grade observations,iNaturalist,Observations,http://creativecommons.org/licenses/by-nc/4.0/legalcode,Kazakhstan,East Kazakhstan,,outside,outside,outside_candidate_almaty_region
Rhodiola rosea,Rhodiola_rosea.json,6399608281,https://www.inaturalist.org/observations/371883029,Rhodiola rosea L.,Rhodiola rosea L.,2985688,50.644992,83.813151,,WGS84,14-Jun-26 10:05:01,2026,6,14,HUMAN_OBSERVATION,PRESENT,iNaturalist research-grade observations,iNaturalist,Observations,http://creativecommons.org/licenses/by-nc/4.0/legalcode,Kazakhstan,East Kazakhstan,,outside,outside,outside_candidate_almaty_region
Rhodiola rosea,Rhodiola_rosea.json,6399857367,https://www.inaturalist.org/observations/371886577,Rhodiola rosea L.,Rhodiola rosea L.,2985688,50.642262,83.804051,,WGS84,14-Jun-26 13:19:14,2026,6,14,HUMAN_OBSERVATION,PRESENT,iNaturalist research-grade observations,iNaturalist,Observations,http://creativecommons.org/licenses/by-nc/4.0/legalcode,Kazakhstan,East Kazakhstan,,outside,outside,outside_candidate_almaty_region
Rhodiola rosea,Rhodiola_rosea.json,6480781795,https://www.inaturalist.org/observations/389254300,Rhodiola rosea L.,Rhodiola rosea L.,2985688,50.313059,83.847684,393,WGS84,03-Aug-26 10:36:35,2026,8,3,HUMAN_OBSERVATION,PRESENT,iNaturalist research-grade observations,iNaturalist,Observations,http://creativecommons.org/licenses/by-nc/4.0/legalcode,Kazakhstan,East Kazakhstan,,outside,outside,outside_candidate_almaty_region
Rhodiola rosea,Rhodiola_rosea.json,5238332757,https://www.inaturalist.org/observations/302063801,Rhodiola rosea L.,Rhodiola rosea L.,2985688,50.469265,84.158717,15,WGS84,2025-05-22T16:09,2025,5,22,HUMAN_OBSERVATION,PRESENT,iNaturalist research-grade observations,iNaturalist,Observations,http://creativecommons.org/licenses/by-nc/4.0/legalcode,Kazakhstan,East Kazakhstan,,outside,outside,outside_candidate_almaty_region
Rhodiola rosea,Rhodiola_rosea.json,4419967308,ABG00460,Rhodiola rosea L.,Rhodiola rosea L.,2985688,50.37167,83.87722,,WGS84,2023-08-08,2023,8,8,PRESERVED_SPECIMEN,PRESENT,,,ABG,http://creativecommons.org/licenses/by/4.0/legalcode,Kazakhstan,,,outside,outside,outside_candidate_almaty_region
Rhodiola rosea,Rhodiola_rosea.json,4846735902,https://www.inaturalist.org/observations/199177966,Rhodiola rosea L.,Rhodiola rosea L.,2985688,50.275915,83.373895,3906,WGS84,2022-06-14T13:36,2022,6,14,HUMAN_OBSERVATION,PRESENT,iNaturalist research-grade observations,iNaturalist,Observations,http://creativecommons.org/licenses/by-nc/4.0/legalcode,Kazakhstan,East Kazakhstan,,outside,outside,outside_candidate_almaty_region
Rhodiola rosea,Rhodiola_rosea.json,4980574872,https://www.inaturalist.org/observations/250777010,Rhodiola rosea L.,Rhodiola rosea L.,2985688,47.187847,82.488778,7,WGS84,22-Jul-22 12:07:13,2022,7,22,HUMAN_OBSERVATION,PRESENT,iNaturalist research-grade observations,iNaturalist,Observations,http://creativecommons.org/licenses/by-nc/4.0/legalcode,Kazakhstan,East Kazakhstan,,outside,outside,outside_candidate_almaty_region
Rhodiola rosea,Rhodiola_rosea.json,3803440333,0039,Rhodiola rosea L.,Rhodiola rosea L.,2985688,49.55,86.3,,WGS84,2021-06-02,2021,6,2,HUMAN_OBSERVATION,PRESENT,,,,http://creativecommons.org/licenses/by-nc/4.0/legalcode,Kazakhstan,,,outside,outside,outside_candidate_almaty_region
Rhodiola rosea,Rhodiola_rosea.json,3803440338,0038,Rhodiola rosea L.,Rhodiola rosea L.,2985688,49.2,86.583333,,WGS84,2021-06-01,2021,6,1,HUMAN_OBSERVATION,PRESENT,,,,http://creativecommons.org/licenses/by-nc/4.0/legalcode,Kazakhstan,,,outside,outside,outside_candidate_almaty_region
Rhodiola rosea,Rhodiola_rosea.json,4846929424,https://www.inaturalist.org/observations/200484153,Rhodiola rosea L.,Rhodiola rosea L.,2985688,50.25815,83.763999,7813,WGS84,2021-06-27T12:22,2021,6,27,HUMAN_OBSERVATION,PRESENT,iNaturalist research-grade observations,iNaturalist,Observations,http://creativecommons.org/licenses/by-nc/4.0/legalcode,Kazakhstan,East Kazakhstan,,outside,outside,outside_candidate_almaty_region
Rhodiola rosea,Rhodiola_rosea.json,3803440346,0034,Rhodiola rosea L.,Rhodiola rosea L.,2985688,49.083333,85.6,,WGS84,2020-05-17,2020,5,17,HUMAN_OBSERVATION,PRESENT,,,,http://creativecommons.org/licenses/by-nc/4.0/legalcode,Kazakhstan,,,outside,outside,outside_candidate_almaty_region
Rhodiola rosea,Rhodiola_rosea.json,5282497169,https://www.inaturalist.org/observations/302290835,Rhodiola rosea L.,Rhodiola rosea L.,2985688,50.307608,84.232629,244,WGS84,2019-07-05T14:25,2019,7,5,HUMAN_OBSERVATION,PRESENT,iNaturalist research-grade observations,iNaturalist,Observations,http://creativecommons.org/licenses/by-nc/4.0/legalcode,Kazakhstan,East Kazakhstan,,outside,outside,outside_candidate_almaty_region
Rhodiola rosea,Rhodiola_rosea.json,5282512650,https://www.inaturalist.org/observations/302316688,Rhodiola rosea L.,Rhodiola rosea L.,2985688,50.280276,84.005614,31,WGS84,2015-07-13T17:36,2015,7,13,HUMAN_OBSERVATION,PRESENT,iNaturalist research-grade observations,iNaturalist,Observations,http://creativecommons.org/licenses/by-nc/4.0/legalcode,Kazakhstan,East Kazakhstan,,outside,outside,outside_candidate_almaty_region
Rhodiola rosea,Rhodiola_rosea.json,4846761945,https://www.inaturalist.org/observations/199169529,Rhodiola rosea L.,Rhodiola rosea L.,2985688,50.341175,83.875147,488,WGS84,2014-07-10T09:15,2014,7,10,HUMAN_OBSERVATION,PRESENT,iNaturalist research-grade observations,iNaturalist,Observations,http://creativecommons.org/licenses/by-nc/4.0/legalcode,Kazakhstan,East Kazakhstan,,outside,outside,outside_candidate_almaty_region
Rhodiola rosea,Rhodiola_rosea.json,4846810368,https://www.inaturalist.org/observations/199169511,Rhodiola rosea L.,Rhodiola rosea L.,2985688,50.33025,83.873773,3906,WGS84,2014-07-09T16:19,2014,7,9,HUMAN_OBSERVATION,PRESENT,iNaturalist research-grade observations,iNaturalist,Observations,http://creativecommons.org/licenses/by-nc/4.0/legalcode,Kazakhstan,East Kazakhstan,,outside,outside,outside_candidate_almaty_region
Rhodiola rosea,Rhodiola_rosea.json,4847131982,https://www.inaturalist.org/observations/199169517,Rhodiola rosea L.,Rhodiola rosea L.,2985688,50.333506,83.876863,488,WGS84,2014-07-09T16:22,2014,7,9,HUMAN_OBSERVATION,PRESENT,iNaturalist research-grade observations,iNaturalist,Observations,http://creativecommons.org/licenses/by-nc/4.0/legalcode,Kazakhstan,East Kazakhstan,,outside,outside,outside_candidate_almaty_region
Rhodiola rosea,Rhodiola_rosea.json,4847178332,https://www.inaturalist.org/observations/199169554,Rhodiola rosea L.,Rhodiola rosea L.,2985688,50.339203,83.883386,488,WGS84,2014-07-11T12:39,2014,7,11,HUMAN_OBSERVATION,PRESENT,iNaturalist research-grade observations,iNaturalist,Observations,http://creativecommons.org/licenses/by-nc/4.0/legalcode,Kazakhstan,East Kazakhstan,,outside,outside,outside_candidate_almaty_region
Rhodiola rosea,Rhodiola_rosea.json,4908557082,https://www.inaturalist.org/observations/199168489,Rhodiola rosea L.,Rhodiola rosea L.,2985688,49.099528,86.046691,977,WGS84,2014-07-26T17:27,2014,7,26,HUMAN_OBSERVATION,PRESENT,iNaturalist research-grade observations,iNaturalist,Observations,http://creativecommons.org/licenses/by-nc/4.0/legalcode,Kazakhstan,East Kazakhstan,,outside,outside,outside_candidate_almaty_region
Rhodiola rosea,Rhodiola_rosea.json,4846858634,https://www.inaturalist.org/observations/199166807,Rhodiola rosea L.,Rhodiola rosea L.,2985688,50.367492,83.869257,244,WGS84,2014-08-09T10:46,2014,8,9,HUMAN_OBSERVATION,PRESENT,iNaturalist research-grade observations,iNaturalist,Observations,http://creativecommons.org/licenses/by-nc/4.0/legalcode,Kazakhstan,East Kazakhstan,,outside,outside,outside_candidate_almaty_region
Rhodiola rosea,Rhodiola_rosea.json,4075875994,https://www.inaturalist.org/observations/152645810,Rhodiola rosea L.,Rhodiola rosea L.,2985688,49.2196,87.1934,300,WGS84,2012-06-30T13:10,2012,6,30,HUMAN_OBSERVATION,PRESENT,iNaturalist research-grade observations,iNaturalist,Observations,http://creativecommons.org/publicdomain/zero/1.0/legalcode,Kazakhstan,East Kazakhstan,,outside,outside,outside_candidate_almaty_region
Rhodiola rosea,Rhodiola_rosea.json,3938648411,1100057930,Rhodiola rosea L.,Rhodiola rosea L.,2985688,47.23333,84.91667,500,WGS84,2011-07-18,2011,7,18,PRESERVED_SPECIMEN,PRESENT,,,ALTB,http://creativecommons.org/licenses/by-nc/4.0/legalcode,Kazakhstan,,,outside,outside,outside_candidate_almaty_region
Rhodiola rosea,Rhodiola_rosea.json,4038671039,1100057930,Rhodiola rosea L.,Rhodiola rosea L.,2985688,47.23333,84.91667,500,WGS84,2011-07-18,2011,7,18,PRESERVED_SPECIMEN,PRESENT,,,ALTB,http://creativecommons.org/licenses/by-nc/4.0/legalcode,Kazakhstan,,,outside,outside,outside_candidate_almaty_region
Rhodiola rosea,Rhodiola_rosea.json,4080444829,https://www.inaturalist.org/observations/153637621,Rhodiola rosea L.,Rhodiola rosea L.,2985688,49.278674,86.973454,250,WGS84,2010-07-29T12:10,2010,7,29,HUMAN_OBSERVATION,PRESENT,iNaturalist research-grade observations,iNaturalist,Observations,http://creativecommons.org/publicdomain/zero/1.0/legalcode,Kazakhstan,East Kazakhstan,,outside,outside,outside_candidate_almaty_region
Rhodiola rosea,Rhodiola_rosea.json,4080445840,https://www.inaturalist.org/observations/153693970,Rhodiola rosea L.,Rhodiola rosea L.,2985688,49.281054,86.97164,75,WGS84,2010-07-29T14:07,2010,7,29,HUMAN_OBSERVATION,PRESENT,iNaturalist research-grade observations,iNaturalist,Observations,http://creativecommons.org/publicdomain/zero/1.0/legalcode,Kazakhstan,East Kazakhstan,,outside,outside,outside_candidate_almaty_region
Rhodiola rosea,Rhodiola_rosea.json,3938648797,1100057861,Rhodiola rosea L.,Rhodiola rosea L.,2985688,47.26667,85.08333,500,WGS84,2004-07-06,2004,7,6,PRESERVED_SPECIMEN,PRESENT,,,ALTB,http://creativecommons.org/licenses/by-nc/4.0/legalcode,Kazakhstan,,,outside,outside,outside_candidate_almaty_region
Rhodiola rosea,Rhodiola_rosea.json,4038671368,1100057861,Rhodiola rosea L.,Rhodiola rosea L.,2985688,47.26667,85.08333,500,WGS84,2004-07-06,2004,7,6,PRESERVED_SPECIMEN,PRESENT,,,ALTB,http://creativecommons.org/licenses/by-nc/4.0/legalcode,Kazakhstan,,,outside,outside,outside_candidate_almaty_region
Rhodiola rosea,Rhodiola_rosea.json,3938649205,1100057798,Rhodiola rosea L.,Rhodiola rosea L.,2985688,47.26667,84.8,500,WGS84,2000-05-25,2000,5,25,PRESERVED_SPECIMEN,PRESENT,,,ALTB,http://creativecommons.org/licenses/by-nc/4.0/legalcode,Kazakhstan,,,outside,outside,outside_candidate_almaty_region
Rhodiola rosea,Rhodiola_rosea.json,4038668378,1100057798,Rhodiola rosea L.,Rhodiola rosea L.,2985688,47.26667,84.8,500,WGS84,2000-05-25,2000,5,25,PRESERVED_SPECIMEN,PRESENT,,,ALTB,http://creativecommons.org/licenses/by-nc/4.0/legalcode,Kazakhstan,,,outside,outside,outside_candidate_almaty_region
Rhodiola rosea,Rhodiola_rosea.json,1258293576,urn:catalog:MO:Tropicos:1084179,Sedum rosea (L.) Scop.,Rhodiola rosea L.,5361970,49.1525,85.985278,,WGS84,1995-08-02,1995,8,2,PRESERVED_SPECIMEN,PRESENT,Tropicos,MO,Tropicos,http://creativecommons.org/licenses/by/4.0/legalcode,Kazakhstan,East Kazakhstan,Katon-Karagaiskyi Rayon: Lower north slope of Sarimsakti Range between Chingistai and Enbek (Km 85/29).,outside,outside,outside_candidate_almaty_region
Rhodiola rosea,Rhodiola_rosea.json,3938648461,1100057958,Rhodiola rosea L.,Rhodiola rosea L.,2985688,49.21667,87.2,500,WGS84,1992-07-24,1992,7,24,PRESERVED_SPECIMEN,PRESENT,,,ALTB,http://creativecommons.org/licenses/by-nc/4.0/legalcode,Kazakhstan,,,outside,outside,outside_candidate_almaty_region
Rhodiola rosea,Rhodiola_rosea.json,3938648467,1100057950,Rhodiola rosea L.,Rhodiola rosea L.,2985688,49.21667,87.2,500,WGS84,1992-07-24,1992,7,24,PRESERVED_SPECIMEN,PRESENT,,,ALTB,http://creativecommons.org/licenses/by-nc/4.0/legalcode,Kazakhstan,,,outside,outside,outside_candidate_almaty_region
Rhodiola rosea,Rhodiola_rosea.json,4038671100,1100057958,Rhodiola rosea L.,Rhodiola rosea L.,2985688,49.21667,87.2,500,WGS84,1992-07-24,1992,7,24,PRESERVED_SPECIMEN,PRESENT,,,ALTB,http://creativecommons.org/licenses/by-nc/4.0/legalcode,Kazakhstan,,,outside,outside,outside_candidate_almaty_region
Rhodiola rosea,Rhodiola_rosea.json,4038671107,1100057950,Rhodiola rosea L.,Rhodiola rosea L.,2985688,49.21667,87.2,500,WGS84,1992-07-24,1992,7,24,PRESERVED_SPECIMEN,PRESENT,,,ALTB,http://creativecommons.org/licenses/by-nc/4.0/legalcode,Kazakhstan,,,outside,outside,outside_candidate_almaty_region
Rhodiola rosea,Rhodiola_rosea.json,1697248447,MW0090326,Rhodiola rosea L.,Rhodiola rosea L.,2985688,48.984024,85.841331,,WGS84,1972-08-03,1972,8,3,PRESERVED_SPECIMEN,PRESENT,Moscow Digital Herbarium,Moscow State University,MW,http://creativecommons.org/licenses/by/4.0/legalcode,Kazakhstan,,,outside,outside,outside_candidate_almaty_region
Rhodiola rosea,Rhodiola_rosea.json,1697248402,MW0090327,Rhodiola rosea L.,Rhodiola rosea L.,2985688,48.970604,85.669586,,WGS84,1936-07-13,1936,7,13,PRESERVED_SPECIMEN,PRESENT,Moscow Digital Herbarium,Moscow State University,MW,http://creativecommons.org/licenses/by/4.0/legalcode,Kazakhstan,,,outside,outside,outside_candidate_almaty_region
Rhodiola rosea,Rhodiola_rosea.json,1697248412,MW0090329,Rhodiola rosea L.,Rhodiola rosea L.,2985688,50.116399,84.317821,,WGS84,1930-08-30,1930,8,30,PRESERVED_SPECIMEN,PRESENT,Moscow Digital Herbarium,Moscow State University,MW,http://creativecommons.org/licenses/by/4.0/legalcode,Kazakhstan,,,outside,outside,outside_candidate_almaty_region
Rhodiola rosea,Rhodiola_rosea.json,1697248417,MW0090328,Rhodiola rosea L.,Rhodiola rosea L.,2985688,50.116399,84.317821,,WGS84,1930-08-30,1930,8,30,PRESERVED_SPECIMEN,PRESENT,Moscow Digital Herbarium,Moscow State University,MW,http://creativecommons.org/licenses/by/4.0/legalcode,Kazakhstan,,,outside,outside,outside_candidate_almaty_region
Rhodiola rosea,Rhodiola_rosea.json,6360120578,23710,Rhodiola rosea L.,Rhodiola rosea L.,2985688,47.326649,82.343905,53492,WGS84,,,,,MATERIAL_CITATION,PRESENT,,,,http://creativecommons.org/licenses/by/4.0/legalcode,Kazakhstan,,23,outside,outside,outside_candidate_almaty_region
Rhodiola rosea,Rhodiola_rosea.json,6360136583,23709,Rhodiola rosea L.,Rhodiola rosea L.,2985688,49.697185,82.900907,116211,WGS84,,,,,MATERIAL_CITATION,PRESENT,,,,http://creativecommons.org/licenses/by/4.0/legalcode,Kazakhstan,,22,outside,outside,outside_candidate_almaty_region
Rosa fedtschenkoana,Rosa_fedtschenkoana.json,6399823350,https://www.inaturalist.org/observations/370114654,Rosa fedtschenkoana Regel,Rosa webbiana Wall.,3009043,42.372763,70.423538,3,WGS84,09-Jun-26 19:05:40,2026,6,9,HUMAN_OBSERVATION,PRESENT,iNaturalist research-grade observations,iNaturalist,Observations,http://creativecommons.org/licenses/by-nc/4.0/legalcode,Kazakhstan,South Kazakhstan,,outside,outside,outside_candidate_almaty_region
Rosa fedtschenkoana,Rosa_fedtschenkoana.json,6481017319,https://www.inaturalist.org/observations/389115237,Rosa fedtschenkoana Regel,Rosa webbiana Wall.,3009043,42.372517,70.422958,7,WGS84,07-Aug-26 18:23:45,2026,8,7,HUMAN_OBSERVATION,PRESENT,iNaturalist research-grade observations,iNaturalist,Observations,http://creativecommons.org/licenses/by-nc/4.0/legalcode,Kazakhstan,South Kazakhstan,,outside,outside,outside_candidate_almaty_region
Rosa fedtschenkoana,Rosa_fedtschenkoana.json,5935604781,https://www.inaturalist.org/observations/292374287,Rosa fedtschenkoana Regel,Rosa webbiana Wall.,3009043,41.834869,69.909253,617,WGS84,2025-06-04T06:00,2025,6,4,HUMAN_OBSERVATION,PRESENT,iNaturalist research-grade observations,iNaturalist,Observations,http://creativecommons.org/licenses/by-nc/4.0/legalcode,Kazakhstan,South Kazakhstan,,outside,outside,outside_candidate_almaty_region
Rosa fedtschenkoana,Rosa_fedtschenkoana.json,5760777690,https://www.inaturalist.org/observations/308021011,Rosa fedtschenkoana Regel,Rosa webbiana Wall.,3009043,42.41812,70.925887,,WGS84,2025-08-06T18:32,2025,8,6,HUMAN_OBSERVATION,PRESENT,iNaturalist research-grade observations,iNaturalist,Observations,http://creativecommons.org/licenses/by/4.0/legalcode,Kazakhstan,Zhambyl,,outside,outside,outside_candidate_almaty_region
Rosa fedtschenkoana,Rosa_fedtschenkoana.json,5830769357,https://www.inaturalist.org/observations/315789993,Rosa fedtschenkoana Regel,Rosa webbiana Wall.,3009043,42.712389,73.021161,,WGS84,21-Aug-25 11:13:45,2025,8,21,HUMAN_OBSERVATION,PRESENT,iNaturalist research-grade observations,iNaturalist,Observations,http://creativecommons.org/licenses/by-nc/4.0/legalcode,Kazakhstan,Zhambyl,,outside,outside,outside_candidate_almaty_region
Rosa fedtschenkoana,Rosa_fedtschenkoana.json,5868383950,https://www.inaturalist.org/observations/322224628,Rosa fedtschenkoana Regel,Rosa webbiana Wall.,3009043,42.288429,70.67329,38318,WGS84,04-Aug-25 11:47:28,2025,8,4,HUMAN_OBSERVATION,PRESENT,iNaturalist research-grade observations,iNaturalist,Observations,http://creativecommons.org/licenses/by-nc/4.0/legalcode,Kazakhstan,South Kazakhstan,,outside,outside,outside_candidate_almaty_region
Rosa fedtschenkoana,Rosa_fedtschenkoana.json,5935897741,https://www.inaturalist.org/observations/310209487,Rosa fedtschenkoana Regel,Rosa webbiana Wall.,3009043,42.196702,70.213231,1328,WGS84,23-Aug-25 14:08:17,2025,8,23,HUMAN_OBSERVATION,PRESENT,iNaturalist research-grade observations,iNaturalist,Observations,http://creativecommons.org/licenses/by-nc/4.0/legalcode,Kazakhstan,South Kazakhstan,,outside,outside,outside_candidate_almaty_region
Rosa fedtschenkoana,Rosa_fedtschenkoana.json,4416764912,https://www.inaturalist.org/observations/183963743,Rosa fedtschenkoana Regel,Rosa webbiana Wall.,3009043,41.929468,69.954734,132,WGS84,2023-06-20T08:53,2023,6,20,HUMAN_OBSERVATION,PRESENT,iNaturalist research-grade observations,iNaturalist,Observations,http://creativecommons.org/licenses/by-nc/4.0/legalcode,Kazakhstan,South Kazakhstan,,outside,outside,outside_candidate_almaty_region
Rosa fedtschenkoana,Rosa_fedtschenkoana.json,4527983990,https://www.inaturalist.org/observations/200137843,Rosa fedtschenkoana Regel,Rosa webbiana Wall.,3009043,42.407353,70.471299,,WGS84,06-Oct-23 12:00:42,2023,10,6,HUMAN_OBSERVATION,PRESENT,iNaturalist research-grade observations,iNaturalist,Observations,http://creativecommons.org/licenses/by/4.0/legalcode,Kazakhstan,South Kazakhstan,,outside,outside,outside_candidate_almaty_region
Rosa fedtschenkoana,Rosa_fedtschenkoana.json,4075802103,https://www.inaturalist.org/observations/152753117,Rosa fedtschenkoana Regel,Rosa webbiana Wall.,3009043,42.735081,72.962667,,WGS84,2020-09-22T18:09,2020,9,22,HUMAN_OBSERVATION,PRESENT,iNaturalist research-grade observations,iNaturalist,Observations,http://creativecommons.org/licenses/by-nc/4.0/legalcode,Kazakhstan,Zhambyl,,outside,outside,outside_candidate_almaty_region
Rosa fedtschenkoana,Rosa_fedtschenkoana.json,6133369552,https://www.inaturalist.org/observations/337085779,Rosa fedtschenkoana Regel,Rosa webbiana Wall.,3009043,42.846526,69.785624,2599,WGS84,13-Sep-20 09:33:47,2020,9,13,HUMAN_OBSERVATION,PRESENT,iNaturalist research-grade observations,iNaturalist,Observations,http://creativecommons.org/licenses/by-nc/4.0/legalcode,Kazakhstan,South Kazakhstan,,outside,outside,outside_candidate_almaty_region
Rosa fedtschenkoana,Rosa_fedtschenkoana.json,2557759513,https://www.inaturalist.org/observations/37490178,Rosa fedtschenkoana Regel,Rosa webbiana Wall.,3009043,42.392712,70.619787,31,WGS84,2016-06-18T12:15,2016,6,18,HUMAN_OBSERVATION,PRESENT,iNaturalist research-grade observations,iNaturalist,Observations,http://creativecommons.org/licenses/by-nc/4.0/legalcode,Kazakhstan,South Kazakhstan,,outside,outside,outside_candidate_almaty_region
Rosa fedtschenkoana,Rosa_fedtschenkoana.json,6360136738,38481,Rosa fedtschenkoana Regel,Rosa webbiana Wall.,3009043,42.203211,69.82776,45089,WGS84,,,,,MATERIAL_CITATION,PRESENT,,,,http://creativecommons.org/licenses/by/4.0/legalcode,Kazakhstan,,29,outside,outside,outside_candidate_almaty_region
Rosa fedtschenkoana,Rosa_fedtschenkoana.json,6360144195,38479,Rosa fedtschenkoana Regel,Rosa webbiana Wall.,3009043,42.748571,72.722336,11617,WGS84,,,,,MATERIAL_CITATION,PRESENT,,,,http://creativecommons.org/licenses/by/4.0/legalcode,Kazakhstan,,27,outside,outside,outside_candidate_almaty_region
Rosa fedtschenkoana,Rosa_fedtschenkoana.json,6360149317,38480,Rosa fedtschenkoana Regel,Rosa webbiana Wall.,3009043,43.509149,68.653175,55567,WGS84,,,,,MATERIAL_CITATION,PRESENT,,,,http://creativecommons.org/licenses/by/4.0/legalcode,Kazakhstan,,28,outside,outside,outside_candidate_almaty_region
Rumex tianschanicus,Rumex_tianschanicus.json,4416913942,https://www.inaturalist.org/observations/183963745,Rumex tianschanicus Losinsk.,Rumex tianschanicus Losinsk.,4035491,41.92955,69.955034,265,WGS84,2023-06-20T09:16,2023,6,20,HUMAN_OBSERVATION,PRESENT,iNaturalist research-grade observations,iNaturalist,Observations,http://creativecommons.org/licenses/by-nc/4.0/legalcode,Kazakhstan,South Kazakhstan,,outside,outside,outside_candidate_almaty_region
Rumex tianschanicus,Rumex_tianschanicus.json,1798990828,MW0819138,Rumex tianschanicus Losinsk.,Rumex tianschanicus Losinsk.,4035491,42.464689,70.284862,,WGS84,1934-07-26,1934,7,26,PRESERVED_SPECIMEN,PRESENT,Moscow Digital Herbarium,Moscow State University,MW,http://creativecommons.org/licenses/by/4.0/legalcode,Kazakhstan,,,outside,outside,outside_candidate_almaty_region
Rumex tianschanicus,Rumex_tianschanicus.json,1798990914,MW0819139,Rumex tianschanicus Losinsk.,Rumex tianschanicus Losinsk.,4035491,42.464689,70.284862,,WGS84,1934-07-10,1934,7,10,PRESERVED_SPECIMEN,PRESENT,Moscow Digital Herbarium,Moscow State University,MW,http://creativecommons.org/licenses/by/4.0/legalcode,Kazakhstan,,,outside,outside,outside_candidate_almaty_region
Rumex tianschanicus,Rumex_tianschanicus.json,6360136423,36252,Rumex tianschanicus Losinsk.,Rumex tianschanicus Losinsk.,4035491,43.509149,68.653175,55567,WGS84,,,,,MATERIAL_CITATION,PRESENT,,,,http://creativecommons.org/licenses/by/4.0/legalcode,Kazakhstan,,28,outside,outside,outside_candidate_almaty_region
Rumex tianschanicus,Rumex_tianschanicus.json,6360138508,36253,Rumex tianschanicus Losinsk.,Rumex tianschanicus Losinsk.,4035491,42.203211,69.82776,45089,WGS84,,,,,MATERIAL_CITATION,PRESENT,,,,http://creativecommons.org/licenses/by/4.0/legalcode,Kazakhstan,,29,outside,outside,outside_candidate_almaty_region
Sorbus tianschanica,Sorbus_tianschanica.json,5844121939,https://www.inaturalist.org/observations/316452433,Sorbus tianschanica Rupr.,Sorbus tianschanica Rupr.,3012338,42.704861,73.02031,,WGS84,21-Aug-25 12:20:27,2025,8,21,HUMAN_OBSERVATION,PRESENT,iNaturalist research-grade observations,iNaturalist,Observations,http://creativecommons.org/licenses/by-nc/4.0/legalcode,Kazakhstan,Zhambyl,,outside,outside,outside_candidate_almaty_region
Sorbus tianschanica,Sorbus_tianschanica.json,1799011149,MW0839429,Sorbus tianschanica Rupr.,Sorbus tianschanica Rupr.,3012338,42.15,70.383333,,WGS84,2000-07-04,2000,7,4,PRESERVED_SPECIMEN,PRESENT,Moscow Digital Herbarium,Moscow State University,MW,http://creativecommons.org/licenses/by/4.0/legalcode,Kazakhstan,,,outside,outside,outside_candidate_almaty_region
Sorbus tianschanica,Sorbus_tianschanica.json,6360136816,38700,Sorbus tianschanica Rupr.,Sorbus tianschanica Rupr.,3012338,42.748571,72.722336,11617,WGS84,,,,,MATERIAL_CITATION,PRESENT,,,,http://creativecommons.org/licenses/by/4.0/legalcode,Kazakhstan,,27,outside,outside,outside_candidate_almaty_region
Sorbus tianschanica,Sorbus_tianschanica.json,6360137759,38701,Sorbus tianschanica Rupr.,Sorbus tianschanica Rupr.,3012338,42.203211,69.82776,45089,WGS84,,,,,MATERIAL_CITATION,PRESENT,,,,http://creativecommons.org/licenses/by/4.0/legalcode,Kazakhstan,,29,outside,outside,outside_candidate_almaty_region
Thymus marschallianus,Thymus_marschallianus.json,6190163145,OR738156,Thymus marschallianus Viv.,Thymus marschallianus Viv.,8317767,49.08417,82.63667,,WGS84,2023-05-07,2023,5,7,PRESERVED_SPECIMEN,PRESENT,,,,http://creativecommons.org/licenses/by/4.0/legalcode,Kazakhstan,,,outside,outside,outside_candidate_almaty_region
Thymus marschallianus,Thymus_marschallianus.json,4463149520,QAR09813,Thymus marschallianus Viv.,Thymus marschallianus Viv.,8317767,49.5075,73.24666,300,WGS84,1999-07-16,1999,7,16,PRESERVED_SPECIMEN,PRESENT,,,QAR,http://creativecommons.org/licenses/by/4.0/legalcode,Kazakhstan,Karaganda Region,Baidaulet Mountains,outside,outside,outside_candidate_almaty_region
Thymus marschallianus,Thymus_marschallianus.json,6190716898,PQ362043,Thymus marschallianus Viv.,Thymus marschallianus Viv.,8317767,50.01,67.21,,WGS84,,,,,PRESERVED_SPECIMEN,PRESENT,,,,http://creativecommons.org/licenses/by/4.0/legalcode,Kazakhstan,,,outside,outside,outside_candidate_almaty_region
Valeriana dubia,Valeriana_dubia.json,6191344263,PQ337612,Valeriana dubia Bunge,Valeriana dubia Bunge,8414596,49.89439,82.41517,,WGS84,2023-07-29,2023,7,29,PRESERVED_SPECIMEN,PRESENT,,,,http://creativecommons.org/licenses/by/4.0/legalcode,Kazakhstan,,,outside,outside,outside_candidate_almaty_region
Valeriana dubia,Valeriana_dubia.json,3898102365,1100038566,Valeriana dubia Bunge,Valeriana dubia Bunge,8414596,48.5606,86.2562,500,WGS84,2021-07-07,2021,7,7,PRESERVED_SPECIMEN,PRESENT,,,,http://creativecommons.org/licenses/by-nc/4.0/legalcode,Kazakhstan,,,outside,outside,outside_candidate_almaty_region
Valeriana dubia,Valeriana_dubia.json,3901333365,1100038566,Valeriana dubia Bunge,Valeriana dubia Bunge,8414596,48.5606,86.2562,500,WGS84,2021-07-07,2021,7,7,PRESERVED_SPECIMEN,PRESENT,,,ALTB,http://creativecommons.org/licenses/by-nc/4.0/legalcode,Kazakhstan,,,outside,outside,outside_candidate_almaty_region
Valeriana dubia,Valeriana_dubia.json,3820246661,1100039180,Valeriana dubia Bunge,Valeriana dubia Bunge,8414596,49.2043,86.5664,500,WGS84,2020-05-19,2020,5,19,PRESERVED_SPECIMEN,PRESENT,,,ALTB,http://creativecommons.org/licenses/by-nc/4.0/legalcode,Kazakhstan,,,outside,outside,outside_candidate_almaty_region
Valeriana dubia,Valeriana_dubia.json,3820247498,1100039180,Valeriana dubia Bunge,Valeriana dubia Bunge,8414596,49.2043,86.5664,500,WGS84,2020-05-19,2020,5,19,PRESERVED_SPECIMEN,PRESENT,,,,http://creativecommons.org/licenses/by-nc/4.0/legalcode,Kazakhstan,,,outside,outside,outside_candidate_almaty_region
Valeriana dubia,Valeriana_dubia.json,3820246393,1100038373,Valeriana dubia Bunge,Valeriana dubia Bunge,8414596,49.414,85.212,500,WGS84,2020-06-25,2020,6,25,PRESERVED_SPECIMEN,PRESENT,,,ALTB,http://creativecommons.org/licenses/by-nc/4.0/legalcode,Kazakhstan,,,outside,outside,outside_candidate_almaty_region
Valeriana dubia,Valeriana_dubia.json,3820246475,1100038037,Valeriana dubia Bunge,Valeriana dubia Bunge,8414596,49.414,85.212,500,WGS84,2020-06-25,2020,6,25,PRESERVED_SPECIMEN,PRESENT,,,ALTB,http://creativecommons.org/licenses/by-nc/4.0/legalcode,Kazakhstan,,,outside,outside,outside_candidate_almaty_region
Valeriana dubia,Valeriana_dubia.json,3820246615,1100039067,Valeriana dubia Bunge,Valeriana dubia Bunge,8414596,49.097,86.0149,500,WGS84,2020-06-19,2020,6,19,PRESERVED_SPECIMEN,PRESENT,,,ALTB,http://creativecommons.org/licenses/by-nc/4.0/legalcode,Kazakhstan,,,outside,outside,outside_candidate_almaty_region
Valeriana dubia,Valeriana_dubia.json,3820246688,1100038707,Valeriana dubia Bunge,Valeriana dubia Bunge,8414596,49.414,85.212,500,WGS84,2020-06-25,2020,6,25,PRESERVED_SPECIMEN,PRESENT,,,ALTB,http://creativecommons.org/licenses/by-nc/4.0/legalcode,Kazakhstan,,,outside,outside,outside_candidate_almaty_region
Valeriana dubia,Valeriana_dubia.json,3820247342,1100038707,Valeriana dubia Bunge,Valeriana dubia Bunge,8414596,49.414,85.212,500,WGS84,2020-06-25,2020,6,25,PRESERVED_SPECIMEN,PRESENT,,,,http://creativecommons.org/licenses/by-nc/4.0/legalcode,Kazakhstan,,,outside,outside,outside_candidate_almaty_region
Valeriana dubia,Valeriana_dubia.json,3820247485,1100039067,Valeriana dubia Bunge,Valeriana dubia Bunge,8414596,49.097,86.0149,500,WGS84,2020-06-19,2020,6,19,PRESERVED_SPECIMEN,PRESENT,,,,http://creativecommons.org/licenses/by-nc/4.0/legalcode,Kazakhstan,,,outside,outside,outside_candidate_almaty_region
Valeriana dubia,Valeriana_dubia.json,3820247570,1100038037,Valeriana dubia Bunge,Valeriana dubia Bunge,8414596,49.414,85.212,500,WGS84,2020-06-25,2020,6,25,PRESERVED_SPECIMEN,PRESENT,,,,http://creativecommons.org/licenses/by-nc/4.0/legalcode,Kazakhstan,,,outside,outside,outside_candidate_almaty_region
Valeriana dubia,Valeriana_dubia.json,3820247606,1100038373,Valeriana dubia Bunge,Valeriana dubia Bunge,8414596,49.414,85.212,500,WGS84,2020-06-25,2020,6,25,PRESERVED_SPECIMEN,PRESENT,,,,http://creativecommons.org/licenses/by-nc/4.0/legalcode,Kazakhstan,,,outside,outside,outside_candidate_almaty_region
Valeriana dubia,Valeriana_dubia.json,1697293890,MW0135768,Valeriana dubia Bunge,Valeriana dubia Bunge,8414596,49.351036,85.942417,,WGS84,1936-07-20,1936,7,20,PRESERVED_SPECIMEN,PRESENT,Moscow Digital Herbarium,Moscow State University,MW,http://creativecommons.org/licenses/by/4.0/legalcode,Kazakhstan,,,outside,outside,outside_candidate_almaty_region
Valeriana dubia,Valeriana_dubia.json,1697293837,MW0135765,Valeriana dubia Bunge,Valeriana dubia Bunge,8414596,49.112092,85.562295,,WGS84,1932-08-10,1932,8,10,PRESERVED_SPECIMEN,PRESENT,Moscow Digital Herbarium,Moscow State University,MW,http://creativecommons.org/licenses/by/4.0/legalcode,Kazakhstan,,,outside,outside,outside_candidate_almaty_region
Valeriana dubia,Valeriana_dubia.json,1799052095,MW0880388,Valeriana dubia Bunge,Valeriana dubia Bunge,8414596,53.206547,63.652918,5000,WGS84,1921-06-09,1921,6,9,PRESERVED_SPECIMEN,PRESENT,Moscow Digital Herbarium,Moscow State University,MW,http://creativecommons.org/licenses/by/4.0/legalcode,Kazakhstan,,,outside,outside,outside_candidate_almaty_region
Valeriana dubia,Valeriana_dubia.json,6360123502,22037,Valeriana dubia Bunge,Valeriana dubia Bunge,8414596,49.697185,82.900907,116211,WGS84,,,,,MATERIAL_CITATION,PRESENT,,,,http://creativecommons.org/licenses/by/4.0/legalcode,Kazakhstan,,22,outside,outside,outside_candidate_almaty_region
Valeriana dubia,Valeriana_dubia.json,6360142338,22038,Valeriana dubia Bunge,Valeriana dubia Bunge,8414596,47.326649,82.343905,53492,WGS84,,,,,MATERIAL_CITATION,PRESENT,,,,http://creativecommons.org/licenses/by/4.0/legalcode,Kazakhstan,,23,outside,outside,outside_candidate_almaty_region
Veratrum lobelianum,Veratrum_lobelianum.json,6413610936,https://www.inaturalist.org/observations/373160020,Veratrum lobelianum Bernh.,Veratrum lobelianum Bernh.,2742050,50.405876,84.167663,8,WGS84,2026-06-18T12:22,2026,6,18,HUMAN_OBSERVATION,PRESENT,iNaturalist research-grade observations,iNaturalist,Observations,http://creativecommons.org/licenses/by-nc/4.0/legalcode,Kazakhstan,East Kazakhstan,,outside,outside,outside_candidate_almaty_region
Veratrum lobelianum,Veratrum_lobelianum.json,6422214531,https://www.inaturalist.org/observations/376512441,Veratrum lobelianum Bernh.,Veratrum lobelianum Bernh.,2742050,50.549924,83.674826,31,WGS84,2026-06-25T15:34,2026,6,25,HUMAN_OBSERVATION,PRESENT,iNaturalist research-grade observations,iNaturalist,Observations,http://creativecommons.org/licenses/by-nc/4.0/legalcode,Kazakhstan,East Kazakhstan,,outside,outside,outside_candidate_almaty_region
Veratrum lobelianum,Veratrum_lobelianum.json,6422225685,https://www.inaturalist.org/observations/376530731,Veratrum lobelianum Bernh.,Veratrum lobelianum Bernh.,2742050,50.421655,83.811492,61,WGS84,2026-06-26T12:28,2026,6,26,HUMAN_OBSERVATION,PRESENT,iNaturalist research-grade observations,iNaturalist,Observations,http://creativecommons.org/licenses/by-nc/4.0/legalcode,Kazakhstan,East Kazakhstan,,outside,outside,outside_candidate_almaty_region
Veratrum lobelianum,Veratrum_lobelianum.json,6422670778,https://www.inaturalist.org/observations/376523623,Veratrum lobelianum Bernh.,Veratrum lobelianum Bernh.,2742050,50.343858,83.689799,61,WGS84,2026-06-26T11:38,2026,6,26,HUMAN_OBSERVATION,PRESENT,iNaturalist research-grade observations,iNaturalist,Observations,http://creativecommons.org/licenses/by-nc/4.0/legalcode,Kazakhstan,East Kazakhstan,,outside,outside,outside_candidate_almaty_region
Veratrum lobelianum,Veratrum_lobelianum.json,6423050032,https://www.inaturalist.org/observations/376524121,Veratrum lobelianum Bernh.,Veratrum lobelianum Bernh.,2742050,50.336414,83.674842,244,WGS84,2026-06-26T11:38,2026,6,26,HUMAN_OBSERVATION,PRESENT,iNaturalist research-grade observations,iNaturalist,Observations,http://creativecommons.org/licenses/by-nc/4.0/legalcode,Kazakhstan,East Kazakhstan,,outside,outside,outside_candidate_almaty_region
Veratrum lobelianum,Veratrum_lobelianum.json,6451518656,https://www.inaturalist.org/observations/383384797,Veratrum lobelianum Bernh.,Veratrum lobelianum Bernh.,2742050,50.412161,84.172624,7,WGS84,09-Jul-26 17:30:52,2026,7,9,HUMAN_OBSERVATION,PRESENT,iNaturalist research-grade observations,iNaturalist,Observations,http://creativecommons.org/licenses/by/4.0/legalcode,Kazakhstan,East Kazakhstan,,outside,outside,outside_candidate_almaty_region
Veratrum lobelianum,Veratrum_lobelianum.json,6451885794,https://www.inaturalist.org/observations/382159310,Veratrum lobelianum Bernh.,Veratrum lobelianum Bernh.,2742050,50.405753,84.019288,,WGS84,08-Jul-26 11:05:48,2026,7,8,HUMAN_OBSERVATION,PRESENT,iNaturalist research-grade observations,iNaturalist,Observations,http://creativecommons.org/licenses/by/4.0/legalcode,Kazakhstan,East Kazakhstan,,outside,outside,outside_candidate_almaty_region
Veratrum lobelianum,Veratrum_lobelianum.json,6452099756,https://www.inaturalist.org/observations/382635007,Veratrum lobelianum Bernh.,Veratrum lobelianum Bernh.,2742050,50.386178,84.1146,17,WGS84,09-Jul-26 09:33:13,2026,7,9,HUMAN_OBSERVATION,PRESENT,iNaturalist research-grade observations,iNaturalist,Observations,http://creativecommons.org/licenses/by/4.0/legalcode,Kazakhstan,East Kazakhstan,,outside,outside,outside_candidate_almaty_region
Veratrum lobelianum,Veratrum_lobelianum.json,6452557384,https://www.inaturalist.org/observations/383385823,Veratrum lobelianum Bernh.,Veratrum lobelianum Bernh.,2742050,50.380856,84.123226,9,WGS84,10-Jul-26 16:00:13,2026,7,10,HUMAN_OBSERVATION,PRESENT,iNaturalist research-grade observations,iNaturalist,Observations,http://creativecommons.org/licenses/by/4.0/legalcode,Kazakhstan,East Kazakhstan,,outside,outside,outside_candidate_almaty_region
Veratrum lobelianum,Veratrum_lobelianum.json,6469645075,https://www.inaturalist.org/observations/383629615,Veratrum lobelianum Bernh.,Veratrum lobelianum Bernh.,2742050,50.410515,84.173374,3,WGS84,15-Jul-26 17:33:12,2026,7,15,HUMAN_OBSERVATION,PRESENT,iNaturalist research-grade observations,iNaturalist,Observations,http://creativecommons.org/licenses/by/4.0/legalcode,Kazakhstan,East Kazakhstan,,outside,outside,outside_candidate_almaty_region
Veratrum lobelianum,Veratrum_lobelianum.json,6469877478,https://www.inaturalist.org/observations/382598268,Veratrum lobelianum Bernh.,Veratrum lobelianum Bernh.,2742050,50.362359,84.024941,1684,WGS84,10-Jul-26 16:25:19,2026,7,10,HUMAN_OBSERVATION,PRESENT,iNaturalist research-grade observations,iNaturalist,Observations,http://creativecommons.org/licenses/by/4.0/legalcode,Kazakhstan,East Kazakhstan,,outside,outside,outside_candidate_almaty_region
Veratrum lobelianum,Veratrum_lobelianum.json,5176464523,https://www.inaturalist.org/observations/286001472,Veratrum lobelianum Bernh.,Veratrum lobelianum Bernh.,2742050,50.366764,84.250776,,WGS84,30-May-25 10:28:42,2025,5,30,HUMAN_OBSERVATION,PRESENT,iNaturalist research-grade observations,iNaturalist,Observations,http://creativecommons.org/licenses/by-nc/4.0/legalcode,Kazakhstan,East Kazakhstan,,outside,outside,outside_candidate_almaty_region
Veratrum lobelianum,Veratrum_lobelianum.json,5188280619,https://www.inaturalist.org/observations/288001631,Veratrum lobelianum Bernh.,Veratrum lobelianum Bernh.,2742050,49.436378,82.37111,61,WGS84,2025-06-03T14:47,2025,6,3,HUMAN_OBSERVATION,PRESENT,iNaturalist research-grade observations,iNaturalist,Observations,http://creativecommons.org/licenses/by-nc/4.0/legalcode,Kazakhstan,East Kazakhstan,,outside,outside,outside_candidate_almaty_region
Veratrum lobelianum,Veratrum_lobelianum.json,5230795996,https://www.inaturalist.org/observations/295482593,Veratrum lobelianum Bernh.,Veratrum lobelianum Bernh.,2742050,50.381066,84.12281,,WGS84,2025-06-20T13:34,2025,6,20,HUMAN_OBSERVATION,PRESENT,iNaturalist research-grade observations,iNaturalist,Observations,http://creativecommons.org/licenses/by/4.0/legalcode,Kazakhstan,East Kazakhstan,,outside,outside,outside_candidate_almaty_region
Veratrum lobelianum,Veratrum_lobelianum.json,5282160870,https://www.inaturalist.org/observations/293996236,Veratrum lobelianum Bernh.,Veratrum lobelianum Bernh.,2742050,50.381032,84.1224,,WGS84,2025-06-20T13:33,2025,6,20,HUMAN_OBSERVATION,PRESENT,iNaturalist research-grade observations,iNaturalist,Observations,http://creativecommons.org/licenses/by/4.0/legalcode,Kazakhstan,East Kazakhstan,,outside,outside,outside_candidate_almaty_region
Veratrum lobelianum,Veratrum_lobelianum.json,5282383570,https://www.inaturalist.org/observations/293994366,Veratrum lobelianum Bernh.,Veratrum lobelianum Bernh.,2742050,50.386101,84.116371,,WGS84,2025-06-20T11:30,2025,6,20,HUMAN_OBSERVATION,PRESENT,iNaturalist research-grade observations,iNaturalist,Observations,http://creativecommons.org/licenses/by/4.0/legalcode,Kazakhstan,East Kazakhstan,,outside,outside,outside_candidate_almaty_region
Veratrum lobelianum,Veratrum_lobelianum.json,5293274097,https://www.inaturalist.org/observations/305231279,Veratrum lobelianum Bernh.,Veratrum lobelianum Bernh.,2742050,50.322717,84.221345,265,WGS84,2025-06-26T15:46,2025,6,26,HUMAN_OBSERVATION,PRESENT,iNaturalist research-grade observations,iNaturalist,Observations,http://creativecommons.org/licenses/by-nc/4.0/legalcode,Kazakhstan,East Kazakhstan,,outside,outside,outside_candidate_almaty_region
Veratrum lobelianum,Veratrum_lobelianum.json,6431272783,https://www.inaturalist.org/observations/291232754,Veratrum lobelianum Bernh.,Veratrum lobelianum Bernh.,2742050,50.381994,84.120619,3,WGS84,20-Jun-25 12:14:30,2025,6,20,HUMAN_OBSERVATION,PRESENT,iNaturalist research-grade observations,iNaturalist,Observations,http://creativecommons.org/licenses/by/4.0/legalcode,Kazakhstan,East Kazakhstan,,outside,outside,outside_candidate_almaty_region
Veratrum lobelianum,Veratrum_lobelianum.json,6431461351,https://www.inaturalist.org/observations/291195824,Veratrum lobelianum Bernh.,Veratrum lobelianum Bernh.,2742050,50.380738,84.12248,,WGS84,20-Jun-25 12:30:53,2025,6,20,HUMAN_OBSERVATION,PRESENT,iNaturalist research-grade observations,iNaturalist,Observations,http://creativecommons.org/licenses/by/4.0/legalcode,Kazakhstan,East Kazakhstan,,outside,outside,outside_candidate_almaty_region
Veratrum lobelianum,Veratrum_lobelianum.json,6431867804,https://www.inaturalist.org/observations/291232892,Veratrum lobelianum Bernh.,Veratrum lobelianum Bernh.,2742050,50.380931,84.12234,3,WGS84,20-Jun-25 12:30:01,2025,6,20,HUMAN_OBSERVATION,PRESENT,iNaturalist research-grade observations,iNaturalist,Observations,http://creativecommons.org/licenses/by/4.0/legalcode,Kazakhstan,East Kazakhstan,,outside,outside,outside_candidate_almaty_region
Veratrum lobelianum,Veratrum_lobelianum.json,4901097246,https://www.inaturalist.org/observations/223629394,Veratrum lobelianum Bernh.,Veratrum lobelianum Bernh.,2742050,50.385625,84.116722,24,WGS84,26-May-24 08:19:03,2024,5,26,HUMAN_OBSERVATION,PRESENT,iNaturalist research-grade observations,iNaturalist,Observations,http://creativecommons.org/licenses/by-nc/4.0/legalcode,Kazakhstan,East Kazakhstan,,outside,outside,outside_candidate_almaty_region
Veratrum lobelianum,Veratrum_lobelianum.json,4171825925,https://www.inaturalist.org/observations/175323415,Veratrum lobelianum Bernh.,Veratrum lobelianum Bernh.,2742050,50.908125,82.909777,,WGS84,2023-07-17T11:16,2023,7,17,HUMAN_OBSERVATION,PRESENT,iNaturalist research-grade observations,iNaturalist,Observations,http://creativecommons.org/licenses/by-nc/4.0/legalcode,Kazakhstan,East Kazakhstan,,outside,outside,outside_candidate_almaty_region
Veratrum lobelianum,Veratrum_lobelianum.json,4419967405,ABG00434,Veratrum lobelianum Bernh.,Veratrum lobelianum Bernh.,2742050,50.35261,83.89219,,WGS84,2023-07-20,2023,7,20,PRESERVED_SPECIMEN,PRESENT,,,ABG,http://creativecommons.org/licenses/by/4.0/legalcode,Kazakhstan,,,outside,outside,outside_candidate_almaty_region
Veratrum lobelianum,Veratrum_lobelianum.json,4993784646,https://www.inaturalist.org/observations/209246639,Veratrum lobelianum Bernh.,Veratrum lobelianum Bernh.,2742050,49.536196,86.532023,697,WGS84,04-Aug-23 16:52:42,2023,8,4,HUMAN_OBSERVATION,PRESENT,iNaturalist research-grade observations,iNaturalist,Observations,http://creativecommons.org/licenses/by-nc/4.0/legalcode,Kazakhstan,East Kazakhstan,,outside,outside,outside_candidate_almaty_region
Veratrum lobelianum,Veratrum_lobelianum.json,4846739684,https://www.inaturalist.org/observations/199177937,Veratrum lobelianum Bernh.,Veratrum lobelianum Bernh.,2742050,50.15677,82.985045,488,WGS84,2022-06-04T08:01,2022,6,4,HUMAN_OBSERVATION,PRESENT,iNaturalist research-grade observations,iNaturalist,Observations,http://creativecommons.org/licenses/by-nc/4.0/legalcode,Kazakhstan,East Kazakhstan,,outside,outside,outside_candidate_almaty_region
Veratrum lobelianum,Veratrum_lobelianum.json,4846749778,https://www.inaturalist.org/observations/199177935,Veratrum lobelianum Bernh.,Veratrum lobelianum Bernh.,2742050,50.149071,82.974745,488,WGS84,2022-06-03T14:48,2022,6,3,HUMAN_OBSERVATION,PRESENT,iNaturalist research-grade observations,iNaturalist,Observations,http://creativecommons.org/licenses/by-nc/4.0/legalcode,Kazakhstan,East Kazakhstan,,outside,outside,outside_candidate_almaty_region
Veratrum lobelianum,Veratrum_lobelianum.json,4846798343,https://www.inaturalist.org/observations/199178463,Veratrum lobelianum Bernh.,Veratrum lobelianum Bernh.,2742050,50.352118,83.560361,488,WGS84,2022-06-03T15:39,2022,6,3,HUMAN_OBSERVATION,PRESENT,iNaturalist research-grade observations,iNaturalist,Observations,http://creativecommons.org/licenses/by-nc/4.0/legalcode,Kazakhstan,East Kazakhstan,,outside,outside,outside_candidate_almaty_region
Veratrum lobelianum,Veratrum_lobelianum.json,4847088206,https://www.inaturalist.org/observations/199177995,Veratrum lobelianum Bernh.,Veratrum lobelianum Bernh.,2742050,50.428986,83.494922,3906,WGS84,2022-06-18T09:56,2022,6,18,HUMAN_OBSERVATION,PRESENT,iNaturalist research-grade observations,iNaturalist,Observations,http://creativecommons.org/licenses/by-nc/4.0/legalcode,Kazakhstan,East Kazakhstan,,outside,outside,outside_candidate_almaty_region
Veratrum lobelianum,Veratrum_lobelianum.json,4847070111,https://www.inaturalist.org/observations/199179503,Veratrum lobelianum Bernh.,Veratrum lobelianum Bernh.,2742050,48.89149,86.134028,7813,WGS84,2022-07-18T11:41,2022,7,18,HUMAN_OBSERVATION,PRESENT,iNaturalist research-grade observations,iNaturalist,Observations,http://creativecommons.org/licenses/by-nc/4.0/legalcode,Kazakhstan,East Kazakhstan,,outside,outside,outside_candidate_almaty_region
Veratrum lobelianum,Veratrum_lobelianum.json,3820246468,1100038022,Veratrum lobelianum Bernh.,Veratrum lobelianum Bernh.,2742050,49.521,85.0383,500,WGS84,2020-06-19,2020,6,19,PRESERVED_SPECIMEN,PRESENT,,,ALTB,http://creativecommons.org/licenses/by-nc/4.0/legalcode,Kazakhstan,,,outside,outside,outside_candidate_almaty_region
Veratrum lobelianum,Veratrum_lobelianum.json,3820247552,1100038022,Veratrum lobelianum Bernh.,Veratrum lobelianum Bernh.,2742050,49.521,85.0383,500,WGS84,2020-06-19,2020,6,19,PRESERVED_SPECIMEN,PRESENT,,,,http://creativecommons.org/licenses/by-nc/4.0/legalcode,Kazakhstan,,,outside,outside,outside_candidate_almaty_region
Veratrum lobelianum,Veratrum_lobelianum.json,4028724212,https://www.inaturalist.org/observations/147612095,Veratrum lobelianum Bernh.,Veratrum lobelianum Bernh.,2742050,49.936978,82.84383,488,WGS84,2012-05-02T14:05,2012,5,2,HUMAN_OBSERVATION,PRESENT,iNaturalist research-grade observations,iNaturalist,Observations,http://creativecommons.org/licenses/by-nc/4.0/legalcode,Kazakhstan,East Kazakhstan,,outside,outside,outside_candidate_almaty_region
Veratrum lobelianum,Veratrum_lobelianum.json,4846789559,https://www.inaturalist.org/observations/71872249,Veratrum lobelianum Bernh.,Veratrum lobelianum Bernh.,2742050,48.870509,85.746358,239566,WGS84,20-Jun-12 18:16:13,2012,6,20,HUMAN_OBSERVATION,PRESENT,iNaturalist research-grade observations,iNaturalist,Observations,http://creativecommons.org/licenses/by-nc/4.0/legalcode,Kazakhstan,East Kazakhstan,,outside,outside,outside_candidate_almaty_region
Veratrum lobelianum,Veratrum_lobelianum.json,4527926768,https://www.inaturalist.org/observations/154053502,Veratrum lobelianum Bernh.,Veratrum lobelianum Bernh.,2742050,49.095915,85.968204,75,WGS84,2010-07-27T12:07,2010,7,27,HUMAN_OBSERVATION,PRESENT,iNaturalist research-grade observations,iNaturalist,Observations,http://creativecommons.org/publicdomain/zero/1.0/legalcode,Kazakhstan,East Kazakhstan,,outside,outside,outside_candidate_almaty_region
Veratrum lobelianum,Veratrum_lobelianum.json,4981200345,MANG12907,Veratrum lobelianum Bernh.,Veratrum lobelianum Bernh.,2742050,50.32884,83.54845,100,WGS84,2010-07-22,2010,7,22,PRESERVED_SPECIMEN,PRESENT,,,MANG,http://creativecommons.org/licenses/by/4.0/legalcode,Kazakhstan,Восточно-Казахстанская область,,outside,outside,outside_candidate_almaty_region
Veratrum lobelianum,Veratrum_lobelianum.json,4981200346,MANG12908,Veratrum lobelianum Bernh.,Veratrum lobelianum Bernh.,2742050,50.32884,83.54845,100,WGS84,2010-07-22,2010,7,22,PRESERVED_SPECIMEN,PRESENT,,,MANG,http://creativecommons.org/licenses/by/4.0/legalcode,Kazakhstan,Восточно-Казахстанская область,,outside,outside,outside_candidate_almaty_region
Veratrum lobelianum,Veratrum_lobelianum.json,4981200349,MANG12909,Veratrum lobelianum Bernh.,Veratrum lobelianum Bernh.,2742050,50.32884,83.54845,100,WGS84,2010-07-22,2010,7,22,PRESERVED_SPECIMEN,PRESENT,,,MANG,http://creativecommons.org/licenses/by/4.0/legalcode,Kazakhstan,Восточно-Казахстанская область,,outside,outside,outside_candidate_almaty_region
Veratrum lobelianum,Veratrum_lobelianum.json,4981200359,MANG12910,Veratrum lobelianum Bernh.,Veratrum lobelianum Bernh.,2742050,50.32884,83.54845,100,WGS84,2010-07-22,2010,7,22,PRESERVED_SPECIMEN,PRESENT,,,MANG,http://creativecommons.org/licenses/by/4.0/legalcode,Kazakhstan,Восточно-Казахстанская область,,outside,outside,outside_candidate_almaty_region
Veratrum lobelianum,Veratrum_lobelianum.json,5281988047,https://www.inaturalist.org/observations/302305049,Veratrum lobelianum Bernh.,Veratrum lobelianum Bernh.,2742050,50.417063,84.133875,122,WGS84,2008-07-15T08:40,2008,7,15,HUMAN_OBSERVATION,PRESENT,iNaturalist research-grade observations,iNaturalist,Observations,http://creativecommons.org/licenses/by-nc/4.0/legalcode,Kazakhstan,East Kazakhstan,,outside,outside,outside_candidate_almaty_region
Veratrum lobelianum,Veratrum_lobelianum.json,6360124486,31195,Veratrum lobelianum Bernh.,Veratrum lobelianum Bernh.,2742050,47.326649,82.343905,53492,WGS84,,,,,MATERIAL_CITATION,PRESENT,,,,http://creativecommons.org/licenses/by/4.0/legalcode,Kazakhstan,,23,outside,outside,outside_candidate_almaty_region
Veratrum lobelianum,Veratrum_lobelianum.json,6360125377,31194,Veratrum lobelianum Bernh.,Veratrum lobelianum Bernh.,2742050,49.697185,82.900907,116211,WGS84,,,,,MATERIAL_CITATION,PRESENT,,,,http://creativecommons.org/licenses/by/4.0/legalcode,Kazakhstan,,22,outside,outside,outside_candidate_almaty_region
Veratrum lobelianum,Veratrum_lobelianum.json,6360146052,31191,Veratrum lobelianum Bernh.,Veratrum lobelianum Bernh.,2742050,53.154585,73.072365,41003,WGS84,,,,,MATERIAL_CITATION,PRESENT,,,,http://creativecommons.org/licenses/by/4.0/legalcode,Kazakhstan,,3,outside,outside,outside_candidate_almaty_region
Veratrum lobelianum,Veratrum_lobelianum.json,6360146833,31192,Veratrum lobelianum Bernh.,Veratrum lobelianum Bernh.,2742050,47.971216,83.733184,48511,WGS84,,,,,MATERIAL_CITATION,PRESENT,,,,http://creativecommons.org/licenses/by/4.0/legalcode,Kazakhstan,,12,outside,outside,outside_candidate_almaty_region
Ziziphora clinopodioides,Ziziphora_clinopodioides.json,6353082348,https://www.inaturalist.org/observations/365955084,Ziziphora clinopodioides Lam.,Ziziphora clinopodioides Lam.,7308799,42.439592,70.387117,4,WGS84,27-May-26 17:47:10,2026,5,27,HUMAN_OBSERVATION,PRESENT,iNaturalist research-grade observations,iNaturalist,Observations,http://creativecommons.org/licenses/by-nc/4.0/legalcode,Kazakhstan,South Kazakhstan,,outside,outside,outside_candidate_almaty_region
Ziziphora clinopodioides,Ziziphora_clinopodioides.json,6398991399,https://www.inaturalist.org/observations/369642865,Ziziphora clinopodioides Lam.,Ziziphora clinopodioides Lam.,7308799,43.367337,69.774947,3,WGS84,07-Jun-26 09:56:52,2026,6,7,HUMAN_OBSERVATION,PRESENT,iNaturalist research-grade observations,iNaturalist,Observations,http://creativecommons.org/licenses/by-nc/4.0/legalcode,Kazakhstan,Zhambyl,,outside,outside,outside_candidate_almaty_region
Ziziphora clinopodioides,Ziziphora_clinopodioides.json,6399281391,https://www.inaturalist.org/observations/369664997,Ziziphora clinopodioides Lam.,Ziziphora clinopodioides Lam.,7308799,43.397126,69.725945,31,WGS84,2026-06-06T12:38,2026,6,6,HUMAN_OBSERVATION,PRESENT,iNaturalist research-grade observations,iNaturalist,Observations,http://creativecommons.org/licenses/by-nc/4.0/legalcode,Kazakhstan,Zhambyl,,outside,outside,outside_candidate_almaty_region
Ziziphora clinopodioides,Ziziphora_clinopodioides.json,6479225174,https://www.inaturalist.org/observations/375576369,Ziziphora clinopodioides Lam.,Ziziphora clinopodioides Lam.,7308799,42.431733,70.38098,5,WGS84,26-Jun-26 19:09:24,2026,6,26,HUMAN_OBSERVATION,PRESENT,iNaturalist research-grade observations,iNaturalist,Observations,http://creativecommons.org/licenses/by-nc/4.0/legalcode,Kazakhstan,South Kazakhstan,,outside,outside,outside_candidate_almaty_region
Ziziphora clinopodioides,Ziziphora_clinopodioides.json,6479613721,https://www.inaturalist.org/observations/375577824,Ziziphora clinopodioides Lam.,Ziziphora clinopodioides Lam.,7308799,42.374058,70.376328,4,WGS84,26-Jun-26 18:46:45,2026,6,26,HUMAN_OBSERVATION,PRESENT,iNaturalist research-grade observations,iNaturalist,Observations,http://creativecommons.org/licenses/by-nc/4.0/legalcode,Kazakhstan,South Kazakhstan,,outside,outside,outside_candidate_almaty_region
Ziziphora clinopodioides,Ziziphora_clinopodioides.json,6480354544,https://www.inaturalist.org/observations/389776258,Ziziphora clinopodioides Lam.,Ziziphora clinopodioides Lam.,7308799,48.6276,66.938078,,WGS84,2026-06-29T11:22,2026,6,29,HUMAN_OBSERVATION,PRESENT,iNaturalist research-grade observations,iNaturalist,Observations,http://creativecommons.org/licenses/by-nc/4.0/legalcode,Kazakhstan,Qaraghandy,,outside,outside,outside_candidate_almaty_region
Ziziphora clinopodioides,Ziziphora_clinopodioides.json,6480795644,https://www.inaturalist.org/observations/374541164,Ziziphora clinopodioides Lam.,Ziziphora clinopodioides Lam.,7308799,42.508936,70.539319,,WGS84,20-Jun-26 14:11:46,2026,6,20,HUMAN_OBSERVATION,PRESENT,iNaturalist research-grade observations,iNaturalist,Observations,http://creativecommons.org/licenses/by-nc/4.0/legalcode,Kazakhstan,South Kazakhstan,,outside,outside,outside_candidate_almaty_region
Ziziphora clinopodioides,Ziziphora_clinopodioides.json,6481279992,https://www.inaturalist.org/observations/389776318,Ziziphora clinopodioides Lam.,Ziziphora clinopodioides Lam.,7308799,48.626763,66.941213,,WGS84,2026-06-29T11:38,2026,6,29,HUMAN_OBSERVATION,PRESENT,iNaturalist research-grade observations,iNaturalist,Observations,http://creativecommons.org/licenses/by-nc/4.0/legalcode,Kazakhstan,Qaraghandy,,outside,outside,outside_candidate_almaty_region
Ziziphora clinopodioides,Ziziphora_clinopodioides.json,6498659149,https://www.inaturalist.org/observations/393021966,Ziziphora clinopodioides Lam.,Ziziphora clinopodioides Lam.,7308799,48.627557,66.941213,,WGS84,2026-06-29T15:35,2026,6,29,HUMAN_OBSERVATION,PRESENT,iNaturalist research-grade observations,iNaturalist,Observations,http://creativecommons.org/licenses/by-nc/4.0/legalcode,Kazakhstan,Qaraghandy,,outside,outside,outside_candidate_almaty_region
Ziziphora clinopodioides,Ziziphora_clinopodioides.json,6479723459,https://www.inaturalist.org/observations/378327894,Ziziphora clinopodioides Lam.,Ziziphora clinopodioides Lam.,7308799,49.224145,75.86933,2,WGS84,05-Jul-26 12:46:58,2026,7,5,HUMAN_OBSERVATION,PRESENT,iNaturalist research-grade observations,iNaturalist,Observations,http://creativecommons.org/licenses/by-nc/4.0/legalcode,Kazakhstan,Qaraghandy,,outside,outside,outside_candidate_almaty_region
Ziziphora clinopodioides,Ziziphora_clinopodioides.json,6498239627,https://www.inaturalist.org/observations/390534504,Ziziphora clinopodioides Lam.,Ziziphora clinopodioides Lam.,7308799,47.466093,84.888116,8,WGS84,2026-08-10T17:46,2026,8,10,HUMAN_OBSERVATION,PRESENT,iNaturalist research-grade observations,iNaturalist,Observations,http://creativecommons.org/licenses/by-nc/4.0/legalcode,Kazakhstan,East Kazakhstan,,outside,outside,outside_candidate_almaty_region
Ziziphora clinopodioides,Ziziphora_clinopodioides.json,5153703471,https://www.inaturalist.org/observations/279972774,Ziziphora clinopodioides Lam.,Ziziphora clinopodioides Lam.,7308799,43.534737,69.954582,,WGS84,2025-05-01T16:26,2025,5,1,HUMAN_OBSERVATION,PRESENT,iNaturalist research-grade observations,iNaturalist,Observations,http://creativecommons.org/licenses/by/4.0/legalcode,Kazakhstan,Zhambyl,,outside,outside,outside_candidate_almaty_region
Ziziphora clinopodioides,Ziziphora_clinopodioides.json,5168452098,https://www.inaturalist.org/observations/284538753,Ziziphora clinopodioides Lam.,Ziziphora clinopodioides Lam.,7308799,42.956532,69.915,4,WGS84,27-May-25 17:56:11,2025,5,27,HUMAN_OBSERVATION,PRESENT,iNaturalist research-grade observations,iNaturalist,Observations,http://creativecommons.org/licenses/by-nc/4.0/legalcode,Kazakhstan,South Kazakhstan,,outside,outside,outside_candidate_almaty_region
Ziziphora clinopodioides,Ziziphora_clinopodioides.json,5187605702,https://www.inaturalist.org/observations/287939514,Ziziphora clinopodioides Lam.,Ziziphora clinopodioides Lam.,7308799,48.714256,66.956583,,WGS84,2025-05-31T11:54,2025,5,31,HUMAN_OBSERVATION,PRESENT,iNaturalist research-grade observations,iNaturalist,Observations,http://creativecommons.org/licenses/by-nc/4.0/legalcode,Kazakhstan,Qaraghandy,,outside,outside,outside_candidate_almaty_region
Ziziphora clinopodioides,Ziziphora_clinopodioides.json,5291893685,https://www.inaturalist.org/observations/304398391,Ziziphora clinopodioides Lam.,Ziziphora clinopodioides Lam.,7308799,48.649817,66.985579,8,WGS84,2025-05-24T06:42,2025,5,24,HUMAN_OBSERVATION,PRESENT,iNaturalist research-grade observations,iNaturalist,Observations,http://creativecommons.org/licenses/by-nc/4.0/legalcode,Kazakhstan,Qaraghandy,,outside,outside,outside_candidate_almaty_region
Ziziphora clinopodioides,Ziziphora_clinopodioides.json,6147492838,https://www.inaturalist.org/observations/337236279,Ziziphora clinopodioides Lam.,Ziziphora clinopodioides Lam.,7308799,43.005403,69.722755,3,WGS84,26-May-25 16:38:29,2025,5,26,HUMAN_OBSERVATION,PRESENT,iNaturalist research-grade observations,iNaturalist,Observations,http://creativecommons.org/licenses/by-nc/4.0/legalcode,Kazakhstan,South Kazakhstan,,outside,outside,outside_candidate_almaty_region
Ziziphora clinopodioides,Ziziphora_clinopodioides.json,6147543000,https://www.inaturalist.org/observations/291503783,Ziziphora clinopodioides Lam.,Ziziphora clinopodioides Lam.,7308799,43.774723,68.089638,34,WGS84,2025-05-20T08:05,2025,5,20,HUMAN_OBSERVATION,PRESENT,iNaturalist research-grade observations,iNaturalist,Observations,http://creativecommons.org/licenses/by-nc/4.0/legalcode,Kazakhstan,South Kazakhstan,,outside,outside,outside_candidate_almaty_region
Ziziphora clinopodioides,Ziziphora_clinopodioides.json,5199056908,https://www.inaturalist.org/observations/288937567,Ziziphora clinopodioides Lam.,Ziziphora clinopodioides Lam.,7308799,49.477135,72.838058,14,WGS84,06-Jun-25 10:39:46,2025,6,6,HUMAN_OBSERVATION,PRESENT,iNaturalist research-grade observations,iNaturalist,Observations,http://creativecommons.org/licenses/by-nc/4.0/legalcode,Kazakhstan,Qaraghandy,,outside,outside,outside_candidate_almaty_region
Ziziphora clinopodioides,Ziziphora_clinopodioides.json,5217369913,https://www.inaturalist.org/observations/291685873,Ziziphora clinopodioides Lam.,Ziziphora clinopodioides Lam.,7308799,50.870355,75.671174,2000,WGS84,19-Jun-25 16:16:58,2025,6,19,HUMAN_OBSERVATION,PRESENT,iNaturalist research-grade observations,iNaturalist,Observations,http://creativecommons.org/licenses/by-nc/4.0/legalcode,Kazakhstan,Pavlodar,,outside,outside,outside_candidate_almaty_region
Ziziphora clinopodioides,Ziziphora_clinopodioides.json,6147682572,https://www.inaturalist.org/observations/295069995,Ziziphora clinopodioides Lam.,Ziziphora clinopodioides Lam.,7308799,48.223812,67.029678,4,WGS84,29-Jun-25 12:56:24,2025,6,29,HUMAN_OBSERVATION,PRESENT,iNaturalist research-grade observations,iNaturalist,Observations,http://creativecommons.org/licenses/by-nc/4.0/legalcode,Kazakhstan,Qaraghandy,,outside,outside,outside_candidate_almaty_region
Ziziphora clinopodioides,Ziziphora_clinopodioides.json,5216496742,https://www.inaturalist.org/observations/295322732,Ziziphora clinopodioides Lam.,Ziziphora clinopodioides Lam.,7308799,49.253333,83.170753,4,WGS84,03-Jul-25 11:47:08,2025,7,3,HUMAN_OBSERVATION,PRESENT,iNaturalist research-grade observations,iNaturalist,Observations,http://creativecommons.org/licenses/by/4.0/legalcode,Kazakhstan,East Kazakhstan,,outside,outside,outside_candidate_almaty_region
Ziziphora clinopodioides,Ziziphora_clinopodioides.json,5230039304,https://www.inaturalist.org/observations/296745119,Ziziphora clinopodioides Lam.,Ziziphora clinopodioides Lam.,7308799,48.646733,66.96235,144,WGS84,02-Jul-25 12:06:23,2025,7,2,HUMAN_OBSERVATION,PRESENT,iNaturalist research-grade observations,iNaturalist,Observations,http://creativecommons.org/licenses/by-nc/4.0/legalcode,Kazakhstan,Qaraghandy,,outside,outside,outside_candidate_almaty_region
Ziziphora clinopodioides,Ziziphora_clinopodioides.json,5230239151,https://www.inaturalist.org/observations/296458869,Ziziphora clinopodioides Lam.,Ziziphora clinopodioides Lam.,7308799,48.786033,66.755988,5,WGS84,01-Jul-25 13:13:58,2025,7,1,HUMAN_OBSERVATION,PRESENT,iNaturalist research-grade observations,iNaturalist,Observations,http://creativecommons.org/licenses/by-nc/4.0/legalcode,Kazakhstan,Qaraghandy,,outside,outside,outside_candidate_almaty_region
Ziziphora clinopodioides,Ziziphora_clinopodioides.json,5230585990,https://www.inaturalist.org/observations/296167037,Ziziphora clinopodioides Lam.,Ziziphora clinopodioides Lam.,7308799,50.198209,72.753972,4,WGS84,07-Jul-25 15:25:04,2025,7,7,HUMAN_OBSERVATION,PRESENT,iNaturalist research-grade observations,iNaturalist,Observations,http://creativecommons.org/licenses/by-nc/4.0/legalcode,Kazakhstan,Qaraghandy,,outside,outside,outside_candidate_almaty_region
Ziziphora clinopodioides,Ziziphora_clinopodioides.json,5230862082,https://www.inaturalist.org/observations/296459018,Ziziphora clinopodioides Lam.,Ziziphora clinopodioides Lam.,7308799,48.786037,66.755997,2,WGS84,01-Jul-25 13:14:02,2025,7,1,HUMAN_OBSERVATION,PRESENT,iNaturalist research-grade observations,iNaturalist,Observations,http://creativecommons.org/licenses/by-nc/4.0/legalcode,Kazakhstan,Qaraghandy,,outside,outside,outside_candidate_almaty_region
Ziziphora clinopodioides,Ziziphora_clinopodioides.json,5238307560,https://www.inaturalist.org/observations/298164774,Ziziphora clinopodioides Lam.,Ziziphora clinopodioides Lam.,7308799,49.434795,75.362445,,WGS84,13-Jul-25 13:15:52,2025,7,13,HUMAN_OBSERVATION,PRESENT,iNaturalist research-grade observations,iNaturalist,Observations,http://creativecommons.org/licenses/by/4.0/legalcode,Kazakhstan,Qaraghandy,,outside,outside,outside_candidate_almaty_region
Ziziphora clinopodioides,Ziziphora_clinopodioides.json,5291914741,https://www.inaturalist.org/observations/306978161,Ziziphora clinopodioides Lam.,Ziziphora clinopodioides Lam.,7308799,50.86529,75.63073,,WGS84,05-Jul-25 17:23:43,2025,7,5,HUMAN_OBSERVATION,PRESENT,iNaturalist research-grade observations,iNaturalist,Observations,http://creativecommons.org/licenses/by-nc/4.0/legalcode,Kazakhstan,Pavlodar,,outside,outside,outside_candidate_almaty_region
Ziziphora clinopodioides,Ziziphora_clinopodioides.json,5292335222,https://www.inaturalist.org/observations/304739984,Ziziphora clinopodioides Lam.,Ziziphora clinopodioides Lam.,7308799,49.287766,86.574445,31,WGS84,2025-07-18T19:15,2025,7,18,HUMAN_OBSERVATION,PRESENT,iNaturalist research-grade observations,iNaturalist,Observations,http://creativecommons.org/licenses/by-nc/4.0/legalcode,Kazakhstan,East Kazakhstan,,outside,outside,outside_candidate_almaty_region
Ziziphora clinopodioides,Ziziphora_clinopodioides.json,5844621487,https://www.inaturalist.org/observations/296959220,Ziziphora clinopodioides Lam.,Ziziphora clinopodioides Lam.,7308799,50.83011,75.606776,8,WGS84,11-Jul-25 12:15:48,2025,7,11,HUMAN_OBSERVATION,PRESENT,iNaturalist research-grade observations,iNaturalist,Observations,http://creativecommons.org/licenses/by-nc/4.0/legalcode,Kazakhstan,Pavlodar,,outside,outside,outside_candidate_almaty_region
Ziziphora clinopodioides,Ziziphora_clinopodioides.json,5897825266,https://www.inaturalist.org/observations/326915114,Ziziphora clinopodioides Lam.,Ziziphora clinopodioides Lam.,7308799,43.592842,69.007392,3,WGS84,04-Jul-25 08:37:11,2025,7,4,HUMAN_OBSERVATION,PRESENT,iNaturalist research-grade observations,iNaturalist,Observations,http://creativecommons.org/licenses/by-nc/4.0/legalcode,Kazakhstan,South Kazakhstan,,outside,outside,outside_candidate_almaty_region
Ziziphora clinopodioides,Ziziphora_clinopodioides.json,5909378559,https://www.inaturalist.org/observations/295971183,Ziziphora clinopodioides Lam.,Ziziphora clinopodioides Lam.,7308799,50.192493,72.744376,7,WGS84,07-Jul-25 17:29:20,2025,7,7,HUMAN_OBSERVATION,PRESENT,iNaturalist research-grade observations,iNaturalist,Observations,http://creativecommons.org/licenses/by/4.0/legalcode,Kazakhstan,Qaraghandy,,outside,outside,outside_candidate_almaty_region
Ziziphora clinopodioides,Ziziphora_clinopodioides.json,5935466588,https://www.inaturalist.org/observations/297334019,Ziziphora clinopodioides Lam.,Ziziphora clinopodioides Lam.,7308799,50.866074,75.62936,4,WGS84,12-Jul-25 11:57:05,2025,7,12,HUMAN_OBSERVATION,PRESENT,iNaturalist research-grade observations,iNaturalist,Observations,http://creativecommons.org/licenses/by-nc/4.0/legalcode,Kazakhstan,Pavlodar,,outside,outside,outside_candidate_almaty_region
Ziziphora clinopodioides,Ziziphora_clinopodioides.json,5935934225,https://www.inaturalist.org/observations/298420586,Ziziphora clinopodioides Lam.,Ziziphora clinopodioides Lam.,7308799,50.197528,72.752123,,WGS84,2025-07-07T15:26,2025,7,7,HUMAN_OBSERVATION,PRESENT,iNaturalist research-grade observations,iNaturalist,Observations,http://creativecommons.org/licenses/by/4.0/legalcode,Kazakhstan,Qaraghandy,,outside,outside,outside_candidate_almaty_region
Ziziphora clinopodioides,Ziziphora_clinopodioides.json,6159140003,https://www.inaturalist.org/observations/296794506,Ziziphora clinopodioides Lam.,Ziziphora clinopodioides Lam.,7308799,48.64502,66.959672,4,WGS84,02-Jul-25 12:43:15,2025,7,2,HUMAN_OBSERVATION,PRESENT,iNaturalist research-grade observations,iNaturalist,Observations,http://creativecommons.org/licenses/by-nc/4.0/legalcode,Kazakhstan,Qaraghandy,,outside,outside,outside_candidate_almaty_region
Ziziphora clinopodioides,Ziziphora_clinopodioides.json,6159235874,https://www.inaturalist.org/observations/296806255,Ziziphora clinopodioides Lam.,Ziziphora clinopodioides Lam.,7308799,48.64502,66.959612,4,WGS84,2025-07-02T12:44,2025,7,2,HUMAN_OBSERVATION,PRESENT,iNaturalist research-grade observations,iNaturalist,Observations,http://creativecommons.org/licenses/by-nc/4.0/legalcode,Kazakhstan,Qaraghandy,,outside,outside,outside_candidate_almaty_region
Ziziphora clinopodioides,Ziziphora_clinopodioides.json,6159281941,https://www.inaturalist.org/observations/297042500,Ziziphora clinopodioides Lam.,Ziziphora clinopodioides Lam.,7308799,48.645408,66.96025,887,WGS84,02-Jul-25 15:30:52,2025,7,2,HUMAN_OBSERVATION,PRESENT,iNaturalist research-grade observations,iNaturalist,Observations,http://creativecommons.org/licenses/by-nc/4.0/legalcode,Kazakhstan,Qaraghandy,,outside,outside,outside_candidate_almaty_region
Ziziphora clinopodioides,Ziziphora_clinopodioides.json,6159322290,https://www.inaturalist.org/observations/295942484,Ziziphora clinopodioides Lam.,Ziziphora clinopodioides Lam.,7308799,50.196178,72.751173,3,WGS84,07-Jul-25 13:51:27,2025,7,7,HUMAN_OBSERVATION,PRESENT,iNaturalist research-grade observations,iNaturalist,Observations,http://creativecommons.org/licenses/by/4.0/legalcode,Kazakhstan,Qaraghandy,,outside,outside,outside_candidate_almaty_region
Ziziphora clinopodioides,Ziziphora_clinopodioides.json,6159514829,https://www.inaturalist.org/observations/298608029,Ziziphora clinopodioides Lam.,Ziziphora clinopodioides Lam.,7308799,50.196147,72.751161,,WGS84,2025-07-07T15:24,2025,7,7,HUMAN_OBSERVATION,PRESENT,iNaturalist research-grade observations,iNaturalist,Observations,http://creativecommons.org/licenses/by-nc/4.0/legalcode,Kazakhstan,Qaraghandy,,outside,outside,outside_candidate_almaty_region
Ziziphora clinopodioides,Ziziphora_clinopodioides.json,6159528632,https://www.inaturalist.org/observations/298608012,Ziziphora clinopodioides Lam.,Ziziphora clinopodioides Lam.,7308799,50.196147,72.751161,,WGS84,2025-07-07T14:05,2025,7,7,HUMAN_OBSERVATION,PRESENT,iNaturalist research-grade observations,iNaturalist,Observations,http://creativecommons.org/licenses/by-nc/4.0/legalcode,Kazakhstan,Qaraghandy,,outside,outside,outside_candidate_almaty_region
Ziziphora clinopodioides,Ziziphora_clinopodioides.json,6159628511,https://www.inaturalist.org/observations/296752561,Ziziphora clinopodioides Lam.,Ziziphora clinopodioides Lam.,7308799,48.646467,66.961638,4,WGS84,02-Jul-25 12:11:22,2025,7,2,HUMAN_OBSERVATION,PRESENT,iNaturalist research-grade observations,iNaturalist,Observations,http://creativecommons.org/licenses/by-nc/4.0/legalcode,Kazakhstan,Qaraghandy,,outside,outside,outside_candidate_almaty_region
Ziziphora clinopodioides,Ziziphora_clinopodioides.json,6159672174,https://www.inaturalist.org/observations/298608024,Ziziphora clinopodioides Lam.,Ziziphora clinopodioides Lam.,7308799,50.196147,72.751161,,WGS84,2025-07-07T15:23,2025,7,7,HUMAN_OBSERVATION,PRESENT,iNaturalist research-grade observations,iNaturalist,Observations,http://creativecommons.org/licenses/by-nc/4.0/legalcode,Kazakhstan,Qaraghandy,,outside,outside,outside_candidate_almaty_region
Ziziphora clinopodioides,Ziziphora_clinopodioides.json,6133268815,https://www.inaturalist.org/observations/309722043,Ziziphora clinopodioides Lam.,Ziziphora clinopodioides Lam.,7308799,49.404022,75.400403,,WGS84,2025-08-24T11:27,2025,8,24,HUMAN_OBSERVATION,PRESENT,iNaturalist research-grade observations,iNaturalist,Observations,http://creativecommons.org/licenses/by-nc/4.0/legalcode,Kazakhstan,Qaraghandy,,outside,outside,outside_candidate_almaty_region
Ziziphora clinopodioides,Ziziphora_clinopodioides.json,6133467812,https://www.inaturalist.org/observations/336775692,Ziziphora clinopodioides Lam.,Ziziphora clinopodioides Lam.,7308799,43.099675,69.925012,4,WGS84,20-Sep-25 14:56:55,2025,9,20,HUMAN_OBSERVATION,PRESENT,iNaturalist research-grade observations,iNaturalist,Observations,http://creativecommons.org/licenses/by-nc/4.0/legalcode,Kazakhstan,South Kazakhstan,,outside,outside,outside_candidate_almaty_region
Ziziphora clinopodioides,Ziziphora_clinopodioides.json,5935162667,https://www.inaturalist.org/observations/324734716,Ziziphora clinopodioides Lam.,Ziziphora clinopodioides Lam.,7308799,42.531022,70.606208,,WGS84,2025-10-18T14:34,2025,10,18,HUMAN_OBSERVATION,PRESENT,iNaturalist research-grade observations,iNaturalist,Observations,http://creativecommons.org/licenses/by-nc/4.0/legalcode,Kazakhstan,South Kazakhstan,,outside,outside,outside_candidate_almaty_region
Ziziphora clinopodioides,Ziziphora_clinopodioides.json,6159667672,https://www.inaturalist.org/observations/318612944,Ziziphora clinopodioides Lam.,Ziziphora clinopodioides Lam.,7308799,49.497028,74.379916,12,WGS84,03-Oct-25 14:06:16,2025,10,3,HUMAN_OBSERVATION,PRESENT,iNaturalist research-grade observations,iNaturalist,Observations,http://creativecommons.org/licenses/by/4.0/legalcode,Kazakhstan,Qaraghandy,,outside,outside,outside_candidate_almaty_region
Ziziphora clinopodioides,Ziziphora_clinopodioides.json,4872495666,https://www.inaturalist.org/observations/218847524,Ziziphora clinopodioides Lam.,Ziziphora clinopodioides Lam.,7308799,43.94371,75.302444,,WGS84,2024-05-14T10:54,2024,5,14,HUMAN_OBSERVATION,PRESENT,iNaturalist research-grade observations,iNaturalist,Observations,http://creativecommons.org/licenses/by/4.0/legalcode,Kazakhstan,Zhambyl,,outside,inside,outside_candidate_almaty_region
Ziziphora clinopodioides,Ziziphora_clinopodioides.json,5167423684,https://www.inaturalist.org/observations/225141173,Ziziphora clinopodioides Lam.,Ziziphora clinopodioides Lam.,7308799,49.815718,82.890673,,WGS84,23-Jun-24 12:55:52,2024,6,23,HUMAN_OBSERVATION,PRESENT,iNaturalist research-grade observations,iNaturalist,Observations,http://creativecommons.org/licenses/by/4.0/legalcode,Kazakhstan,East Kazakhstan,,outside,outside,outside_candidate_almaty_region
Ziziphora clinopodioides,Ziziphora_clinopodioides.json,4909000137,https://www.inaturalist.org/observations/228583511,Ziziphora clinopodioides Lam.,Ziziphora clinopodioides Lam.,7308799,48.60845,66.981315,5,WGS84,11-Jul-24 10:53:12,2024,7,11,HUMAN_OBSERVATION,PRESENT,iNaturalist research-grade observations,iNaturalist,Observations,http://creativecommons.org/licenses/by/4.0/legalcode,Kazakhstan,Qaraghandy,,outside,outside,outside_candidate_almaty_region
Ziziphora clinopodioides,Ziziphora_clinopodioides.json,4952638801,https://www.inaturalist.org/observations/239993793,Ziziphora clinopodioides Lam.,Ziziphora clinopodioides Lam.,7308799,50.184117,72.751092,,WGS84,20-Jul-24 15:18:40,2024,7,20,HUMAN_OBSERVATION,PRESENT,iNaturalist research-grade observations,iNaturalist,Observations,http://creativecommons.org/licenses/by-nc/4.0/legalcode,Kazakhstan,Qaraghandy,,outside,outside,outside_candidate_almaty_region
Ziziphora clinopodioides,Ziziphora_clinopodioides.json,5187718355,https://www.inaturalist.org/observations/228584328,Ziziphora clinopodioides Lam.,Ziziphora clinopodioides Lam.,7308799,48.60831,66.981494,5,WGS84,11-Jul-24 10:51:15,2024,7,11,HUMAN_OBSERVATION,PRESENT,iNaturalist research-grade observations,iNaturalist,Observations,http://creativecommons.org/licenses/by-nc/4.0/legalcode,Kazakhstan,Qaraghandy,,outside,outside,outside_candidate_almaty_region
Ziziphora clinopodioides,Ziziphora_clinopodioides.json,5187799367,https://www.inaturalist.org/observations/228584309,Ziziphora clinopodioides Lam.,Ziziphora clinopodioides Lam.,7308799,48.608286,66.981575,5,WGS84,11-Jul-24 10:48:47,2024,7,11,HUMAN_OBSERVATION,PRESENT,iNaturalist research-grade observations,iNaturalist,Observations,http://creativecommons.org/licenses/by-nc/4.0/legalcode,Kazakhstan,Qaraghandy,,outside,outside,outside_candidate_almaty_region
Ziziphora clinopodioides,Ziziphora_clinopodioides.json,4091566116,https://www.inaturalist.org/observations/154941103,Ziziphora clinopodioides Lam.,Ziziphora clinopodioides Lam.,7308799,43.610626,69.703984,31,WGS84,2023-04-11T13:56,2023,4,11,HUMAN_OBSERVATION,PRESENT,iNaturalist research-grade observations,iNaturalist,Observations,http://creativecommons.org/licenses/by/4.0/legalcode,Kazakhstan,Zhambyl,,outside,outside,outside_candidate_almaty_region
Ziziphora clinopodioides,Ziziphora_clinopodioides.json,4121212899,https://www.inaturalist.org/observations/162077742,Ziziphora clinopodioides Lam.,Ziziphora clinopodioides Lam.,7308799,42.104339,70.015983,14,WGS84,16-May-23 12:14:31,2023,5,16,HUMAN_OBSERVATION,PRESENT,iNaturalist research-grade observations,iNaturalist,Observations,http://creativecommons.org/licenses/by/4.0/legalcode,Kazakhstan,South Kazakhstan,,outside,outside,outside_candidate_almaty_region
Ziziphora clinopodioides,Ziziphora_clinopodioides.json,4414024166,https://www.inaturalist.org/observations/183963739,Ziziphora clinopodioides Lam.,Ziziphora clinopodioides Lam.,7308799,41.92947,69.95494,212,WGS84,2023-06-20T08:52,2023,6,20,HUMAN_OBSERVATION,PRESENT,iNaturalist research-grade observations,iNaturalist,Observations,http://creativecommons.org/licenses/by-nc/4.0/legalcode,Kazakhstan,South Kazakhstan,,outside,outside,outside_candidate_almaty_region
Ziziphora clinopodioides,Ziziphora_clinopodioides.json,4419967579,ABG00238,Ziziphora clinopodioides Lam.,Ziziphora clinopodioides Lam.,7308799,48.681,84.5322,,WGS84,2023-06-24,2023,6,24,PRESERVED_SPECIMEN,PRESENT,,,ABG,http://creativecommons.org/licenses/by/4.0/legalcode,Kazakhstan,,,outside,outside,outside_candidate_almaty_region
Ziziphora clinopodioides,Ziziphora_clinopodioides.json,4171657445,https://www.inaturalist.org/observations/175233219,Ziziphora clinopodioides Lam.,Ziziphora clinopodioides Lam.,7308799,48.609666,66.985268,15,WGS84,2023-07-11T14:05,2023,7,11,HUMAN_OBSERVATION,PRESENT,iNaturalist research-grade observations,iNaturalist,Observations,http://creativecommons.org/licenses/by/4.0/legalcode,Kazakhstan,Qaraghandy,,outside,outside,outside_candidate_almaty_region
Ziziphora clinopodioides,Ziziphora_clinopodioides.json,4417251877,QAR00465,Ziziphora clinopodioides Lam.,Ziziphora clinopodioides Lam.,7308799,49.43791,75.49051,50,WGS84,2023-07-04,2023,7,4,PRESERVED_SPECIMEN,PRESENT,,,QAR,http://creativecommons.org/licenses/by/4.0/legalcode,Kazakhstan,Karaganda Region,"Lake Bol'shoye, near Karkaraly",outside,outside,outside_candidate_almaty_region
Ziziphora clinopodioides,Ziziphora_clinopodioides.json,4417251886,QAR00460,Ziziphora clinopodioides Lam.,Ziziphora clinopodioides Lam.,7308799,49.43791,75.49051,50,WGS84,2023-07-04,2023,7,4,PRESERVED_SPECIMEN,PRESENT,,,QAR,http://creativecommons.org/licenses/by/4.0/legalcode,Kazakhstan,Karaganda Region,"Lake Bol'shoye, near Karkaraly",outside,outside,outside_candidate_almaty_region
Ziziphora clinopodioides,Ziziphora_clinopodioides.json,5087770541,https://www.inaturalist.org/observations/265132512,Ziziphora clinopodioides Lam.,Ziziphora clinopodioides Lam.,7308799,42.735173,72.846758,244,WGS84,2023-07-19T15:28,2023,7,19,HUMAN_OBSERVATION,PRESENT,iNaturalist research-grade observations,iNaturalist,Observations,http://creativecommons.org/licenses/by-nc/4.0/legalcode,Kazakhstan,Zhambyl,,outside,outside,outside_candidate_almaty_region
Ziziphora clinopodioides,Ziziphora_clinopodioides.json,6191258869,PP713030,Ziziphora clinopodioides Lam.,Ziziphora clinopodioides Lam.,7308799,49.43791,75.49051,,WGS84,2023-07-04,2023,7,4,PRESERVED_SPECIMEN,PRESENT,,,,http://creativecommons.org/licenses/by/4.0/legalcode,Kazakhstan,,Qaragandy Region,outside,outside,outside_candidate_almaty_region
Ziziphora clinopodioides,Ziziphora_clinopodioides.json,4407386823,https://www.inaturalist.org/observations/179502976,Ziziphora clinopodioides Lam.,Ziziphora clinopodioides Lam.,7308799,53.100647,70.327545,5,WGS84,18-Aug-23 09:20:27,2023,8,18,HUMAN_OBSERVATION,PRESENT,iNaturalist research-grade observations,iNaturalist,Observations,http://creativecommons.org/licenses/by-nc/4.0/legalcode,Kazakhstan,Aqmola,,outside,outside,outside_candidate_almaty_region
Ziziphora clinopodioides,Ziziphora_clinopodioides.json,4527921135,https://www.inaturalist.org/observations/189477358,Ziziphora clinopodioides Lam.,Ziziphora clinopodioides Lam.,7308799,42.179806,70.464831,50,WGS84,29-Oct-23 14:36:17,2023,10,29,HUMAN_OBSERVATION,PRESENT,iNaturalist research-grade observations,iNaturalist,Observations,http://creativecommons.org/licenses/by-nc/4.0/legalcode,Kazakhstan,South Kazakhstan,,outside,outside,outside_candidate_almaty_region
Ziziphora clinopodioides,Ziziphora_clinopodioides.json,3859545136,https://www.inaturalist.org/observations/123405222,Ziziphora clinopodioides Lam.,Ziziphora clinopodioides Lam.,7308799,50.860142,75.644601,866,WGS84,18-Jun-22 19:42:40,2022,6,18,HUMAN_OBSERVATION,PRESENT,iNaturalist research-grade observations,iNaturalist,Observations,http://creativecommons.org/licenses/by-nc/4.0/legalcode,Kazakhstan,Pavlodar,,outside,outside,outside_candidate_almaty_region
Ziziphora clinopodioides,Ziziphora_clinopodioides.json,4463149856,QAR06014,Ziziphora clinopodioides Lam.,Ziziphora clinopodioides Lam.,7308799,49.44325,75.46945,650,WGS84,2022-06-03,2022,6,3,PRESERVED_SPECIMEN,PRESENT,,,QAR,http://creativecommons.org/licenses/by/4.0/legalcode,Kazakhstan,Karaganda Region,"near Tri Zubtsa Mountain, near Karkaraly (ҚАРҚАРАЛЫ Қ.)",outside,outside,outside_candidate_almaty_region
Ziziphora clinopodioides,Ziziphora_clinopodioides.json,3959713167,q-10660736088,Ziziphora clinopodioides Lam.,Ziziphora clinopodioides Lam.,7308799,50.589955,81.919397,11,WGS84,29-Jul-22 12:51:47,2022,7,29,HUMAN_OBSERVATION,PRESENT,,,,http://creativecommons.org/licenses/by/4.0/legalcode,Kazakhstan,,,outside,outside,outside_candidate_almaty_region
Ziziphora clinopodioides,Ziziphora_clinopodioides.json,4406454277,1100042245,Ziziphora clinopodioides Lam.,Ziziphora clinopodioides Lam.,7308799,49.25274,82.17018,500,WGS84,2022-07-04,2022,7,4,PRESERVED_SPECIMEN,PRESENT,,,ALTB,http://creativecommons.org/licenses/by-nc/4.0/legalcode,Kazakhstan,,,outside,outside,outside_candidate_almaty_region
Ziziphora clinopodioides,Ziziphora_clinopodioides.json,4406455445,1100062552,Ziziphora clinopodioides Lam.,Ziziphora clinopodioides Lam.,7308799,49.31526,84.08255,500,WGS84,2022-07-10,2022,7,10,PRESERVED_SPECIMEN,PRESENT,,,ALTB,http://creativecommons.org/licenses/by-nc/4.0/legalcode,Kazakhstan,,,outside,outside,outside_candidate_almaty_region
Ziziphora clinopodioides,Ziziphora_clinopodioides.json,4406455564,1100062527,Ziziphora clinopodioides Lam.,Ziziphora clinopodioides Lam.,7308799,49.31526,84.08255,500,WGS84,2022-07-10,2022,7,10,PRESERVED_SPECIMEN,PRESENT,,,ALTB,http://creativecommons.org/licenses/by-nc/4.0/legalcode,Kazakhstan,,,outside,outside,outside_candidate_almaty_region
Ziziphora clinopodioides,Ziziphora_clinopodioides.json,4846759791,https://www.inaturalist.org/observations/199179508,Ziziphora clinopodioides Lam.,Ziziphora clinopodioides Lam.,7308799,48.38265,84.535517,7813,WGS84,2022-07-21T08:51,2022,7,21,HUMAN_OBSERVATION,PRESENT,iNaturalist research-grade observations,iNaturalist,Observations,http://creativecommons.org/licenses/by-nc/4.0/legalcode,Kazakhstan,East Kazakhstan,,outside,outside,outside_candidate_almaty_region
Ziziphora clinopodioides,Ziziphora_clinopodioides.json,5099313338,scabiosa:6:221,Ziziphora clinopodioides Lam.,Ziziphora clinopodioides Lam.,7308799,48.78868,73.64459,30,WGS84,2022-07-13,2022,7,13,HUMAN_OBSERVATION,PRESENT,,,,http://creativecommons.org/licenses/by/4.0/legalcode,Kazakhstan,Karaganda Region,,outside,outside,outside_candidate_almaty_region
Ziziphora clinopodioides,Ziziphora_clinopodioides.json,5099313603,scabiosa:5:181,Ziziphora clinopodioides Lam.,Ziziphora clinopodioides Lam.,7308799,47.46957,74.85006,30,WGS84,2022-07-11,2022,7,11,HUMAN_OBSERVATION,PRESENT,,,,http://creativecommons.org/licenses/by/4.0/legalcode,Kazakhstan,Karaganda Region,,outside,outside,outside_candidate_almaty_region
Ziziphora clinopodioides,Ziziphora_clinopodioides.json,5099313750,scabiosa:3:123,Ziziphora clinopodioides Lam.,Ziziphora clinopodioides Lam.,7308799,48.71271,66.97284,30,WGS84,2022-07,2022,7,,HUMAN_OBSERVATION,PRESENT,,,,http://creativecommons.org/licenses/by/4.0/legalcode,Kazakhstan,Ulytau Region,,outside,outside,outside_candidate_almaty_region
Ziziphora clinopodioides,Ziziphora_clinopodioides.json,4054828478,https://www.inaturalist.org/observations/131995242,Ziziphora clinopodioides Lam.,Ziziphora clinopodioides Lam.,7308799,47.401229,74.816783,11080,WGS84,2022-08-21T12:32,2022,8,21,HUMAN_OBSERVATION,PRESENT,iNaturalist research-grade observations,iNaturalist,Observations,http://creativecommons.org/licenses/by-nc/4.0/legalcode,Kazakhstan,Qaraghandy,,outside,outside,outside_candidate_almaty_region
Ziziphora clinopodioides,Ziziphora_clinopodioides.json,5166363484,Karkaraly2022:1:32,Ziziphora clinopodioides Lam.,Ziziphora clinopodioides Lam.,7308799,49.498436,75.375285,200,WGS84,2022-08-19/2022-08-24,2022,8,,HUMAN_OBSERVATION,PRESENT,,,,http://creativecommons.org/licenses/by/4.0/legalcode,Kazakhstan,Qaraghandy Region,,outside,outside,outside_candidate_almaty_region
Ziziphora clinopodioides,Ziziphora_clinopodioides.json,3947174960,https://www.inaturalist.org/observations/138134172,Ziziphora clinopodioides Lam.,Ziziphora clinopodioides Lam.,7308799,42.363181,70.866014,,WGS84,09-Oct-22 08:51:22,2022,10,9,HUMAN_OBSERVATION,PRESENT,iNaturalist research-grade observations,iNaturalist,Observations,http://creativecommons.org/licenses/by-nc/4.0/legalcode,Kazakhstan,Zhambyl,,outside,outside,outside_candidate_almaty_region
Ziziphora clinopodioides,Ziziphora_clinopodioides.json,3951484716,q-10445305890,Ziziphora clinopodioides Lam.,Ziziphora clinopodioides Lam.,7308799,49.94742,82.697747,15,WGS84,05-Aug-21 08:30:09,2021,8,5,HUMAN_OBSERVATION,PRESENT,,,,http://creativecommons.org/licenses/by/4.0/legalcode,Kazakhstan,,,outside,outside,outside_candidate_almaty_region
Ziziphora clinopodioides,Ziziphora_clinopodioides.json,3954155475,q-10445308314,Ziziphora clinopodioides Lam.,Ziziphora clinopodioides Lam.,7308799,49.94737,82.69783,31,WGS84,05-Aug-21 08:34:09,2021,8,5,HUMAN_OBSERVATION,PRESENT,,,,http://creativecommons.org/licenses/by/4.0/legalcode,Kazakhstan,,,outside,outside,outside_candidate_almaty_region
Ziziphora clinopodioides,Ziziphora_clinopodioides.json,3957306176,q-10445309777,Ziziphora clinopodioides Lam.,Ziziphora clinopodioides Lam.,7308799,49.94742,82.697747,15,WGS84,05-Aug-21 08:36:33,2021,8,5,HUMAN_OBSERVATION,PRESENT,,,,http://creativecommons.org/licenses/by/4.0/legalcode,Kazakhstan,,,outside,outside,outside_candidate_almaty_region
Ziziphora clinopodioides,Ziziphora_clinopodioides.json,4538550406,MANG08234,Ziziphora clinopodioides Lam.,Ziziphora clinopodioides Lam.,7308799,52.34666,71.8798,100,WGS84,2021-09-13,2021,9,13,PRESERVED_SPECIMEN,PRESENT,,,MANG,http://creativecommons.org/licenses/by/4.0/legalcode,Kazakhstan,Акмолинская область,,outside,outside,outside_candidate_almaty_region
Ziziphora clinopodioides,Ziziphora_clinopodioides.json,4538550408,MANG08235,Ziziphora clinopodioides Lam.,Ziziphora clinopodioides Lam.,7308799,52.34666,71.8798,100,WGS84,2021-09-13,2021,9,13,PRESERVED_SPECIMEN,PRESENT,,,MANG,http://creativecommons.org/licenses/by/4.0/legalcode,Kazakhstan,Акмолинская область,,outside,outside,outside_candidate_almaty_region
Ziziphora clinopodioides,Ziziphora_clinopodioides.json,4538550410,MANG08232,Ziziphora clinopodioides Lam.,Ziziphora clinopodioides Lam.,7308799,52.34666,71.8798,100,WGS84,2021-09-13,2021,9,13,PRESERVED_SPECIMEN,PRESENT,,,MANG,http://creativecommons.org/licenses/by/4.0/legalcode,Kazakhstan,Акмолинская область,,outside,outside,outside_candidate_almaty_region
Ziziphora clinopodioides,Ziziphora_clinopodioides.json,4538550412,MANG08233,Ziziphora clinopodioides Lam.,Ziziphora clinopodioides Lam.,7308799,52.34666,71.8798,100,WGS84,2021-09-13,2021,9,13,PRESERVED_SPECIMEN,PRESENT,,,MANG,http://creativecommons.org/licenses/by/4.0/legalcode,Kazakhstan,Акмолинская область,,outside,outside,outside_candidate_almaty_region
Ziziphora clinopodioides,Ziziphora_clinopodioides.json,4538550420,MANG08238,Ziziphora clinopodioides Lam.,Ziziphora clinopodioides Lam.,7308799,52.34666,71.8798,100,WGS84,2021-09-13,2021,9,13,PRESERVED_SPECIMEN,PRESENT,,,MANG,http://creativecommons.org/licenses/by/4.0/legalcode,Kazakhstan,Акмолинская область,,outside,outside,outside_candidate_almaty_region
Ziziphora clinopodioides,Ziziphora_clinopodioides.json,4538550421,MANG08239,Ziziphora clinopodioides Lam.,Ziziphora clinopodioides Lam.,7308799,52.34666,71.8798,100,WGS84,2021-09-13,2021,9,13,PRESERVED_SPECIMEN,PRESENT,,,MANG,http://creativecommons.org/licenses/by/4.0/legalcode,Kazakhstan,Акмолинская область,,outside,outside,outside_candidate_almaty_region
Ziziphora clinopodioides,Ziziphora_clinopodioides.json,4538550423,MANG08236,Ziziphora clinopodioides Lam.,Ziziphora clinopodioides Lam.,7308799,52.34666,71.8798,100,WGS84,2021-09-13,2021,9,13,PRESERVED_SPECIMEN,PRESENT,,,MANG,http://creativecommons.org/licenses/by/4.0/legalcode,Kazakhstan,Акмолинская область,,outside,outside,outside_candidate_almaty_region
Ziziphora clinopodioides,Ziziphora_clinopodioides.json,4538550424,MANG08237,Ziziphora clinopodioides Lam.,Ziziphora clinopodioides Lam.,7308799,52.34666,71.8798,100,WGS84,2021-09-13,2021,9,13,PRESERVED_SPECIMEN,PRESENT,,,MANG,http://creativecommons.org/licenses/by/4.0/legalcode,Kazakhstan,Акмолинская область,,outside,outside,outside_candidate_almaty_region
Ziziphora clinopodioides,Ziziphora_clinopodioides.json,3820246499,1100037820,Ziziphora clinopodioides Lam.,Ziziphora clinopodioides Lam.,7308799,49.097,86.0149,500,WGS84,2020-06-20,2020,6,20,PRESERVED_SPECIMEN,PRESENT,,,ALTB,http://creativecommons.org/licenses/by-nc/4.0/legalcode,Kazakhstan,,,outside,outside,outside_candidate_almaty_region
Ziziphora clinopodioides,Ziziphora_clinopodioides.json,3820247369,1100037820,Ziziphora clinopodioides Lam.,Ziziphora clinopodioides Lam.,7308799,49.097,86.0149,500,WGS84,2020-06-20,2020,6,20,PRESERVED_SPECIMEN,PRESENT,,,,http://creativecommons.org/licenses/by-nc/4.0/legalcode,Kazakhstan,,,outside,outside,outside_candidate_almaty_region
Ziziphora clinopodioides,Ziziphora_clinopodioides.json,4038669797,1100037820,Ziziphora clinopodioides Lam.,Ziziphora clinopodioides Lam.,7308799,49.097,86.0149,500,WGS84,2020-06-20,2020,6,20,PRESERVED_SPECIMEN,PRESENT,,,ALTB,http://creativecommons.org/licenses/by-nc/4.0/legalcode,Kazakhstan,,,outside,outside,outside_candidate_almaty_region
Ziziphora clinopodioides,Ziziphora_clinopodioides.json,4080582608,https://www.inaturalist.org/observations/153448347,Ziziphora clinopodioides Lam.,Ziziphora clinopodioides Lam.,7308799,43.338636,74.925782,,WGS84,2020-08-18T12:53,2020,8,18,HUMAN_OBSERVATION,PRESENT,iNaturalist research-grade observations,iNaturalist,Observations,http://creativecommons.org/licenses/by-nc/4.0/legalcode,Kazakhstan,Zhambyl,,outside,outside,outside_candidate_almaty_region
Ziziphora clinopodioides,Ziziphora_clinopodioides.json,2542900384,https://www.inaturalist.org/observations/29772985,Ziziphora clinopodioides Lam.,Ziziphora clinopodioides Lam.,7308799,50.388636,80.532095,9,WGS84,22-Jul-19 15:10:10,2019,7,22,HUMAN_OBSERVATION,PRESENT,iNaturalist research-grade observations,iNaturalist,Observations,http://creativecommons.org/licenses/by-nc/4.0/legalcode,Kazakhstan,East Kazakhstan,,outside,outside,outside_candidate_almaty_region
Ziziphora clinopodioides,Ziziphora_clinopodioides.json,2542901450,https://www.inaturalist.org/observations/30453590,Ziziphora clinopodioides Lam.,Ziziphora clinopodioides Lam.,7308799,50.388676,80.530707,33,WGS84,26-Jul-19 12:44:54,2019,7,26,HUMAN_OBSERVATION,PRESENT,iNaturalist research-grade observations,iNaturalist,Observations,http://creativecommons.org/licenses/by-nc/4.0/legalcode,Kazakhstan,East Kazakhstan,,outside,outside,outside_candidate_almaty_region
Ziziphora clinopodioides,Ziziphora_clinopodioides.json,2542901586,https://www.inaturalist.org/observations/30530221,Ziziphora clinopodioides Lam.,Ziziphora clinopodioides Lam.,7308799,50.388645,80.532282,17,WGS84,28-Jul-19 11:58:51,2019,7,28,HUMAN_OBSERVATION,PRESENT,iNaturalist research-grade observations,iNaturalist,Observations,http://creativecommons.org/licenses/by-nc/4.0/legalcode,Kazakhstan,East Kazakhstan,,outside,outside,outside_candidate_almaty_region
Ziziphora clinopodioides,Ziziphora_clinopodioides.json,4054798645,https://www.inaturalist.org/observations/149968972,Ziziphora clinopodioides Lam.,Ziziphora clinopodioides Lam.,7308799,49.977469,82.542158,1164,WGS84,2017-07-15T14:25,2017,7,15,HUMAN_OBSERVATION,PRESENT,iNaturalist research-grade observations,iNaturalist,Observations,http://creativecommons.org/licenses/by-nc/4.0/legalcode,Kazakhstan,East Kazakhstan,,outside,outside,outside_candidate_almaty_region
Ziziphora clinopodioides,Ziziphora_clinopodioides.json,4054894699,https://www.inaturalist.org/observations/150028434,Ziziphora clinopodioides Lam.,Ziziphora clinopodioides Lam.,7308799,49.921675,82.630643,6539,WGS84,2017-07-15T14:25,2017,7,15,HUMAN_OBSERVATION,PRESENT,iNaturalist research-grade observations,iNaturalist,Observations,http://creativecommons.org/licenses/by-nc/4.0/legalcode,Kazakhstan,East Kazakhstan,,outside,outside,outside_candidate_almaty_region
Ziziphora clinopodioides,Ziziphora_clinopodioides.json,4046771418,https://www.inaturalist.org/observations/149911640,Ziziphora clinopodioides Lam.,Ziziphora clinopodioides Lam.,7308799,49.922262,82.724858,1953,WGS84,2017-09-02T11:54,2017,9,2,HUMAN_OBSERVATION,PRESENT,iNaturalist research-grade observations,iNaturalist,Observations,http://creativecommons.org/licenses/by-nc/4.0/legalcode,Kazakhstan,East Kazakhstan,,outside,outside,outside_candidate_almaty_region
Ziziphora clinopodioides,Ziziphora_clinopodioides.json,2382576857,https://brnu.jacq.org/BRNU653280,Ziziphora clinopodioides Lam.,Ziziphora clinopodioides Lam.,7308799,43.13806,73.61,,WGS84,2014-07-07,2014,7,7,PRESERVED_SPECIMEN,PRESENT,,BRNU,Herbarium BRNU,http://creativecommons.org/licenses/by/4.0/legalcode,Kazakhstan,,"Kazakhstan, prov. Almaty, distr. Karasai. Tien Shan, Zailiskii Alatau, lower part of the Kaskelen river valley; 1100-1200 m a. s. l. Steppe, open woodland and scrub communities. Coordinates: 430817 N & 733636 E",outside,outside,outside_candidate_almaty_region
Ziziphora clinopodioides,Ziziphora_clinopodioides.json,5163160327,grass:18,Ziziphora bungeana Juz.,Ziziphora clinopodioides subsp. bungeana (Juz.) Rech.f.,3899469,49.46298,75.50794,30,WGS84,2014-08-10/2014-08-15,2014,8,,HUMAN_OBSERVATION,PRESENT,,,,http://creativecommons.org/licenses/by/4.0/legalcode,Kazakhstan,Qaraghandy Region,,outside,outside,outside_candidate_almaty_region
Ziziphora clinopodioides,Ziziphora_clinopodioides.json,3986282671,https://www.inaturalist.org/observations/142616432,Ziziphora clinopodioides Lam.,Ziziphora clinopodioides Lam.,7308799,49.703898,81.557183,17,WGS84,2013-07-31T15:27,2013,7,31,HUMAN_OBSERVATION,PRESENT,iNaturalist research-grade observations,iNaturalist,Observations,http://creativecommons.org/licenses/by-nc/4.0/legalcode,Kazakhstan,East Kazakhstan,,outside,outside,outside_candidate_almaty_region
Ziziphora clinopodioides,Ziziphora_clinopodioides.json,4535899277,https://www.inaturalist.org/observations/200992411,Ziziphora clinopodioides Lam.,Ziziphora clinopodioides Lam.,7308799,50.004518,82.473493,244,WGS84,2013-09-22T15:48,2013,9,22,HUMAN_OBSERVATION,PRESENT,iNaturalist research-grade observations,iNaturalist,Observations,http://creativecommons.org/licenses/by-nc/4.0/legalcode,Kazakhstan,East Kazakhstan,,outside,outside,outside_candidate_almaty_region
Ziziphora clinopodioides,Ziziphora_clinopodioides.json,4463149562,QAR02323,Ziziphora clinopodioides Lam.,Ziziphora clinopodioides Lam.,7308799,49.35763,75.40178,16000,WGS84,2012-07-20,2012,7,20,PRESERVED_SPECIMEN,PRESENT,,,QAR,http://creativecommons.org/licenses/by/4.0/legalcode,Kazakhstan,Karaganda Region,Karkaraly (ҚАРҚАРАЛЫ Қ.),outside,outside,outside_candidate_almaty_region
Ziziphora clinopodioides,Ziziphora_clinopodioides.json,4463149383,QAR02809,Ziziphora clinopodioides Lam.,Ziziphora clinopodioides Lam.,7308799,49.76567,73.11672,1500,WGS84,2011-06-15,2011,6,15,PRESERVED_SPECIMEN,PRESENT,,,QAR,http://creativecommons.org/licenses/by/4.0/legalcode,Kazakhstan,Karaganda Region,"Karaganda (ҚАРАҒАНДЫ Қ.), near the Bukpa River",outside,outside,outside_candidate_almaty_region
Ziziphora clinopodioides,Ziziphora_clinopodioides.json,4463149842,QAR02923,Ziziphora clinopodioides Lam.,Ziziphora clinopodioides Lam.,7308799,49.42541,75.47031,300,WGS84,2011-06-30,2011,6,30,PRESERVED_SPECIMEN,PRESENT,,,QAR,http://creativecommons.org/licenses/by/4.0/legalcode,Kazakhstan,Karaganda Region,"Bolshaya Palata mountain, near Karkaraly (ҚАРҚАРАЛЫ Қ.)",outside,outside,outside_candidate_almaty_region
Ziziphora clinopodioides,Ziziphora_clinopodioides.json,4021990560,https://www.inaturalist.org/observations/144413183,Ziziphora clinopodioides Lam.,Ziziphora clinopodioides Lam.,7308799,43.833351,68.365036,178,WGS84,2010-06-29T11:54,2010,6,29,HUMAN_OBSERVATION,PRESENT,iNaturalist research-grade observations,iNaturalist,Observations,http://creativecommons.org/licenses/by-nc/4.0/legalcode,Kazakhstan,South Kazakhstan,,outside,outside,outside_candidate_almaty_region
Ziziphora clinopodioides,Ziziphora_clinopodioides.json,4463149809,QAR09971,Ziziphora clinopodioides Lam.,Ziziphora clinopodioides Lam.,7308799,49.38671,75.51965,1500,WGS84,2010-06-24,2010,6,24,PRESERVED_SPECIMEN,PRESENT,,,QAR,http://creativecommons.org/licenses/by/4.0/legalcode,Kazakhstan,Karaganda Region,"Lake Bol'shoye, near Karkaraly (ҚАРҚАРАЛЫ Қ.)",outside,outside,outside_candidate_almaty_region
Ziziphora clinopodioides,Ziziphora_clinopodioides.json,4463150163,QAR10038,Ziziphora clinopodioides Lam.,Ziziphora clinopodioides Lam.,7308799,49.38671,75.51965,1500,WGS84,2010-06-28,2010,6,28,PRESERVED_SPECIMEN,PRESENT,,,QAR,http://creativecommons.org/licenses/by/4.0/legalcode,Kazakhstan,Karaganda Region,"Lake Bol'shoye, near Karkaraly (ҚАРҚАРАЛЫ Қ.)",outside,outside,outside_candidate_almaty_region
Ziziphora clinopodioides,Ziziphora_clinopodioides.json,4463150887,QAR02944,Ziziphora clinopodioides Lam.,Ziziphora clinopodioides Lam.,7308799,50.06607,71.50334,1500,WGS84,2010-06-18,2010,6,18,PRESERVED_SPECIMEN,PRESENT,,,QAR,http://creativecommons.org/licenses/by/4.0/legalcode,Kazakhstan,Karaganda Region,Ivanovka village (КӘРІМ МЫҢБАЕВ А.),outside,outside,outside_candidate_almaty_region
Ziziphora clinopodioides,Ziziphora_clinopodioides.json,4463150896,QAR02941,Ziziphora clinopodioides Lam.,Ziziphora clinopodioides Lam.,7308799,50.06607,71.50334,1500,WGS84,2010-06-18,2010,6,18,PRESERVED_SPECIMEN,PRESENT,,,QAR,http://creativecommons.org/licenses/by/4.0/legalcode,Kazakhstan,Karaganda Region,Ivanovka village (КӘРІМ МЫҢБАЕВ А.),outside,outside,outside_candidate_almaty_region
Ziziphora clinopodioides,Ziziphora_clinopodioides.json,4463151016,QAR09736,Ziziphora clinopodioides Lam.,Ziziphora clinopodioides Lam.,7308799,49.35763,75.40178,16000,WGS84,2010-06-23,2010,6,23,PRESERVED_SPECIMEN,PRESENT,,,QAR,http://creativecommons.org/licenses/by/4.0/legalcode,Kazakhstan,Karaganda Region,,outside,outside,outside_candidate_almaty_region
Ziziphora clinopodioides,Ziziphora_clinopodioides.json,4506685665,QAR04971,Ziziphora clinopodioides Lam.,Ziziphora clinopodioides Lam.,7308799,49.38671,75.51965,1500,WGS84,2010-06-24,2010,6,24,PRESERVED_SPECIMEN,PRESENT,,,QAR,http://creativecommons.org/licenses/by/4.0/legalcode,Kazakhstan,Karaganda Region,"Lake Bol'shoye, near Karkaraly (ҚАРҚАРАЛЫ Қ.)",outside,outside,outside_candidate_almaty_region
Ziziphora clinopodioides,Ziziphora_clinopodioides.json,6129821134,https://www.inaturalist.org/observations/98183522,Ziziphora clinopodioides Lam.,Ziziphora clinopodioides Lam.,7308799,49.243878,67.023697,737,WGS84,2010-06-20T13:24,2010,6,20,HUMAN_OBSERVATION,PRESENT,iNaturalist research-grade observations,iNaturalist,Observations,http://creativecommons.org/licenses/by-nc/4.0/legalcode,Kazakhstan,Qaraghandy,,outside,outside,outside_candidate_almaty_region
Ziziphora clinopodioides,Ziziphora_clinopodioides.json,4463149551,QAR02317,Ziziphora clinopodioides Lam.,Ziziphora clinopodioides Lam.,7308799,49.50374,72.81207,5000,WGS84,2008-07-29,2008,7,29,PRESERVED_SPECIMEN,PRESENT,,,QAR,http://creativecommons.org/licenses/by/4.0/legalcode,Kazakhstan,Karaganda Region,Topar (Топар к.),outside,outside,outside_candidate_almaty_region
Ziziphora clinopodioides,Ziziphora_clinopodioides.json,4463149301,QAR05029,Ziziphora clinopodioides Lam.,Ziziphora clinopodioides Lam.,7308799,49.78792,73.07184,750,WGS84,2007-06-25,2007,6,25,PRESERVED_SPECIMEN,PRESENT,,,QAR,http://creativecommons.org/licenses/by/4.0/legalcode,Kazakhstan,Karaganda Region,"Karagandа (ҚАРАҒАНДЫ Қ.), the former Botanical Garden",outside,outside,outside_candidate_almaty_region
Ziziphora clinopodioides,Ziziphora_clinopodioides.json,4463149315,QAR05039,Ziziphora clinopodioides Lam.,Ziziphora clinopodioides Lam.,7308799,49.78792,73.07184,750,WGS84,2007-06-25,2007,6,25,PRESERVED_SPECIMEN,PRESENT,,,QAR,http://creativecommons.org/licenses/by/4.0/legalcode,Kazakhstan,Karaganda Region,"Karagandа (ҚАРАҒАНДЫ Қ.), the former Botanical Garden",outside,outside,outside_candidate_almaty_region
Ziziphora clinopodioides,Ziziphora_clinopodioides.json,4463149837,QAR02925,Ziziphora clinopodioides Lam.,Ziziphora clinopodioides Lam.,7308799,47.41072,74.78787,9000,WGS84,2006-07-20,2006,7,20,PRESERVED_SPECIMEN,PRESENT,,,QAR,http://creativecommons.org/licenses/by/4.0/legalcode,Kazakhstan,Karaganda Region,Bektauata Mountains,outside,outside,outside_candidate_almaty_region
Ziziphora clinopodioides,Ziziphora_clinopodioides.json,4506685424,QAR05017,Ziziphora clinopodioides Lam.,Ziziphora clinopodioides Lam.,7308799,47.41072,74.78787,9000,WGS84,2006-07-20,2006,7,20,PRESERVED_SPECIMEN,PRESENT,,,QAR,http://creativecommons.org/licenses/by/4.0/legalcode,Kazakhstan,Karaganda Region,Bektauata Mountains,outside,outside,outside_candidate_almaty_region
Ziziphora clinopodioides,Ziziphora_clinopodioides.json,4463149401,QAR05040,Ziziphora clinopodioides Lam.,Ziziphora clinopodioides Lam.,7308799,49.38601,75.4956,7000,WGS84,2005-07-03,2005,7,3,PRESERVED_SPECIMEN,PRESENT,,,QAR,http://creativecommons.org/licenses/by/4.0/legalcode,Kazakhstan,Karaganda Region,near Karkaraly (ҚАРҚАРАЛЫ Қ.),outside,outside,outside_candidate_almaty_region
Ziziphora clinopodioides,Ziziphora_clinopodioides.json,4463150095,QAR02447,Ziziphora clinopodioides Lam.,Ziziphora clinopodioides Lam.,7308799,49.78792,73.07184,750,WGS84,2005-07-05,2005,7,5,PRESERVED_SPECIMEN,PRESENT,,,QAR,http://creativecommons.org/licenses/by/4.0/legalcode,Kazakhstan,Karaganda Region,"Karagandа (ҚАРАҒАНДЫ Қ.), the former Botanical Garden",outside,outside,outside_candidate_almaty_region
Ziziphora clinopodioides,Ziziphora_clinopodioides.json,2576442038,https://www.inaturalist.org/observations/38665975,Ziziphora clinopodioides Lam.,Ziziphora clinopodioides Lam.,7308799,42.43848,70.475919,1516,WGS84,2005-08-26T05:02,2005,8,26,HUMAN_OBSERVATION,PRESENT,iNaturalist research-grade observations,iNaturalist,Observations,http://creativecommons.org/licenses/by-nc/4.0/legalcode,Kazakhstan,South Kazakhstan,,outside,outside,outside_candidate_almaty_region
Ziziphora clinopodioides,Ziziphora_clinopodioides.json,4463150107,QAR02443,Ziziphora clinopodioides Lam.,Ziziphora clinopodioides Lam.,7308799,49.35763,75.40178,16000,WGS84,1999-07-12,1999,7,12,PRESERVED_SPECIMEN,PRESENT,,,QAR,http://creativecommons.org/licenses/by/4.0/legalcode,Kazakhstan,Karaganda Region,,outside,outside,outside_candidate_almaty_region
Ziziphora clinopodioides,Ziziphora_clinopodioides.json,4463149329,QAR05031,Ziziphora clinopodioides Lam.,Ziziphora clinopodioides Lam.,7308799,49.64703,72.73942,1000,WGS84,1996-07-27,1996,7,27,PRESERVED_SPECIMEN,PRESENT,,,QAR,http://creativecommons.org/licenses/by/4.0/legalcode,Kazakhstan,Karaganda Region,Agrogorodok (Агрогородок с.),outside,outside,outside_candidate_almaty_region
Ziziphora clinopodioides,Ziziphora_clinopodioides.json,4463149558,QAR04970,Ziziphora clinopodioides Lam.,Ziziphora clinopodioides Lam.,7308799,49.35763,75.40178,16000,WGS84,1995-07-01,1995,7,1,PRESERVED_SPECIMEN,PRESENT,,,QAR,http://creativecommons.org/licenses/by/4.0/legalcode,Kazakhstan,Karaganda Region,Karkaraly mountains,outside,outside,outside_candidate_almaty_region
Ziziphora clinopodioides,Ziziphora_clinopodioides.json,4463150083,QAR02448,Ziziphora clinopodioides Lam.,Ziziphora clinopodioides Lam.,7308799,49.35763,75.40178,16000,WGS84,1995-07-09,1995,7,9,PRESERVED_SPECIMEN,PRESENT,,,QAR,http://creativecommons.org/licenses/by/4.0/legalcode,Kazakhstan,Karaganda Region,,outside,outside,outside_candidate_almaty_region
Ziziphora clinopodioides,Ziziphora_clinopodioides.json,4463149539,QAR09802,Ziziphora clinopodioides Lam.,Ziziphora clinopodioides Lam.,7308799,49.35763,75.40178,16000,WGS84,1994-07-16,1994,7,16,PRESERVED_SPECIMEN,PRESENT,,,QAR,http://creativecommons.org/licenses/by/4.0/legalcode,Kazakhstan,Karaganda Region,,outside,outside,outside_candidate_almaty_region
Ziziphora clinopodioides,Ziziphora_clinopodioides.json,4463150089,QAR02445,Ziziphora clinopodioides Lam.,Ziziphora clinopodioides Lam.,7308799,49.77293,73.23822,1200,WGS84,1993-06-13,1993,6,13,PRESERVED_SPECIMEN,PRESENT,,,QAR,http://creativecommons.org/licenses/by/4.0/legalcode,Kazakhstan,Karaganda Region,Ushtobe (ҮШТӨБЕ А.),outside,outside,outside_candidate_almaty_region
Ziziphora clinopodioides,Ziziphora_clinopodioides.json,4463150092,QAR02444,Ziziphora clinopodioides Lam.,Ziziphora clinopodioides Lam.,7308799,49.35763,75.40178,16000,WGS84,1993-07,1993,7,,PRESERVED_SPECIMEN,PRESENT,,,QAR,http://creativecommons.org/licenses/by/4.0/legalcode,Kazakhstan,Karaganda Region,Karkaraly mountains,outside,outside,outside_candidate_almaty_region
Ziziphora clinopodioides,Ziziphora_clinopodioides.json,4463149541,QAR09803,Ziziphora clinopodioides Lam.,Ziziphora clinopodioides Lam.,7308799,49.35763,75.40178,16000,WGS84,1992-07-15,1992,7,15,PRESERVED_SPECIMEN,PRESENT,,,QAR,http://creativecommons.org/licenses/by/4.0/legalcode,Kazakhstan,Karaganda Region,,outside,outside,outside_candidate_almaty_region
Ziziphora clinopodioides,Ziziphora_clinopodioides.json,4463149357,QAR05018,Ziziphora clinopodioides Lam.,Ziziphora clinopodioides Lam.,7308799,49.43617,75.48878,350,WGS84,1990-07-13,1990,7,13,PRESERVED_SPECIMEN,PRESENT,,,QAR,http://creativecommons.org/licenses/by/4.0/legalcode,Kazakhstan,Karaganda Region,Karaganda University field station near Karkaraly (ҚАРҚАРАЛЫ Қ.),outside,outside,outside_candidate_almaty_region
Ziziphora clinopodioides,Ziziphora_clinopodioides.json,4463149359,QAR05019,Ziziphora clinopodioides Lam.,Ziziphora clinopodioides Lam.,7308799,49.35763,75.40178,16000,WGS84,1990-07-12,1990,7,12,PRESERVED_SPECIMEN,PRESENT,,,QAR,http://creativecommons.org/licenses/by/4.0/legalcode,Kazakhstan,Karaganda Region,,outside,outside,outside_candidate_almaty_region
Ziziphora clinopodioides,Ziziphora_clinopodioides.json,4463150099,QAR02446,Ziziphora clinopodioides Lam.,Ziziphora clinopodioides Lam.,7308799,49.35763,75.40178,16000,WGS84,1989-07-20,1989,7,20,PRESERVED_SPECIMEN,PRESENT,,,QAR,http://creativecommons.org/licenses/by/4.0/legalcode,Kazakhstan,Karaganda Region,,outside,outside,outside_candidate_almaty_region
Ziziphora clinopodioides,Ziziphora_clinopodioides.json,4463151515,QAR02618,Ziziphora clinopodioides Lam.,Ziziphora clinopodioides Lam.,7308799,49.30069,75.50505,200,WGS84,1989-07-06,1989,7,6,PRESERVED_SPECIMEN,PRESENT,,,QAR,http://creativecommons.org/licenses/by/4.0/legalcode,Kazakhstan,Karaganda Region,Kemping Komisarovka,outside,outside,outside_candidate_almaty_region
Ziziphora clinopodioides,Ziziphora_clinopodioides.json,4463151480,QAR02631,Ziziphora clinopodioides Lam.,Ziziphora clinopodioides Lam.,7308799,49.35763,75.40178,16000,WGS84,1987-07-19,1987,7,19,PRESERVED_SPECIMEN,PRESENT,,,QAR,http://creativecommons.org/licenses/by/4.0/legalcode,Kazakhstan,Karaganda Region,,outside,outside,outside_candidate_almaty_region
Ziziphora clinopodioides,Ziziphora_clinopodioides.json,4463151517,QAR02619,Ziziphora clinopodioides Lam.,Ziziphora clinopodioides Lam.,7308799,51.24388,73.28239,3000,WGS84,1986-07-17,1986,7,17,PRESERVED_SPECIMEN,PRESENT,,,QAR,http://creativecommons.org/licenses/by/4.0/legalcode,Kazakhstan,Karaganda Region,"Buiratau National Park, Belodymovsky cluster",outside,outside,outside_candidate_almaty_region
Ziziphora clinopodioides,Ziziphora_clinopodioides.json,4463149391,QAR05046,Ziziphora clinopodioides Lam.,Ziziphora clinopodioides Lam.,7308799,51.24388,73.28239,3000,WGS84,1985-07-12,1985,7,12,PRESERVED_SPECIMEN,PRESENT,,,QAR,http://creativecommons.org/licenses/by/4.0/legalcode,Kazakhstan,Karaganda Region,"Buiratau National Park, Belodymovsky cluster",outside,outside,outside_candidate_almaty_region
Ziziphora clinopodioides,Ziziphora_clinopodioides.json,4463149599,QAR04969,Ziziphora clinopodioides Lam.,Ziziphora clinopodioides Lam.,7308799,49.35763,75.40178,16000,WGS84,1985-07-18,1985,7,18,PRESERVED_SPECIMEN,PRESENT,,,QAR,http://creativecommons.org/licenses/by/4.0/legalcode,Kazakhstan,Karaganda Region,,outside,outside,outside_candidate_almaty_region
Ziziphora clinopodioides,Ziziphora_clinopodioides.json,4463150691,QAR02561,Ziziphora clinopodioides Lam.,Ziziphora clinopodioides Lam.,7308799,51.24388,73.28239,3000,WGS84,1985-07-13,1985,7,13,PRESERVED_SPECIMEN,PRESENT,,,QAR,http://creativecommons.org/licenses/by/4.0/legalcode,Kazakhstan,Karaganda Region,"Buiratau National Park, Belodymovsky cluster",outside,outside,outside_candidate_almaty_region
Ziziphora clinopodioides,Ziziphora_clinopodioides.json,4463150492,QAR09645,Ziziphora clinopodioides Lam.,Ziziphora clinopodioides Lam.,7308799,51.24388,73.28239,3000,WGS84,1984-07-05,1984,7,5,PRESERVED_SPECIMEN,PRESENT,,,QAR,http://creativecommons.org/licenses/by/4.0/legalcode,Kazakhstan,Karaganda Region,"Buiratau National Park, Belodymovsky cluster",outside,outside,outside_candidate_almaty_region
Ziziphora clinopodioides,Ziziphora_clinopodioides.json,1799045432,MW0873714,Ziziphora clinopodioides Lam.,Ziziphora clinopodioides Lam.,7308799,42.149023,70.411033,,WGS84,1984-08-04,1984,8,4,PRESERVED_SPECIMEN,PRESENT,Moscow Digital Herbarium,Moscow State University,MW,http://creativecommons.org/licenses/by/4.0/legalcode,Kazakhstan,,,outside,outside,outside_candidate_almaty_region
Ziziphora clinopodioides,Ziziphora_clinopodioides.json,4463149312,QAR05020,Ziziphora clinopodioides Lam.,Ziziphora clinopodioides Lam.,7308799,51.24388,73.28239,3000,WGS84,1983-07-02,1983,7,2,PRESERVED_SPECIMEN,PRESENT,,,QAR,http://creativecommons.org/licenses/by/4.0/legalcode,Kazakhstan,Karaganda Region,"Buiratau National Park, Belodymovsky cluster",outside,outside,outside_candidate_almaty_region
Ziziphora clinopodioides,Ziziphora_clinopodioides.json,4463151477,QAR02638,Ziziphora clinopodioides Lam.,Ziziphora clinopodioides Lam.,7308799,49.35763,75.40178,16000,WGS84,1983-07,1983,7,,PRESERVED_SPECIMEN,PRESENT,,,QAR,http://creativecommons.org/licenses/by/4.0/legalcode,Kazakhstan,Karaganda Region,Karkaraly (ҚАРҚАРАЛЫ Қ.),outside,outside,outside_candidate_almaty_region
Ziziphora clinopodioides,Ziziphora_clinopodioides.json,1799045373,MW0873705,Ziziphora clinopodioides Lam.,Ziziphora clinopodioides Lam.,7308799,42.913455,70.628185,,WGS84,1982-08-13,1982,8,13,PRESERVED_SPECIMEN,PRESENT,Moscow Digital Herbarium,Moscow State University,MW,http://creativecommons.org/licenses/by/4.0/legalcode,Kazakhstan,,,outside,outside,outside_candidate_almaty_region
Ziziphora clinopodioides,Ziziphora_clinopodioides.json,4463151330,QAR02664,Ziziphora clinopodioides Lam.,Ziziphora clinopodioides Lam.,7308799,49.35763,75.40178,16000,WGS84,1980,1980,,,PRESERVED_SPECIMEN,PRESENT,,,QAR,http://creativecommons.org/licenses/by/4.0/legalcode,Kazakhstan,Karaganda Region,Karkaraly (ҚАРҚАРАЛЫ Қ.),outside,outside,outside_candidate_almaty_region
Ziziphora clinopodioides,Ziziphora_clinopodioides.json,1799045376,MW0873663,Ziziphora clinopodioides Lam.,Ziziphora clinopodioides Lam.,7308799,47.185396,81.118583,,WGS84,1979-08-22,1979,8,22,PRESERVED_SPECIMEN,PRESENT,Moscow Digital Herbarium,Moscow State University,MW,http://creativecommons.org/licenses/by/4.0/legalcode,Kazakhstan,,,outside,outside,outside_candidate_almaty_region
Ziziphora clinopodioides,Ziziphora_clinopodioides.json,4463150741,QAR02548,Ziziphora clinopodioides Lam.,Ziziphora clinopodioides Lam.,7308799,49.38601,75.4956,7000,WGS84,1974-07-15,1974,7,15,PRESERVED_SPECIMEN,PRESENT,,,QAR,http://creativecommons.org/licenses/by/4.0/legalcode,Kazakhstan,Karaganda Region,near Karkaraly (ҚАРҚАРАЛЫ Қ.),outside,outside,outside_candidate_almaty_region
Ziziphora clinopodioides,Ziziphora_clinopodioides.json,1799067063,MW0895363,Ziziphora clinopodioides Lam.,Ziziphora clinopodioides Lam.,7308799,42.402687,70.470256,,WGS84,1946-08-09,1946,8,9,PRESERVED_SPECIMEN,PRESENT,Moscow Digital Herbarium,Moscow State University,MW,http://creativecommons.org/licenses/by/4.0/legalcode,Kazakhstan,,,outside,outside,outside_candidate_almaty_region
Ziziphora clinopodioides,Ziziphora_clinopodioides.json,1697287535,MW0129403,Ziziphora clinopodioides Lam.,Ziziphora clinopodioides Lam.,7308799,49.938504,82.662969,,WGS84,1932-07-07,1932,7,7,PRESERVED_SPECIMEN,PRESENT,Moscow Digital Herbarium,Moscow State University,MW,http://creativecommons.org/licenses/by/4.0/legalcode,Kazakhstan,,,outside,outside,outside_candidate_almaty_region
