query_species,source_file,inat_id,uri,species_name,taxon_id,observed_on,observed_on_string,latitude,longitude,geoprivacy,taxon_geoprivacy,positional_accuracy_m,quality_grade,license_code,place_guess,user_login,candidate_boundary_status,sensitivity_10km_status,spatial_rejection_reason
Abies sibirica,Abies_sibirica.json,107633396,https://www.inaturalist.org/observations/107633396,Abies sibirica,136310,2001-05-23,2001/05/23 3:45 дня WIB,51.023732,83.092048,,open,100,research,cc-by-nc,"Чарышский р-н, Алтайский край, Россия",petr_kosachev,outside,outside,outside_candidate_almaty_region
Abies sibirica,Abies_sibirica.json,152039045,https://www.inaturalist.org/observations/152039045,Abies sibirica,136310,2014-04-10,2014/04/10 08:49,49.9848441115,82.910436055,,open,244,research,cc-by-nc,"Восточно-Казахстанская область, 070000, Казахстан",kvm_kvm,outside,outside,outside_candidate_almaty_region
Abies sibirica,Abies_sibirica.json,109149874,https://www.inaturalist.org/observations/109149874,Abies sibirica,136310,2016-01-30,2016/01/30 11:34 утра +0600,50.938181474,83.0243156251,,open,15,research,cc-by-nc,"Змеиногорский р-н, Алтайский край, Россия",pavel_golyakov,outside,outside,outside_candidate_almaty_region
Abies sibirica,Abies_sibirica.json,44248626,https://www.inaturalist.org/observations/44248626,Abies sibirica,136310,2020-04-29,29-Apr-20 18:28:36,49.9813031029,82.5377670963,,open,9408,research,cc-by-nc,Местоположение не найдено,v_777_r,outside,outside,outside_candidate_almaty_region
Abies sibirica,Abies_sibirica.json,202818853,https://www.inaturalist.org/observations/202818853,Abies sibirica,136310,2020-06-16,2020/06/16 16:56,49.9749295,82.6017244,,open,3302,research,cc-by-nc,"Усть-Каменогорск 070000, Казахстан",kvm_kvm,outside,outside,outside_candidate_almaty_region
Abies sibirica,Abies_sibirica.json,130757156,https://www.inaturalist.org/observations/130757156,Abies sibirica,136310,2022-05-15,2022-05-15 13:50:53,50.4472083889,80.2728118889,,open,,research,,"Semipalatinskiy, KZ-EK, KZ",grey35509,outside,outside,outside_candidate_almaty_region
Abies sibirica,Abies_sibirica.json,167323582,https://www.inaturalist.org/observations/167323582,Abies sibirica,136310,2023-06-02,2023-06-02 15:01:03+06:00,49.9821333333,82.5770633333,,open,4,research,cc-by-nc,"проспект Нурсултана Назарбаева, Усть-Каменогорск, Восточный Казахстан, KZ",m_hannahh7,outside,outside,outside_candidate_almaty_region
Abies sibirica,Abies_sibirica.json,175239443,https://www.inaturalist.org/observations/175239443,Abies sibirica,136310,2023-07-17,2023/07/17 05:42,50.918667,82.916972,,open,,research,cc-by-nc,"Змеиногорский р-н, Алтайский край, Россия",petr_kosachev,outside,outside,outside_candidate_almaty_region
Abies sibirica,Abies_sibirica.json,175318740,https://www.inaturalist.org/observations/175318740,Abies sibirica,136310,2023-07-17,2023/07/17 10:02,50.907786,82.910292,,open,,research,cc-by-nc,"Змеиногорский р-н, Алтайский край, Россия",petr_kosachev,outside,outside,outside_candidate_almaty_region
Abies sibirica,Abies_sibirica.json,176563887,https://www.inaturalist.org/observations/176563887,Abies sibirica,136310,2023-07-17,2023-07-17 15:54:33,50.9083578997,82.9092263,,open,,research,cc-by-nc,"Алтайский край, Россия, 658352",yulia_storozhenko,outside,outside,outside_candidate_almaty_region
Abies sibirica,Abies_sibirica.json,175702451,https://www.inaturalist.org/observations/175702451,Abies sibirica,136310,2023-07-28,2023/07/28 16:05,50.3630574598,83.7010566282,,open,977,research,cc-by-nc,"Ridder, Казахстан",igivanov,outside,outside,outside_candidate_almaty_region
Abies sibirica,Abies_sibirica.json,305978572,https://www.inaturalist.org/observations/305978572,Abies sibirica,136310,2024-09-21,2024/09/21 13:50,49.8962527276,83.8315944092,,open,9,research,cc-by-nc,"Алтайский район, Казахстан",ser_nk,outside,outside,outside_candidate_almaty_region
Abies sibirica,Abies_sibirica.json,290631890,https://www.inaturalist.org/observations/290631890,Abies sibirica,136310,2025-06-14,2025/06/14 10:04,50.3534055556,83.8928666667,,open,4,research,cc-by-nc,"Ridder, Казахстан",katerina_tyshkovskaya,outside,outside,outside_candidate_almaty_region
Abies sibirica,Abies_sibirica.json,293994363,https://www.inaturalist.org/observations/293994363,Abies sibirica,136310,2025-06-20,2025/06/20 11:26,50.3864784167,84.1167449722,,open,,research,cc-by,"Ridder, Казахстан",alexanderdubynin,outside,outside,outside_candidate_almaty_region
Abies sibirica,Abies_sibirica.json,291195058,https://www.inaturalist.org/observations/291195058,Abies sibirica,136310,2025-06-20,2025-06-20 11:37:56,50.3849583333,84.1177483333,,open,,research,cc-by,"Leninogorsk, KZ-EK, KZ",dryomys,outside,outside,outside_candidate_almaty_region
Abies sibirica,Abies_sibirica.json,293994372,https://www.inaturalist.org/observations/293994372,Abies sibirica,136310,2025-06-20,2025/06/20 11:42,50.3842887778,84.1192550556,,open,,research,cc-by,"Ridder, Казахстан",alexanderdubynin,outside,outside,outside_candidate_almaty_region
Abies sibirica,Abies_sibirica.json,291195920,https://www.inaturalist.org/observations/291195920,Abies sibirica,136310,2025-06-20,2025-06-20 12:43:01,50.380685,84.1231333333,,open,,research,cc-by,"Leninogorsk, KZ-EK, KZ",dryomys,outside,outside,outside_candidate_almaty_region
Abies sibirica,Abies_sibirica.json,293996259,https://www.inaturalist.org/observations/293996259,Abies sibirica,136310,2025-06-20,2025/06/20 14:05,50.3856316,84.1169632997,,open,,research,cc-by,"Ridder, Казахстан",alexanderdubynin,outside,outside,outside_candidate_almaty_region
Abies sibirica,Abies_sibirica.json,291234522,https://www.inaturalist.org/observations/291234522,Abies sibirica,136310,2025-06-20,2025-06-20 14:28:53,50.38723384,84.06611674,,open,3,research,cc-by,"Leninogorsk, KZ-EK, KZ",max_carabus,outside,outside,outside_candidate_almaty_region
Abies sibirica,Abies_sibirica.json,295737062,https://www.inaturalist.org/observations/295737062,Abies sibirica,136310,2025-06-21,2025/06/21 12:01,50.2442831997,83.2350361,,open,,research,cc-by,"070000 Ульба, Казахстан",iskander5,outside,outside,outside_candidate_almaty_region
Abies sibirica,Abies_sibirica.json,291430377,https://www.inaturalist.org/observations/291430377,Abies sibirica,136310,2025-06-21,2025-06-21 13:03:52,50.242283282,83.2332798466,,open,7,research,cc-by,"070000 Ulba, Kazakhstan",dryomys,outside,outside,outside_candidate_almaty_region
Abies sibirica,Abies_sibirica.json,294003698,https://www.inaturalist.org/observations/294003698,Abies sibirica,136310,2025-06-21,2025/06/21 13:29,50.2411066,83.2318199997,,open,,research,cc-by,"070000 Ульба, Казахстан",alexanderdubynin,outside,outside,outside_candidate_almaty_region
Abies sibirica,Abies_sibirica.json,294003701,https://www.inaturalist.org/observations/294003701,Abies sibirica,136310,2025-06-21,2025/06/21 13:36,50.23933,83.2322432997,,open,,research,cc-by,"070000 Ульба, Казахстан",alexanderdubynin,outside,outside,outside_candidate_almaty_region
Abies sibirica,Abies_sibirica.json,294003733,https://www.inaturalist.org/observations/294003733,Abies sibirica,136310,2025-06-21,2025/06/21 14:07,50.2374616,83.2309515997,,open,,research,cc-by,"Ridder, Казахстан",alexanderdubynin,outside,outside,outside_candidate_almaty_region
Abies sibirica,Abies_sibirica.json,291453184,https://www.inaturalist.org/observations/291453184,Abies sibirica,136310,2025-06-21,2025-06-21 14:56:56,50.2375434327,83.2308182493,,open,4,research,cc-by,"070000 Ulba, Kazakhstan",dryomys,outside,outside,outside_candidate_almaty_region
Abies sibirica,Abies_sibirica.json,295487641,https://www.inaturalist.org/observations/295487641,Abies sibirica,136310,2025-06-21,2025/06/21 3:09 PM,50.2375365,83.2308127701,,open,,research,cc-by,"Leninogorsk, East Kazakhstan, Kazakhstan",max_carabus,outside,outside,outside_candidate_almaty_region
Abies sibirica,Abies_sibirica.json,294003750,https://www.inaturalist.org/observations/294003750,Abies sibirica,136310,2025-06-21,2025/06/21 15:33,50.2410866,83.2316349997,,open,,research,cc-by,"070000 Ульба, Казахстан",alexanderdubynin,outside,outside,outside_candidate_almaty_region
Abies sibirica,Abies_sibirica.json,294003760,https://www.inaturalist.org/observations/294003760,Abies sibirica,136310,2025-06-21,2025/06/21 15:36,50.2412866,83.2319415997,,open,,research,cc-by,"070000 Ульба, Казахстан",alexanderdubynin,outside,outside,outside_candidate_almaty_region
Abies sibirica,Abies_sibirica.json,291456337,https://www.inaturalist.org/observations/291456337,Abies sibirica,136310,2025-06-21,2025-06-21 15:45:46,50.2441167808,83.2317228243,,open,3,research,cc-by,"66WJ+J9, Ulba 070000, Kazakhstan",dryomys,outside,outside,outside_candidate_almaty_region
Abies sibirica,Abies_sibirica.json,291785225,https://www.inaturalist.org/observations/291785225,Abies sibirica,136310,2025-06-22,2025-06-22 11:02:20,50.4568066667,83.6642,,open,,research,cc-by,"Leninogorsk, KZ-EK, KZ",dryomys,outside,outside,outside_candidate_almaty_region
Abies sibirica,Abies_sibirica.json,291799870,https://www.inaturalist.org/observations/291799870,Abies sibirica,136310,2025-06-22,2025-06-22 11:03:00,50.4569795619,83.6643866077,,open,3,research,cc-by,"Leninogorsk, KZ-EK, KZ",max_carabus,outside,outside,outside_candidate_almaty_region
Abies sibirica,Abies_sibirica.json,291786477,https://www.inaturalist.org/observations/291786477,Abies sibirica,136310,2025-06-22,2025-06-22 14:38:47,50.563275,83.6635383333,,open,,research,cc-by,"Leninogorsk, KZ-EK, KZ",dryomys,outside,outside,outside_candidate_almaty_region
Abies sibirica,Abies_sibirica.json,291787702,https://www.inaturalist.org/observations/291787702,Abies sibirica,136310,2025-06-22,2025-06-22 15:24:55,50.5586766667,83.6622583333,,open,,research,cc-by,"Leninogorsk, KZ-EK, KZ",dryomys,outside,outside,outside_candidate_almaty_region
Abies sibirica,Abies_sibirica.json,291789247,https://www.inaturalist.org/observations/291789247,Abies sibirica,136310,2025-06-22,2025-06-22 17:01:33,50.4851300874,83.6701432988,,open,3,research,cc-by,"Leninogorsk, KZ-EK, KZ",dryomys,outside,outside,outside_candidate_almaty_region
Abies sibirica,Abies_sibirica.json,294013773,https://www.inaturalist.org/observations/294013773,Abies sibirica,136310,2025-06-28,2025/06/28 17:36,50.762509,83.066552,,open,,research,cc-by-nc,"Glubokovskiy, KZ-EK, KZ",aamunkoitto,outside,outside,outside_candidate_almaty_region
Abies sibirica,Abies_sibirica.json,303500310,https://www.inaturalist.org/observations/303500310,Abies sibirica,136310,2025-07-12,2025/07/12 17:10,49.5309183041,86.5116026049,,open,15,research,cc-by-nc,"Катон-Карагайский район, Казахстан",azarika,outside,outside,outside_candidate_almaty_region
Abies sibirica,Abies_sibirica.json,307762981,https://www.inaturalist.org/observations/307762981,Abies sibirica,136310,2025-07-25,2025/07/25 17:23,49.351832276,85.5895753158,,open,15,research,cc-by-nc,"Катон-Карагайский район, Казахстан",azarika,outside,outside,outside_candidate_almaty_region
Abies sibirica,Abies_sibirica.json,305495481,https://www.inaturalist.org/observations/305495481,Abies sibirica,136310,2025-08-10,2025-08-10 15:18:23,49.9527589014,84.0532442182,,open,70,research,cc-by-nc,"Алтайский район, Казахстан",natalie_berdsk,outside,outside,outside_candidate_almaty_region
Abies sibirica,Abies_sibirica.json,342079080,https://www.inaturalist.org/observations/342079080,Abies sibirica,136310,2026-03-05,2026-03-05 12:22:57,50.5516870243,83.7467790395,,open,1145,research,cc-by-nc,"Ridder, Казахстан",safe_ex,outside,outside,outside_candidate_almaty_region
Abies sibirica,Abies_sibirica.json,357913286,https://www.inaturalist.org/observations/357913286,Abies sibirica,136310,2026-05-03,2026-05-03 19:27:37,49.79883336,73.09025937,,open,6,needs_id,cc-by-nc,"Новый Город, 100000 Караганда, Казахстан",haru58839,outside,outside,outside_candidate_almaty_region
Abies sibirica,Abies_sibirica.json,365032269,https://www.inaturalist.org/observations/365032269,Abies sibirica,136310,2026-05-25,2026-05-25 18:20:11,49.8347866667,73.1801516667,,open,9,casual,cc-by-nc,"R5PH+2M6, Караганда 100000, Казахстан",rrrrufdub,outside,outside,outside_candidate_almaty_region
Abies sibirica,Abies_sibirica.json,371882945,https://www.inaturalist.org/observations/371882945,Abies sibirica,136310,2026-06-14,2026-06-14 10:03:58,50.6450503,83.8134249997,,open,,needs_id,cc-by-nc,"Глубоковский район, 070000, Казахстан",nkanunnikov,outside,outside,outside_candidate_almaty_region
Abies sibirica,Abies_sibirica.json,371884421,https://www.inaturalist.org/observations/371884421,Abies sibirica,136310,2026-06-14,2026-06-14 11:03:08,50.6451995997,83.8011948,,open,,research,cc-by-nc,"Глубоковский район, 070000, Казахстан",nkanunnikov,outside,outside,outside_candidate_almaty_region
Abies sibirica,Abies_sibirica.json,376497984,https://www.inaturalist.org/observations/376497984,Abies sibirica,136310,2026-06-25,2026/06/25 12:00,50.5272818905,83.658796207,,open,31,research,cc-by-nc,"Ridder, Казахстан",albert_betsyv,outside,outside,outside_candidate_almaty_region
Abies sibirica,Abies_sibirica.json,376498494,https://www.inaturalist.org/observations/376498494,Abies sibirica,136310,2026-06-25,2026/06/25 12:03,50.542845295,83.6764971588,,open,122,research,cc-by-nc,"Ridder, Казахстан",albert_betsyv,outside,outside,outside_candidate_almaty_region
Abies sibirica,Abies_sibirica.json,376502035,https://www.inaturalist.org/observations/376502035,Abies sibirica,136310,2026-06-25,2026/06/25 12:35,50.5339326163,83.6704123433,,open,61,research,cc-by-nc,"Ridder, Казахстан",albert_betsyv,outside,outside,outside_candidate_almaty_region
Abies sibirica,Abies_sibirica.json,376504326,https://www.inaturalist.org/observations/376504326,Abies sibirica,136310,2026-06-25,2026/06/25 14:16,50.5246961201,83.6803352002,,open,122,research,cc-by-nc,"Ridder, Казахстан",albert_betsyv,outside,outside,outside_candidate_almaty_region
Abies sibirica,Abies_sibirica.json,376506103,https://www.inaturalist.org/observations/376506103,Abies sibirica,136310,2026-06-25,2026/06/25 14:23,50.5428668678,83.6629350362,,open,31,needs_id,cc-by-nc,"Ridder, Казахстан",albert_betsyv,outside,outside,outside_candidate_almaty_region
Abies sibirica,Abies_sibirica.json,376507114,https://www.inaturalist.org/observations/376507114,Abies sibirica,136310,2026-06-25,2026/06/25 14:26,50.5436577874,83.6612115907,,open,31,needs_id,cc-by-nc,"Ridder, Казахстан",albert_betsyv,outside,outside,outside_candidate_almaty_region
Abies sibirica,Abies_sibirica.json,376507853,https://www.inaturalist.org/observations/376507853,Abies sibirica,136310,2026-06-25,2026/06/25 14:28,50.5436980595,83.6649375877,,open,15,research,cc-by-nc,"Ridder, Казахстан",albert_betsyv,outside,outside,outside_candidate_almaty_region
Abies sibirica,Abies_sibirica.json,376508913,https://www.inaturalist.org/observations/376508913,Abies sibirica,136310,2026-06-25,2026/06/25 14:33,50.5435419679,83.6653832004,,open,31,research,cc-by-nc,"Ridder, Казахстан",albert_betsyv,outside,outside,outside_candidate_almaty_region
Abies sibirica,Abies_sibirica.json,376509523,https://www.inaturalist.org/observations/376509523,Abies sibirica,136310,2026-06-25,2026/06/25 14:51,50.5445374806,83.6665411978,,open,31,research,cc-by-nc,"Ridder, Казахстан",albert_betsyv,outside,outside,outside_candidate_almaty_region
Abies sibirica,Abies_sibirica.json,376518850,https://www.inaturalist.org/observations/376518850,Abies sibirica,136310,2026-06-25,2026/06/25 16:59,50.4450935437,83.8011306514,,open,61,research,cc-by-nc,"Ridder, Казахстан",albert_betsyv,outside,outside,outside_candidate_almaty_region
Abies sibirica,Abies_sibirica.json,376538005,https://www.inaturalist.org/observations/376538005,Abies sibirica,136310,2026-06-26,2026/06/26 12:39,50.3462788506,83.7292025928,,open,122,research,cc-by-nc,"Ridder, Казахстан",albert_betsyv,outside,outside,outside_candidate_almaty_region
Abies sibirica,Abies_sibirica.json,382159481,https://www.inaturalist.org/observations/382159481,Abies sibirica,136310,2026-07-08,2026-07-08 12:12:47,50.4092867532,84.0217285976,,open,3,research,cc-by,"Leninogorsk, KZ-EK, KZ",dryomys,outside,outside,outside_candidate_almaty_region
Abies sibirica,Abies_sibirica.json,383387306,https://www.inaturalist.org/observations/383387306,Abies sibirica,136310,2026-07-10,2026-07-10 17:16:39,50.38693408,84.0661203,,open,10,needs_id,cc-by,"Leninogorsk, KZ-EK, KZ",max_carabus,outside,outside,outside_candidate_almaty_region
Abies sibirica,Abies_sibirica.json,382172832,https://www.inaturalist.org/observations/382172832,Abies sibirica,136310,2026-07-10,2026-07-10 17:22:01,50.386946,84.0657029722,,open,,research,cc-by,"Leninogorsk, KZ-EK, KZ",dryomys,outside,outside,outside_candidate_almaty_region
Abies sibirica,Abies_sibirica.json,382173979,https://www.inaturalist.org/observations/382173979,Abies sibirica,136310,2026-07-12,2026-07-12 15:25:28,50.3909143093,84.0029028431,,open,4,research,cc-by,"Leninogorsk, KZ-EK, KZ",dryomys,outside,outside,outside_candidate_almaty_region
Abies sibirica,Abies_sibirica.json,382174492,https://www.inaturalist.org/observations/382174492,Abies sibirica,136310,2026-07-14,2026-07-14 09:42:33,50.3796105051,84.0101719648,,open,7,research,cc-by,"Leninogorsk, KZ-EK, KZ",dryomys,outside,outside,outside_candidate_almaty_region
Abies sibirica,Abies_sibirica.json,382177065,https://www.inaturalist.org/observations/382177065,Abies sibirica,136310,2026-07-14,2026-07-14 09:44:29+05:00,50.3716192098,84.0152966037,,open,1179,needs_id,cc-by,"Восточный Казахстан, KZ",yerbol_01,outside,outside,outside_candidate_almaty_region
Abies sibirica,Abies_sibirica.json,399820252,https://www.inaturalist.org/observations/399820252,Abies sibirica,136310,2026-09-13,2026-09-13 14:02:33,51.1450341829,71.4510635287,,open,8,casual,,"ЖК ""Акбуак Хиллс"", 010010 Астана, Казахстан",daniyar_alibekov,outside,outside,outside_candidate_almaty_region
Abies sibirica,Abies_sibirica.json,399820882,https://www.inaturalist.org/observations/399820882,Abies sibirica,136310,2026-09-13,2026-09-13 14:06:35,51.1453610437,71.4505824074,,open,9,casual,,"ЖК ""Акбуак Хиллс"", 010010 Астана, Казахстан",daniyar_alibekov,outside,outside,outside_candidate_almaty_region
Aconitum apetalum,Aconitum_apetalum.json,71875321,https://www.inaturalist.org/observations/71875321,Aconitum apetalum,1179689,2017-06-22,2017-06-22 5:10:12 PM GMT+06:00,48.9548358779,85.6458038092,,,83526,research,cc-by-nc,"070000, Казахстан",kubentayev_serik,outside,outside,outside_candidate_almaty_region
Aconitum apetalum,Aconitum_apetalum.json,304957647,https://www.inaturalist.org/observations/304957647,Aconitum apetalum,1179689,2025-07-31,2025-07-31 10:23:43,50.3499869204,83.8936785981,,,163,needs_id,cc-by-nc,"Ridder, Kazakhstan",yuliyam,outside,outside,outside_candidate_almaty_region
Aconitum soongaricum,Aconitum_soongaricum.json,388721879,https://www.inaturalist.org/observations/388721879,Aconitum soongaricum,876344,2026-07-31,2026-07-31 03:30:44Z,47.1904624759,83.2782073705,,,58465,needs_id,cc-by-nc,"East Kazakhstan, KZ",ceratophyllum,outside,outside,outside_candidate_almaty_region
Allium obliquum,Allium_obliquum.json,199177982,https://www.inaturalist.org/observations/199177982,Allium obliquum,779403,2022-06-16,2022/06/16 13:47,50.5000659373,83.6020390994,,,3906,research,cc-by-nc,"Ridder, Казахстан",kubentayev_serik,outside,outside,outside_candidate_almaty_region
Allium obliquum,Allium_obliquum.json,284183157,https://www.inaturalist.org/observations/284183157,Allium obliquum,779403,2025-05-25,2025-05-25 13:54:53,49.9946553,72.78684999,,,3,research,cc-by,"Bukhar-Zhyrauskiy, KZ-QG, KZ",max_carabus,outside,outside,outside_candidate_almaty_region
Allium obliquum,Allium_obliquum.json,314740977,https://www.inaturalist.org/observations/314740977,Allium obliquum,779403,2025-05-27,2025/05/27 14:58,48.9480915954,70.9397327752,,,122,research,cc-by-nc,"Жанааркинский район, 100000, Казахстан",vladimir_epiktetov,outside,outside,outside_candidate_almaty_region
Allium obliquum,Allium_obliquum.json,336550210,https://www.inaturalist.org/observations/336550210,Allium obliquum,779403,2025-05-31,2025/05/31 10:19,47.8660264997,71.7609180997,,,,research,cc-by-nc,"Жанааркинский район, 100000, Казахстан",inessa_selyutina,outside,outside,outside_candidate_almaty_region
Allium obliquum,Allium_obliquum.json,290703942,https://www.inaturalist.org/observations/290703942,Allium obliquum,779403,2025-05-31,2025-05-31 10:19:32,47.8660264997,71.7609180997,,,,research,cc-by-nc,"Жанааркинский район, 100000, Казахстан",inessa_selyutina,outside,outside,outside_candidate_almaty_region
Allium obliquum,Allium_obliquum.json,287852213,https://www.inaturalist.org/observations/287852213,Allium obliquum,779403,2025-05-31,2025/05/31 11:06,48.71848,66.961308,,,,research,cc-by-nc,"Улытауский район, 100000, Казахстан",bektemirosmonali,outside,outside,outside_candidate_almaty_region
Allium obliquum,Allium_obliquum.json,287952911,https://www.inaturalist.org/observations/287952911,Allium obliquum,779403,2025-05-31,2025/05/31 12:54,48.7138892252,66.9664745132,,,,research,cc-by-nc,"Улытауский район, 100000, Казахстан",bektemirosmonali,outside,outside,outside_candidate_almaty_region
Allium obliquum,Allium_obliquum.json,305946635,https://www.inaturalist.org/observations/305946635,Allium obliquum,779403,2025-06-21,2025/06/21 20:04,50.75925,73.26295,,,,research,cc-by-nc,"Осакаровский район, Казахстан",bektemirosmonali,outside,outside,outside_candidate_almaty_region
Allium obliquum,Allium_obliquum.json,359330585,https://www.inaturalist.org/observations/359330585,Allium obliquum,779403,2026-04-25,2026/04/25 2:11 PM,49.5019169667,73.2730580333,,,,research,cc-by,"Abai District, 100000, Kazakhstan",max_carabus,outside,outside,outside_candidate_almaty_region
Allium obliquum,Allium_obliquum.json,393030336,https://www.inaturalist.org/observations/393030336,Allium obliquum,779403,2026-04-29,2026/04/29 18:30,47.4432888889,67.5770694444,,,,research,cc-by,"Jezkazgan, 100000, Казахстан",ivansemenkov,outside,outside,outside_candidate_almaty_region
Allium obliquum,Allium_obliquum.json,359939004,https://www.inaturalist.org/observations/359939004,Allium obliquum,779403,2026-05-08,2026-05-08 12:02:18,47.2542605097,81.6856858134,,,4,research,cc-by-nc,"Урджарский район, Казахстан",fedor_bortnikov,outside,outside,outside_candidate_almaty_region
Allium obliquum,Allium_obliquum.json,390571615,https://www.inaturalist.org/observations/390571615,Allium obliquum,779403,2026-08-06,2026-08-06 14:23:30+05:00,47.1737966667,81.7995216667,,,4,needs_id,cc-by-nc,"Семипалатинск, KZ",yertay,outside,outside,outside_candidate_almaty_region
Aquilegia glandulosa,Aquilegia_glandulosa.json,71868975,https://www.inaturalist.org/observations/71868975,Aquilegia glandulosa,509392,2002-03-04,2002-03-04 9:55:12 PM GMT+06:00,48.8783473453,85.7363062352,,,15225,research,cc-by-nc,"Курчумский район, 070000, Казахстан",kubentayev_serik,outside,outside,outside_candidate_almaty_region
Aquilegia glandulosa,Aquilegia_glandulosa.json,297636459,https://www.inaturalist.org/observations/297636459,Aquilegia glandulosa,509392,2008-07-20,2008/07/20 07:19,50.2980951407,83.833900094,,,201,research,cc-by,"Ridder, Казахстан",iskander5,outside,outside,outside_candidate_almaty_region
Aquilegia glandulosa,Aquilegia_glandulosa.json,48503697,https://www.inaturalist.org/observations/48503697,Aquilegia glandulosa,509392,2009-07-24,2009/07/24 3:24 PM +1100,49.6393179886,86.479782802,,,62289,casual,,"Катон-Карагайский район, 070000, Казахстан",janakipriya,outside,outside,outside_candidate_almaty_region
Aquilegia glandulosa,Aquilegia_glandulosa.json,302049770,https://www.inaturalist.org/observations/302049770,Aquilegia glandulosa,509392,2009-08-18,2009/08/18 07:31,50.295995324,84.1453759503,,,122,research,cc-by-nc,"Ridder, Казахстан",natalyap,outside,outside,outside_candidate_almaty_region
Aquilegia glandulosa,Aquilegia_glandulosa.json,153801259,https://www.inaturalist.org/observations/153801259,Aquilegia glandulosa,509392,2010-07-30,2010/07/30 11:31 AM,49.2646834249,86.9454303356,,,200,needs_id,cc0,"Kazakhstan, East Kazakhstan Province, Katon-Karagay District, the Karashongal Mt. E tundrous ledge W of  Ust'-Chindagatuy village, at the base of a rocky belt",oleg_kosterin,outside,outside,outside_candidate_almaty_region
Aquilegia glandulosa,Aquilegia_glandulosa.json,153801258,https://www.inaturalist.org/observations/153801258,Aquilegia glandulosa,509392,2010-07-30,2010/07/30 11:33 AM,49.2646834249,86.9454303356,,,200,needs_id,cc0,"Kazakhstan, East Kazakhstan Province, Katon-Karagay District, the Karashongal Mt. E tundrous ledge W of  Ust'-Chindagatuy village, at the base of a rocky belt",oleg_kosterin,outside,outside,outside_candidate_almaty_region
Aquilegia glandulosa,Aquilegia_glandulosa.json,152742523,https://www.inaturalist.org/observations/152742523,Aquilegia glandulosa,509392,2012-06-30,2012/06/30 3:12 PM,49.2193120751,87.2037016663,,,100,research,cc0,"Kazakhstan, East Kazakhstan Province, Katon-Karagay District,  15 km ESE of Ust'-Chindagatuy village, the Ukok Plateau S foot, the Muzdy-Bulak brook",oleg_kosterin,outside,outside,outside_candidate_almaty_region
Aquilegia glandulosa,Aquilegia_glandulosa.json,152950059,https://www.inaturalist.org/observations/152950059,Aquilegia glandulosa,509392,2012-07-01,2012/07/01 1:38 PM,49.2234139807,87.2041724432,,,300,research,cc0,"Kazakhstan, East Kazakhstan Province, Katon-Karagay District,  15 km ESE of Ust'-Chindagatuy village, the Ukok Plateau S foot, the Muzdy-Bulak brook ",oleg_kosterin,outside,outside,outside_candidate_almaty_region
Aquilegia glandulosa,Aquilegia_glandulosa.json,199169543,https://www.inaturalist.org/observations/199169543,Aquilegia glandulosa,509392,2014-07-11,2014/07/11 10:21,50.3433665118,83.8857895117,,,488,research,cc-by-nc,"Ridder, Казахстан",kubentayev_serik,outside,outside,outside_candidate_almaty_region
Aquilegia glandulosa,Aquilegia_glandulosa.json,302276168,https://www.inaturalist.org/observations/302276168,Aquilegia glandulosa,509392,2015-07-13,2015/07/13 15:40,50.2869992447,84.0288946042,,,122,research,cc-by-nc,"Алтайский район, Казахстан",natalyap,outside,outside,outside_candidate_almaty_region
Aquilegia glandulosa,Aquilegia_glandulosa.json,392056175,https://www.inaturalist.org/observations/392056175,Aquilegia glandulosa,509392,2015-07-13,2015/07/13 17:08,50.2813926462,84.0133306789,,,4,needs_id,cc-by-nc,"Алтайский район, Казахстан",natalyap,outside,outside,outside_candidate_almaty_region
Aquilegia glandulosa,Aquilegia_glandulosa.json,335316313,https://www.inaturalist.org/observations/335316313,Aquilegia glandulosa,509392,2017-08-01,2017/08/01 15:51,49.1423088023,86.0392431638,,,61,research,cc-by-nc,"Катон-Карагайский район, Казахстан",aliyagabdullina,outside,outside,outside_candidate_almaty_region
Aquilegia glandulosa,Aquilegia_glandulosa.json,54388143,https://www.inaturalist.org/observations/54388143,Aquilegia jucunda,1148522,2020-07-18,2020-07-18,50.3058476043,83.8463523611,,,8415,research,cc-by-nc,"070000, Казахстан",olgablazhko,outside,outside,outside_candidate_almaty_region
Aquilegia glandulosa,Aquilegia_glandulosa.json,302320804,https://www.inaturalist.org/observations/302320804,Aquilegia glandulosa,509392,2023-07-04,2023/07/04 18:24,50.2834776906,83.5844659724,,,244,research,cc-by-nc,"Ridder, Казахстан",natalyap,outside,outside,outside_candidate_almaty_region
Aquilegia glandulosa,Aquilegia_glandulosa.json,305476198,https://www.inaturalist.org/observations/305476198,Aquilegia glandulosa,509392,2023-07-11,2023/07/11 13:03,50.333013645,84.0480859168,,,122,research,cc-by-nc,"Ridder, Казахстан",natalyap,outside,outside,outside_candidate_almaty_region
Aquilegia glandulosa,Aquilegia_glandulosa.json,303672162,https://www.inaturalist.org/observations/303672162,Aquilegia glandulosa,509392,2023-07-11,2023/07/11 13:04,50.3356883475,83.9892724351,,,31,research,cc-by-nc,"Ridder, Казахстан",natalyap,outside,outside,outside_candidate_almaty_region
Aquilegia glandulosa,Aquilegia_glandulosa.json,172625777,https://www.inaturalist.org/observations/172625777,Aquilegia glandulosa,509392,2023-07-12,2023-07-12 06:42:25+06:00,49.5055916667,86.4318166667,,,4,needs_id,,"Катон-Карагайский государственный национальный природный парк, Восточный Казахстан, KZ",komella,outside,outside,outside_candidate_almaty_region
Aquilegia glandulosa,Aquilegia_glandulosa.json,175323779,https://www.inaturalist.org/observations/175323779,Aquilegia jucunda,1148522,2023-07-17,2023/07/17 11:19,50.908125,82.909777,,,,research,cc-by-nc,"Змеиногорский р-н, Алтайский край, Россия",petr_kosachev,outside,outside,outside_candidate_almaty_region
Aquilegia glandulosa,Aquilegia_glandulosa.json,305191286,https://www.inaturalist.org/observations/305191286,Aquilegia glandulosa,509392,2025-06-26,2025/06/26 15:04,50.3214881039,84.1986737447,,,52,research,cc-by-nc,"Ridder, Казахстан",ser_nk,outside,outside,outside_candidate_almaty_region
Aquilegia glandulosa,Aquilegia_glandulosa.json,305741000,https://www.inaturalist.org/observations/305741000,Aquilegia glandulosa,509392,2025-07-15,2025/07/15 15:07,49.53153333,86.5132,,,,needs_id,cc-by-nc,"Katon-Karagayskiy, East Kazakhstan, Kazakhstan",wiktorbort,outside,outside,outside_candidate_almaty_region
Aquilegia glandulosa,Aquilegia_glandulosa.json,371145092,https://www.inaturalist.org/observations/371145092,Aquilegia glandulosa,509392,2026-06-13,2026-06-13 08:30:22,50.6071418,83.8069899,,,,needs_id,cc-by-nc,"Ridder, Казахстан",nkanunnikov,outside,outside,outside_candidate_almaty_region
Aquilegia glandulosa,Aquilegia_glandulosa.json,371145484,https://www.inaturalist.org/observations/371145484,Aquilegia glandulosa,509392,2026-06-13,2026-06-13 08:30:47,50.6071470997,83.8069246997,,,,needs_id,cc-by-nc,"Ridder, Казахстан",nkanunnikov,outside,outside,outside_candidate_almaty_region
Aquilegia glandulosa,Aquilegia_glandulosa.json,371881509,https://www.inaturalist.org/observations/371881509,Aquilegia glandulosa,509392,2026-06-14,2026-06-14 08:56:35,50.6491508,83.8217422,,,,needs_id,cc-by-nc,"Глубоковский район, 070000, Казахстан",nkanunnikov,outside,outside,outside_candidate_almaty_region
Aquilegia glandulosa,Aquilegia_glandulosa.json,371882778,https://www.inaturalist.org/observations/371882778,Aquilegia glandulosa,509392,2026-06-14,2026-06-14 09:43:42,50.6464799,83.8199441,,,,needs_id,cc-by-nc,"Глубоковский район, 070000, Казахстан",nkanunnikov,outside,outside,outside_candidate_almaty_region
Aquilegia glandulosa,Aquilegia_glandulosa.json,371885482,https://www.inaturalist.org/observations/371885482,Aquilegia glandulosa,509392,2026-06-14,2026-06-14 11:53:00,50.6409638,83.7966186,,,,needs_id,cc-by-nc,"Глубоковский район, 070000, Казахстан",nkanunnikov,outside,outside,outside_candidate_almaty_region
Aquilegia glandulosa,Aquilegia_glandulosa.json,371887503,https://www.inaturalist.org/observations/371887503,Aquilegia glandulosa,509392,2026-06-14,2026-06-14 13:22:43,50.6422317,83.8051375997,,,,needs_id,cc-by-nc,"Глубоковский район, 070000, Казахстан",nkanunnikov,outside,outside,outside_candidate_almaty_region
Aquilegia glandulosa,Aquilegia_glandulosa.json,373175448,https://www.inaturalist.org/observations/373175448,Aquilegia glandulosa,509392,2026-06-18,2026/06/18 14:33,50.3689731399,84.2516572467,,,61,research,cc-by-nc,"Ridder, Казахстан",natalyap,outside,outside,outside_candidate_almaty_region
Aquilegia glandulosa,Aquilegia_glandulosa.json,374282499,https://www.inaturalist.org/observations/374282499,Aquilegia jucunda,1148522,2026-06-22,2026/06/22 08:48,50.280735,83.54973,,,,needs_id,cc-by-nc,"Leninogorsk, East Kazakhstan, Kazakhstan",aamunkoitto,outside,outside,outside_candidate_almaty_region
Aquilegia glandulosa,Aquilegia_glandulosa.json,382613749,https://www.inaturalist.org/observations/382613749,Aquilegia glandulosa,509392,2026-07-10,2026-07-10 09:47:55+05:00,50.3838116667,84.1188971667,,,9,needs_id,cc-by,"Восточный Казахстан, KZ",yerbol_01,outside,outside,outside_candidate_almaty_region
Aquilegia glandulosa,Aquilegia_glandulosa.json,383385282,https://www.inaturalist.org/observations/383385282,Aquilegia glandulosa,509392,2026-07-10,2026-07-10 15:10:56,50.38146507,84.12159236,,,10,needs_id,cc-by,"Leninogorsk, KZ-EK, KZ",max_carabus,outside,outside,outside_candidate_almaty_region
Aquilegia glandulosa,Aquilegia_glandulosa.json,383385454,https://www.inaturalist.org/observations/383385454,Aquilegia glandulosa,509392,2026-07-10,2026-07-10 15:28:26,50.38043597,84.12286443,,,3,needs_id,cc-by,"Leninogorsk, KZ-EK, KZ",max_carabus,outside,outside,outside_candidate_almaty_region
Aquilegia glandulosa,Aquilegia_glandulosa.json,382599594,https://www.inaturalist.org/observations/382599594,Aquilegia glandulosa,509392,2026-07-10,2026-07-10 16:03:09+05:00,50.3810083333,84.122925,,,4,needs_id,cc-by,"Восточный Казахстан, KZ",yerbol_01,outside,outside,outside_candidate_almaty_region
Aquilegia glandulosa,Aquilegia_glandulosa.json,382598926,https://www.inaturalist.org/observations/382598926,Aquilegia glandulosa,509392,2026-07-10,2026-07-10 16:23:17+05:00,50.382345,84.1203221667,,,52,needs_id,cc-by,"Восточный Казахстан, KZ",yerbol_01,outside,outside,outside_candidate_almaty_region
Aquilegia glandulosa,Aquilegia_glandulosa.json,381028833,https://www.inaturalist.org/observations/381028833,Aquilegia glandulosa,509392,2026-07-12,2026-07-12 10:16:19+05:00,50.3814883333,84.1215833333,,,3,needs_id,,"Восточный Казахстан, KZ",orazov,outside,outside,outside_candidate_almaty_region
Aquilegia glandulosa,Aquilegia_glandulosa.json,384878257,https://www.inaturalist.org/observations/384878257,Aquilegia glandulosa,509392,2026-07-25,2026-07-25 15:22:57,50.3159983333,83.7558016667,,,,needs_id,cc-by-nc,"Ridder, Казахстан",natasha80326,outside,outside,outside_candidate_almaty_region
Aquilegia glandulosa,Aquilegia_glandulosa.json,389254913,https://www.inaturalist.org/observations/389254913,Aquilegia glandulosa,509392,2026-08-03,2026-08-03 10:36:30,50.3126973623,83.8476243988,,,568,research,cc-by-nc,"Ridder, Казахстан",alexandr35541,outside,outside,outside_candidate_almaty_region
Codonopsis clematidea,Codonopsis_clematidea.json,336778332,https://www.inaturalist.org/observations/336778332,Codonopsis clematidea,506223,2022-07-13,2022-07-13 05:20:09,42.1274476251,70.3103999276,,,1456,research,cc-by-nc,"Shymkent Qalasy, KZ",irinazhurba,outside,outside,outside_candidate_almaty_region
Codonopsis clematidea,Codonopsis_clematidea.json,336778341,https://www.inaturalist.org/observations/336778341,Codonopsis clematidea,506223,2022-07-13,2022-07-13 05:21:21,42.131369018,70.3134866268,,,1620,research,cc-by-nc,"Shymkent Qalasy, KZ",irinazhurba,outside,outside,outside_candidate_almaty_region
Colchicum kesselringii,Colchicum_kesselringii.json,153191200,https://www.inaturalist.org/observations/153191200,Colchicum kesselringii,868266,2021-04-02,2021/04/02 19:16,42.980077,71.2104429722,,,,research,cc-by-nc,"Жамбылский район, Казахстан",atamat,outside,outside,outside_candidate_almaty_region
Colchicum kesselringii,Colchicum_kesselringii.json,153191150,https://www.inaturalist.org/observations/153191150,Colchicum kesselringii,868266,2021-04-02,2021/04/02 19:44,42.981126,71.2105049722,,,,research,cc-by-nc,"Жамбылский район, Казахстан",atamat,outside,outside,outside_candidate_almaty_region
Colchicum kesselringii,Colchicum_kesselringii.json,206043263,https://www.inaturalist.org/observations/206043263,Colchicum kesselringii,868266,2024-03-26,2024/03/26 12:03 PM,42.7304243992,70.9426826532,,,30,research,cc-by-nc,"Zhualy District, Kazakhstan",igor_yevdokimov,outside,outside,outside_candidate_almaty_region
Colchicum kesselringii,Colchicum_kesselringii.json,206043410,https://www.inaturalist.org/observations/206043410,Colchicum kesselringii,868266,2024-03-26,2024/03/26 12:10 PM,42.7304193453,70.9434024355,,,20,research,cc-by-nc,"Zhualy District, Kazakhstan",igor_yevdokimov,outside,outside,outside_candidate_almaty_region
Colchicum kesselringii,Colchicum_kesselringii.json,266594183,https://www.inaturalist.org/observations/266594183,Colchicum kesselringii,868266,2025-03-23,2025-03-23 11:28:11,43.49133729,68.84702812,,,3,research,cc-by,"Turkestan, KZ-SK, KZ",max_carabus,outside,outside,outside_candidate_almaty_region
Delphinium semibarbatum,Delphinium_semibarbatum.json,37642680,https://www.inaturalist.org/observations/37642680,Delphinium semibarbatum,960321,2015-06-20,2015/06/20 9:46 AM +0600,43.1094848152,74.7067179923,,,15,research,cc-by-nc,"Кордайский район, Казахстан",vladimir_epiktetov,outside,outside,outside_candidate_almaty_region
Delphinium semibarbatum,Delphinium_semibarbatum.json,309914688,https://www.inaturalist.org/observations/309914688,Delphinium semibarbatum,960321,2017-06-03,2017/06/03 11:01,41.8304631468,68.4958955268,,,2118,research,cc-by-nc,"Отрарский район, Казахстан",gennadiy_dyakin,outside,outside,outside_candidate_almaty_region
Delphinium semibarbatum,Delphinium_semibarbatum.json,226143573,https://www.inaturalist.org/observations/226143573,Delphinium semibarbatum,960321,2024-06-15,2024/06/15 06:04,42.940715,72.760916,,,1552,needs_id,,Луговой (каз. Луговое) — село в Рыскуловском районе Жамбылской области Казахстана. ,letovglazah,outside,outside,outside_candidate_almaty_region
Delphinium semibarbatum,Delphinium_semibarbatum.json,371143730,https://www.inaturalist.org/observations/371143730,Delphinium semibarbatum,960321,2026-06-13,2026-06-13 09:49:46,42.93753032,69.64906285,,,8,needs_id,cc-by-nc-nd,"WM5M+82, Ақбастау, Казахстан",melampyrum,outside,outside,outside_candidate_almaty_region
Gentianella turkestanorum,Gentianella_turkestanorum.json,317938143,https://www.inaturalist.org/observations/317938143,Gentianella turkestanorum,985139,2025-08-22,2025-08-22 11:09:15,42.6679305997,72.7767417997,,,,research,cc-by-nc,"Рыскуловский район, Казахстан",inessa_selyutina,outside,outside,outside_candidate_almaty_region
Juniperus semiglobosa,Juniperus_semiglobosa.json,99913733,https://www.inaturalist.org/observations/99913733,Juniperus semiglobosa,135884,2016-05-20,2016/05/20 4:11 дня SST,41.9988128219,70.0407048138,,open,107,needs_id,cc-by-nc,"Южно-Казахстанская область, Казахстан",pg18,outside,outside,outside_candidate_almaty_region
Juniperus semiglobosa,Juniperus_semiglobosa.json,37549460,https://www.inaturalist.org/observations/37549460,Juniperus semiglobosa,135884,2016-06-21,2016/06/21 1:50 PM SST,42.3306125628,70.3733855957,,open,8,research,cc-by-nc,"Тюлькубасский, Казахстан",vladimir_epiktetov,outside,outside,outside_candidate_almaty_region
Juniperus semiglobosa,Juniperus_semiglobosa.json,21292203,https://www.inaturalist.org/observations/21292203,Juniperus semiglobosa,135884,2019-03-16,2019/03/16 9:12 AM +06,41.9954713606,69.9225832585,,open,4,research,cc-by-sa,"Южно-Казахстанская область, Казахстан",amirekul,outside,outside,outside_candidate_almaty_region
Juniperus semiglobosa,Juniperus_semiglobosa.json,52956684,https://www.inaturalist.org/observations/52956684,Juniperus semiglobosa,135884,2020-07-12,2020/07/12 4:30 PM +0600,41.9945807382,69.9326680862,,open,15,needs_id,cc-by-sa,"Южно-Казахстанская область, Казахстан",amirekul,outside,outside,outside_candidate_almaty_region
Juniperus semiglobosa,Juniperus_semiglobosa.json,152758455,https://www.inaturalist.org/observations/152758455,Juniperus semiglobosa,135884,2020-09-22,2020/09/22 13:35,42.735039,72.9691079722,,open,,research,cc-by-nc,"Рыскуловский район, Казахстан",atamat,outside,outside,outside_candidate_almaty_region
Juniperus semiglobosa,Juniperus_semiglobosa.json,152753140,https://www.inaturalist.org/observations/152753140,Juniperus semiglobosa,135884,2020-09-22,2020/09/22 16:29,42.7358649167,72.9649699167,,open,,research,cc-by-nc,"Рыскуловский район, Казахстан",atamat,outside,outside,outside_candidate_almaty_region
Malus sieversii,Malus_sieversii.json,100975110,https://www.inaturalist.org/observations/100975110,Malus sieversii,425883,2018-04-12,2018/04/12 3:02 дня SST,44.5851319728,67.4111072699,,obscured,131,needs_id,cc-by-nc,"Qyzylorda, KZ",pg18,outside,outside,outside_candidate_almaty_region
Malus sieversii,Malus_sieversii.json,18089763,https://www.inaturalist.org/observations/18089763,Malus sieversii,425883,2018-11-04,Sun Nov 04 2018 20:59:08 GMT+0800 (GMT+8),47.5298492662,67.372824571,,obscured,279180,casual,,Kazakhstan,jia-qing,outside,outside,outside_candidate_almaty_region
Malus sieversii,Malus_sieversii.json,339260856,https://www.inaturalist.org/observations/339260856,Malus sieversii,425883,2019-10-27,2019-10-27 07:14:52,42.0916456315,70.2892252362,,obscured,220,research,cc-by-nc,"South Kazakhstan, KZ",irinazhurba,outside,outside,outside_candidate_almaty_region
Malus sieversii,Malus_sieversii.json,238052718,https://www.inaturalist.org/observations/238052718,Malus sieversii,425883,2024-05-13,2024/05/13 08:35,42.7650119214,69.8280156114,,obscured,300,research,cc-by-nc,"Baydibekskiy, KZ-SK, KZ",aleksandrebel,outside,outside,outside_candidate_almaty_region
Malus sieversii,Malus_sieversii.json,232048201,https://www.inaturalist.org/observations/232048201,Malus sieversii,425883,2024-07-24,2024/07/24 6:37 PM,42.4592019938,70.4691213201,,obscured,488,research,cc-by,"South Kazakhstan, KZ",iskander5,outside,outside,outside_candidate_almaty_region
Malus sieversii,Malus_sieversii.json,250689420,https://www.inaturalist.org/observations/250689420,Malus sieversii,425883,2024-07-25,2024-07-25 10:05:58+05:00,47.1296554527,81.7142013161,,obscured,4,research,cc-by-nc,"Urdzharskiy, KZ-EK, KZ",shynar_tustubayeva,outside,outside,outside_candidate_almaty_region
Paeonia intermedia,Paeonia_intermedia.json,101060290,https://www.inaturalist.org/observations/101060290,Paeonia intermedia,520913,2018-05-30,2018/05/30 1:26 дня SST,47.6035284694,81.499377731,,,593,research,cc-by-nc,"Аягозский, 070000, Казахстан",pg18,outside,outside,outside_candidate_almaty_region
Paeonia intermedia,Paeonia_intermedia.json,280947786,https://www.inaturalist.org/observations/280947786,Paeonia intermedia,520913,2025-05-13,2025-05-13 06:44:00,42.8487114463,71.9165806845,,,1210,needs_id,cc-by-nc,"Рыскуловский район, Казахстан",qanat_kenzhe,outside,outside,outside_candidate_almaty_region
Paeonia intermedia,Paeonia_intermedia.json,345671159,https://www.inaturalist.org/observations/345671159,Paeonia intermedia,520913,2026-03-28,2026-03-28 15:45:39,42.6946803678,73.2077096913,,,3959,research,cc-by-nc,Казахстан,nimat__,outside,outside,outside_candidate_almaty_region
Potentilla fedtschenkoana,Potentilla_fedtschenkoana.json,199891061,https://www.inaturalist.org/observations/199891061,Potentilla fedtschenkoana,1534282,2023-05-22,2023/05/22 12:25,42.8073949997,69.9119165997,,,,research,cc-by-nc,"Байдибекский район, Казахстан",aleksandrebel,outside,outside,outside_candidate_almaty_region
Potentilla fedtschenkoana,Potentilla_fedtschenkoana.json,200256473,https://www.inaturalist.org/observations/200256473,Potentilla fedtschenkoana,1534282,2023-05-24,2023/05/24 09:09,42.8176965997,69.8913065997,,,,research,cc-by-nc,"Байдибекский район, Казахстан",aleksandrebel,outside,outside,outside_candidate_almaty_region
Potentilla fedtschenkoana,Potentilla_fedtschenkoana.json,384354174,https://www.inaturalist.org/observations/384354174,Potentilla fedtschenkoana,1534282,2026-07-23,2026-07-23 18:44:12,42.3704866667,70.4246966667,,,10,research,cc-by-nc,"Shymkent Qalasy, KZ",irinazhurba,outside,outside,outside_candidate_almaty_region
Rhodiola algida,Rhodiola_algida.json,297635668,https://www.inaturalist.org/observations/297635668,Rhodiola algida,941062,2008-07-18,2008/07/18 12:35,50.2982192849,83.8348034055,,,241,research,cc-by,"Ridder, Казахстан",iskander5,outside,outside,outside_candidate_almaty_region
Rhodiola algida,Rhodiola_algida.json,153810105,https://www.inaturalist.org/observations/153810105,Rhodiola algida,941062,2010-07-30,2010/07/30 12:58 PM,49.2629190735,86.9322124096,,,300,research,cc0,"Kazakhstan, East Kazakhstan Province, Katon-Karagay District, the Karashongal Mt. tundrous upper flat tundrous surface  E of its top",oleg_kosterin,outside,outside,outside_candidate_almaty_region
Rhodiola algida,Rhodiola_algida.json,152743612,https://www.inaturalist.org/observations/152743612,Rhodiola algida,941062,2012-06-30,2012/06/30 3:22 PM,49.2193120751,87.2037016663,,,100,research,cc0,"Kazakhstan, East Kazakhstan Province, Katon-Karagay District,  15 km ESE of Ust'-Chindagatuy village, the Ukok Plateau S foot, the Muzdy-Bulak brook",oleg_kosterin,outside,outside,outside_candidate_almaty_region
Rhodiola algida,Rhodiola_algida.json,199169512,https://www.inaturalist.org/observations/199169512,Rhodiola algida,941062,2014-07-09,2014/07/09 16:21,50.3317526051,83.872743247,,,488,needs_id,cc-by-nc,"Ridder, Казахстан",kubentayev_serik,outside,outside,outside_candidate_almaty_region
Rhodiola algida,Rhodiola_algida.json,199166802,https://www.inaturalist.org/observations/199166802,Rhodiola algida,941062,2014-08-08,2014/08/08 11:54,50.3651927205,83.8757798797,,,244,needs_id,cc-by-nc,"Ridder, Казахстан",kubentayev_serik,outside,outside,outside_candidate_almaty_region
Rhodiola rosea,Rhodiola_rosea.json,153637621,https://www.inaturalist.org/observations/153637621,Rhodiola rosea,84436,2010-07-29,2010/07/29 12:10 PM,49.2786744064,86.9734535908,,,250,research,cc0," Kazakhstan, East Kazakhstan Province, Katon-Karagay District, Lake Bukhtarminskoe E bank",oleg_kosterin,outside,outside,outside_candidate_almaty_region
Rhodiola rosea,Rhodiola_rosea.json,153693970,https://www.inaturalist.org/observations/153693970,Rhodiola rosea,84436,2010-07-29,2010/07/29 2:07 PM,49.2810540965,86.9716404199,,,75,research,cc0,"Kazakhstan, East Kazakhstan Province, Katon-Karagay District, Lake Bukhtarminskoe E bank",oleg_kosterin,outside,outside,outside_candidate_almaty_region
Rhodiola rosea,Rhodiola_rosea.json,152645810,https://www.inaturalist.org/observations/152645810,Rhodiola rosea,84436,2012-06-30,2012/06/30 1:10 PM,49.2196,87.1934,,,300,research,cc0,"Kazakhstan, East Kazakhstan Province, Katon-Karagay District,  15 km ESE of Ust'-Chindagatuy village, the Ukok Plateau S foot, the Muzdy-Bulak brook right bank",oleg_kosterin,outside,outside,outside_candidate_almaty_region
Rhodiola rosea,Rhodiola_rosea.json,199169511,https://www.inaturalist.org/observations/199169511,Rhodiola rosea,84436,2014-07-09,2014/07/09 16:19,50.3302500431,83.8737732153,,,3906,research,cc-by-nc,"Leninogorsk, KZ-EK, KZ",kubentayev_serik,outside,outside,outside_candidate_almaty_region
Rhodiola rosea,Rhodiola_rosea.json,199169517,https://www.inaturalist.org/observations/199169517,Rhodiola rosea,84436,2014-07-09,2014/07/09 16:22,50.3335058295,83.8768631201,,,488,research,cc-by-nc,"Ridder, Казахстан",kubentayev_serik,outside,outside,outside_candidate_almaty_region
Rhodiola rosea,Rhodiola_rosea.json,199169529,https://www.inaturalist.org/observations/199169529,Rhodiola rosea,84436,2014-07-10,2014/07/10 09:15,50.341175426,83.8751465063,,,488,research,cc-by-nc,"Ridder, Казахстан",kubentayev_serik,outside,outside,outside_candidate_almaty_region
Rhodiola rosea,Rhodiola_rosea.json,199169554,https://www.inaturalist.org/observations/199169554,Rhodiola rosea,84436,2014-07-11,2014/07/11 12:39,50.3392033623,83.8833862524,,,488,research,cc-by-nc,"Ridder, Казахстан",kubentayev_serik,outside,outside,outside_candidate_almaty_region
Rhodiola rosea,Rhodiola_rosea.json,199168489,https://www.inaturalist.org/observations/199168489,Rhodiola rosea,84436,2014-07-26,2014/07/26 17:27,49.0995284334,86.046691094,,,977,research,cc-by-nc,"Катон-Карагайский район, Казахстан",kubentayev_serik,outside,outside,outside_candidate_almaty_region
Rhodiola rosea,Rhodiola_rosea.json,199166807,https://www.inaturalist.org/observations/199166807,Rhodiola rosea,84436,2014-08-09,2014/08/09 10:46,50.3674921945,83.8692567474,,,244,research,cc-by-nc,"Ridder, Казахстан",kubentayev_serik,outside,outside,outside_candidate_almaty_region
Rhodiola rosea,Rhodiola_rosea.json,302316688,https://www.inaturalist.org/observations/302316688,Rhodiola rosea,84436,2015-07-13,2015/07/13 17:36,50.2802757023,84.0056142594,,,31,research,cc-by-nc,"Алтайский район, Казахстан",natalyap,outside,outside,outside_candidate_almaty_region
Rhodiola rosea,Rhodiola_rosea.json,302290835,https://www.inaturalist.org/observations/302290835,Rhodiola rosea,84436,2019-07-05,2019/07/05 14:25,50.3076075988,84.2326290897,,,244,research,cc-by-nc,"Ridder, Казахстан",natalyap,outside,outside,outside_candidate_almaty_region
Rhodiola rosea,Rhodiola_rosea.json,200484153,https://www.inaturalist.org/observations/200484153,Rhodiola rosea,84436,2021-06-27,2021/06/27 12:22,50.2581502082,83.7639989416,,,7813,research,cc-by-nc,"Ridder, Казахстан",kubentayev_serik,outside,outside,outside_candidate_almaty_region
Rhodiola rosea,Rhodiola_rosea.json,199177966,https://www.inaturalist.org/observations/199177966,Rhodiola rosea,84436,2022-06-14,2022/06/14 13:36,50.2759153532,83.3738947997,,,3906,research,cc-by-nc,"070000 Ульба, Казахстан",kubentayev_serik,outside,outside,outside_candidate_almaty_region
Rhodiola rosea,Rhodiola_rosea.json,250781633,https://www.inaturalist.org/observations/250781633,Rhodiola rosea,84436,2022-07-22,2022-07-22 12:07:10+06:00,47.1878666667,82.4887783333,,,8,needs_id,cc-by-nc,"Семипалатинск, KZ",shynar_tustubayeva,outside,outside,outside_candidate_almaty_region
Rhodiola rosea,Rhodiola_rosea.json,250777010,https://www.inaturalist.org/observations/250777010,Rhodiola rosea,84436,2022-07-22,2022-07-22 12:07:13+06:00,47.1878466667,82.4887783333,,,7,research,cc-by-nc,"Семипалатинск, KZ",shynar_tustubayeva,outside,outside,outside_candidate_almaty_region
Rhodiola rosea,Rhodiola_rosea.json,302063801,https://www.inaturalist.org/observations/302063801,Rhodiola rosea,84436,2025-05-22,2025/05/22 16:09,50.4692647087,84.1587173938,,,15,research,cc-by-nc,"Ridder, Казахстан",yuliyam,outside,outside,outside_candidate_almaty_region
Rhodiola rosea,Rhodiola_rosea.json,365626185,https://www.inaturalist.org/observations/365626185,Rhodiola rosea,84436,2026-05-26,2026/05/26 14:20,50.3788216667,84.1294783333,,,5,research,cc-by-nc,"Ridder, Казахстан",ser_nk,outside,outside,outside_candidate_almaty_region
Rhodiola rosea,Rhodiola_rosea.json,371883029,https://www.inaturalist.org/observations/371883029,Rhodiola rosea,84436,2026-06-14,2026-06-14 10:05:01,50.6449923997,83.8131508,,,,research,cc-by-nc,"Глубоковский район, 070000, Казахстан",nkanunnikov,outside,outside,outside_candidate_almaty_region
Rhodiola rosea,Rhodiola_rosea.json,371886577,https://www.inaturalist.org/observations/371886577,Rhodiola rosea,84436,2026-06-14,2026-06-14 13:19:14,50.6422623997,83.8040512,,,,research,cc-by-nc,"Глубоковский район, 070000, Казахстан",nkanunnikov,outside,outside,outside_candidate_almaty_region
Rhodiola rosea,Rhodiola_rosea.json,383898361,https://www.inaturalist.org/observations/383898361,Rhodiola rosea,84436,2026-07-18,2026-07-18 11:07:14,50.3065833333,83.863045,,,4,needs_id,cc-by-nc-nd,"Leninogorsk, KZ-EK, KZ",igor_malyshkin,outside,outside,outside_candidate_almaty_region
Rhodiola rosea,Rhodiola_rosea.json,383898300,https://www.inaturalist.org/observations/383898300,Rhodiola rosea,84436,2026-07-18,2026-07-18 11:11:12,50.3062533333,83.8621,,,2,research,cc-by-nc-nd,"Leninogorsk, KZ-EK, KZ",igor_malyshkin,outside,outside,outside_candidate_almaty_region
Rhodiola rosea,Rhodiola_rosea.json,389254300,https://www.inaturalist.org/observations/389254300,Rhodiola rosea,84436,2026-08-03,2026-08-03 10:36:35,50.3130592008,83.8476840779,,,393,research,cc-by-nc,"Ridder, Казахстан",alexandr35541,outside,outside,outside_candidate_almaty_region
Rosa fedtschenkoana,Rosa_fedtschenkoana.json,37490178,https://www.inaturalist.org/observations/37490178,Rosa fedtschenkoana,506708,2016-06-18,2016/06/18 12:15 PM SST,42.3927120338,70.6197873276,,,31,research,cc-by-nc,"Тюлькубасский, Казахстан",vladimir_epiktetov,outside,outside,outside_candidate_almaty_region
Rosa fedtschenkoana,Rosa_fedtschenkoana.json,337085779,https://www.inaturalist.org/observations/337085779,Rosa fedtschenkoana,506708,2020-09-13,2020-09-13 09:33:47,42.8465258183,69.7856239204,,,2599,research,cc-by-nc,"Shymkent Qalasy, KZ",irinazhurba,outside,outside,outside_candidate_almaty_region
Rosa fedtschenkoana,Rosa_fedtschenkoana.json,152753117,https://www.inaturalist.org/observations/152753117,Rosa fedtschenkoana,506708,2020-09-22,2020/09/22 18:09,42.735081,72.9626669722,,,,research,cc-by-nc,"Рыскуловский район, Казахстан",atamat,outside,outside,outside_candidate_almaty_region
Rosa fedtschenkoana,Rosa_fedtschenkoana.json,183963743,https://www.inaturalist.org/observations/183963743,Rosa fedtschenkoana,506708,2023-06-20,2023/06/20 08:53,41.9294675965,69.9547338738,,,132,research,cc-by-nc,"Казыгуртский район, Казахстан",madin_,outside,outside,outside_candidate_almaty_region
Rosa fedtschenkoana,Rosa_fedtschenkoana.json,340826429,https://www.inaturalist.org/observations/340826429,Rosa fedtschenkoana,506708,2023-08-12,2023/08/12 15:09,42.4078388367,70.5874057462,obscured,,244,research,,"South Kazakhstan, KZ",barnabas55597,outside,outside,outside_candidate_almaty_region
Rosa fedtschenkoana,Rosa_fedtschenkoana.json,200137843,https://www.inaturalist.org/observations/200137843,Rosa fedtschenkoana,506708,2023-10-06,2023-10-06 12:00:42,42.4073534997,70.4712992,,,,research,cc-by,"Тюлькубасский, Казахстан",iskander5,outside,outside,outside_candidate_almaty_region
Rosa fedtschenkoana,Rosa_fedtschenkoana.json,292374287,https://www.inaturalist.org/observations/292374287,Rosa fedtschenkoana,506708,2025-06-04,2025/06/04 06:00,41.8348686911,69.9092527001,,,617,research,cc-by-nc,"Казыгуртский район, Казахстан",dmitry_kopylov,outside,outside,outside_candidate_almaty_region
Rosa fedtschenkoana,Rosa_fedtschenkoana.json,322224628,https://www.inaturalist.org/observations/322224628,Rosa fedtschenkoana,506708,2025-08-04,2025-08-04 11:47:28,42.2884290188,70.6732896343,,,38318,research,cc-by-nc,"Төле би ауданы, Казахстан",zhanylkan,outside,outside,outside_candidate_almaty_region
Rosa fedtschenkoana,Rosa_fedtschenkoana.json,308021011,https://www.inaturalist.org/observations/308021011,Rosa fedtschenkoana,506708,2025-08-06,2025/08/06 18:32,42.4181199,70.9258868,,,,research,cc-by,"Жуалынский район, Казахстан",iskander5,outside,outside,outside_candidate_almaty_region
Rosa fedtschenkoana,Rosa_fedtschenkoana.json,307063859,https://www.inaturalist.org/observations/307063859,Rosa fedtschenkoana,506708,2025-08-17,2025-08-17 15:35:18,42.4384793281,70.4759186134,,,1520,research,,"Жабаглы, Казахстан",lyudmila_goncharova,outside,outside,outside_candidate_almaty_region
Rosa fedtschenkoana,Rosa_fedtschenkoana.json,315789993,https://www.inaturalist.org/observations/315789993,Rosa fedtschenkoana,506708,2025-08-21,2025-08-21 11:13:45,42.7123891997,73.0211606,,,,research,cc-by-nc,"Меркенский район, Казахстан",inessa_selyutina,outside,outside,outside_candidate_almaty_region
Rosa fedtschenkoana,Rosa_fedtschenkoana.json,310209487,https://www.inaturalist.org/observations/310209487,Rosa fedtschenkoana,506708,2025-08-23,2025-08-23 14:08:17,42.1967022675,70.2132314444,,,1328,research,cc-by-nc,"Вторая Пятилетка, Казахстан",genrikhmark,outside,outside,outside_candidate_almaty_region
Rosa fedtschenkoana,Rosa_fedtschenkoana.json,370114654,https://www.inaturalist.org/observations/370114654,Rosa fedtschenkoana,506708,2026-06-09,2026-06-09 19:05:40,42.3727633333,70.4235383333,,,3,research,cc-by-nc,"Shymkent Qalasy, KZ",irinazhurba,outside,outside,outside_candidate_almaty_region
Rosa fedtschenkoana,Rosa_fedtschenkoana.json,384355315,https://www.inaturalist.org/observations/384355315,Rosa fedtschenkoana,506708,2026-07-23,2026-07-23 18:51:46,42.3708716667,70.4246966667,,,2,needs_id,cc-by-nc,"Shymkent Qalasy, KZ",irinazhurba,outside,outside,outside_candidate_almaty_region
Rosa fedtschenkoana,Rosa_fedtschenkoana.json,389115237,https://www.inaturalist.org/observations/389115237,Rosa fedtschenkoana,506708,2026-08-07,2026-08-07 18:23:45,42.3725166667,70.4229583333,,,7,research,cc-by-nc,"Shymkent Qalasy, KZ",irinazhurba,outside,outside,outside_candidate_almaty_region
Rumex tianschanicus,Rumex_tianschanicus.json,183963745,https://www.inaturalist.org/observations/183963745,Rumex tianschanicus,993397,2023-06-20,2023/06/20 09:16,41.9295497,69.9550338,,,265,research,cc-by-nc,"WXH4+R27, Өгем, Казахстан",madin_,outside,outside,outside_candidate_almaty_region
Sorbus tianschanica,Sorbus_tianschanica.json,316452433,https://www.inaturalist.org/observations/316452433,Sorbus tianschanica,443860,2025-08-21,2025-08-21 12:20:27,42.7048612,73.0203104997,,open,,research,cc-by-nc,"Меркенский район, Казахстан",inessa_selyutina,outside,outside,outside_candidate_almaty_region
Sorbus tianschanica,Sorbus_tianschanica.json,389969174,https://www.inaturalist.org/observations/389969174,Sorbus tianschanica,443860,2026-08-03,2026-08-03 13:50:04+05:00,47.21742,81.6535866667,,open,6,needs_id,cc-by-nc,"Семипалатинск, KZ",yertay,outside,outside,outside_candidate_almaty_region
Thymus marschallianus,Thymus_marschallianus.json,98403810,https://www.inaturalist.org/observations/98403810,Thymus pannonicus,169751,2007-06-26,2007/06/26 8:08 вечера SST,48.4908708968,58.5240828648,,,665,research,cc-by-nc,"Шалкарский район, Казахстан",pg18,outside,outside,outside_candidate_almaty_region
Thymus marschallianus,Thymus_marschallianus.json,198799976,https://www.inaturalist.org/observations/198799976,Thymus pannonicus,169751,2013-07-03,2013/07/03 07:49,49.9244863313,82.6930333117,,,488,research,cc-by-nc,"Ust-Kamenogorsk, 070000, Казахстан",kvm_kvm,outside,outside,outside_candidate_almaty_region
Thymus marschallianus,Thymus_marschallianus.json,147588975,https://www.inaturalist.org/observations/147588975,Thymus pannonicus,169751,2013-07-27,2013/07/27 5:19 PM,53.11218,70.312373,,,600,needs_id,cc0,"Kazakhstan, Astana Province, Burabay (Borovoe) NE environs, open pine/bircf forest at  the Lake Bol'shoe Chebachye E bank",oleg_kosterin,outside,outside,outside_candidate_almaty_region
Thymus marschallianus,Thymus_marschallianus.json,200705031,https://www.inaturalist.org/observations/200705031,Thymus pannonicus,169751,2013-08-09,2013/08/09 15:31,50.0045183241,82.4734933514,,,244,needs_id,cc-by-nc,Герасимовка,kvm_kvm,outside,outside,outside_candidate_almaty_region
Thymus marschallianus,Thymus_marschallianus.json,37646092,https://www.inaturalist.org/observations/37646092,Thymus pannonicus,169751,2015-06-21,2015/06/21 8:05 AM +0600,43.2230824,75.2496698709,,,61,research,cc-by-nc,"Жамбыл, Казахстан",vladimir_epiktetov,outside,inside,outside_candidate_almaty_region
Thymus marschallianus,Thymus_marschallianus.json,37646095,https://www.inaturalist.org/observations/37646095,Thymus pannonicus,169751,2015-06-21,2015/06/21 9:07 AM +0600,43.2232608478,75.2486828179,,,61,research,cc-by-nc,"Жамбыл, Казахстан",vladimir_epiktetov,outside,inside,outside_candidate_almaty_region
Thymus marschallianus,Thymus_marschallianus.json,41230302,https://www.inaturalist.org/observations/41230302,Thymus pannonicus,169751,2018-06-27,2018/06/27 3:14 PM MSK,52.4691952349,64.0817585646,,,77,research,cc-by-nc,"Аулиекольский район, 110000, Казахстан",tegipo,outside,outside,outside_candidate_almaty_region
Thymus marschallianus,Thymus_marschallianus.json,61234289,https://www.inaturalist.org/observations/61234289,Thymus pannonicus,169751,2019-07-09,2019/07/09 11:29 AM MSK,53.0131733972,70.3638057322,,,285,research,cc-by-nc,"Бурабайский район, Казахстан",tegipo,outside,outside,outside_candidate_almaty_region
Thymus marschallianus,Thymus_marschallianus.json,123256796,https://www.inaturalist.org/observations/123256796,Thymus pannonicus,169751,2022-06-13,2022/06/13 11:47,50.1200410131,57.4797332034,,,46,research,cc-by-nc,"Алгинский район, Казахстан",pg18,outside,outside,outside_candidate_almaty_region
Thymus marschallianus,Thymus_marschallianus.json,121997704,https://www.inaturalist.org/observations/121997704,Thymus pannonicus,169751,2022-06-13,2022-06-13 14:23:32+06:00,51.7205275786,77.6391818881,,,5000,research,cc-by-nc,"Pavlodar, KZ",tatyana_vakhlamova,outside,outside,outside_candidate_almaty_region
Thymus marschallianus,Thymus_marschallianus.json,123659054,https://www.inaturalist.org/observations/123659054,Thymus pannonicus,169751,2022-06-18,2022-06-18 19:38:46,50.8708566895,75.6694635004,,,866,needs_id,cc-by-nc,Торайгыр,jane-eremeeva,outside,outside,outside_candidate_almaty_region
Thymus marschallianus,Thymus_marschallianus.json,123715812,https://www.inaturalist.org/observations/123715812,Thymus pannonicus,169751,2022-06-25,2022-06-25 16:11:06,52.0167757997,70.6039868,,,,research,cc-by-nc,"Аккольский район, 020000, Казахстан",ekaterina_ast,outside,outside,outside_candidate_almaty_region
Thymus marschallianus,Thymus_marschallianus.json,164352634,https://www.inaturalist.org/observations/164352634,Thymus pannonicus,169751,2022-09-04,2022-09-04 10:19:29+06:00,52.01420555,70.7222216667,,,12,research,cc-by-nc,"Целиноград, KZ",naturalyona,outside,outside,outside_candidate_almaty_region
Thymus marschallianus,Thymus_marschallianus.json,199181576,https://www.inaturalist.org/observations/199181576,Thymus pannonicus,169751,2023-06-06,2023/06/06 12:10,52.8252635691,69.3557215175,,,15625,research,cc-by-nc,"Зерендинский район, Казахстан",kubentayev_serik,outside,outside,outside_candidate_almaty_region
Thymus marschallianus,Thymus_marschallianus.json,166801600,https://www.inaturalist.org/observations/166801600,Thymus pannonicus,169751,2023-06-11,2023-06-11 20:15:38+06:00,49.7683630418,73.1285457127,,,3,research,cc-by-nc,"Университетская улица, Karaganda, Karagandy, KZ",dedema,outside,outside,outside_candidate_almaty_region
Thymus marschallianus,Thymus_marschallianus.json,170403227,https://www.inaturalist.org/observations/170403227,Thymus pannonicus,169751,2023-06-17,2023/06/17 03:26,50.6164322295,73.0385933624,,,122,research,cc0,"Осакаровский район, Казахстан",yuriy_noskov,outside,outside,outside_candidate_almaty_region
Thymus marschallianus,Thymus_marschallianus.json,175236352,https://www.inaturalist.org/observations/175236352,Thymus pannonicus,169751,2023-07-19,2023/07/19 10:25,49.5852650925,72.9542379321,,,15,needs_id,cc-by,"Бухар-Жырауский район, Казахстан",margarita_ishmuratova,outside,outside,outside_candidate_almaty_region
Thymus marschallianus,Thymus_marschallianus.json,183633195,https://www.inaturalist.org/observations/183633195,Thymus pannonicus,169751,2023-09-17,2023-09-17 14:19:02,51.1522911,71.4376205,,,899,needs_id,,"Парк ""Ата тюрк"", Астана 020000, Казахстан",natalyabachinskaya,outside,outside,outside_candidate_almaty_region
Thymus marschallianus,Thymus_marschallianus.json,218745021,https://www.inaturalist.org/observations/218745021,Thymus pannonicus,169751,2024-04-25,2024/04/25 10:29,43.425832,69.316897,,,,needs_id,cc-by-nc,"Сузакский район, Казахстан",atamat,outside,outside,outside_candidate_almaty_region
Thymus marschallianus,Thymus_marschallianus.json,218745130,https://www.inaturalist.org/observations/218745130,Thymus pannonicus,169751,2024-04-25,2024/04/25 10:45,43.425825,69.316826,,,,needs_id,cc-by-nc,"Сузакский район, Казахстан",atamat,outside,outside,outside_candidate_almaty_region
Thymus marschallianus,Thymus_marschallianus.json,218610719,https://www.inaturalist.org/observations/218610719,Thymus pannonicus,169751,2024-05-21,2024/05/21 10:58,49.7622184444,73.2574310278,,,,needs_id,cc-by,"Бухар-Жырауский район, Казахстан",alexanderdubynin,outside,outside,outside_candidate_almaty_region
Thymus marschallianus,Thymus_marschallianus.json,219286640,https://www.inaturalist.org/observations/219286640,Thymus pannonicus,169751,2024-05-30,2024/05/30 12:03,49.3753583333,75.9584361111,,,6,needs_id,cc-by-nc,"Каркаралинский район, Казахстан",glebron9,outside,outside,outside_candidate_almaty_region
Thymus marschallianus,Thymus_marschallianus.json,220226254,https://www.inaturalist.org/observations/220226254,Thymus pannonicus,169751,2024-06-03,2024-06-03 16:40:43,50.272247,57.158922,,,10,needs_id,cc-by-nc,"Актобе, Казахстан",daisan,outside,outside,outside_candidate_almaty_region
Thymus marschallianus,Thymus_marschallianus.json,221998675,https://www.inaturalist.org/observations/221998675,Thymus pannonicus,169751,2024-06-11,2024-06-11 14:42:13+05:00,49.4730716667,72.8355333333,,,3,needs_id,cc-by,"Караганда, KZ",alina_deputovich,outside,outside,outside_candidate_almaty_region
Thymus marschallianus,Thymus_marschallianus.json,221997861,https://www.inaturalist.org/observations/221997861,Thymus pannonicus,169751,2024-06-11,2024-06-11 14:42:18+05:00,49.4734102707,72.8357968109,,,4,needs_id,cc-by,"Караганда, KZ",kamilya5,outside,outside,outside_candidate_almaty_region
Thymus marschallianus,Thymus_marschallianus.json,222015165,https://www.inaturalist.org/observations/222015165,Thymus pannonicus,169751,2024-06-11,2024-06-11 14:43:05,49.4704534336,72.847410813,,,33,needs_id,cc-by,"Абайский район, 100000, Казахстан",konstantin_az,outside,outside,outside_candidate_almaty_region
Thymus marschallianus,Thymus_marschallianus.json,222013568,https://www.inaturalist.org/observations/222013568,Thymus pannonicus,169751,2024-06-11,2024-06-11 14:43:48+05:00,49.4737666667,72.8361966667,,,3,needs_id,cc-by,"Караганда, KZ",erikzharmyshev,outside,outside,outside_candidate_almaty_region
Thymus marschallianus,Thymus_marschallianus.json,221997924,https://www.inaturalist.org/observations/221997924,Thymus pannonicus,169751,2024-06-11,2024-06-11 14:43:59,49.473785,72.8360866667,,,6,needs_id,cc-by,"Абайский район, 100000, Казахстан",krisxxsf,outside,outside,outside_candidate_almaty_region
Thymus marschallianus,Thymus_marschallianus.json,222008517,https://www.inaturalist.org/observations/222008517,Thymus pannonicus,169751,2024-06-11,2024-06-11 14:44:02+05:00,49.47385,72.8362666667,,,3,needs_id,cc-by,"Караганда, KZ",akezhan_ahmetov,outside,outside,outside_candidate_almaty_region
Thymus marschallianus,Thymus_marschallianus.json,221998984,https://www.inaturalist.org/observations/221998984,Thymus pannonicus,169751,2024-06-11,2024-06-11 14:44:08+05:00,49.4739145405,72.8363233106,,,118,needs_id,cc-by,"Abayskiy, KZ-QG, KZ",ruskovu,outside,outside,outside_candidate_almaty_region
Thymus marschallianus,Thymus_marschallianus.json,221998052,https://www.inaturalist.org/observations/221998052,Thymus pannonicus,169751,2024-06-11,2024-06-11 14:44:23,49.5149187,72.8244167,,,,research,cc-by,"GR7G+G22, Топар 100000, Казахстан",yanagorsht,outside,outside,outside_candidate_almaty_region
Thymus marschallianus,Thymus_marschallianus.json,221997984,https://www.inaturalist.org/observations/221997984,Thymus pannonicus,169751,2024-06-11,2024-06-11 14:44:33+05:00,49.4731099633,72.8355426258,,,5,needs_id,cc-by,"Караганда, KZ",yaroslava68242,outside,outside,outside_candidate_almaty_region
Thymus marschallianus,Thymus_marschallianus.json,221997992,https://www.inaturalist.org/observations/221997992,Thymus pannonicus,169751,2024-06-11,2024-06-11 14:45:04,49.4731612,72.83562171,,,5,research,cc-by,"Абайский район, 100000, Казахстан",sofya32144,outside,outside,outside_candidate_almaty_region
Thymus marschallianus,Thymus_marschallianus.json,221998189,https://www.inaturalist.org/observations/221998189,Thymus pannonicus,169751,2024-06-11,2024-06-11 14:45:22+05:00,49.4737791869,72.836214378,,,4,needs_id,cc-by,"Караганда, KZ",kamilya5,outside,outside,outside_candidate_almaty_region
Thymus marschallianus,Thymus_marschallianus.json,221998397,https://www.inaturalist.org/observations/221998397,Thymus pannonicus,169751,2024-06-11,2024-06-11 14:45:28+05:00,49.4737633333,72.8362416667,,,15,needs_id,cc-by,"Караганда, KZ",altynai_dauletova,outside,outside,outside_candidate_almaty_region
Thymus marschallianus,Thymus_marschallianus.json,221998213,https://www.inaturalist.org/observations/221998213,Thymus pannonicus,169751,2024-06-11,2024-06-11 14:46:19,49.4733454325,72.8357914835,,,4,research,cc-by,"Абайский район, 100000, Казахстан",ravil2,outside,outside,outside_candidate_almaty_region
Thymus marschallianus,Thymus_marschallianus.json,222000010,https://www.inaturalist.org/observations/222000010,Thymus pannonicus,169751,2024-06-11,2024-06-11 15:04:27+05:00,49.4768152771,72.8359157494,,,8,research,cc-by,"Топарское водохранилище, Караганда, KZ",milana_yakovleva,outside,outside,outside_candidate_almaty_region
Thymus marschallianus,Thymus_marschallianus.json,222016766,https://www.inaturalist.org/observations/222016766,Thymus pannonicus,169751,2024-06-11,2024-06-11 15:51:01,49.4723471741,72.8355121985,,,114,needs_id,cc-by,"GQ88+83X, 100000, Казахстан",viovita,outside,outside,outside_candidate_almaty_region
Thymus marschallianus,Thymus_marschallianus.json,222005271,https://www.inaturalist.org/observations/222005271,Thymus pannonicus,169751,2024-06-11,2024-06-11 15:53:21+05:00,49.4753683712,72.8377835824,,,4,needs_id,cc-by,"Караганда, KZ",alina_deputovich,outside,outside,outside_candidate_almaty_region
Thymus marschallianus,Thymus_marschallianus.json,222199100,https://www.inaturalist.org/observations/222199100,Thymus pannonicus,169751,2024-06-12,2024-06-12 14:01:32+05:00,49.4715911245,72.8341246707,,,5,research,cc-by,"Караганда, KZ",yaroslava68242,outside,outside,outside_candidate_almaty_region
Thymus marschallianus,Thymus_marschallianus.json,222395653,https://www.inaturalist.org/observations/222395653,Thymus pannonicus,169751,2024-06-13,2024-06-13 10:21:10+05:00,49.4666634697,72.8409723205,,,80,needs_id,cc-by-nc,"Abayskiy, KZ-QG, KZ",ilya-k,outside,outside,outside_candidate_almaty_region
Thymus marschallianus,Thymus_marschallianus.json,222457671,https://www.inaturalist.org/observations/222457671,Thymus pannonicus,169751,2024-06-13,2024-06-13 12:31:25,50.7066638325,79.5663946867,,,5771,needs_id,,"Бескарагайский район, Казахстан",alfiyams,outside,outside,outside_candidate_almaty_region
Thymus marschallianus,Thymus_marschallianus.json,223801434,https://www.inaturalist.org/observations/223801434,Thymus pannonicus,169751,2024-06-15,2024-06-15 11:08:00,49.7648240287,73.1136599556,,,,research,cc-by-nc,"Местоположение: 49,764824, 73,113660",aniumi666,outside,outside,outside_candidate_almaty_region
Thymus marschallianus,Thymus_marschallianus.json,223039499,https://www.inaturalist.org/observations/223039499,Thymus pannonicus,169751,2024-06-15,2024-06-15 16:39:08+05:00,49.63488,47.4502366667,,,4,needs_id,cc-by-nc,"Уральск, KZ",naturalyona,outside,outside,outside_candidate_almaty_region
Thymus marschallianus,Thymus_marschallianus.json,223069127,https://www.inaturalist.org/observations/223069127,Thymus pannonicus,169751,2024-06-16,2024-06-16 16:10:19+05:00,50.812875,72.1977383333,,,4,needs_id,cc-by-nc,"Целиноград, KZ",elmiramustafa,outside,outside,outside_candidate_almaty_region
Thymus marschallianus,Thymus_marschallianus.json,224190053,https://www.inaturalist.org/observations/224190053,Thymus pannonicus,169751,2024-06-18,2024-06-18 06:00:30,51.2184439408,73.3349670097,,,,research,cc-by-nc,"Местоположение: 51,218444, 73,334967",aniumi666,outside,outside,outside_candidate_almaty_region
Thymus marschallianus,Thymus_marschallianus.json,224366194,https://www.inaturalist.org/observations/224366194,Thymus pannonicus,169751,2024-06-20,2024-06-20 18:22:14,51.25895648,73.27952648,,,3,research,cc-by,"Ereymengauskiy, KZ-AM, KZ",max_carabus,outside,outside,outside_candidate_almaty_region
Thymus marschallianus,Thymus_marschallianus.json,225140597,https://www.inaturalist.org/observations/225140597,Thymus pannonicus,169751,2024-06-23,2024-06-23 12:56:20,49.815722,82.89068,,,,needs_id,cc-by,"Ust-Kamenogorsk, 070000, Казахстан",tanya_iv,outside,outside,outside_candidate_almaty_region
Thymus marschallianus,Thymus_marschallianus.json,225696982,https://www.inaturalist.org/observations/225696982,Thymus pannonicus,169751,2024-06-28,2024-06-28 12:27:08+05:00,52.8331833333,69.90187,,,3,research,cc-by-nc,"Кокчетав, KZ",naturalyona,outside,outside,outside_candidate_almaty_region
Thymus marschallianus,Thymus_marschallianus.json,227438278,https://www.inaturalist.org/observations/227438278,Thymus pannonicus,169751,2024-07-05,2024-07-05 10:01:05,50.1701780702,56.2102449685,,,3,research,cc-by,"Алгинский район, Казахстан",igor78169,outside,outside,outside_candidate_almaty_region
Thymus marschallianus,Thymus_marschallianus.json,228638737,https://www.inaturalist.org/observations/228638737,Thymus pannonicus,169751,2024-07-11,2024-07-11 15:04:13,53.129961,70.412221,,,,needs_id,cc-by-nc,"Burabay District, Kazachstanas",andrius,outside,outside,outside_candidate_almaty_region
Thymus marschallianus,Thymus_marschallianus.json,246489405,https://www.inaturalist.org/observations/246489405,Thymus pannonicus,169751,2024-10-09,2024-10-09 18:05:15+05:00,48.4586333333,58.5333366667,,,32,research,cc-by-nc,"Aktobe, KZ",anton_abushin,outside,outside,outside_candidate_almaty_region
Thymus marschallianus,Thymus_marschallianus.json,275807741,https://www.inaturalist.org/observations/275807741,Thymus pannonicus,169751,2025-04-28,2025-04-28 14:26:50+05:00,49.7680583333,73.1200028333,,,3,needs_id,,"Ключевая улица, Караганда, Караганда, KZ",aigerim_amangazy,outside,outside,outside_candidate_almaty_region
Thymus marschallianus,Thymus_marschallianus.json,284085147,https://www.inaturalist.org/observations/284085147,Thymus pannonicus,169751,2025-05-24,2025-05-24 13:59:45,49.8380864628,72.2630315647,,,484,needs_id,cc-by-nc,"Bukhar-Zhyrauskiy, KZ-QG, KZ",hamuud,outside,outside,outside_candidate_almaty_region
Thymus marschallianus,Thymus_marschallianus.json,314278265,https://www.inaturalist.org/observations/314278265,Thymus pannonicus,169751,2025-05-27,2025/05/27 09:56,48.919011468,71.7785308535,,,2,research,cc-by-nc,"Жанааркинский район, 100000, Казахстан",vladimir_epiktetov,outside,outside,outside_candidate_almaty_region
Thymus marschallianus,Thymus_marschallianus.json,286185824,https://www.inaturalist.org/observations/286185824,Thymus pannonicus,169751,2025-05-29,2025-05-29 16:05:45,48.168355,70.5075916667,,,1,research,cc-by,"Zhanaarkinskiy, KZ-QG, KZ",xilaria-step,outside,outside,outside_candidate_almaty_region
Thymus marschallianus,Thymus_marschallianus.json,287993511,https://www.inaturalist.org/observations/287993511,Thymus pannonicus,169751,2025-05-31,2025/05/31 15:01,48.787082,66.768998,,,,research,cc-by-nc,"Улытауский район, 100000, Казахстан",bektemirosmonali,outside,outside,outside_candidate_almaty_region
Thymus marschallianus,Thymus_marschallianus.json,287835521,https://www.inaturalist.org/observations/287835521,Thymus pannonicus,169751,2025-06-03,2025-06-03 10:17:23+05:00,51.1056971667,71.4199133333,,,7,needs_id,,"Астана, Целиноград, KZ",zhanerke_ermek,outside,outside,outside_candidate_almaty_region
Thymus marschallianus,Thymus_marschallianus.json,289043964,https://www.inaturalist.org/observations/289043964,Thymus pannonicus,169751,2025-06-03,2025-06-03 11:52:50,49.7716294994,73.1274931133,,,107,needs_id,cc-by-nc,"27 микрорайон, 100000 Караганда, Казахстан",ahmedinova_zhanerke,outside,outside,outside_candidate_almaty_region
Thymus marschallianus,Thymus_marschallianus.json,287233083,https://www.inaturalist.org/observations/287233083,Thymus pannonicus,169751,2025-06-06,2025-06-06 10:51:50,49.4768583333,72.8428383333,,,4,needs_id,cc-by-nc,"Абайский район, 100000, Казахстан",kamila_ospanova,outside,outside,outside_candidate_almaty_region
Thymus marschallianus,Thymus_marschallianus.json,288591921,https://www.inaturalist.org/observations/288591921,Thymus pannonicus,169751,2025-06-06,2025-06-06 10:59:42,49.497149625,72.8238888993,,,25,research,cc-by-nc,"Karagandy, KZ",ulzhayna,outside,outside,outside_candidate_almaty_region
Thymus marschallianus,Thymus_marschallianus.json,288444925,https://www.inaturalist.org/observations/288444925,Thymus pannonicus,169751,2025-06-06,2025-06-06 11:00:38,49.4984240074,72.813375697,,,3656,needs_id,cc-by-nc,"Karagandy, KZ",aitkul1,outside,outside,outside_candidate_almaty_region
Thymus marschallianus,Thymus_marschallianus.json,287233216,https://www.inaturalist.org/observations/287233216,Thymus pannonicus,169751,2025-06-06,2025-06-06T11:03,49.4768533333,72.8430633333,,,3,research,cc-by-nc,"Karagandy, KZ",ospan_birzhan,outside,outside,outside_candidate_almaty_region
Thymus marschallianus,Thymus_marschallianus.json,288287026,https://www.inaturalist.org/observations/288287026,Thymus pannonicus,169751,2025-06-06,2025-06-06 11:10:07,49.4768416667,72.8431083333,,,4,research,cc-by-nc,"Karagandy, KZ",fariza_daribaeva,outside,outside,outside_candidate_almaty_region
Thymus marschallianus,Thymus_marschallianus.json,287480855,https://www.inaturalist.org/observations/287480855,Thymus pannonicus,169751,2025-06-06,2025-06-06 11:13:14+05:00,49.4660702648,72.8409267524,,,13,needs_id,cc-by-nc,"Abayskiy, KZ-QG, KZ",ayana_sabirova,outside,outside,outside_candidate_almaty_region
Thymus marschallianus,Thymus_marschallianus.json,287234478,https://www.inaturalist.org/observations/287234478,Thymus pannonicus,169751,2025-06-06,2025-06-06 11:13:30+05:00,49.4659546011,72.8406177864,,,363,needs_id,cc-by-nc,"Караганда, KZ",tomiriss29,outside,outside,outside_candidate_almaty_region
Thymus marschallianus,Thymus_marschallianus.json,287324154,https://www.inaturalist.org/observations/287324154,Thymus pannonicus,169751,2025-06-06,2025-06-06 11:14:11+05:00,49.4659782878,72.8409114012,,,7,needs_id,cc-by-nc,"Abayskiy, KZ-QG, KZ",anel_turezhanova,outside,outside,outside_candidate_almaty_region
Thymus marschallianus,Thymus_marschallianus.json,287480923,https://www.inaturalist.org/observations/287480923,Thymus pannonicus,169751,2025-06-06,2025-06-06 11:15:22+05:00,49.4653012521,72.8418245961,,,1881,needs_id,cc-by-nc,"Abayskiy, KZ-QG, KZ",ayana_sabirova,outside,outside,outside_candidate_almaty_region
Thymus marschallianus,Thymus_marschallianus.json,287234979,https://www.inaturalist.org/observations/287234979,Thymus pannonicus,169751,2025-06-06,2025-06-06 11:15:47,49.46603954,72.84089508,,,5,needs_id,cc-by-nc,"FR8Q+H9V, 100000, Казахстан",ilya_v,outside,outside,outside_candidate_almaty_region
Thymus marschallianus,Thymus_marschallianus.json,287483694,https://www.inaturalist.org/observations/287483694,Thymus pannonicus,169751,2025-06-07,2025-06-07 09:31:17,49.47391,72.8361366667,,,2,research,,"Абайский район, 100000, Казахстан",olya27749,outside,outside,outside_candidate_almaty_region
Thymus marschallianus,Thymus_marschallianus.json,287483813,https://www.inaturalist.org/observations/287483813,Thymus pannonicus,169751,2025-06-07,2025-06-07 09:31:29,49.4737733333,72.836435,,,5,research,cc-by-nc,"Абайский район, 100000, Казахстан",angelina77294,outside,outside,outside_candidate_almaty_region
Thymus marschallianus,Thymus_marschallianus.json,287484162,https://www.inaturalist.org/observations/287484162,Thymus pannonicus,169751,2025-06-07,2025-06-07 09:31:58+05:00,49.4738601266,72.8361214518,,,4,research,cc-by-nc,"Караганда, KZ",merey_seidazymkyzy,outside,outside,outside_candidate_almaty_region
Thymus marschallianus,Thymus_marschallianus.json,287485008,https://www.inaturalist.org/observations/287485008,Thymus pannonicus,169751,2025-06-07,2025-06-07 09:40:44,49.4737663421,72.8360372409,,,3,needs_id,cc-by-nc,"Абайский район, 100000, Казахстан",nurziat,outside,outside,outside_candidate_almaty_region
Thymus marschallianus,Thymus_marschallianus.json,287487349,https://www.inaturalist.org/observations/287487349,Thymus pannonicus,169751,2025-06-07,2025-06-07 09:53:10,49.47426721,72.83596149,,,3,research,,"Абайский район, 100000, Казахстан",ruslan34769,outside,outside,outside_candidate_almaty_region
Thymus marschallianus,Thymus_marschallianus.json,287790717,https://www.inaturalist.org/observations/287790717,Thymus pannonicus,169751,2025-06-07,2025-06-07 10:14:47+05:00,49.4742553714,72.835792408,,,6,needs_id,cc-by-nc,"Abayskiy, KZ-QG, KZ",ayana_sabirova,outside,outside,outside_candidate_almaty_region
Thymus marschallianus,Thymus_marschallianus.json,288681208,https://www.inaturalist.org/observations/288681208,Thymus pannonicus,169751,2025-06-07,2025-06-07T10:51,49.4988235063,72.8305515193,,,35,needs_id,cc-by-nc,"Karagandy, KZ",zhadyra_erbolatova,outside,outside,outside_candidate_almaty_region
Thymus marschallianus,Thymus_marschallianus.json,287498659,https://www.inaturalist.org/observations/287498659,Thymus pannonicus,169751,2025-06-07,2025-06-07 11:30:39,49.4796218814,72.8412880003,,,3,needs_id,cc-by-nc,"Абайский район, 100000, Казахстан",nurziat,outside,outside,outside_candidate_almaty_region
Thymus marschallianus,Thymus_marschallianus.json,289223812,https://www.inaturalist.org/observations/289223812,Thymus pannonicus,169751,2025-06-07,2025-06-07 12:10:03,49.47045,72.834105,,,5,needs_id,cc-by-nc,"Abayskiy, KZ-QG, KZ",bibigul_dosaeva,outside,outside,outside_candidate_almaty_region
Thymus marschallianus,Thymus_marschallianus.json,287618038,https://www.inaturalist.org/observations/287618038,Thymus pannonicus,169751,2025-06-07,2025-06-07 21:19:00+05:00,49.570404198,72.8257060944,,,753,research,cc-by-nc,"Караганда, KZ",ayana_abdirakman,outside,outside,outside_candidate_almaty_region
Thymus marschallianus,Thymus_marschallianus.json,288982000,https://www.inaturalist.org/observations/288982000,Thymus pannonicus,169751,2025-06-08,2025-06-08T06:25,49.4809596376,72.8387597896,,,8838,needs_id,cc-by-nc,"Karagandy, KZ",janbota_uaqas,outside,outside,outside_candidate_almaty_region
Thymus marschallianus,Thymus_marschallianus.json,289240200,https://www.inaturalist.org/observations/289240200,Thymus pannonicus,169751,2025-06-08,2025-06-08 10:34:34,49.4660033333,72.84088,,,8,needs_id,cc-by-nc,"Karagandy, KZ",akbota_kuttybaykyzy,outside,outside,outside_candidate_almaty_region
Thymus marschallianus,Thymus_marschallianus.json,289222399,https://www.inaturalist.org/observations/289222399,Thymus pannonicus,169751,2025-06-08,2025-06-08 10:34:35,49.4659883333,72.840905,,,3,needs_id,cc-by-nc,"Karagandy, KZ",bibigul_dosaeva,outside,outside,outside_candidate_almaty_region
Thymus marschallianus,Thymus_marschallianus.json,287799207,https://www.inaturalist.org/observations/287799207,Thymus pannonicus,169751,2025-06-08,2025-06-08 10:34:38,49.4678885318,72.9090949148,,,4414,needs_id,cc-by-nc,"Топар 100000, Казахстан",kuralai1,outside,outside,outside_candidate_almaty_region
Thymus marschallianus,Thymus_marschallianus.json,287795613,https://www.inaturalist.org/observations/287795613,Thymus pannonicus,169751,2025-06-08,2025-06-08 10:34:43,49.4675896524,72.8383428807,,,4,needs_id,cc-by-nc,"Karagandy, KZ",janbota_uaqas,outside,outside,outside_candidate_almaty_region
Thymus marschallianus,Thymus_marschallianus.json,289248495,https://www.inaturalist.org/observations/289248495,Thymus pannonicus,169751,2025-06-08,2025-06-08 10:35:05,49.4660116667,72.84092,,,3,needs_id,cc-by-nc,"Karagandy, KZ",kabdeshevaaruzan,outside,outside,outside_candidate_almaty_region
Thymus marschallianus,Thymus_marschallianus.json,288793380,https://www.inaturalist.org/observations/288793380,Thymus pannonicus,169751,2025-06-08,2025-06-08 10:36:29,49.4659916667,72.8409116667,,,4,needs_id,cc-by-nc,"Karagandy, KZ",n_raylym,outside,outside,outside_candidate_almaty_region
Thymus marschallianus,Thymus_marschallianus.json,287803295,https://www.inaturalist.org/observations/287803295,Thymus pannonicus,169751,2025-06-08,2025-06-08 10:42:12,49.47202,72.8368366667,,,1,research,,"Abayskiy, KZ-QG, KZ",olya27749,outside,outside,outside_candidate_almaty_region
Thymus marschallianus,Thymus_marschallianus.json,288216600,https://www.inaturalist.org/observations/288216600,Thymus pannonicus,169751,2025-06-08,2025-06-08 11:56:23,49.4707901822,72.8393984679,,,8,needs_id,cc-by-nc,"Abayskiy, KZ-QG, KZ",gavelana,outside,outside,outside_candidate_almaty_region
Thymus marschallianus,Thymus_marschallianus.json,288125717,https://www.inaturalist.org/observations/288125717,Thymus pannonicus,169751,2025-06-09,2025-06-09T11:58,49.47048,72.8340833333,,,3,needs_id,cc-by-nc,"Karagandy, KZ",ospan_birzhan,outside,outside,outside_candidate_almaty_region
Thymus marschallianus,Thymus_marschallianus.json,288143485,https://www.inaturalist.org/observations/288143485,Thymus pannonicus,169751,2025-06-09,2025-06-09 12:50:28,49.7812607,73.1721682,,,,needs_id,cc-by,"Кунгей микрорайон, 100000 Караганда, Казахстан",sharpnel,outside,outside,outside_candidate_almaty_region
Thymus marschallianus,Thymus_marschallianus.json,288135865,https://www.inaturalist.org/observations/288135865,Thymus pannonicus,169751,2025-06-09,2025-06-09 12:53:01,52.9342382997,69.0978015997,,,,needs_id,,"District de Zerendi, Kazakhstan",karen37551,outside,outside,outside_candidate_almaty_region
Thymus marschallianus,Thymus_marschallianus.json,288388117,https://www.inaturalist.org/observations/288388117,Thymus pannonicus,169751,2025-06-10,2025-06-10 09:38:28+05:00,47.152799042,81.7886873335,,,3,needs_id,,"Семипалатинск, KZ",orazov,outside,outside,outside_candidate_almaty_region
Thymus marschallianus,Thymus_marschallianus.json,288578995,https://www.inaturalist.org/observations/288578995,Thymus pannonicus,169751,2025-06-11,2025-06-11,49.5125119878,72.8204753995,,,2906,needs_id,cc-by-nc,"GR7C+WCF, Топар 100000, Казахстан",beraly,outside,outside,outside_candidate_almaty_region
Thymus marschallianus,Thymus_marschallianus.json,289201011,https://www.inaturalist.org/observations/289201011,Thymus pannonicus,169751,2025-06-13,2025-06-13 12:08:44+05:00,49.7745570922,73.1269140288,,,6,needs_id,,"проспект Шахтёров, Караганда, Караганда, KZ",nonna_tugay,outside,outside,outside_candidate_almaty_region
Thymus marschallianus,Thymus_marschallianus.json,292574501,https://www.inaturalist.org/observations/292574501,Thymus pannonicus,169751,2025-06-25,2025-06-25 14:28:30,50.9430298163,49.9396971893,,,9,needs_id,cc-by,"Таскалинский район, Казахстан",margarita_ishmuratova,outside,outside,outside_candidate_almaty_region
Thymus marschallianus,Thymus_marschallianus.json,292616866,https://www.inaturalist.org/observations/292616866,Thymus pannonicus,169751,2025-06-25,2025-06-25 15:49:45,50.231959,57.122325,,,5,needs_id,cc-by-nc,"Aqtobe, KZ-AT, KZ",daisan,outside,outside,outside_candidate_almaty_region
Thymus marschallianus,Thymus_marschallianus.json,292616899,https://www.inaturalist.org/observations/292616899,Thymus pannonicus,169751,2025-06-25,2025-06-25 15:50:36,50.231957,57.122309,,,2,needs_id,cc-by-nc,"Aqtobe, KZ-AT, KZ",daisan,outside,outside,outside_candidate_almaty_region
Thymus marschallianus,Thymus_marschallianus.json,294136888,https://www.inaturalist.org/observations/294136888,Thymus pannonicus,169751,2025-06-29,2025-06-29 09:45:17,50.7515868889,51.6148566944,,,,needs_id,cc-by,"Terektinskiy, KZ-WK, KZ",igor78169,outside,outside,outside_candidate_almaty_region
Thymus marschallianus,Thymus_marschallianus.json,294578891,https://www.inaturalist.org/observations/294578891,Thymus pannonicus,169751,2025-07-02,2025-07-02 16:37:43,50.292752,57.055923,,,5,needs_id,cc-by-nc,"Aqtobe, KZ-AT, KZ",daisan,outside,outside,outside_candidate_almaty_region
Thymus marschallianus,Thymus_marschallianus.json,298421959,https://www.inaturalist.org/observations/298421959,Thymus pannonicus,169751,2025-07-11,2025/07/11 4:32 PM,49.4476633068,75.3890398001,,,,needs_id,cc-by,"Karkaraly District, Kazakhstan",max_carabus,outside,outside,outside_candidate_almaty_region
Thymus marschallianus,Thymus_marschallianus.json,303380188,https://www.inaturalist.org/observations/303380188,Thymus pannonicus,169751,2025-08-03,2025-08-03 14:27:47,50.3067183333,57.0507966667,,,5,needs_id,cc-by-nc,"Aqtobe, KZ-AT, KZ",daisan,outside,outside,outside_candidate_almaty_region
Thymus marschallianus,Thymus_marschallianus.json,308421138,https://www.inaturalist.org/observations/308421138,Thymus pannonicus,169751,2025-08-23,2025-08-23 15:49:03,50.3563216436,57.3398033157,,,4,research,cc-by-nc,"Aqtobe, KZ-AT, KZ",daisan,outside,outside,outside_candidate_almaty_region
Thymus marschallianus,Thymus_marschallianus.json,365668190,https://www.inaturalist.org/observations/365668190,Thymus pannonicus,169751,2026-05-27,2026-05-27 13:20:06,50.34275,57.33834,,,2,research,cc-by-nc,"Aktobe, Казахстан",daisan,outside,outside,outside_candidate_almaty_region
Thymus marschallianus,Thymus_marschallianus.json,365668785,https://www.inaturalist.org/observations/365668785,Thymus pannonicus,169751,2026-05-27,2026-05-27 13:30:05,50.3435866667,57.339695,,,4,research,cc-by-nc,"Aktobe, Казахстан",daisan,outside,outside,outside_candidate_almaty_region
Thymus marschallianus,Thymus_marschallianus.json,370380491,https://www.inaturalist.org/observations/370380491,Thymus pannonicus,169751,2026-05-31,2026-05-31 10:48:29,50.3290694444,57.3749027778,,,,needs_id,cc-by-nc,"89HG+2F, Aqtöbe, Kasachstan",ellaschmella,outside,outside,outside_candidate_almaty_region
Thymus marschallianus,Thymus_marschallianus.json,367064440,https://www.inaturalist.org/observations/367064440,Thymus pannonicus,169751,2026-05-31,2026-05-31 13:18:21,50.4900516667,57.4638866667,,,2,research,cc-by-nc,"Aqtobe, KZ-AT, KZ",daisan,outside,outside,outside_candidate_almaty_region
Thymus marschallianus,Thymus_marschallianus.json,367064706,https://www.inaturalist.org/observations/367064706,Thymus pannonicus,169751,2026-05-31,2026-05-31 13:20:18,50.4900483333,57.4639116667,,,2,research,cc-by-nc,"Aqtobe, KZ-AT, KZ",daisan,outside,outside,outside_candidate_almaty_region
Thymus marschallianus,Thymus_marschallianus.json,368434738,https://www.inaturalist.org/observations/368434738,Thymus pannonicus,169751,2026-06-04,2026-06-04 10:03:57+05:00,51.105475,51.3237833333,,,3,needs_id,cc-by-nc,"Уральск, KZ",raiymbek,outside,outside,outside_candidate_almaty_region
Thymus marschallianus,Thymus_marschallianus.json,368549037,https://www.inaturalist.org/observations/368549037,Thymus pannonicus,169751,2026-06-05,2026-06-05 09:54:12,49.4708189322,72.8361932282,,,3,needs_id,cc-by-nc,"Abayskiy, KZ-QG, KZ",farizaamanzholova,outside,outside,outside_candidate_almaty_region
Thymus marschallianus,Thymus_marschallianus.json,370553030,https://www.inaturalist.org/observations/370553030,Thymus pannonicus,169751,2026-06-05,2026-06-05 09:59:44,49.4646092185,72.8461394459,,,4,research,cc-by-nc,"GR8C+JPR, Топар 100000, Казахстан",renata_a,outside,outside,outside_candidate_almaty_region
Thymus marschallianus,Thymus_marschallianus.json,368650957,https://www.inaturalist.org/observations/368650957,Thymus pannonicus,169751,2026-06-05,2026-06-05 10:04:24+05:00,49.4708216667,72.837525,,,3,needs_id,cc-by-nc,"Караганда, KZ",lidiamrnv,outside,outside,outside_candidate_almaty_region
Thymus marschallianus,Thymus_marschallianus.json,370577709,https://www.inaturalist.org/observations/370577709,Thymus pannonicus,169751,2026-06-05,2026-06-05 10:09:22,49.469557302,72.8346193582,,,10,research,cc-by-nc,"FR8P+V8X, 100000, Казахстан",zarina_a,outside,outside,outside_candidate_almaty_region
Thymus marschallianus,Thymus_marschallianus.json,368637237,https://www.inaturalist.org/observations/368637237,Thymus pannonicus,169751,2026-06-05,2026-06-05 13:43:35,50.3090616667,57.575525,,,5,needs_id,cc-by-nc,"Aqtobe, KZ-AT, KZ",daisan,outside,outside,outside_candidate_almaty_region
Thymus marschallianus,Thymus_marschallianus.json,368637323,https://www.inaturalist.org/observations/368637323,Thymus pannonicus,169751,2026-06-05,2026-06-05 13:43:57,50.3091733333,57.5755616667,,,3,needs_id,cc-by-nc,"Aqtobe, KZ-AT, KZ",daisan,outside,outside,outside_candidate_almaty_region
Thymus marschallianus,Thymus_marschallianus.json,368637403,https://www.inaturalist.org/observations/368637403,Thymus pannonicus,169751,2026-06-05,2026-06-05 13:44:14,50.309125,57.57569,,,2,needs_id,cc-by-nc,"Aqtobe, KZ-AT, KZ",daisan,outside,outside,outside_candidate_almaty_region
Thymus marschallianus,Thymus_marschallianus.json,368645355,https://www.inaturalist.org/observations/368645355,Thymus pannonicus,169751,2026-06-05,2026-06-05 15:42:54,50.3155399683,57.5814465433,,,4,needs_id,cc-by-nc,"Aqtobe, KZ-AT, KZ",daisan,outside,outside,outside_candidate_almaty_region
Thymus marschallianus,Thymus_marschallianus.json,368645620,https://www.inaturalist.org/observations/368645620,Thymus pannonicus,169751,2026-06-05,2026-06-05 15:44:49,50.31559,57.5813366667,,,2,needs_id,cc-by-nc,"Aqtobe, KZ-AT, KZ",daisan,outside,outside,outside_candidate_almaty_region
Thymus marschallianus,Thymus_marschallianus.json,368645862,https://www.inaturalist.org/observations/368645862,Thymus pannonicus,169751,2026-06-05,2026-06-05 15:46:38,50.3155782911,57.5813348964,,,3,needs_id,cc-by-nc,"Aqtobe, KZ-AT, KZ",daisan,outside,outside,outside_candidate_almaty_region
Thymus marschallianus,Thymus_marschallianus.json,368647183,https://www.inaturalist.org/observations/368647183,Thymus pannonicus,169751,2026-06-05,2026-06-05 16:14:12,50.3199832739,57.5793882832,,,3,needs_id,cc-by-nc,"Aqtobe, KZ-AT, KZ",daisan,outside,outside,outside_candidate_almaty_region
Thymus marschallianus,Thymus_marschallianus.json,368647924,https://www.inaturalist.org/observations/368647924,Thymus pannonicus,169751,2026-06-05,2026-06-05 16:32:57,50.3183999591,57.575464882,,,5,needs_id,cc-by-nc,"Aqtobe, KZ-AT, KZ",daisan,outside,outside,outside_candidate_almaty_region
Thymus marschallianus,Thymus_marschallianus.json,368648055,https://www.inaturalist.org/observations/368648055,Thymus pannonicus,169751,2026-06-05,2026-06-05 16:35:46,50.3182299787,57.5753998384,,,4,needs_id,cc-by-nc,"Aqtobe, KZ-AT, KZ",daisan,outside,outside,outside_candidate_almaty_region
Thymus marschallianus,Thymus_marschallianus.json,368648271,https://www.inaturalist.org/observations/368648271,Thymus pannonicus,169751,2026-06-05,2026-06-05 16:44:20,50.3150516183,57.5728916377,,,4,needs_id,cc-by-nc,"Aqtobe, KZ-AT, KZ",daisan,outside,outside,outside_candidate_almaty_region
Thymus marschallianus,Thymus_marschallianus.json,369959857,https://www.inaturalist.org/observations/369959857,Thymus pannonicus,169751,2026-06-06,2026-06-06 09:46:38,49.4727149329,72.847211659,,,29,research,cc-by-nc,"100000 Южный, Казахстан",elizaveta66001,outside,outside,outside_candidate_almaty_region
Thymus marschallianus,Thymus_marschallianus.json,369226734,https://www.inaturalist.org/observations/369226734,Thymus pannonicus,169751,2026-06-06,2026-06-06 09:46:42,49.4750096598,72.8391707316,,,3,research,cc-by-nc,"Абайский район, 100000, Казахстан",arina_h,outside,outside,outside_candidate_almaty_region
Thymus marschallianus,Thymus_marschallianus.json,369062710,https://www.inaturalist.org/observations/369062710,Thymus pannonicus,169751,2026-06-06,2026-06-06 09:53:02,49.474145,72.838005,,,6,research,cc-by-nc,"Karagandy, KZ",karibayeva_karina,outside,outside,outside_candidate_almaty_region
Thymus marschallianus,Thymus_marschallianus.json,369246347,https://www.inaturalist.org/observations/369246347,Thymus pannonicus,169751,2026-06-06,2026-06-06 10:18:00+05:00,49.47377,72.83708,,,8,research,cc-by-nc,"Караганда, KZ",ksenia_lnv,outside,outside,outside_candidate_almaty_region
Thymus marschallianus,Thymus_marschallianus.json,370908915,https://www.inaturalist.org/observations/370908915,Thymus pannonicus,169751,2026-06-06,2026-06-06 10:18:35,49.4777833333,72.837105,,,3,research,cc-by-nc,"Karagandy, KZ",adina_balabekova,outside,outside,outside_candidate_almaty_region
Thymus marschallianus,Thymus_marschallianus.json,370029270,https://www.inaturalist.org/observations/370029270,Thymus pannonicus,169751,2026-06-06,2026-06-06 10:27:22,49.471848473,72.8400753066,,,2541,needs_id,cc-by-nc,"Абайский район, 100000, Казахстан",vladik3,outside,outside,outside_candidate_almaty_region
Thymus marschallianus,Thymus_marschallianus.json,369210211,https://www.inaturalist.org/observations/369210211,Thymus pannonicus,169751,2026-06-06,2026-06-06 10:27:23,49.5149841308,72.8248519897,,,,research,cc-by-nc,"GR7G+G22, Топар 100000, Казахстан",timur84706,outside,outside,outside_candidate_almaty_region
Thymus marschallianus,Thymus_marschallianus.json,369635979,https://www.inaturalist.org/observations/369635979,Thymus pannonicus,169751,2026-06-07,2026-06-07 13:52:30,43.269495,69.8693466667,,,7,needs_id,cc-by-nc,"Jambyl, KZ",kubentayev_serik,outside,outside,outside_candidate_almaty_region
Thymus marschallianus,Thymus_marschallianus.json,369408013,https://www.inaturalist.org/observations/369408013,Thymus pannonicus,169751,2026-06-07,2026-06-07 22:47:35+05:00,49.470825,72.8375083333,,,2,needs_id,cc-by-nc,"Караганда, KZ",arinatsoy,outside,outside,outside_candidate_almaty_region
Thymus marschallianus,Thymus_marschallianus.json,372294261,https://www.inaturalist.org/observations/372294261,Thymus pannonicus,169751,2026-06-16,2026-06-16 12:08:22,50.455965,57.0454483333,,,2,needs_id,cc-by-nc,"Aqtobe, KZ-AT, KZ",daisan,outside,outside,outside_candidate_almaty_region
Thymus marschallianus,Thymus_marschallianus.json,372294316,https://www.inaturalist.org/observations/372294316,Thymus pannonicus,169751,2026-06-16,2026-06-16 12:08:59,50.4559833333,57.0455033333,,,4,needs_id,cc-by-nc,"Aqtobe, KZ-AT, KZ",daisan,outside,outside,outside_candidate_almaty_region
Thymus marschallianus,Thymus_marschallianus.json,372294562,https://www.inaturalist.org/observations/372294562,Thymus pannonicus,169751,2026-06-16,2026-06-16 12:12:32,50.4560666667,57.0457016667,,,5,needs_id,cc-by-nc,"Aqtobe, KZ-AT, KZ",daisan,outside,outside,outside_candidate_almaty_region
Thymus marschallianus,Thymus_marschallianus.json,372294741,https://www.inaturalist.org/observations/372294741,Thymus pannonicus,169751,2026-06-16,2026-06-16 12:15:32,50.45629,57.04619,,,4,needs_id,cc-by-nc,"Aqtobe, KZ-AT, KZ",daisan,outside,outside,outside_candidate_almaty_region
Thymus marschallianus,Thymus_marschallianus.json,372294829,https://www.inaturalist.org/observations/372294829,Thymus pannonicus,169751,2026-06-16,2026-06-16 12:16:34,50.4562333333,57.04647,,,4,needs_id,cc-by-nc,"Aqtobe, KZ-AT, KZ",daisan,outside,outside,outside_candidate_almaty_region
Thymus marschallianus,Thymus_marschallianus.json,372294887,https://www.inaturalist.org/observations/372294887,Thymus pannonicus,169751,2026-06-16,2026-06-16 12:17:22,50.4564466667,57.0463766667,,,3,needs_id,cc-by-nc,"Aqtobe, KZ-AT, KZ",daisan,outside,outside,outside_candidate_almaty_region
Thymus marschallianus,Thymus_marschallianus.json,372294970,https://www.inaturalist.org/observations/372294970,Thymus pannonicus,169751,2026-06-16,2026-06-16 12:19:38,50.4567466808,57.0469865575,,,2,needs_id,cc-by-nc,"Aqtobe, KZ-AT, KZ",daisan,outside,outside,outside_candidate_almaty_region
Thymus marschallianus,Thymus_marschallianus.json,372295059,https://www.inaturalist.org/observations/372295059,Thymus pannonicus,169751,2026-06-16,2026-06-16 12:22:17,50.4567121007,57.0470066741,,,3,needs_id,cc-by-nc,"Aqtobe, KZ-AT, KZ",daisan,outside,outside,outside_candidate_almaty_region
Thymus marschallianus,Thymus_marschallianus.json,372295509,https://www.inaturalist.org/observations/372295509,Thymus pannonicus,169751,2026-06-16,2026-06-16 12:26:56,50.4568366667,57.04715,,,2,needs_id,cc-by-nc,"Aqtobe, KZ-AT, KZ",daisan,outside,outside,outside_candidate_almaty_region
Thymus marschallianus,Thymus_marschallianus.json,372295873,https://www.inaturalist.org/observations/372295873,Thymus pannonicus,169751,2026-06-16,2026-06-16 12:36:50,50.4587033333,57.0489683333,,,7,needs_id,cc-by-nc,"Aqtobe, KZ-AT, KZ",daisan,outside,outside,outside_candidate_almaty_region
Thymus marschallianus,Thymus_marschallianus.json,373704487,https://www.inaturalist.org/observations/373704487,Thymus pannonicus,169751,2026-06-19,2026/06/19 14:20,53.3088156065,68.0689919638,,,15,needs_id,cc-by-nc,"150000 Саумалколь, Казахстан",albert_betsyv,outside,outside,outside_candidate_almaty_region
Thymus marschallianus,Thymus_marschallianus.json,373705478,https://www.inaturalist.org/observations/373705478,Thymus pannonicus,169751,2026-06-19,2026/06/19 14:21,53.3087847084,68.0689902252,,,15,needs_id,cc-by-nc,"150000 Саумалколь, Казахстан",albert_betsyv,outside,outside,outside_candidate_almaty_region
Thymus marschallianus,Thymus_marschallianus.json,375258680,https://www.inaturalist.org/observations/375258680,Thymus pannonicus,169751,2026-06-21,2026-06-21 04:54:29,51.9568956997,71.0659641,,,,needs_id,,"Аккольский район, 020000, Казахстан",natalyabachinskaya,outside,outside,outside_candidate_almaty_region
Thymus marschallianus,Thymus_marschallianus.json,375231954,https://www.inaturalist.org/observations/375231954,Thymus pannonicus,169751,2026-06-25,2026-06-25 13:03:24,50.40704,57.271355,,,2,needs_id,cc-by-nc,"Aqtobe, KZ-AT, KZ",daisan,outside,outside,outside_candidate_almaty_region
Thymus marschallianus,Thymus_marschallianus.json,375237982,https://www.inaturalist.org/observations/375237982,Thymus pannonicus,169751,2026-06-25,2026-06-25 15:15:07,50.4107766667,57.2713566667,,,3,needs_id,cc-by-nc,"Aqtobe, KZ-AT, KZ",daisan,outside,outside,outside_candidate_almaty_region
Thymus marschallianus,Thymus_marschallianus.json,375226452,https://www.inaturalist.org/observations/375226452,Thymus pannonicus,169751,2026-06-25,2026-06-25 16:03:59,50.411135,57.272255,,,4,needs_id,cc-by-nc,"Aqtobe, KZ-AT, KZ",daisan,outside,outside,outside_candidate_almaty_region
Thymus marschallianus,Thymus_marschallianus.json,376227034,https://www.inaturalist.org/observations/376227034,Thymus pannonicus,169751,2026-06-28,2026-06-28 16:40:43,50.3535083333,57.338515,,,2,needs_id,cc-by-nc,"Aqtobe, KZ-AT, KZ",daisan,outside,outside,outside_candidate_almaty_region
Thymus marschallianus,Thymus_marschallianus.json,376229441,https://www.inaturalist.org/observations/376229441,Thymus pannonicus,169751,2026-06-28,2026-06-28 17:03:32,50.3533566667,57.34101,,,2,needs_id,cc-by-nc,"Aqtobe, KZ-AT, KZ",daisan,outside,outside,outside_candidate_almaty_region
Thymus marschallianus,Thymus_marschallianus.json,389130718,https://www.inaturalist.org/observations/389130718,Thymus pannonicus,169751,2026-06-28,2026/06/28 17:49,48.5409619722,66.859333,,,,needs_id,cc-by-nc,"Улытауский район, 100000, Казахстан",atamat,outside,outside,outside_candidate_almaty_region
Thymus marschallianus,Thymus_marschallianus.json,390372259,https://www.inaturalist.org/observations/390372259,Thymus pannonicus,169751,2026-06-29,2026/06/29 12:58,48.628666,66.947702,,,,needs_id,cc-by-nc,"Улытауский район, 100000, Казахстан",atamat,outside,outside,outside_candidate_almaty_region
Thymus marschallianus,Thymus_marschallianus.json,377044141,https://www.inaturalist.org/observations/377044141,Thymus pannonicus,169751,2026-06-30,2026-06-30 13:34:49+05:00,50.9708741215,56.9632215053,,,4,needs_id,cc-by-nc,"Актюбинская область, KZ",bazargaliyevaaliya,outside,outside,outside_candidate_almaty_region
Thymus marschallianus,Thymus_marschallianus.json,377458946,https://www.inaturalist.org/observations/377458946,Thymus pannonicus,169751,2026-07-02,2026-07-02 14:35:40,50.3529966667,57.3327566667,,,4,needs_id,cc-by-nc,"Aqtobe, KZ-AT, KZ",daisan,outside,outside,outside_candidate_almaty_region
Thymus marschallianus,Thymus_marschallianus.json,378352059,https://www.inaturalist.org/observations/378352059,Thymus pannonicus,169751,2026-07-05,2026-07-05 11:21:54,49.2111695866,75.8971421712,,,55,needs_id,cc-by-nc,"Karagandy, KZ",morozovexplorer,outside,outside,outside_candidate_almaty_region
Thymus marschallianus,Thymus_marschallianus.json,379061611,https://www.inaturalist.org/observations/379061611,Thymus pannonicus,169751,2026-07-07,2026-07-07 12:45:29,50.2858083333,56.9627233333,,,4,needs_id,cc-by-nc,"Aqtobe, KZ-AT, KZ",daisan,outside,outside,outside_candidate_almaty_region
Thymus marschallianus,Thymus_marschallianus.json,379062445,https://www.inaturalist.org/observations/379062445,Thymus pannonicus,169751,2026-07-07,2026-07-07 12:58:24,50.2859216667,56.9616966667,,,4,needs_id,cc-by-nc,"Aqtobe, KZ-AT, KZ",daisan,outside,outside,outside_candidate_almaty_region
Thymus marschallianus,Thymus_marschallianus.json,379062613,https://www.inaturalist.org/observations/379062613,Thymus pannonicus,169751,2026-07-07,2026-07-07 13:01:15,50.2860916667,56.9611316667,,,5,needs_id,cc-by-nc,"Aqtobe, KZ-AT, KZ",daisan,outside,outside,outside_candidate_almaty_region
Thymus marschallianus,Thymus_marschallianus.json,381998390,https://www.inaturalist.org/observations/381998390,Thymus pannonicus,169751,2026-07-16,2026-07-16 15:52:35,50.2002516667,57.0588116667,,,5,needs_id,cc-by-nc,"Aqtobe, KZ-AT, KZ",daisan,outside,outside,outside_candidate_almaty_region
Thymus marschallianus,Thymus_marschallianus.json,388221276,https://www.inaturalist.org/observations/388221276,Thymus pannonicus,169751,2026-08-04,2026-08-04 14:11:58,50.405495,57.2714683333,,,7,research,cc-by-nc,"Aqtobe, KZ-AT, KZ",daisan,outside,outside,outside_candidate_almaty_region
Thymus marschallianus,Thymus_marschallianus.json,390503240,https://www.inaturalist.org/observations/390503240,Thymus pannonicus,169751,2026-08-06,2026-08-06 09:39:21+05:00,47.171305,82.0351416667,,,4,needs_id,cc-by-nc,"Тарбағатай ұлттық паркі, Семипалатинск, KZ",yertay,outside,outside,outside_candidate_almaty_region
Thymus marschallianus,Thymus_marschallianus.json,389038534,https://www.inaturalist.org/observations/389038534,Thymus pannonicus,169751,2026-08-07,2026-08-07 14:17:16,50.345265,57.3398883333,,,6,needs_id,cc-by-nc,"Aqtobe, KZ-AT, KZ",daisan,outside,outside,outside_candidate_almaty_region
Thymus marschallianus,Thymus_marschallianus.json,390533015,https://www.inaturalist.org/observations/390533015,Thymus pannonicus,169751,2026-08-10,2026/08/10 17:41,47.4662442649,84.8886728204,,,15,needs_id,cc-by-nc,"070000 Зайсан, Казахстан",albert_betsyv,outside,outside,outside_candidate_almaty_region
Thymus marschallianus,Thymus_marschallianus.json,391755962,https://www.inaturalist.org/observations/391755962,Thymus pannonicus,169751,2026-08-16,2026-08-16 16:01:38,50.365205,57.3559166667,,,6,needs_id,cc-by-nc,"Aqtobe, KZ-AT, KZ",daisan,outside,outside,outside_candidate_almaty_region
Veratrum lobelianum,Veratrum_lobelianum.json,302305049,https://www.inaturalist.org/observations/302305049,Veratrum lobelianum,470430,2008-07-15,2008/07/15 08:40,50.4170631991,84.1338750329,,,122,research,cc-by-nc,"Ridder, Казахстан",natalyap,outside,outside,outside_candidate_almaty_region
Veratrum lobelianum,Veratrum_lobelianum.json,154053502,https://www.inaturalist.org/observations/154053502,Veratrum lobelianum,470430,2010-07-27,2010/07/27 12:07 PM,49.0959154372,85.9682041222,,,75,research,cc0,"Kazakhstan, East Kazakhstan Province, Katon-Karagay District, the Tarbagatay River middle reaches, a sedge bog on an ancient dead glacier moraine, 4 km NW of Verkhnee Zimovye Stationary",oleg_kosterin,outside,outside,outside_candidate_almaty_region
Veratrum lobelianum,Veratrum_lobelianum.json,147612095,https://www.inaturalist.org/observations/147612095,Veratrum lobelianum,470430,2012-05-02,2012/05/02 14:05,49.936977794,82.843829713,,,488,research,cc-by-nc,"Восточно-Казахстанская область, 070000, Казахстан",kvm_kvm,outside,outside,outside_candidate_almaty_region
Veratrum lobelianum,Veratrum_lobelianum.json,71872249,https://www.inaturalist.org/observations/71872249,Veratrum lobelianum,470430,2012-06-20,2012-06-20 6:16:13 PM GMT+06:00,48.8705091408,85.7463578135,,,239566,research,cc-by-nc,"Курчумский район, 070000, Казахстан",kubentayev_serik,outside,outside,outside_candidate_almaty_region
Veratrum lobelianum,Veratrum_lobelianum.json,38505915,https://www.inaturalist.org/observations/38505915,Veratrum lobelianum,470430,2014-05-30,2014/05/30 6:02 PM CEST,50.3718916123,83.9375267333,,,1953,research,cc-by-nc-nd,"Ostkasachstan, 070000, Kasachstan",ralphma,outside,outside,outside_candidate_almaty_region
Veratrum lobelianum,Veratrum_lobelianum.json,38087094,https://www.inaturalist.org/observations/38087094,Veratrum lobelianum,470430,2014-05-30,2014/05/30 5:59 PM HST,50.7390616667,83.02368,,,,research,cc-by-nc-nd,"Glubokovskiy, East Kazakhstan, Kazakhstan",ralphma,outside,outside,outside_candidate_almaty_region
Veratrum lobelianum,Veratrum_lobelianum.json,199177935,https://www.inaturalist.org/observations/199177935,Veratrum lobelianum,470430,2022-06-03,2022/06/03 14:48,50.149070549,82.9747454535,,,488,research,cc-by-nc,"Глубоковский район, 070000, Казахстан",kubentayev_serik,outside,outside,outside_candidate_almaty_region
Veratrum lobelianum,Veratrum_lobelianum.json,199178463,https://www.inaturalist.org/observations/199178463,Veratrum lobelianum,470430,2022-06-03,2022/06/03 15:39,50.3521181328,83.5603606371,,,488,research,cc-by-nc,"070000 Риддер, Казахстан",kubentayev_serik,outside,outside,outside_candidate_almaty_region
Veratrum lobelianum,Veratrum_lobelianum.json,199177937,https://www.inaturalist.org/observations/199177937,Veratrum lobelianum,470430,2022-06-04,2022/06/04 08:01,50.1567698801,82.9850451361,,,488,research,cc-by-nc,"Глубоковский район, 070000, Казахстан",kubentayev_serik,outside,outside,outside_candidate_almaty_region
Veratrum lobelianum,Veratrum_lobelianum.json,199177995,https://www.inaturalist.org/observations/199177995,Veratrum lobelianum,470430,2022-06-18,2022/06/18 09:56,50.4289864387,83.4949224001,,,3906,research,cc-by-nc,"Ridder, Казахстан",kubentayev_serik,outside,outside,outside_candidate_almaty_region
Veratrum lobelianum,Veratrum_lobelianum.json,147524191,https://www.inaturalist.org/observations/147524191,Veratrum lobelianum,470430,2022-06-18,2022/06/18 09:57,49.9473266389,82.6209258889,,,,casual,cc-by-nc,"Усть-Каменогорск 070000, Казахстан",kvm_kvm,outside,outside,outside_candidate_almaty_region
Veratrum lobelianum,Veratrum_lobelianum.json,199179503,https://www.inaturalist.org/observations/199179503,Veratrum lobelianum,470430,2022-07-18,2022/07/18 11:41,48.8914897011,86.1340280401,,,7813,research,cc-by-nc,"Курчумский район, 070000, Казахстан",kubentayev_serik,outside,outside,outside_candidate_almaty_region
Veratrum lobelianum,Veratrum_lobelianum.json,172534752,https://www.inaturalist.org/observations/172534752,Veratrum lobelianum,470430,2023-07-12,2023-07-12 13:55:29+06:00,49.514205,86.4465633333,,,4,research,,"Катон-Карагайский государственный национальный природный парк, Восточный Казахстан, KZ",komella,outside,outside,outside_candidate_almaty_region
Veratrum lobelianum,Veratrum_lobelianum.json,175323415,https://www.inaturalist.org/observations/175323415,Veratrum lobelianum,470430,2023-07-17,2023/07/17 11:16,50.908125,82.909777,,,,research,cc-by-nc,"Змеиногорский р-н, Алтайский край, Россия",petr_kosachev,outside,outside,outside_candidate_almaty_region
Veratrum lobelianum,Veratrum_lobelianum.json,209246639,https://www.inaturalist.org/observations/209246639,Veratrum lobelianum,470430,2023-08-04,2023-08-04 16:52:42,49.5361960116,86.532023102,,,697,research,cc-by-nc,"Катон-Карагайский район, Казахстан",lapkinanastya28,outside,outside,outside_candidate_almaty_region
Veratrum lobelianum,Veratrum_lobelianum.json,273329206,https://www.inaturalist.org/observations/273329206,Veratrum lobelianum,470430,2024-04-21,2024-04-21 09:17:10,49.3975333333,46.7959583333,,,4,needs_id,cc-by-nc,"Pallasovsky District, Volgograd Oblast, RU",alex_churilina,outside,outside,outside_candidate_almaty_region
Veratrum lobelianum,Veratrum_lobelianum.json,223629394,https://www.inaturalist.org/observations/223629394,Veratrum lobelianum,470430,2024-05-26,2024-05-26 08:19:03+05:00,50.385625,84.1167221667,,,24,research,cc-by-nc,"A9, East Kazakhstan, KZ",katharineadele,outside,outside,outside_candidate_almaty_region
Veratrum lobelianum,Veratrum_lobelianum.json,286001472,https://www.inaturalist.org/observations/286001472,Veratrum lobelianum,470430,2025-05-30,2025-05-30 10:28:42,50.3667641997,84.2507758997,,,,research,cc-by-nc,"Ridder, Kazakhstan",carolynstewart,outside,outside,outside_candidate_almaty_region
Veratrum lobelianum,Veratrum_lobelianum.json,288001631,https://www.inaturalist.org/observations/288001631,Veratrum lobelianum,470430,2025-06-03,2025/06/03 14:47,49.4363780875,82.371109905,,,61,research,cc-by-nc,"Уланский район, 070000, Казахстан",cptechinoidea,outside,outside,outside_candidate_almaty_region
Veratrum lobelianum,Veratrum_lobelianum.json,290621173,https://www.inaturalist.org/observations/290621173,Veratrum lobelianum,470430,2025-06-11,2025/06/11 15:19,50.3550111111,83.8948666667,,,4,needs_id,cc-by-nc,"Ridder, Казахстан",katerina_tyshkovskaya,outside,outside,outside_candidate_almaty_region
Veratrum lobelianum,Veratrum_lobelianum.json,293994366,https://www.inaturalist.org/observations/293994366,Veratrum lobelianum,470430,2025-06-20,2025/06/20 11:30,50.38610075,84.1163711389,,,,research,cc-by,"Ridder, Казахстан",alexanderdubynin,outside,outside,outside_candidate_almaty_region
Veratrum lobelianum,Veratrum_lobelianum.json,291194904,https://www.inaturalist.org/observations/291194904,Veratrum lobelianum,470430,2025-06-20,2025-06-20 11:30:17,50.3857566667,84.1163633333,,,,needs_id,cc-by,"Leninogorsk, KZ-EK, KZ",dryomys,outside,outside,outside_candidate_almaty_region
Veratrum lobelianum,Veratrum_lobelianum.json,291232754,https://www.inaturalist.org/observations/291232754,Veratrum lobelianum,470430,2025-06-20,2025-06-20 12:14:30,50.38199433,84.12061869,,,3,research,cc-by,"Leninogorsk, KZ-EK, KZ",max_carabus,outside,outside,outside_candidate_almaty_region
Veratrum lobelianum,Veratrum_lobelianum.json,291232892,https://www.inaturalist.org/observations/291232892,Veratrum lobelianum,470430,2025-06-20,2025-06-20 12:30:01,50.38093122,84.12233998,,,3,research,cc-by,"Leninogorsk, KZ-EK, KZ",max_carabus,outside,outside,outside_candidate_almaty_region
Veratrum lobelianum,Veratrum_lobelianum.json,291195824,https://www.inaturalist.org/observations/291195824,Veratrum lobelianum,470430,2025-06-20,2025-06-20 12:30:53,50.3807383333,84.12248,,,,research,cc-by,"Leninogorsk, KZ-EK, KZ",dryomys,outside,outside,outside_candidate_almaty_region
Veratrum lobelianum,Veratrum_lobelianum.json,293996236,https://www.inaturalist.org/observations/293996236,Veratrum lobelianum,470430,2025-06-20,2025/06/20 13:33,50.3810316,84.1223999,,,,research,cc-by,"Ridder, Казахстан",alexanderdubynin,outside,outside,outside_candidate_almaty_region
Veratrum lobelianum,Veratrum_lobelianum.json,295482593,https://www.inaturalist.org/observations/295482593,Veratrum lobelianum,470430,2025-06-20,2025/06/20 1:34 PM,50.3810660599,84.12281039,,,,research,cc-by,"Ridder, Kazakhstan",max_carabus,outside,outside,outside_candidate_almaty_region
Veratrum lobelianum,Veratrum_lobelianum.json,305231279,https://www.inaturalist.org/observations/305231279,Veratrum lobelianum,470430,2025-06-26,2025/06/26 15:46,50.3227170708,84.2213450795,,,265,research,cc-by-nc,"Ridder, Казахстан",ser_nk,outside,outside,outside_candidate_almaty_region
Veratrum lobelianum,Veratrum_lobelianum.json,370859063,https://www.inaturalist.org/observations/370859063,Veratrum lobelianum,470430,2026-06-12,2026-06-12 09:15:43,50.6116662,83.8322151997,,,,needs_id,cc-by-nc,"Ridder, Казахстан",nkanunnikov,outside,outside,outside_candidate_almaty_region
Veratrum lobelianum,Veratrum_lobelianum.json,373160020,https://www.inaturalist.org/observations/373160020,Veratrum lobelianum,470430,2026-06-18,2026/06/18 12:22,50.4058761265,84.1676627121,,,8,research,cc-by-nc,"Ridder, Казахстан",natalyap,outside,outside,outside_candidate_almaty_region
Veratrum lobelianum,Veratrum_lobelianum.json,376512441,https://www.inaturalist.org/observations/376512441,Veratrum lobelianum,470430,2026-06-25,2026/06/25 15:34,50.5499239771,83.6748263925,,,31,research,cc-by-nc,"Ridder, Казахстан",albert_betsyv,outside,outside,outside_candidate_almaty_region
Veratrum lobelianum,Veratrum_lobelianum.json,376523623,https://www.inaturalist.org/observations/376523623,Veratrum lobelianum,470430,2026-06-26,2026/06/26 11:38,50.3438581964,83.6897988522,,,61,research,cc-by-nc,"Ridder, Казахстан",albert_betsyv,outside,outside,outside_candidate_almaty_region
Veratrum lobelianum,Veratrum_lobelianum.json,376524121,https://www.inaturalist.org/observations/376524121,Veratrum lobelianum,470430,2026-06-26,2026/06/26 11:38,50.33641413,83.6748419888,,,244,research,cc-by-nc,"Ridder, Казахстан",albert_betsyv,outside,outside,outside_candidate_almaty_region
Veratrum lobelianum,Veratrum_lobelianum.json,376530731,https://www.inaturalist.org/observations/376530731,Veratrum lobelianum,470430,2026-06-26,2026/06/26 12:28,50.4216548551,83.8114916698,,,61,research,cc-by-nc,"Ridder, Казахстан",albert_betsyv,outside,outside,outside_candidate_almaty_region
Veratrum lobelianum,Veratrum_lobelianum.json,382159310,https://www.inaturalist.org/observations/382159310,Veratrum lobelianum,470430,2026-07-08,2026-07-08 11:05:48,50.4057529722,84.019288,,,,research,cc-by,"Leninogorsk, KZ-EK, KZ",dryomys,outside,outside,outside_candidate_almaty_region
Veratrum lobelianum,Veratrum_lobelianum.json,382635007,https://www.inaturalist.org/observations/382635007,Veratrum lobelianum,470430,2026-07-09,2026-07-09 09:33:13+05:00,50.3861783333,84.1146,,,17,research,cc-by,"KZ16-02, Восточный Казахстан, KZ",yerbol_01,outside,outside,outside_candidate_almaty_region
Veratrum lobelianum,Veratrum_lobelianum.json,383384797,https://www.inaturalist.org/observations/383384797,Veratrum lobelianum,470430,2026-07-09,2026-07-09 17:30:52,50.41216065,84.17262412,,,7,research,cc-by,"Leninogorsk, KZ-EK, KZ",max_carabus,outside,outside,outside_candidate_almaty_region
Veratrum lobelianum,Veratrum_lobelianum.json,383385823,https://www.inaturalist.org/observations/383385823,Veratrum lobelianum,470430,2026-07-10,2026-07-10 16:00:13,50.38085642,84.12322619,,,9,research,cc-by,"Leninogorsk, KZ-EK, KZ",max_carabus,outside,outside,outside_candidate_almaty_region
Veratrum lobelianum,Veratrum_lobelianum.json,382598268,https://www.inaturalist.org/observations/382598268,Veratrum lobelianum,470430,2026-07-10,2026-07-10 16:25:19+05:00,50.3623592538,84.0249410791,,,1684,research,cc-by,"Восточный Казахстан, KZ",yerbol_01,outside,outside,outside_candidate_almaty_region
Veratrum lobelianum,Veratrum_lobelianum.json,381029854,https://www.inaturalist.org/observations/381029854,Veratrum lobelianum,470430,2026-07-12,2026-07-12 09:40:11+05:00,50.38435,84.1183555,,,178,research,,"Восточный Казахстан, KZ",orazov,outside,outside,outside_candidate_almaty_region
Veratrum lobelianum,Veratrum_lobelianum.json,383629615,https://www.inaturalist.org/observations/383629615,Veratrum lobelianum,470430,2026-07-15,2026-07-15 17:33:12,50.41051539,84.17337424,,,3,research,cc-by,"Leninogorsk, KZ-EK, KZ",max_carabus,outside,outside,outside_candidate_almaty_region
Ziziphora clinopodioides,Ziziphora_clinopodioides.json,38665975,https://www.inaturalist.org/observations/38665975,Ziziphora clinopodioides,507596,2005-08-26,2005/08/26 5:02 AM CEST,42.43848,70.4759186,,,1516,research,cc-by-nc,"Zhabagly, Kazachstan",oudejans,outside,outside,outside_candidate_almaty_region
Ziziphora clinopodioides,Ziziphora_clinopodioides.json,98183522,https://www.inaturalist.org/observations/98183522,Ziziphora clinopodioides,507596,2010-06-20,2010/06/20 1:24 дня SST,49.2438784727,67.02369686,,,737,research,cc-by-nc,"Улытауский район, Казахстан",pg18,outside,outside,outside_candidate_almaty_region
Ziziphora clinopodioides,Ziziphora_clinopodioides.json,144413183,https://www.inaturalist.org/observations/144413183,Ziziphora clinopodioides,507596,2010-06-29,2010/06/29 11:54,43.8333513038,68.3650361349,,,178,research,cc-by-nc,"г.а.Туркестан, Казахстан",pg18,outside,outside,outside_candidate_almaty_region
Ziziphora clinopodioides,Ziziphora_clinopodioides.json,249608335,https://www.inaturalist.org/observations/249608335,Ziziphora clinopodioides,507596,2011-07-20,2011/07/20 11:13,52.8268819471,66.5075023435,,,2185,research,,"Gabit Musirepov District, Казахстан",sergsergio,outside,outside,outside_candidate_almaty_region
Ziziphora clinopodioides,Ziziphora_clinopodioides.json,142616432,https://www.inaturalist.org/observations/142616432,Ziziphora clinopodioides,507596,2013-07-31,2013/07/31 15:27,49.7038978837,81.5571826875,,,17,research,cc-by-nc,"Жарминский район, 070000, Казахстан",veronik_abu,outside,outside,outside_candidate_almaty_region
Ziziphora clinopodioides,Ziziphora_clinopodioides.json,200992411,https://www.inaturalist.org/observations/200992411,Ziziphora clinopodioides,507596,2013-09-22,2013/09/22 15:48,50.0045183241,82.4734933514,,,244,research,cc-by-nc,Герасимовка,kvm_kvm,outside,outside,outside_candidate_almaty_region
Ziziphora clinopodioides,Ziziphora_clinopodioides.json,149968972,https://www.inaturalist.org/observations/149968972,Ziziphora clinopodioides,507596,2017-07-15,2017/07/15 14:25,49.9774686177,82.5421579022,,,1164,research,cc-by-nc,"Усть-Каменогорск 070000, Казахстан",kvm_kvm,outside,outside,outside_candidate_almaty_region
Ziziphora clinopodioides,Ziziphora_clinopodioides.json,150028434,https://www.inaturalist.org/observations/150028434,Ziziphora clinopodioides,507596,2017-07-15,2017/07/15 14:25,49.9216747539,82.6306433357,,,6539,research,cc-by-nc,"Усть-Каменогорск 070000, Казахстан",kvm_kvm,outside,outside,outside_candidate_almaty_region
Ziziphora clinopodioides,Ziziphora_clinopodioides.json,149911640,https://www.inaturalist.org/observations/149911640,Ziziphora clinopodioides,507596,2017-09-02,2017/09/02 11:54,49.9222618014,82.7248582182,,,1953,research,cc-by-nc,"Восточно-Казахстанская область, 070000, Казахстан",kvm_kvm,outside,outside,outside_candidate_almaty_region
Ziziphora clinopodioides,Ziziphora_clinopodioides.json,29772985,https://www.inaturalist.org/observations/29772985,Ziziphora clinopodioides,507596,2019-07-22,2019-07-22 3:10:10 PM GMT+06:00,50.3886358505,80.5320945382,,,9,research,cc-by-nc,"070000, Kazakhstan",kastani,outside,outside,outside_candidate_almaty_region
Ziziphora clinopodioides,Ziziphora_clinopodioides.json,30453590,https://www.inaturalist.org/observations/30453590,Ziziphora clinopodioides,507596,2019-07-26,2019-07-26 12:44:54 PM GMT+06:00,50.388676252,80.5307068303,,,33,research,cc-by-nc,"070000, Kazakhstan",kastani,outside,outside,outside_candidate_almaty_region
Ziziphora clinopodioides,Ziziphora_clinopodioides.json,30530221,https://www.inaturalist.org/observations/30530221,Ziziphora clinopodioides,507596,2019-07-28,2019-07-28 11:58:51 AM GMT+06:00,50.3886452562,80.5322816223,,,17,research,cc-by-nc,"070000, Kazakhstan",kastani,outside,outside,outside_candidate_almaty_region
Ziziphora clinopodioides,Ziziphora_clinopodioides.json,52956580,https://www.inaturalist.org/observations/52956580,Ziziphora clinopodioides,507596,2020-07-12,2020/07/12 2:25 PM +0600,42.0052137824,69.9221016131,,,31,research,cc-by-sa,"Южно-Казахстанская область, Казахстан",amirekul,outside,outside,outside_candidate_almaty_region
Ziziphora clinopodioides,Ziziphora_clinopodioides.json,52956604,https://www.inaturalist.org/observations/52956604,Ziziphora clinopodioides,507596,2020-07-12,2020/07/12 2:36 PM +0600,42.0050086674,69.923264669,,,31,research,cc-by-sa,"Южно-Казахстанская область, Казахстан",amirekul,outside,outside,outside_candidate_almaty_region
Ziziphora clinopodioides,Ziziphora_clinopodioides.json,153448347,https://www.inaturalist.org/observations/153448347,Ziziphora clinopodioides,507596,2020-08-18,2020/08/18 12:53,43.338636,74.9257819722,,,,research,cc-by-nc,"Кордайский район, Казахстан",atamat,outside,outside,outside_candidate_almaty_region
Ziziphora clinopodioides,Ziziphora_clinopodioides.json,84156590,https://www.inaturalist.org/observations/84156590,Ziziphora clinopodioides,507596,2021-06-21,2021/06/21 7:17 PM +0600,42.4144883333,70.5083733333,,,,needs_id,cc-by-nc,"Тюлькубасский, Казахстан",gshb,outside,outside,outside_candidate_almaty_region
Ziziphora clinopodioides,Ziziphora_clinopodioides.json,123405222,https://www.inaturalist.org/observations/123405222,Ziziphora clinopodioides,507596,2022-06-18,2022-06-18 19:42:40,50.8601423835,75.6446010992,,,866,research,cc-by-nc,"Баянаульский район, 140000, Казахстан",jane-eremeeva,outside,outside,outside_candidate_almaty_region
Ziziphora clinopodioides,Ziziphora_clinopodioides.json,199179508,https://www.inaturalist.org/observations/199179508,Ziziphora clinopodioides,507596,2022-07-21,2022/07/21 08:51,48.3826502422,84.5355172979,,,7813,research,cc-by-nc,"Курчумский район, 070000, Казахстан",kubentayev_serik,outside,outside,outside_candidate_almaty_region
Ziziphora clinopodioides,Ziziphora_clinopodioides.json,131995242,https://www.inaturalist.org/observations/131995242,Ziziphora clinopodioides,507596,2022-08-21,2022/08/21 12:32,47.4012285094,74.8167831218,,,11080,research,cc-by-nc,"Актогайский район, 100000, Казахстан",anastasiapopelskaya,outside,outside,outside_candidate_almaty_region
Ziziphora clinopodioides,Ziziphora_clinopodioides.json,138134172,https://www.inaturalist.org/observations/138134172,Ziziphora clinopodioides,507596,2022-10-09,2022-10-09 08:51:22,42.3631814,70.8660138997,,,,research,cc-by-nc,"Zhualynskiy, KZ-ZM, KZ",joaotomas,outside,outside,outside_candidate_almaty_region
Ziziphora clinopodioides,Ziziphora_clinopodioides.json,154941103,https://www.inaturalist.org/observations/154941103,Ziziphora clinopodioides,507596,2023-04-11,2023/04/11 13:56,43.6106257703,69.703983646,,,31,research,cc-by,"Сарысуский район, Казахстан",margarita_ishmuratova,outside,outside,outside_candidate_almaty_region
Ziziphora clinopodioides,Ziziphora_clinopodioides.json,166858006,https://www.inaturalist.org/observations/166858006,Ziziphora clinopodioides,507596,2023-05-11,2023/05/11 4:53 PM,50.3881,80.5055694444,,,16,needs_id,cc-by-nc,"East Kazakhstan Province, 070000, Kazakhstan",kastani,outside,outside,outside_candidate_almaty_region
Ziziphora clinopodioides,Ziziphora_clinopodioides.json,162077742,https://www.inaturalist.org/observations/162077742,Ziziphora clinopodioides,507596,2023-05-16,2023-05-16 12:14:31+06:00,42.1043388333,70.0159833333,,,14,research,cc-by,"Южно-Казахстанская область, KZ",stepnoialbum,outside,outside,outside_candidate_almaty_region
Ziziphora clinopodioides,Ziziphora_clinopodioides.json,167488178,https://www.inaturalist.org/observations/167488178,Ziziphora clinopodioides,507596,2023-06-11,2023-06-11 13:41:56+06:00,50.1125833333,73.6171116667,,,5,needs_id,cc-by-nc,"Караганда, KZ",alinazh,outside,outside,outside_candidate_almaty_region
Ziziphora clinopodioides,Ziziphora_clinopodioides.json,183963739,https://www.inaturalist.org/observations/183963739,Ziziphora clinopodioides,507596,2023-06-20,2023/06/20 08:52,41.9294703255,69.9549403335,,,212,research,cc-by-nc,"Казыгуртский район, Казахстан",madin_,outside,outside,outside_candidate_almaty_region
Ziziphora clinopodioides,Ziziphora_clinopodioides.json,171512429,https://www.inaturalist.org/observations/171512429,Ziziphora clinopodioides,507596,2023-07-04,2023-07-04 14:01:20,49.4301742,75.48986897,,,4,needs_id,cc-by,"Karkaralinskiy, KZ-QG, KZ",max_carabus,outside,outside,outside_candidate_almaty_region
Ziziphora clinopodioides,Ziziphora_clinopodioides.json,171512456,https://www.inaturalist.org/observations/171512456,Ziziphora clinopodioides,507596,2023-07-04,2023-07-04 14:19:46,49.38822099,75.50131956,,,3,needs_id,cc-by,"Karkaralinskiy, KZ-QG, KZ",max_carabus,outside,outside,outside_candidate_almaty_region
Ziziphora clinopodioides,Ziziphora_clinopodioides.json,175233219,https://www.inaturalist.org/observations/175233219,Ziziphora clinopodioides,507596,2023-07-11,2023/07/11 14:05,48.6096660671,66.9852681388,,,15,research,cc-by,"Улытауский район, 100000, Казахстан",margarita_ishmuratova,outside,outside,outside_candidate_almaty_region
Ziziphora clinopodioides,Ziziphora_clinopodioides.json,179464002,https://www.inaturalist.org/observations/179464002,Ziziphora clinopodioides,507596,2023-07-14,2023-07-14 05:25:27+06:00,49.4243366667,82.7151033333,,,24,needs_id,cc-by-nc,"Восточный Казахстан, KZ",naturalyona,outside,outside,outside_candidate_almaty_region
Ziziphora clinopodioides,Ziziphora_clinopodioides.json,265132512,https://www.inaturalist.org/observations/265132512,Ziziphora clinopodioides,507596,2023-07-19,2023/07/19 15:28,42.7351726585,72.8467580396,,,244,research,cc-by-nc,"Рыскуловский район, Казахстан",bektemirosmonali,outside,outside,outside_candidate_almaty_region
Ziziphora clinopodioides,Ziziphora_clinopodioides.json,185699363,https://www.inaturalist.org/observations/185699363,Ziziphora clinopodioides,507596,2023-08-17,2023-08-17 12:51:17,50.2200486153,74.2852183431,,,2260,research,,Керней,aida135,outside,outside,outside_candidate_almaty_region
Ziziphora clinopodioides,Ziziphora_clinopodioides.json,179502976,https://www.inaturalist.org/observations/179502976,Ziziphora clinopodioides,507596,2023-08-18,2023-08-18 09:20:27+06:00,53.1006471667,70.327545,,,5,research,cc-by-nc,"Государственный национальный природный парк «Бурабай», Кокчетав, KZ",saranchine,outside,outside,outside_candidate_almaty_region
Ziziphora clinopodioides,Ziziphora_clinopodioides.json,189477358,https://www.inaturalist.org/observations/189477358,Ziziphora clinopodioides,507596,2023-10-29,2023-10-29 14:36:17+06:00,42.1798057581,70.4648314601,,,50,research,cc-by-nc,"Sayram-Ugam State National Natural Park, Cité de Chimkent, KZ",paulherment,outside,outside,outside_candidate_almaty_region
Ziziphora clinopodioides,Ziziphora_clinopodioides.json,218713191,https://www.inaturalist.org/observations/218713191,Ziziphora clinopodioides,507596,2024-04-25,2024/04/25 09:53,43.471384,69.249899,,,,needs_id,cc-by-nc,"Сузакский район, Казахстан",atamat,outside,outside,outside_candidate_almaty_region
Ziziphora clinopodioides,Ziziphora_clinopodioides.json,218847524,https://www.inaturalist.org/observations/218847524,Ziziphora clinopodioides,507596,2024-05-14,2024/05/14 10:54,43.9437103056,75.3024444444,,,,research,cc-by,"Жамбылский район, Казахстан",alexanderdubynin,outside,inside,outside_candidate_almaty_region
Ziziphora clinopodioides,Ziziphora_clinopodioides.json,222419158,https://www.inaturalist.org/observations/222419158,Ziziphora clinopodioides,507596,2024-06-13,2024-06-13 10:45:06+05:00,49.4666416667,72.8407533333,,,3,needs_id,,"Караганда, KZ",arailym_alpysbaeva,outside,outside,outside_candidate_almaty_region
Ziziphora clinopodioides,Ziziphora_clinopodioides.json,222390928,https://www.inaturalist.org/observations/222390928,Ziziphora clinopodioides,507596,2024-06-13,2024-06-13 10:48:08+05:00,49.466343649,72.8409290385,,,7,needs_id,cc-by,"Караганда, KZ",akbota_kaziban,outside,outside,outside_candidate_almaty_region
Ziziphora clinopodioides,Ziziphora_clinopodioides.json,225141173,https://www.inaturalist.org/observations/225141173,Ziziphora clinopodioides,507596,2024-06-23,2024-06-23 12:55:52,49.815718,82.890673,,,,research,cc-by,"Ust-Kamenogorsk, 070000, Казахстан",tanya_iv,outside,outside,outside_candidate_almaty_region
Ziziphora clinopodioides,Ziziphora_clinopodioides.json,225108436,https://www.inaturalist.org/observations/225108436,Ziziphora clinopodioides,507596,2024-06-25,2024-06-25 20:04:21,52.9512611111,69.0059694444,,,,needs_id,cc-by-nc,"Зерендинский район, Казахстан",kribber,outside,outside,outside_candidate_almaty_region
Ziziphora clinopodioides,Ziziphora_clinopodioides.json,225549156,https://www.inaturalist.org/observations/225549156,Ziziphora clinopodioides,507596,2024-06-27,2024-06-27 10:53:15+05:00,47.2094633333,81.79538,,,4,research,,"Семипалатинск, KZ",orazov,outside,outside,outside_candidate_almaty_region
Ziziphora clinopodioides,Ziziphora_clinopodioides.json,228591396,https://www.inaturalist.org/observations/228591396,Ziziphora clinopodioides,507596,2024-07-07,2024-07-07 15:58:09,47.0220823191,82.810199596,,,2796,research,,"Урджарский район, Казахстан",alfiyams,outside,outside,outside_candidate_almaty_region
Ziziphora clinopodioides,Ziziphora_clinopodioides.json,229455943,https://www.inaturalist.org/observations/229455943,Ziziphora clinopodioides,507596,2024-07-07,2024-07-07 15:59:08,47.1404665434,81.9208578765,,,5535,research,,"Урджарский район, Казахстан",alfiyams,outside,outside,outside_candidate_almaty_region
Ziziphora clinopodioides,Ziziphora_clinopodioides.json,227988731,https://www.inaturalist.org/observations/227988731,Ziziphora clinopodioides,507596,2024-07-08,2024-07-08 15:35:47+05:00,53.0199,70.3571466667,,,4,needs_id,cc-by-nc,"Государственный национальный природный парк «Бурабай», Кокчетав, KZ",naturalyona,outside,outside,outside_candidate_almaty_region
Ziziphora clinopodioides,Ziziphora_clinopodioides.json,228584309,https://www.inaturalist.org/observations/228584309,Ziziphora clinopodioides,507596,2024-07-11,2024-07-11 10:48:47,48.60828598,66.98157507,,,5,research,cc-by-nc,"Ulytauskiy, KZ-QG, KZ",modernization_1,outside,outside,outside_candidate_almaty_region
Ziziphora clinopodioides,Ziziphora_clinopodioides.json,228584328,https://www.inaturalist.org/observations/228584328,Ziziphora clinopodioides,507596,2024-07-11,2024-07-11 10:51:15,48.60831043,66.98149403,,,5,research,cc-by-nc,"Ulytauskiy, KZ-QG, KZ",modernization_1,outside,outside,outside_candidate_almaty_region
Ziziphora clinopodioides,Ziziphora_clinopodioides.json,228583511,https://www.inaturalist.org/observations/228583511,Ziziphora clinopodioides,507596,2024-07-11,2024-07-11 10:53:12,48.60845,66.981315,,,5,research,cc-by,"Ulytauskiy, KZ-QG, KZ",dryomys,outside,outside,outside_candidate_almaty_region
Ziziphora clinopodioides,Ziziphora_clinopodioides.json,230118902,https://www.inaturalist.org/observations/230118902,Ziziphora clinopodioides,507596,2024-07-18,2024-07-18 16:33:52,50.21245801,74.35146629,,,4,needs_id,cc-by-nc,"Bukhar-Zhyrauskiy, KZ-QG, KZ",modernization_1,outside,outside,outside_candidate_almaty_region
Ziziphora clinopodioides,Ziziphora_clinopodioides.json,239993793,https://www.inaturalist.org/observations/239993793,Ziziphora clinopodioides,507596,2024-07-20,2024-07-20 15:18:40,50.1841170178,72.7510920167,,,,research,cc-by-nc,"Местоположение: 50,184117, 72,751092",aniumi666,outside,outside,outside_candidate_almaty_region
Ziziphora clinopodioides,Ziziphora_clinopodioides.json,231847554,https://www.inaturalist.org/observations/231847554,Ziziphora clinopodioides,507596,2024-07-25,2024-07-25 12:36:03,50.7917988815,75.7005150989,,,3011,needs_id,,"QPV2+2HW, Баянаул 140000, Казахстан",natalyabachinskaya,outside,outside,outside_candidate_almaty_region
Ziziphora clinopodioides,Ziziphora_clinopodioides.json,232432294,https://www.inaturalist.org/observations/232432294,Ziziphora clinopodioides,507596,2024-07-28,2024-07-28 12:08:13,48.1923966667,72.313,,,8,needs_id,cc-by,"Shetskiy, KZ-QG, KZ",dryomys,outside,outside,outside_candidate_almaty_region
Ziziphora clinopodioides,Ziziphora_clinopodioides.json,248689769,https://www.inaturalist.org/observations/248689769,Ziziphora clinopodioides,507596,2024-10-20,2024-10-20 10:57:06,43.3131739722,69.944642,,,,needs_id,cc-by-nc,"Сарысуский район, Казахстан",aniumi666,outside,outside,outside_candidate_almaty_region
Ziziphora clinopodioides,Ziziphora_clinopodioides.json,249051885,https://www.inaturalist.org/observations/249051885,Ziziphora clinopodioides,507596,2024-10-25,2024-10-25 13:10:55,43.3235168333,70.0254440278,,,,needs_id,cc-by,"Sarysuskiy, KZ-ZM, KZ",igor78169,outside,outside,outside_candidate_almaty_region
Ziziphora clinopodioides,Ziziphora_clinopodioides.json,279972774,https://www.inaturalist.org/observations/279972774,Ziziphora clinopodioides,507596,2025-05-01,2025/05/01 16:26,43.5347366111,69.9545821944,,,,research,cc-by,"Сарысуский район, Казахстан",alexanderdubynin,outside,outside,outside_candidate_almaty_region
Ziziphora clinopodioides,Ziziphora_clinopodioides.json,291503783,https://www.inaturalist.org/observations/291503783,Ziziphora clinopodioides,507596,2025-05-20,2025/05/20 08:05,43.7747230246,68.0896380118,,,34,research,cc-by-nc,"Kentau, Казахстан",pg18,outside,outside,outside_candidate_almaty_region
Ziziphora clinopodioides,Ziziphora_clinopodioides.json,283938411,https://www.inaturalist.org/observations/283938411,Ziziphora clinopodioides,507596,2025-05-24,2025-05-24 06:11:56,43.97020015,68.19530085,,,9,research,cc-by-nc-nd,"Zhanakorganskiy, KZ-QO, KZ",melampyrum,outside,outside,outside_candidate_almaty_region
Ziziphora clinopodioides,Ziziphora_clinopodioides.json,304398391,https://www.inaturalist.org/observations/304398391,Ziziphora clinopodioides,507596,2025-05-24,2025/05/24 06:42,48.6498166911,66.9855794356,,,8,research,cc-by-nc,"Улытауский район, 100000, Казахстан",vladimir_epiktetov,outside,outside,outside_candidate_almaty_region
Ziziphora clinopodioides,Ziziphora_clinopodioides.json,284564425,https://www.inaturalist.org/observations/284564425,Ziziphora clinopodioides,507596,2025-05-24,2025-05-24 17:56:31,43.9652336854,68.199088946,,,8,research,,"Zhanakorganskiy, KZ-QO, KZ",anastasiya38355,outside,outside,outside_candidate_almaty_region
Ziziphora clinopodioides,Ziziphora_clinopodioides.json,337236279,https://www.inaturalist.org/observations/337236279,Ziziphora clinopodioides,507596,2025-05-26,2025-05-26 16:38:29,43.0054027833,69.722755,,,3,research,cc-by-nc,"Shymkent Qalasy, KZ",irinazhurba,outside,outside,outside_candidate_almaty_region
Ziziphora clinopodioides,Ziziphora_clinopodioides.json,284538753,https://www.inaturalist.org/observations/284538753,Ziziphora clinopodioides,507596,2025-05-27,2025-05-27 17:56:11,42.9565321955,69.915000312,,,4,research,cc-by-nc,"Байдибек ата, Казахстан",dmitry_kopylov,outside,outside,outside_candidate_almaty_region
Ziziphora clinopodioides,Ziziphora_clinopodioides.json,287939514,https://www.inaturalist.org/observations/287939514,Ziziphora clinopodioides,507596,2025-05-31,2025/05/31 11:54,48.714256,66.956583,,,,research,cc-by-nc,"Улытауский район, 100000, Казахстан",bektemirosmonali,outside,outside,outside_candidate_almaty_region
Ziziphora clinopodioides,Ziziphora_clinopodioides.json,288937567,https://www.inaturalist.org/observations/288937567,Ziziphora clinopodioides,507596,2025-06-06,2025-06-06 10:39:46,49.4771354012,72.83805828,,,14,research,cc-by-nc,"Karagandy, KZ",bibigul_dosaeva,outside,outside,outside_candidate_almaty_region
Ziziphora clinopodioides,Ziziphora_clinopodioides.json,291685873,https://www.inaturalist.org/observations/291685873,Ziziphora clinopodioides,507596,2025-06-19,2025-06-19 16:16:58,50.870355,75.6711736,,,2000,research,cc-by-nc,"Bayanayl'skiy, KZ-PA-BA, KZ-PA, KZ",leasartking,outside,outside,outside_candidate_almaty_region
Ziziphora clinopodioides,Ziziphora_clinopodioides.json,295069995,https://www.inaturalist.org/observations/295069995,Ziziphora clinopodioides,507596,2025-06-29,2025-06-29 12:56:24+05:00,48.2238116667,67.0296778333,,,4,research,cc-by-nc,"A16, Zhezqazghan Oblysy, KZ",kastani,outside,outside,outside_candidate_almaty_region
Ziziphora clinopodioides,Ziziphora_clinopodioides.json,296458869,https://www.inaturalist.org/observations/296458869,Ziziphora clinopodioides,507596,2025-07-01,2025-07-01 13:13:58+05:00,48.7860333333,66.7559883333,,,5,research,cc-by-nc,"Zhezqazghan Oblysy, KZ",kastani,outside,outside,outside_candidate_almaty_region
Ziziphora clinopodioides,Ziziphora_clinopodioides.json,296459018,https://www.inaturalist.org/observations/296459018,Ziziphora clinopodioides,507596,2025-07-01,2025-07-01 13:14:02+05:00,48.7860366667,66.7559966667,,,2,research,cc-by-nc,"Zhezqazghan Oblysy, KZ",kastani,outside,outside,outside_candidate_almaty_region
Ziziphora clinopodioides,Ziziphora_clinopodioides.json,296745119,https://www.inaturalist.org/observations/296745119,Ziziphora clinopodioides,507596,2025-07-02,2025-07-02 12:06:23+05:00,48.6467333333,66.96235,,,144,research,cc-by-nc,"Zhezqazghan Oblysy, KZ",kastani,outside,outside,outside_candidate_almaty_region
Ziziphora clinopodioides,Ziziphora_clinopodioides.json,296752561,https://www.inaturalist.org/observations/296752561,Ziziphora clinopodioides,507596,2025-07-02,2025-07-02 12:11:22+05:00,48.6464666667,66.9616383333,,,4,research,cc-by-nc,"Zhezqazghan Oblysy, KZ",kastani,outside,outside,outside_candidate_almaty_region
Ziziphora clinopodioides,Ziziphora_clinopodioides.json,296794506,https://www.inaturalist.org/observations/296794506,Ziziphora clinopodioides,507596,2025-07-02,2025-07-02 12:43:15+05:00,48.64502,66.9596716667,,,4,research,cc-by-nc,"Zhezqazghan Oblysy, KZ",kastani,outside,outside,outside_candidate_almaty_region
Ziziphora clinopodioides,Ziziphora_clinopodioides.json,296806255,https://www.inaturalist.org/observations/296806255,Ziziphora clinopodioides,507596,2025-07-02,2025-07-02 12:44:00+05:00,48.64502,66.9596116667,,,4,research,cc-by-nc,"Zhezqazghan Oblysy, KZ",kastani,outside,outside,outside_candidate_almaty_region
Ziziphora clinopodioides,Ziziphora_clinopodioides.json,297042500,https://www.inaturalist.org/observations/297042500,Ziziphora clinopodioides,507596,2025-07-02,2025-07-02 15:30:52+05:00,48.6454083333,66.96025,,,887,research,cc-by-nc,"Zhezqazghan Oblysy, KZ",kastani,outside,outside,outside_candidate_almaty_region
Ziziphora clinopodioides,Ziziphora_clinopodioides.json,295322732,https://www.inaturalist.org/observations/295322732,Ziziphora clinopodioides,507596,2025-07-03,2025-07-03 11:47:08,49.2533333333,83.1707533333,,,4,research,cc-by,"Самар тас жолы, East Kazakhstan, KZ",kazakovdenis,outside,outside,outside_candidate_almaty_region
Ziziphora clinopodioides,Ziziphora_clinopodioides.json,326915114,https://www.inaturalist.org/observations/326915114,Ziziphora clinopodioides,507596,2025-07-04,2025-07-04 08:37:11,43.5928416667,69.0073916667,,,3,research,cc-by-nc,"Shymkent Qalasy, KZ",maxim47478,outside,outside,outside_candidate_almaty_region
Ziziphora clinopodioides,Ziziphora_clinopodioides.json,306978161,https://www.inaturalist.org/observations/306978161,Ziziphora clinopodioides,507596,2025-07-05,2025-07-05 17:23:43,50.8652900997,75.6307296,,,,research,cc-by-nc,"VJ7J+V6R, 140000, Казахстан",w4v,outside,outside,outside_candidate_almaty_region
Ziziphora clinopodioides,Ziziphora_clinopodioides.json,295942484,https://www.inaturalist.org/observations/295942484,Ziziphora clinopodioides,507596,2025-07-07,2025-07-07 13:51:27,50.1961784243,72.7511731535,,,3,research,cc-by,"Bukhar-Zhyrau District, Kazakhstan",dryomys,outside,outside,outside_candidate_almaty_region
Ziziphora clinopodioides,Ziziphora_clinopodioides.json,298608012,https://www.inaturalist.org/observations/298608012,Ziziphora clinopodioides,507596,2025-07-07,2025/07/07 14:05,50.1961472222,72.7511611111,,,,research,cc-by-nc,"Бухар-Жырауский район, Казахстан",katerina_tyshkovskaya,outside,outside,outside_candidate_almaty_region
Ziziphora clinopodioides,Ziziphora_clinopodioides.json,298608024,https://www.inaturalist.org/observations/298608024,Ziziphora clinopodioides,507596,2025-07-07,2025/07/07 15:23,50.1961472222,72.7511611111,,,,research,cc-by-nc,"Бухар-Жырауский район, Казахстан",katerina_tyshkovskaya,outside,outside,outside_candidate_almaty_region
Ziziphora clinopodioides,Ziziphora_clinopodioides.json,298608029,https://www.inaturalist.org/observations/298608029,Ziziphora clinopodioides,507596,2025-07-07,2025/07/07 15:24,50.1961472222,72.7511611111,,,,research,cc-by-nc,"Бухар-Жырауский район, Казахстан",katerina_tyshkovskaya,outside,outside,outside_candidate_almaty_region
